{
    "train_loss": [
        2.1876242542266846,
        2.08953786277771,
        2.0465633115768433,
        2.018209915161133,
        2.008214520454407,
        2.000696002960205,
        1.9906419496536254,
        1.9813184118270875,
        1.9769212617874146,
        1.9641820755004882
    ],
    "train_accuracy": [
        0.27162501215934753,
        0.2823750078678131,
        0.28450000286102295,
        0.2877500057220459,
        0.288875013589859,
        0.28737500309944153,
        0.28999999165534973,
        0.29074999690055847,
        0.29362499713897705,
        0.30300000309944153
    ],
    "train_macro_precision": [
        0.08543616707759466,
        0.12408121033695252,
        0.13844981078111265,
        0.150296554198212,
        0.14576668350082736,
        0.1520379483345044,
        0.1502322637266146,
        0.16023882349628302,
        0.16373989602947067,
        0.18488586298861845
    ],
    "train_macro_recall": [
        0.10171968176343231,
        0.1269794354420744,
        0.14160036205146037,
        0.14805956269036374,
        0.14861499701800165,
        0.15275963030393205,
        0.15502813766165227,
        0.15503559599793873,
        0.16415164962740417,
        0.17399157745317434
    ],
    "train_macro_f1": [
        0.05486706611817197,
        0.09887488976190342,
        0.12061476817744463,
        0.1283010507066829,
        0.1295866545347806,
        0.13576127834806562,
        0.13741471949877476,
        0.13842145692625274,
        0.1479971404133647,
        0.15812408501628056
    ],
    "train_micro_f1": [
        0.27162499999949996,
        0.2823749999995,
        0.2844999999995,
        0.28774999999949996,
        0.2888749999995,
        0.2873749999995,
        0.2899999999995,
        0.29074999999949996,
        0.2936249999995,
        0.3029999999995
    ],
    "train_weighted_f1": [
        0.13166064831661922,
        0.18441463869067143,
        0.20785297429329738,
        0.21590149309959283,
        0.21549714365088152,
        0.22292672771132263,
        0.22402539723728135,
        0.2244898631865334,
        0.23308521354828216,
        0.24367898245532146
    ],
    "train_confidence": [
        0.27949583721160887,
        0.30165829181671144,
        0.3041250739097595,
        0.3051814103126526,
        0.30703278350830077,
        0.30837927770614626,
        0.30538306760787964,
        0.30567321491241456,
        0.30991673946380616,
        0.3112616286277771
    ],
    "val_loss": [
        2.1035224285125733,
        2.024359309196472,
        2.006589294433594,
        2.000660575866699,
        2.006355763435364,
        1.9930088872909546,
        1.9957623462677,
        1.9865047779083251,
        1.9798464612960816,
        1.9927987480163574
    ],
    "val_accuracy": [
        0.29100000858306885,
        0.2775000035762787,
        0.2904999852180481,
        0.2994999885559082,
        0.29649999737739563,
        0.2930000126361847,
        0.2915000021457672,
        0.2955000102519989,
        0.2930000126361847,
        0.2865000069141388
    ],
    "val_macro_precision": [
        0.02915831663326652,
        0.08900113717510406,
        0.14403122288658804,
        0.13296489826214883,
        0.09042711002934409,
        0.1251399093190376,
        0.10764549001694683,
        0.14113307759427132,
        0.1338077504835464,
        0.13945584288954532
    ],
    "val_macro_recall": [
        0.09982847341337889,
        0.11737372178539221,
        0.14163523585442775,
        0.13135563521749213,
        0.13301057920487053,
        0.1386228283973495,
        0.14546992512678483,
        0.16408811204967283,
        0.14988465306405763,
        0.15245696093397315
    ],
    "val_macro_f1": [
        0.04513377278011231,
        0.08295071969124436,
        0.09795917864782525,
        0.10286863975606983,
        0.09697222836721854,
        0.11715008593936402,
        0.11299400607458872,
        0.13468034900932493,
        0.12146035734659563,
        0.1284481016944129
    ],
    "val_micro_f1": [
        0.2909999999994999,
        0.27749999999949987,
        0.2904999999994999,
        0.2994999999994999,
        0.2964999999994999,
        0.2929999999994999,
        0.2914999999994999,
        0.2954999999994999,
        0.2929999999994999,
        0.2864999999994999
    ],
    "val_weighted_f1": [
        0.1315649476540274,
        0.18129143857820254,
        0.18983525364729126,
        0.1943295374557424,
        0.19292615015480172,
        0.20932603769103109,
        0.2136882729283752,
        0.2292151609287064,
        0.223950834747381,
        0.22226682584899116
    ],
    "val_confidence": [
        0.28333908843994143,
        0.3047988119125366,
        0.31293956470489503,
        0.3541882076263428,
        0.34847031021118163,
        0.31217797565460204,
        0.3074857540130615,
        0.30958746147155763,
        0.30922183418273924,
        0.307591890335083
    ],
    "grad_norm": [
        1.2290637744808914,
        1.1448672227923369,
        1.154362879924729,
        1.0800899520238616,
        1.1029885898249303,
        1.0829301856281803,
        1.0477521918823784,
        0.9409429544759569,
        1.0668378158674272,
        1.0658053140346464
    ],
    "fractional_applied_params": [
        2.0,
        2.0,
        2.0,
        2.0,
        2.0,
        2.0,
        2.0,
        2.0,
        2.0,
        2.0
    ],
    "epoch_time": [
        7.414036750793457,
        4.287060976028442,
        3.7988855838775635,
        4.340635776519775,
        3.456026554107666,
        4.184388637542725,
        3.926011562347412,
        4.320331573486328,
        4.3098015785217285,
        4.108038425445557
    ],
    "throughput_samples_per_sec": [
        1079.0343059931329,
        1866.0802924737602,
        2105.8807440666096,
        1843.0479800390488,
        2314.797029117611,
        1911.8683021513,
        2037.6914007906535,
        1851.7097273495451,
        1856.2339481865467,
        1947.4014533182763
    ],
    "lr": [
        0.0003,
        0.0003,
        0.0003,
        0.0003,
        0.0003,
        0.0003,
        0.0003,
        0.0003,
        0.0003,
        0.0003
    ]
}