{
    "train_loss": [
        2.939746391043897,
        2.721933825901282,
        2.464773742082392,
        2.215616426451038,
        1.9869114922994857
    ],
    "train_accuracy": [
        0.1175488531589508,
        0.2681920826435089,
        0.40655994415283203,
        0.5086909532546997,
        0.5862712264060974
    ],
    "train_macro_precision": [
        0.1283883254174587,
        0.3005119334953351,
        0.44931860797388656,
        0.5283427321850558,
        0.5895967952709096
    ],
    "train_macro_recall": [
        0.11357531333195939,
        0.25866553021625877,
        0.39249941762821716,
        0.4917835665574638,
        0.5672502729554078
    ],
    "train_macro_f1": [
        0.09919050263603699,
        0.2252867062850131,
        0.3632161760777227,
        0.4645222539619298,
        0.5395320008687698
    ],
    "train_micro_f1": [
        0.1175488559358645,
        0.26819208484679447,
        0.4065599528621141,
        0.508690955513592,
        0.5862712363738493
    ],
    "train_weighted_f1": [
        0.10211912881786447,
        0.23267345464581174,
        0.37457229028597305,
        0.4789046711309468,
        0.555997810947252
    ],
    "train_confidence": [
        0.06380892132104268,
        0.07954115125644327,
        0.10358089198652214,
        0.13463462289957967,
        0.17046562734221962
    ],
    "val_loss": [
        2.828655158387782,
        2.5828990177387268,
        2.342934902530134,
        2.1293466091156006,
        1.9452391061816565
    ],
    "val_accuracy": [
        0.20954906940460205,
        0.3492484390735626,
        0.4447391629219055,
        0.5260831117630005,
        0.5791335105895996
    ],
    "val_macro_precision": [
        0.2732938509568718,
        0.45849126750044195,
        0.4767026760027102,
        0.5768846922532888,
        0.5840103922306067
    ],
    "val_macro_recall": [
        0.202365674410612,
        0.33473508020713993,
        0.4234559095617092,
        0.498945438622847,
        0.548010521713925
    ],
    "val_macro_f1": [
        0.14653287687403369,
        0.2865637430131369,
        0.37699255423625294,
        0.4627438491239964,
        0.5166944981469119
    ],
    "val_micro_f1": [
        0.20954907161753697,
        0.3492484526962283,
        0.4447391688765996,
        0.5260831122895083,
        0.5791335101674924
    ],
    "val_weighted_f1": [
        0.1502535710501944,
        0.30505844678953264,
        0.40043490578993474,
        0.49258625175531534,
        0.5490129099426443
    ],
    "val_confidence": [
        0.07144407204670995,
        0.0929661838487647,
        0.12207257315503296,
        0.15588709656692626,
        0.194186606942606
    ],
    "test_loss": [
        2.8418331783120454,
        2.594899651982717,
        2.3601473557841444,
        2.1534874378463655,
        1.9785418152745835
    ],
    "test_accuracy": [
        0.18813064694404602,
        0.3296601176261902,
        0.43401485681533813,
        0.5096919536590576,
        0.5552310347557068
    ],
    "test_macro_precision": [
        0.21602259513458755,
        0.39729906141132393,
        0.47522702187100235,
        0.5224454408893513,
        0.5419709905455361
    ],
    "test_macro_recall": [
        0.18092782851772451,
        0.3171361972584023,
        0.4174354707319252,
        0.491131236516234,
        0.5352983436812001
    ],
    "test_macro_f1": [
        0.1324717368867684,
        0.27208357774867875,
        0.37917108105787045,
        0.4600018504631434,
        0.511610451621358
    ],
    "test_micro_f1": [
        0.18813064259110912,
        0.329660116834338,
        0.4340148698879758,
        0.5096919808810718,
        0.5552310143383209
    ],
    "test_weighted_f1": [
        0.13762412338443014,
        0.2826556225130886,
        0.3938707208055891,
        0.47661419435282115,
        0.5298646905280299
    ],
    "test_confidence": [
        0.07105104313432316,
        0.09225469550678721,
        0.12062761758909667,
        0.153415904533211,
        0.19017216802213144
    ],
    "grad_norm": [
        0.8177378796554781,
        0.7626155621063271,
        0.7494539130678826,
        0.7227655487515035,
        0.6982184939269119
    ],
    "nonfinite_grad_tensors": [
        0.0,
        0.0,
        0.0,
        0.0,
        0.0
    ],
    "nonfinite_train_loss_batches": [
        0,
        0,
        0,
        0,
        0
    ],
    "nonfinite_val_loss_batches": [
        0,
        0,
        0,
        0,
        0
    ],
    "nonfinite_test_loss_batches": [
        0,
        0,
        0,
        0,
        0
    ],
    "fractional_applied_params": [
        5.0,
        5.0,
        5.0,
        5.0,
        5.0
    ],
    "epoch_time": [
        35.05578398704529,
        25.078423738479614,
        28.243233919143677,
        29.06465482711792,
        27.57734179496765
    ],
    "throughput_samples_per_sec": [
        290.47988211483397,
        406.04625339253266,
        360.54653051249255,
        350.35681863660227,
        369.2524129304662
    ],
    "lr": [
        2e-05,
        2e-05,
        2e-05,
        2e-05,
        2e-05
    ]
}