{
    "prefix": "epoch_5",
    "retain_em_acc": 0.8,
    "forget_em_acc": 0.5333333333333333,
    "retain_answer_nll": 0.05225359182804823,
    "forget_answer_nll": 0.10913144797086716,
    "general_ppl": 1.136637993195307,
    "forget_minus_retain_nll": 0.05687785614281893,
    "retain_eval_n": 30,
    "forget_eval_n": 30
}