{
    "train_loss": [
        2.1052238821983336,
        2.048082423210144,
        1.981339077949524,
        1.9727414178848266,
        1.9607836723327636,
        1.955821816921234,
        1.945441896915436,
        1.9363161420822144,
        1.943941068649292,
        1.9289925074577332
    ],
    "train_accuracy": [
        0.33416667580604553,
        0.34322917461395264,
        0.33781251311302185,
        0.3409374952316284,
        0.3395833373069763,
        0.3370833396911621,
        0.34458333253860474,
        0.3422916531562805,
        0.34041666984558105,
        0.34447917342185974
    ],
    "train_macro_precision": [
        0.06570551670289775,
        0.09997445668353629,
        0.12178172072786506,
        0.1411775117689373,
        0.12899234528137818,
        0.12570030924588116,
        0.15355047723975365,
        0.1486778428783723,
        0.1583339808804506,
        0.14773202500813645
    ],
    "train_macro_recall": [
        0.09952710035932456,
        0.1017748224624621,
        0.11321135361197335,
        0.11652968969303275,
        0.11619773151551112,
        0.11754380172382597,
        0.12319698898927231,
        0.12546703343554488,
        0.12922478874353144,
        0.12420714378959037
    ],
    "train_macro_f1": [
        0.05436588595626264,
        0.056017714080847845,
        0.08399441895928074,
        0.08879706915002246,
        0.0880083449083097,
        0.09199180286933942,
        0.09991951598688026,
        0.1044167088304108,
        0.11194606426573024,
        0.10028588298174088
    ],
    "train_micro_f1": [
        0.3341666666661666,
        0.3432291666661666,
        0.33781249999949997,
        0.34093749999949996,
        0.3395833333328333,
        0.3370833333328333,
        0.34458333333283325,
        0.3422916666661666,
        0.3404166666661666,
        0.3444791666661666
    ],
    "train_weighted_f1": [
        0.17653171110190852,
        0.18050833463594604,
        0.20873357606710558,
        0.21028140585941965,
        0.21266167375172215,
        0.21646047894524467,
        0.22376094879052053,
        0.2269967935997787,
        0.23371433658575194,
        0.22272815353873293
    ],
    "train_confidence": [
        0.34215641220410664,
        0.34560991525650026,
        0.3458460172017415,
        0.34952958742777507,
        0.3484413226445516,
        0.3506941465536753,
        0.34645710945129393,
        0.35298792997996015,
        0.3473572623729706,
        0.3532100236415863
    ],
    "val_loss": [
        2.079823417663574,
        1.9739935159683228,
        1.994865574836731,
        1.9698474979400635,
        1.951074366569519,
        1.9579814529418946,
        1.955765676498413,
        1.9531857347488404,
        1.9584799671173097,
        1.9598143768310547
    ],
    "val_accuracy": [
        0.3395833373069763,
        0.33541667461395264,
        0.3395833373069763,
        0.3408333361148834,
        0.33666667342185974,
        0.3333333432674408,
        0.3375000059604645,
        0.3387500047683716,
        0.34041666984558105,
        0.33916667103767395
    ],
    "val_macro_precision": [
        0.03395833333333332,
        0.045718524555352094,
        0.034015025041736216,
        0.08364435716692722,
        0.06964450895303363,
        0.04823615911709396,
        0.08782107141930345,
        0.0946144732918739,
        0.07627034723188211,
        0.1301994309204708
    ],
    "val_macro_recall": [
        0.09999999999999988,
        0.1091657064557315,
        0.09999999999999988,
        0.10390313028801243,
        0.11547133166312089,
        0.10811950262087751,
        0.11099156017894025,
        0.11979869745172048,
        0.10872138139738545,
        0.11240123671986961
    ],
    "val_macro_f1": [
        0.050699844478966784,
        0.06417757334182203,
        0.05076300217996832,
        0.05903392190455657,
        0.0709268872417708,
        0.06301800729005905,
        0.07498237603256913,
        0.08305878523882346,
        0.06938167362338912,
        0.0742380938807101
    ],
    "val_micro_f1": [
        0.3395833333328332,
        0.33541666666616654,
        0.3395833333328332,
        0.3408333333328332,
        0.33666666666616657,
        0.3333333333328332,
        0.33749999999949987,
        0.3387499999994999,
        0.34041666666616655,
        0.33916666666616657
    ],
    "val_weighted_f1": [
        0.17216822187649136,
        0.19194568860111638,
        0.17238269490280908,
        0.17906227512138262,
        0.19639163970588067,
        0.18730620288518313,
        0.19990584747231413,
        0.21239675299090405,
        0.19172307695162255,
        0.19803152048170514
    ],
    "val_confidence": [
        0.3690720717112223,
        0.3310262393951416,
        0.44786381085713706,
        0.3792118040720622,
        0.34605936845143637,
        0.3670464595158895,
        0.36100940068562826,
        0.31742102464040123,
        0.35928083419799806,
        0.3522092310587565
    ],
    "grad_norm": [
        1.0973862056771713,
        0.9259617419308566,
        0.9699857213248336,
        1.0284427270703884,
        0.8814712574987122,
        0.9550233685887636,
        0.8736410897354158,
        0.9173582678938095,
        1.1555859034221516,
        0.8933963067101226
    ],
    "fractional_applied_params": [
        0.0,
        0.0,
        0.0,
        0.0,
        0.0,
        0.0,
        0.0,
        0.0,
        0.0,
        0.0
    ],
    "epoch_time": [
        6.447441101074219,
        2.3338589668273926,
        2.4480702877044678,
        2.4952869415283203,
        2.8940792083740234,
        2.898674726486206,
        2.8795289993286133,
        2.8840534687042236,
        2.874525547027588,
        2.8806066513061523
    ],
    "throughput_samples_per_sec": [
        1488.9628070275087,
        4113.359091723556,
        3921.456033438414,
        3847.2529312080496,
        3317.1172275528543,
        3311.858316589108,
        3333.8785621670495,
        3328.6484124419453,
        3339.6815728170895,
        3332.631338488049
    ],
    "lr": [
        0.0003,
        0.0003,
        0.0003,
        0.0003,
        0.0003,
        0.0003,
        0.0003,
        0.0003,
        0.0003,
        0.0003
    ]
}