{
    "train_loss": [
        2.4296456546783447,
        2.3764937896728515,
        2.316794200897217,
        2.229692066192627,
        2.206414430618286,
        2.1766477432250975,
        2.151057710647583,
        2.1350702304840086,
        2.105212293624878,
        2.102712652206421
    ],
    "train_accuracy": [
        0.20212499797344208,
        0.19975000619888306,
        0.21162499487400055,
        0.2535000145435333,
        0.28075000643730164,
        0.2770000100135803,
        0.234375,
        0.273499995470047,
        0.2697499990463257,
        0.2777499854564667
    ],
    "train_macro_precision": [
        0.08879809122106459,
        0.07548088258705578,
        0.08419689604050055,
        0.08557224299686708,
        0.08110158232570708,
        0.15651062555694045,
        0.11535965949220998,
        0.10640602977149874,
        0.12254516959242807,
        0.10198680505715688
    ],
    "train_macro_recall": [
        0.10148081975359753,
        0.09914106912094817,
        0.10253714578348998,
        0.10037156796533857,
        0.10016052971870673,
        0.10121308859026945,
        0.12479310373732615,
        0.11482156371404946,
        0.11969840424198475,
        0.12004426413585922
    ],
    "train_macro_f1": [
        0.08423067821179318,
        0.07700768718873811,
        0.07018425184530751,
        0.06063249151495047,
        0.044720169339242284,
        0.050694760262753914,
        0.0917037016750409,
        0.07962268332300514,
        0.08801459270234066,
        0.08531969741348328
    ],
    "train_micro_f1": [
        0.20212499999949998,
        0.1997499999995,
        0.2116249999995,
        0.25349999999949996,
        0.28074999999949996,
        0.2769999999995,
        0.23437499999949998,
        0.2734999999995,
        0.2697499999995,
        0.27774999999949995
    ],
    "train_weighted_f1": [
        0.14899596807675727,
        0.14203345550939495,
        0.1378266857472783,
        0.13611115140616778,
        0.1240902630843757,
        0.12965713642908722,
        0.17654105132576098,
        0.16237738396226253,
        0.17099828358825056,
        0.16462769194225546
    ],
    "train_confidence": [
        0.3339117865562439,
        0.33939710998535155,
        0.3139944832324982,
        0.23981881237030028,
        0.2876255922317505,
        0.2981046538352966,
        0.27913082885742185,
        0.29839946699142456,
        0.2921582098007202,
        0.30572334861755374
    ],
    "val_loss": [
        2.5128808727264405,
        2.314171863555908,
        2.2175170860290527,
        2.216413341522217,
        2.164745615005493,
        2.131292362213135,
        2.1393729286193848,
        2.1360314826965334,
        2.0817585773468017,
        2.081160530090332
    ],
    "val_accuracy": [
        0.10300000011920929,
        0.07249999791383743,
        0.28349998593330383,
        0.28349998593330383,
        0.28349998593330383,
        0.28450000286102295,
        0.28349998593330383,
        0.26100000739097595,
        0.28349998593330383,
        0.26499998569488525
    ],
    "val_macro_precision": [
        0.019726669019280704,
        0.007249999999999997,
        0.028349999999999986,
        0.028349999999999986,
        0.028349999999999986,
        0.04926558062151278,
        0.028349999999999986,
        0.05819997940479862,
        0.028349999999999986,
        0.05095898823805663
    ],
    "val_macro_recall": [
        0.10198019801980149,
        0.09999999999999931,
        0.09999999999999983,
        0.09999999999999983,
        0.09999999999999983,
        0.12806122448979554,
        0.09999999999999983,
        0.13476696876036764,
        0.09999999999999983,
        0.14803577281453312
    ],
    "val_macro_f1": [
        0.029674629586383706,
        0.013519813519800899,
        0.04417608102840341,
        0.04417608102840341,
        0.04417608102840341,
        0.07060348585171206,
        0.04417608102840341,
        0.07508112970101447,
        0.04417608102840341,
        0.0703305628881069
    ],
    "val_micro_f1": [
        0.10299999999949995,
        0.07249999999949996,
        0.2834999999994999,
        0.2834999999994999,
        0.2834999999994999,
        0.2844999999994999,
        0.2834999999994999,
        0.2609999999994999,
        0.2834999999994999,
        0.2649999999994999
    ],
    "val_weighted_f1": [
        0.029971375882247544,
        0.009801864801855652,
        0.12523918971552367,
        0.12523918971552367,
        0.12523918971552367,
        0.16587023650993432,
        0.12523918971552367,
        0.1772063146557747,
        0.12523918971552367,
        0.16622016286562546
    ],
    "val_confidence": [
        0.20970425033569337,
        0.13166789531707765,
        0.37516197681427,
        0.36437109756469727,
        0.24059362125396727,
        0.33890001964569094,
        0.44269451904296875,
        0.26112999439239504,
        0.2874104871749878,
        0.28813784980773927
    ],
    "grad_norm": [
        1.5696856990941286,
        2.224998697484113,
        1.9383514869759138,
        1.3988879551137596,
        1.0595961267516798,
        1.0673842464699983,
        1.1967192482521765,
        1.0501138382871709,
        0.8973786181150418,
        0.8570002480440456
    ],
    "fractional_applied_params": [
        42.0,
        42.0,
        42.0,
        42.0,
        42.0,
        42.0,
        42.0,
        42.0,
        42.0,
        42.0
    ],
    "epoch_time": [
        6.48216438293457,
        2.9045848846435547,
        3.13468337059021,
        3.3259284496307373,
        2.570509195327759,
        3.267611026763916,
        2.6567115783691406,
        3.3298754692077637,
        3.326083183288574,
        3.3354761600494385
    ],
    "throughput_samples_per_sec": [
        1234.1556812507558,
        2754.266209362907,
        2552.091887511347,
        2405.3433864123576,
        3112.223840529752,
        2448.2718213626586,
        3011.241440409166,
        2402.4922475264043,
        2405.231486751398,
        2398.4581559358003
    ],
    "lr": [
        0.0003,
        0.0003,
        0.0003,
        0.0003,
        0.0003,
        0.0003,
        0.0003,
        0.0003,
        0.0003,
        0.0003
    ]
}