{
    "train_loss": [
        0.34416084300147165,
        0.21280957919579965,
        0.1762897798838439
    ],
    "train_accuracy": [
        0.8882685303688049,
        0.9279629588127136,
        0.9414351582527161
    ],
    "train_macro_precision": [
        0.8886745476674307,
        0.928101074618713,
        0.9416044321473409
    ],
    "train_macro_recall": [
        0.8882285130203326,
        0.927932533670769,
        0.9414091187572616
    ],
    "train_macro_f1": [
        0.8883011707560323,
        0.9279277374038646,
        0.9414216115194867
    ],
    "train_micro_f1": [
        0.8882685185180185,
        0.927962962962463,
        0.9414351851846852
    ],
    "train_weighted_f1": [
        0.8883434735199823,
        0.9279585738137412,
        0.9414484266122757
    ],
    "train_confidence": [
        0.860992989231039,
        0.9358052116146794,
        0.9508892678508052
    ],
    "val_loss": [
        0.24381515312194824,
        0.20627084430058798,
        0.20079285701115926
    ],
    "val_accuracy": [
        0.9169999957084656,
        0.9315000176429749,
        0.9346666932106018
    ],
    "val_macro_precision": [
        0.917290663383319,
        0.9321284939515756,
        0.9347138057660214
    ],
    "val_macro_recall": [
        0.9173096074696806,
        0.9317732957022521,
        0.934964079785253
    ],
    "val_macro_f1": [
        0.9171483821133726,
        0.9316616369617118,
        0.9347751441855258
    ],
    "val_micro_f1": [
        0.9169999999994998,
        0.9314999999994998,
        0.9346666666661664
    ],
    "val_weighted_f1": [
        0.9168790172466698,
        0.9314059635798166,
        0.934522863605443
    ],
    "val_confidence": [
        0.9341951375007629,
        0.9516491281191508,
        0.9552482186953227
    ],
    "test_loss": [
        0.24196106509158485,
        0.21578559624521357,
        0.20410316881380583
    ],
    "test_accuracy": [
        0.9168421030044556,
        0.9290789365768433,
        0.9347368478775024
    ],
    "test_macro_precision": [
        0.9170557255032057,
        0.9295489377417983,
        0.9346326404184824
    ],
    "test_macro_recall": [
        0.9168421052631575,
        0.9290789473684207,
        0.9347368421052628
    ],
    "test_macro_f1": [
        0.9167129317398242,
        0.928938225278954,
        0.9346030698125113
    ],
    "test_micro_f1": [
        0.9168421052626577,
        0.9290789473679208,
        0.934736842104763
    ],
    "test_weighted_f1": [
        0.916712931739824,
        0.9289382252789539,
        0.9346030698125112
    ],
    "test_confidence": [
        0.9330554053657933,
        0.9516920561539499,
        0.9556982135772705
    ],
    "grad_norm": [
        NaN,
        NaN,
        NaN
    ],
    "fractional_applied_params": [
        0.0,
        5.0,
        5.0
    ],
    "epoch_time": [
        252.87213373184204,
        356.748339176178,
        364.1159436702728
    ],
    "throughput_samples_per_sec": [
        427.09332343645457,
        302.7344156651136,
        296.6088189145598
    ],
    "lr": [
        2e-05,
        2e-05,
        2e-05
    ]
}