{
    "train_loss": [
        2.1075662899017336,
        2.0268925499916075,
        1.9641592049598693,
        1.9608115077018737,
        1.946961088180542,
        1.9391949987411499,
        1.9359035634994506,
        1.9336120009422302,
        1.9285226058959961,
        1.9260355615615845
    ],
    "train_accuracy": [
        0.33770832419395447,
        0.3361458480358124,
        0.3372916579246521,
        0.3356249928474426,
        0.33812499046325684,
        0.3411458432674408,
        0.33916667103767395,
        0.3426041603088379,
        0.3389583230018616,
        0.3408333361148834
    ],
    "train_macro_precision": [
        0.07471422777917955,
        0.13060425809072398,
        0.12470944448083732,
        0.13053491122879052,
        0.13990193912834553,
        0.13977762597258922,
        0.13750455866794023,
        0.1464073614928078,
        0.13927624256110635,
        0.1485280122515229
    ],
    "train_macro_recall": [
        0.10048042256761405,
        0.10709458788595753,
        0.11500450144491223,
        0.11939343534268212,
        0.12297504779825155,
        0.12156647824732894,
        0.1226438559877268,
        0.12528585452652372,
        0.12344185044419378,
        0.12550463339387305
    ],
    "train_macro_f1": [
        0.05468141309458252,
        0.07215705584010172,
        0.0885846380814878,
        0.09672809146557088,
        0.10191759185222868,
        0.0990076227410247,
        0.1010009086040389,
        0.10379649563287152,
        0.10227704224679164,
        0.10516455936926392
    ],
    "train_micro_f1": [
        0.3377083333328333,
        0.33614583333283327,
        0.3372916666661666,
        0.33562499999949996,
        0.33812499999949996,
        0.34114583333283327,
        0.3391666666661666,
        0.3426041666661666,
        0.33895833333283326,
        0.3408333333328333
    ],
    "train_weighted_f1": [
        0.1768808600798214,
        0.19607728727852597,
        0.2123815869420715,
        0.21929848581943243,
        0.2248113568203708,
        0.22324484222392058,
        0.2242309659534814,
        0.22650798303506434,
        0.22665453588707024,
        0.2282342277537337
    ],
    "train_confidence": [
        0.3446586767832438,
        0.3457541680335999,
        0.34940483450889587,
        0.3528878184159597,
        0.3480014677842458,
        0.34764002601305644,
        0.34857934832572934,
        0.3494903000195821,
        0.3531791007518768,
        0.34801074862480164
    ],
    "val_loss": [
        2.076942548751831,
        1.965022325515747,
        1.9552926540374755,
        1.9469915676116942,
        1.9471791744232179,
        1.956311264038086,
        1.9501326656341553,
        1.958858413696289,
        1.955600004196167,
        1.9442773151397705
    ],
    "val_accuracy": [
        0.3412500023841858,
        0.3400000035762787,
        0.3395833373069763,
        0.335833340883255,
        0.335833340883255,
        0.33416667580604553,
        0.34333333373069763,
        0.3425000011920929,
        0.33125001192092896,
        0.3400000035762787
    ],
    "val_macro_precision": [
        0.03412499999999999,
        0.0652529718339436,
        0.06982254066546667,
        0.052313652769959064,
        0.09305504578982723,
        0.09856083424688741,
        0.10883110067904904,
        0.12148136718080424,
        0.08240939613015832,
        0.09456295060182779
    ],
    "val_macro_recall": [
        0.09999999999999988,
        0.11104468654921518,
        0.11947470026596312,
        0.11105938982792656,
        0.10828595267289617,
        0.11186285747851021,
        0.11137463867998713,
        0.11310582406046163,
        0.12307419596936493,
        0.11490050615864567
    ],
    "val_macro_f1": [
        0.05088536812670946,
        0.06837630603063669,
        0.07880252761952647,
        0.06793777551495146,
        0.07266795594146333,
        0.07811393921083984,
        0.07115447005652117,
        0.07262255262137017,
        0.08602157260734564,
        0.07819980274323803
    ],
    "val_micro_f1": [
        0.3412499999994999,
        0.33999999999949987,
        0.3395833333328332,
        0.3358333333328332,
        0.3358333333328332,
        0.33416666666616657,
        0.3433333333328332,
        0.34249999999949987,
        0.3312499999994999,
        0.33999999999949987
    ],
    "val_weighted_f1": [
        0.17364631873239605,
        0.1913083546463417,
        0.20413773010630434,
        0.1944616321399625,
        0.19902922320023722,
        0.20264965925771455,
        0.19305345017703002,
        0.19875687545086235,
        0.2139818227915905,
        0.20027947292293644
    ],
    "val_confidence": [
        0.3941664218902588,
        0.3281019639968872,
        0.333357629776001,
        0.37072415272394815,
        0.35351967334747314,
        0.37318580150604247,
        0.38155214945475263,
        0.35166505654652913,
        0.31587991952896116,
        0.3595036236445109
    ],
    "grad_norm": [
        1.5663393376717287,
        1.4550711838574037,
        1.2570988282262991,
        1.422217123589836,
        1.1819005319963027,
        1.1423697540040012,
        1.1235062546375283,
        1.2279150594972696,
        1.159464085207564,
        1.2611890747095322
    ],
    "fractional_applied_params": [
        0.0,
        0.0,
        0.0,
        2.0,
        2.0,
        2.0,
        2.0,
        2.0,
        2.0,
        2.0
    ],
    "epoch_time": [
        7.366034269332886,
        3.590243339538574,
        3.131186008453369,
        2.751864194869995,
        3.3289332389831543,
        2.9471638202667236,
        2.5426025390625,
        3.478976011276245,
        3.0281693935394287,
        3.656855821609497
    ],
    "throughput_samples_per_sec": [
        1303.2793018582354,
        2673.913462710807,
        3065.930920131399,
        3488.54424498718,
        2883.8067064788556,
        3257.3689775857733,
        3775.658937058908,
        2759.432651700949,
        3170.232160882912,
        2625.2060426529856
    ],
    "lr": [
        0.0003,
        0.0003,
        0.0003,
        0.0003,
        0.0003,
        0.0003,
        0.0003,
        0.0003,
        0.0003,
        0.0003
    ]
}