{
    "train_loss": [
        2.33167120552063,
        2.28456817817688,
        2.2301628456115723,
        2.1823050479888915,
        2.1103645086288454,
        2.124743356704712,
        2.1117811136245725,
        2.089741159439087,
        2.082341206550598,
        2.0702159481048583
    ],
    "train_accuracy": [
        0.22075000405311584,
        0.23262499272823334,
        0.25962498784065247,
        0.28187501430511475,
        0.2787500023841858,
        0.26887500286102295,
        0.2706249952316284,
        0.2705000042915344,
        0.27799999713897705,
        0.2775000035762787
    ],
    "train_macro_precision": [
        0.08607807992947265,
        0.1072200590219029,
        0.08446704949325198,
        0.0684034864417474,
        0.09232370266810572,
        0.09512737355214682,
        0.09497160482593772,
        0.11518826073196439,
        0.10525066682563684,
        0.10740849405150688
    ],
    "train_macro_recall": [
        0.1003368063405516,
        0.10260408873022638,
        0.1008592624215017,
        0.10013649454622087,
        0.11864668815621571,
        0.12162906388051138,
        0.12612247279530897,
        0.1280347942146302,
        0.1231970860536438,
        0.12631857899613724
    ],
    "train_macro_f1": [
        0.07425696754534492,
        0.07238855712937184,
        0.06065546919348164,
        0.04529511688488565,
        0.07975182020415864,
        0.08660137411056325,
        0.09189173950465727,
        0.09727340249772017,
        0.09108835451520432,
        0.09570212787533994
    ],
    "train_micro_f1": [
        0.22074999999949999,
        0.23262499999949998,
        0.2596249999995,
        0.2818749999995,
        0.27874999999949995,
        0.2688749999995,
        0.27062499999949996,
        0.2704999999995,
        0.2779999999995,
        0.2774999999995
    ],
    "train_weighted_f1": [
        0.14657212861052454,
        0.14277005166468226,
        0.13686660518029592,
        0.12578946407123642,
        0.1656823518341806,
        0.17272419448906215,
        0.17827715814864642,
        0.17910101903394643,
        0.17439620244222048,
        0.17631121998613228
    ],
    "train_confidence": [
        0.2998823084831238,
        0.3167956340312958,
        0.2957257719039917,
        0.2648334584236145,
        0.3186167659759521,
        0.3066027684211731,
        0.25959802865982057,
        0.29361873483657835,
        0.2876490728855133,
        0.31216016054153445
    ],
    "val_loss": [
        2.3102133922576904,
        2.309717769622803,
        2.196900909423828,
        2.1399208946228025,
        2.094182836532593,
        2.0898467960357667,
        2.1099697284698484,
        2.104304065704346,
        2.0815273532867433,
        2.096703353881836
    ],
    "val_accuracy": [
        0.09099999815225601,
        0.10350000113248825,
        0.2775000035762787,
        0.2775000035762787,
        0.2770000100135803,
        0.2745000123977661,
        0.2775000035762787,
        0.2775000035762787,
        0.26350000500679016,
        0.26499998569488525
    ],
    "val_macro_precision": [
        0.018887381275440956,
        0.010349999999999995,
        0.027749999999999986,
        0.027749999999999986,
        0.057999806884565186,
        0.04104859867571728,
        0.027749999999999986,
        0.027749999999999986,
        0.06887363325062719,
        0.11133835302636745
    ],
    "val_macro_recall": [
        0.108666666666666,
        0.09999999999999952,
        0.09999999999999981,
        0.09999999999999981,
        0.13859250554902686,
        0.12077888912534543,
        0.09999999999999981,
        0.09999999999999981,
        0.1293833738443621,
        0.15372758672952316
    ],
    "val_macro_f1": [
        0.03108474025214585,
        0.018758495695497254,
        0.04344422700583679,
        0.04344422700583679,
        0.07755972547852816,
        0.061248509195832676,
        0.04344422700583679,
        0.04344422700583679,
        0.0847510988720007,
        0.09982732578949305
    ],
    "val_micro_f1": [
        0.09099999999949995,
        0.10349999999949995,
        0.27749999999949987,
        0.27749999999949987,
        0.27699999999949987,
        0.27449999999949987,
        0.27749999999949987,
        0.27749999999949987,
        0.2634999999994999,
        0.2649999999994999
    ],
    "val_weighted_f1": [
        0.027849887369029814,
        0.01941504304483966,
        0.12055772994119711,
        0.12055772994119711,
        0.18050960998784196,
        0.1411106804342437,
        0.12055772994119711,
        0.12055772994119711,
        0.17806994481011562,
        0.1903393718577051
    ],
    "val_confidence": [
        0.177350905418396,
        0.1475859670639038,
        0.28688601303100586,
        0.34733948802948,
        0.30491994476318357,
        0.2849263458251953,
        0.3786420631408691,
        0.33581631851196286,
        0.2338782262802124,
        0.2016684865951538
    ],
    "grad_norm": [
        1.0844258047012487,
        1.4273609332825263,
        1.1414881320588994,
        0.7373595041380414,
        0.7273415975534477,
        0.9051399675190537,
        0.8046261117819129,
        0.6714474204932698,
        0.7042700444766433,
        0.6374071388311402
    ],
    "fractional_applied_params": [
        42.0,
        42.0,
        42.0,
        42.0,
        42.0,
        42.0,
        42.0,
        42.0,
        42.0,
        42.0
    ],
    "epoch_time": [
        5.969418287277222,
        2.4637691974639893,
        2.6829214096069336,
        2.1023645401000977,
        2.7449073791503906,
        1.4108216762542725,
        2.078336715698242,
        2.553157329559326,
        2.4222252368927,
        2.735257387161255
    ],
    "throughput_samples_per_sec": [
        1340.1640855107457,
        3247.0573981664243,
        2981.8242052688583,
        3805.2392187032915,
        2914.488139296043,
        5670.454412948898,
        3849.2319072139876,
        3133.375255562804,
        3302.7481830148167,
        2924.7704576360466
    ],
    "lr": [
        0.0003,
        0.0003,
        0.0003,
        0.0003,
        0.0003,
        0.0003,
        0.0003,
        0.0003,
        0.0003,
        0.0003
    ]
}