{
    "train_loss": [
        2.1687250843048096,
        2.0727168960571287,
        2.036842635154724,
        2.0232913608551026,
        2.006606011390686,
        2.0052857341766357,
        1.994192907333374,
        1.9815545921325683,
        1.9708067407608032,
        1.966054407119751
    ],
    "train_accuracy": [
        0.28125,
        0.2827500104904175,
        0.2852500081062317,
        0.2876250147819519,
        0.29074999690055847,
        0.29512500762939453,
        0.2953749895095825,
        0.2996250092983246,
        0.2997500002384186,
        0.3059999942779541
    ],
    "train_macro_precision": [
        0.10879998069870253,
        0.12327287278408697,
        0.13877718378238452,
        0.14639711913679793,
        0.14781263208329679,
        0.15682529478021381,
        0.15646955573033544,
        0.1539667510307782,
        0.15866780096776492,
        0.17244777120375426
    ],
    "train_macro_recall": [
        0.10128157271123288,
        0.1239974375503899,
        0.13423585245623512,
        0.13779792204228328,
        0.1432421376116942,
        0.14884354120337112,
        0.1490013479555912,
        0.15332357410313996,
        0.15677665078077185,
        0.1646884727603931
    ],
    "train_macro_f1": [
        0.049386280458782204,
        0.09438224571751198,
        0.11200607240082742,
        0.11234765516987662,
        0.12237491501599011,
        0.12672662448028274,
        0.1284987051154591,
        0.13136807844151394,
        0.13711100607770896,
        0.14770998064423263
    ],
    "train_micro_f1": [
        0.28124999999949996,
        0.28274999999949996,
        0.28524999999949996,
        0.2876249999995,
        0.29074999999949996,
        0.2951249999995,
        0.29537499999949995,
        0.2996249999995,
        0.29974999999949997,
        0.30599999999949995
    ],
    "train_weighted_f1": [
        0.12992536678455063,
        0.18222646625617142,
        0.20241413371204506,
        0.20196056456666842,
        0.21030929543639484,
        0.21609773064751422,
        0.2196673795879686,
        0.22255892255374457,
        0.22997636178304517,
        0.23843965276721557
    ],
    "train_confidence": [
        0.28526919078826907,
        0.2992083740234375,
        0.3018124871253967,
        0.30810462856292725,
        0.30582524251937865,
        0.30939482927322387,
        0.30980749416351316,
        0.310036826133728,
        0.3163407649993896,
        0.3134062480926514
    ],
    "val_loss": [
        2.1004091758728025,
        2.061489011764526,
        2.036689664840698,
        2.0252505722045897,
        2.0263690032958985,
        2.0206696910858155,
        2.023009958267212,
        2.0168203315734865,
        2.0186996574401856,
        2.016392288208008
    ],
    "val_accuracy": [
        0.27549999952316284,
        0.2750000059604645,
        0.27549999952316284,
        0.28850001096725464,
        0.28299999237060547,
        0.2874999940395355,
        0.2759999930858612,
        0.2874999940395355,
        0.2750000059604645,
        0.2745000123977661
    ],
    "val_macro_precision": [
        0.03593984962406006,
        0.093455086294079,
        0.09863174103100977,
        0.11645061874734439,
        0.12537822395659584,
        0.14064713004234558,
        0.12454451427404145,
        0.16247064505743977,
        0.14796982683116594,
        0.14836663168405212
    ],
    "val_macro_recall": [
        0.10184077918170857,
        0.13292712499792364,
        0.1276959139932824,
        0.13809928432308324,
        0.14187410789537022,
        0.1405978217453308,
        0.14418729014520354,
        0.1578520133806966,
        0.1372014218014294,
        0.14123630840906864
    ],
    "val_macro_f1": [
        0.04914167774704807,
        0.08675260628306405,
        0.07291599645118237,
        0.10284412752218464,
        0.10021550800382088,
        0.10130755171871571,
        0.10560589030099417,
        0.12661411692367525,
        0.10181575580474109,
        0.11528211945398625
    ],
    "val_micro_f1": [
        0.27549999999949987,
        0.27499999999949987,
        0.27549999999949987,
        0.2884999999994999,
        0.2829999999994999,
        0.2874999999994999,
        0.27599999999949987,
        0.2874999999994999,
        0.27499999999949987,
        0.27449999999949987
    ],
    "val_weighted_f1": [
        0.12729317906672047,
        0.18037119490564638,
        0.16472818440009956,
        0.18786494326194364,
        0.18833887399611993,
        0.1881389066269762,
        0.1951128042868822,
        0.2167542043709879,
        0.18864604799654236,
        0.2048456900416947
    ],
    "val_confidence": [
        0.29013853645324705,
        0.24339662170410156,
        0.29359381484985353,
        0.30347624778747556,
        0.3065407428741455,
        0.30275866508483884,
        0.27323498725891116,
        0.29976907730102537,
        0.2929291067123413,
        0.282580527305603
    ],
    "grad_norm": [
        1.1270926466627207,
        0.9773052788168117,
        0.9991924512067627,
        1.0122178167796978,
        0.9409917716078271,
        1.0569632427049669,
        1.0115203609072287,
        0.9935515712117985,
        0.9530794408986824,
        0.9518720138589722
    ],
    "fractional_applied_params": [
        2.0,
        2.0,
        2.0,
        2.0,
        2.0,
        2.0,
        2.0,
        2.0,
        2.0,
        2.0
    ],
    "epoch_time": [
        5.987662076950073,
        2.35327410697937,
        1.008885145187378,
        0.634941816329956,
        2.078202247619629,
        2.745296001434326,
        2.7438857555389404,
        2.714608907699585,
        2.7130863666534424,
        2.7218594551086426
    ],
    "throughput_samples_per_sec": [
        1336.0807435671034,
        3399.5189834764674,
        7929.544842801882,
        12599.579668954568,
        3849.4809680641974,
        2914.0755662851166,
        2915.5732828346854,
        2947.0175159704177,
        2948.671335467989,
        2939.167187705025
    ],
    "lr": [
        0.0003,
        0.0003,
        0.0003,
        0.0003,
        0.0003,
        0.0003,
        0.0003,
        0.0003,
        0.0003,
        0.0003
    ]
}