{
    "prefix": "epoch_1",
    "retain_em_acc": 1.0,
    "forget_em_acc": 0.9666666666666667,
    "retain_answer_nll": 0.002639377606101334,
    "forget_answer_nll": 0.005380021000746638,
    "general_ppl": 1.0995475910433457,
    "forget_minus_retain_nll": 0.0027406433946453035,
    "retain_eval_n": 30,
    "forget_eval_n": 30
}