{
    "prefix": "epoch_3",
    "retain_em_acc": 1.0,
    "forget_em_acc": 0.9333333333333333,
    "retain_answer_nll": 0.004242367984261364,
    "forget_answer_nll": 0.023789633298292756,
    "general_ppl": 1.0972681625707166,
    "forget_minus_retain_nll": 0.019547265314031392,
    "retain_eval_n": 30,
    "forget_eval_n": 30
}