{
    "train_loss": [
        0.9491879532976848,
        NaN,
        NaN,
        NaN,
        NaN
    ],
    "train_accuracy": [
        0.7172256112098694,
        0.0,
        0.0,
        0.0,
        0.0
    ],
    "train_macro_precision": [
        0.7224842344575702,
        0.0,
        0.0,
        0.0,
        0.0
    ],
    "train_macro_recall": [
        0.7063747049829304,
        0.0,
        0.0,
        0.0,
        0.0
    ],
    "train_macro_f1": [
        0.709410519010425,
        0.0,
        0.0,
        0.0,
        0.0
    ],
    "train_micro_f1": [
        0.7172256097555971,
        0.0,
        0.0,
        0.0,
        0.0
    ],
    "train_weighted_f1": [
        0.7167506962106991,
        0.0,
        0.0,
        0.0,
        0.0
    ],
    "train_confidence": [
        0.4538027106261835,
        NaN,
        NaN,
        NaN,
        NaN
    ],
    "val_loss": [
        0.0,
        0.0,
        0.0,
        0.0,
        0.0
    ],
    "val_accuracy": [
        0.2567499876022339,
        0.2567499876022339,
        0.2567499876022339,
        0.2567499876022339,
        0.2567499876022339
    ],
    "val_macro_precision": [
        0.0641875,
        0.0641875,
        0.0641875,
        0.0641875,
        0.0641875
    ],
    "val_macro_recall": [
        0.24999999999999992,
        0.24999999999999992,
        0.24999999999999992,
        0.24999999999999992,
        0.24999999999999992
    ],
    "val_macro_f1": [
        0.10214839864722325,
        0.10214839864722325,
        0.10214839864722325,
        0.10214839864722325,
        0.10214839864722325
    ],
    "val_micro_f1": [
        0.2567499999995,
        0.2567499999995,
        0.2567499999995,
        0.2567499999995,
        0.2567499999995
    ],
    "val_weighted_f1": [
        0.10490640541069828,
        0.10490640541069828,
        0.10490640541069828,
        0.10490640541069828,
        0.10490640541069828
    ],
    "val_confidence": [
        NaN,
        NaN,
        NaN,
        NaN,
        NaN
    ],
    "test_loss": [
        0.0,
        0.0,
        0.0,
        0.0,
        0.0
    ],
    "test_accuracy": [
        0.25,
        0.25,
        0.25,
        0.25,
        0.25
    ],
    "test_macro_precision": [
        0.06249999999999999,
        0.06249999999999999,
        0.06249999999999999,
        0.06249999999999999,
        0.06249999999999999
    ],
    "test_macro_recall": [
        0.2499999999999999,
        0.2499999999999999,
        0.2499999999999999,
        0.2499999999999999,
        0.2499999999999999
    ],
    "test_macro_f1": [
        0.09999999999991997,
        0.09999999999991997,
        0.09999999999991997,
        0.09999999999991997,
        0.09999999999991997
    ],
    "test_micro_f1": [
        0.24999999999949996,
        0.24999999999949996,
        0.24999999999949996,
        0.24999999999949996,
        0.24999999999949996
    ],
    "test_weighted_f1": [
        0.09999999999991997,
        0.09999999999991997,
        0.09999999999991997,
        0.09999999999991997,
        0.09999999999991997
    ],
    "test_confidence": [
        NaN,
        NaN,
        NaN,
        NaN,
        NaN
    ],
    "grad_norm": [
        0.4806942952707888,
        0.0,
        0.0,
        0.0,
        0.0
    ],
    "nonfinite_grad_tensors": [
        0.0975609756097561,
        0.0,
        0.0,
        0.0,
        0.0
    ],
    "nonfinite_train_loss_batches": [
        3334,
        3375,
        3375,
        3375,
        3375
    ],
    "nonfinite_val_loss_batches": [
        375,
        375,
        375,
        375,
        375
    ],
    "nonfinite_test_loss_batches": [
        238,
        238,
        238,
        238,
        238
    ],
    "fractional_applied_params": [
        104.0,
        0.0,
        0.0,
        0.0,
        0.0
    ],
    "epoch_time": [
        78.5030210018158,
        57.03979301452637,
        60.84019446372986,
        60.89365267753601,
        54.36082315444946
    ],
    "throughput_samples_per_sec": [
        16.71273262171214,
        0.0,
        0.0,
        0.0,
        0.0
    ],
    "lr": [
        2e-05,
        2e-05,
        2e-05,
        2e-05,
        2e-05
    ]
}