{
    "prefix": "epoch_1",
    "retain_em_acc": 0.9,
    "forget_em_acc": 0.8,
    "retain_answer_nll": 0.021721848286688328,
    "forget_answer_nll": 0.06487826281227171,
    "general_ppl": 1.0886071573330958,
    "forget_minus_retain_nll": 0.043156414525583386,
    "retain_eval_n": 30,
    "forget_eval_n": 30
}