{
    "train_loss": [
        1.8832291909616519,
        1.0235903606215313,
        0.7325901659839363,
        0.5379412779519591,
        0.3910827943891489
    ],
    "train_accuracy": [
        0.4990670680999756,
        0.7061769366264343,
        0.7817931771278381,
        0.8420897722244263,
        0.8882451057434082
    ],
    "train_macro_precision": [
        0.48431439300642126,
        0.6889393289227772,
        0.770883363580108,
        0.833571265395373,
        0.8859078197115202
    ],
    "train_macro_recall": [
        0.4857228306805175,
        0.6917074077045823,
        0.7683926623627996,
        0.8303647275006968,
        0.8787822674674463
    ],
    "train_macro_f1": [
        0.4660875324495368,
        0.6796405666956946,
        0.761558522533782,
        0.8275212814769608,
        0.8790124803721252
    ],
    "train_micro_f1": [
        0.4990670725714335,
        0.7061769616021709,
        0.7817931847191307,
        0.8420897574383684,
        0.8882451144058633
    ],
    "train_weighted_f1": [
        0.4775153738963888,
        0.693758862048549,
        0.7740280491896536,
        0.8377622231298476,
        0.8865470068058378
    ],
    "train_confidence": [
        0.268060139397864,
        0.5863346596966672,
        0.7149856547809216,
        0.7905574844193274,
        0.8487748910551232
    ],
    "val_loss": [
        1.268099864956344,
        1.059684557660716,
        0.9890704166298941,
        1.0159311877690407,
        1.0086824296323944
    ],
    "val_accuracy": [
        0.6578249335289001,
        0.6914235353469849,
        0.6976127028465271,
        0.7055702805519104,
        0.7135278582572937
    ],
    "val_macro_precision": [
        0.6309424957667609,
        0.6685078567862106,
        0.6785740818125456,
        0.6928424278012939,
        0.7073894486731787
    ],
    "val_macro_recall": [
        0.6319001505323947,
        0.6650175517416469,
        0.6721240345565731,
        0.6850023501370109,
        0.696478338038907
    ],
    "val_macro_f1": [
        0.6216030646366815,
        0.661558293135881,
        0.668765976727174,
        0.6791855257876017,
        0.6952418380317651
    ],
    "val_micro_f1": [
        0.6578249336865021,
        0.6914235190092253,
        0.6976127320949901,
        0.7055702917766877,
        0.7135278514583854
    ],
    "val_weighted_f1": [
        0.6482081359482047,
        0.6851686484873821,
        0.6910400933694228,
        0.7030604159721715,
        0.7160723229376404
    ],
    "val_confidence": [
        0.498752770225734,
        0.663718598801725,
        0.7467430344100129,
        0.7926437485860999,
        0.8147581127446695
    ],
    "test_loss": [
        1.3062002513235196,
        1.12038915535901,
        1.07638640360698,
        1.1373620704330794,
        1.1871508143395106
    ],
    "test_accuracy": [
        0.6355549693107605,
        0.6694105267524719,
        0.684944212436676,
        0.6822888851165771,
        0.6812267899513245
    ],
    "test_macro_precision": [
        0.6180834997183761,
        0.6495585339128742,
        0.6700468370096131,
        0.6777533869039625,
        0.6830007454274869
    ],
    "test_macro_recall": [
        0.6185933063861266,
        0.6521896669203099,
        0.6684115166834,
        0.6666579663632356,
        0.6693611584882334
    ],
    "test_macro_f1": [
        0.607930016418112,
        0.6444100610935618,
        0.6614466219687605,
        0.6610027156263577,
        0.6715257791659957
    ],
    "test_micro_f1": [
        0.6355549654801159,
        0.6694105151349221,
        0.6849442379177155,
        0.6822889006898876,
        0.6812267657987564
    ],
    "test_weighted_f1": [
        0.6246010335985309,
        0.6600430741589003,
        0.6770722136394713,
        0.6760950283252866,
        0.6834964789374569
    ],
    "test_confidence": [
        0.4902880970493505,
        0.6531780851184847,
        0.7339077759346174,
        0.7858039369243798,
        0.8109153726287047
    ],
    "grad_norm": [
        0.996864956617466,
        0.9999998480072421,
        0.9999998582878435,
        0.9968650624279619,
        0.9999998451963976
    ],
    "nonfinite_grad_tensors": [
        0.003134796238244514,
        0.0,
        0.0,
        0.003134796238244514,
        0.0
    ],
    "nonfinite_train_loss_batches": [
        0,
        0,
        0,
        0,
        0
    ],
    "nonfinite_val_loss_batches": [
        0,
        0,
        0,
        0,
        0
    ],
    "nonfinite_test_loss_batches": [
        0,
        0,
        0,
        0,
        0
    ],
    "fractional_applied_params": [
        0.0,
        0.0,
        0.0,
        0.0,
        0.0
    ],
    "epoch_time": [
        101.51156163215637,
        32.357253313064575,
        46.638725996017456,
        68.460613489151,
        51.77546525001526
    ],
    "throughput_samples_per_sec": [
        100.31369664964622,
        314.7053274725426,
        218.3378679955696,
        148.74245907267112,
        196.67616603400776
    ],
    "lr": [
        2e-05,
        2e-05,
        2e-05,
        2e-05,
        2e-05
    ]
}