{
    "train_loss": [
        2.253833619117737,
        2.1379477605819703,
        2.0800428199768066,
        2.0468844566345217,
        2.069491943359375,
        2.027708086013794,
        2.0185326356887816,
        2.014638408660889,
        1.9967930898666382,
        2.0118518104553225
    ],
    "train_accuracy": [
        0.24774999916553497,
        0.2786250114440918,
        0.2777499854564667,
        0.28562501072883606,
        0.2761250138282776,
        0.2840000092983246,
        0.28600001335144043,
        0.28712499141693115,
        0.28850001096725464,
        0.28200000524520874
    ],
    "train_macro_precision": [
        0.07998695737969774,
        0.13003071712410572,
        0.13620830184485994,
        0.14130248095812192,
        0.13184323371733903,
        0.14181774681134546,
        0.1567038584926169,
        0.14472762973825026,
        0.1804382221193026,
        0.14794170686830874
    ],
    "train_macro_recall": [
        0.09960709906880524,
        0.1177768926358834,
        0.13647571578693812,
        0.13834085064875193,
        0.13220427442529112,
        0.14315804924124081,
        0.14824521539542487,
        0.14430759266950735,
        0.15568234513482437,
        0.14717454109932943
    ],
    "train_macro_f1": [
        0.06284161275201108,
        0.08583922426466677,
        0.11180272427565838,
        0.11141537763442699,
        0.10929376456152928,
        0.11849980026704605,
        0.13349571905322688,
        0.11832166941448148,
        0.13539145708052974,
        0.126443907681053
    ],
    "train_micro_f1": [
        0.24774999999949998,
        0.27862499999949997,
        0.27774999999949995,
        0.2856249999995,
        0.27612499999949996,
        0.2839999999995,
        0.2859999999995,
        0.2871249999995,
        0.2884999999995,
        0.2819999999995
    ],
    "train_weighted_f1": [
        0.13592926008683287,
        0.16814244290628055,
        0.19341045562790868,
        0.19693667661665382,
        0.19145494255462145,
        0.20181368373471253,
        0.21529265111733628,
        0.20494010493776052,
        0.21909313502409858,
        0.2085578189135995
    ],
    "train_confidence": [
        0.2796554905176163,
        0.2954640280008316,
        0.2937502561807632,
        0.29925538957118986,
        0.30286164486408235,
        0.29203739178180693,
        0.2971345237493515,
        0.29850845062732695,
        0.30261807441711425,
        0.3044243919849396
    ],
    "val_loss": [
        2.1976464347839357,
        2.0519556045532226,
        2.0345176639556883,
        2.024169933319092,
        2.012296886444092,
        1.9959911193847657,
        2.0287259292602537,
        2.007084114074707,
        2.0098406887054443,
        2.0170721836090086
    ],
    "val_accuracy": [
        0.2915000021457672,
        0.2980000078678131,
        0.2955000102519989,
        0.29350000619888306,
        0.2919999957084656,
        0.29899999499320984,
        0.29899999499320984,
        0.3034999966621399,
        0.3005000054836273,
        0.29899999499320984
    ],
    "val_macro_precision": [
        0.02914999999999999,
        0.09873714458557682,
        0.053440107003921544,
        0.15350266075248548,
        0.0739697574798063,
        0.09295226607275446,
        0.15901600342828562,
        0.15370783476076383,
        0.1728810518103299,
        0.10744867319893044
    ],
    "val_macro_recall": [
        0.09999999999999983,
        0.1169812672890889,
        0.13534211911757174,
        0.16616535609161714,
        0.1295268905998599,
        0.13304773982478033,
        0.1733792140410647,
        0.13413186783119493,
        0.13886349919462151,
        0.142034294387903
    ],
    "val_macro_f1": [
        0.045141308555907714,
        0.06657482531183415,
        0.07537131845464481,
        0.12064916725407684,
        0.08613609459649049,
        0.08468838467357817,
        0.13230587469769803,
        0.0922308658162814,
        0.08624129271012973,
        0.10512403708603577
    ],
    "val_micro_f1": [
        0.2914999999994999,
        0.2979999999994999,
        0.2954999999994999,
        0.2934999999994999,
        0.2919999999994999,
        0.2989999999994999,
        0.2989999999994999,
        0.3034999999994999,
        0.3004999999994999,
        0.2989999999994999
    ],
    "val_weighted_f1": [
        0.131586914440471,
        0.1523006877585158,
        0.17933907846185002,
        0.22407099305582928,
        0.18542535953985523,
        0.1833841166376467,
        0.23895394835648492,
        0.1924219321277508,
        0.19415727328767377,
        0.1982028840744436
    ],
    "val_confidence": [
        0.3609009280204773,
        0.35947891616821287,
        0.2995355112552643,
        0.26495246767997743,
        0.32731244015693667,
        0.31441168785095214,
        0.23485104656219483,
        0.36126378178596497,
        0.3605472006797791,
        0.23990433144569398
    ],
    "grad_norm": [
        0.9333689400294506,
        0.6854139156789655,
        0.6542007017547091,
        0.46031269092304644,
        0.6871412949181985,
        0.44228036368752915,
        0.4885764588394916,
        0.47694848172227056,
        0.46619211681080897,
        0.5180942644705947
    ],
    "epoch_time": [
        51.445889472961426,
        51.59309983253479,
        52.37145137786865,
        51.79802107810974,
        51.67076396942139,
        52.52354454994202,
        52.47708058357239,
        52.50274920463562,
        53.495880126953125,
        52.308225870132446
    ],
    "throughput_samples_per_sec": [
        155.50319144942736,
        155.05949489305877,
        152.75497985111548,
        154.44605476213576,
        154.82643153359174,
        152.31264509182543,
        152.44750491139837,
        152.37297324791626,
        149.54422622854122,
        152.93961641639106
    ],
    "lr": [
        0.0003,
        0.0003,
        0.0003,
        0.0003,
        0.0003,
        0.0003,
        0.0003,
        0.0003,
        0.0003,
        0.0003
    ]
}