{
    "train_loss": [
        0.564628795030382,
        0.3991587131076389,
        0.3403168972439236,
        0.19527244567871094,
        NaN
    ],
    "train_accuracy": [
        0.6995555758476257,
        0.8241778016090393,
        0.8592444658279419,
        0.9375,
        0.0
    ],
    "train_macro_precision": [
        0.699822264861951,
        0.8242529309718358,
        0.8592575373553442,
        0.9372549019607255,
        0.0
    ],
    "train_macro_recall": [
        0.6995372771872437,
        0.8241851711716006,
        0.8592414851809951,
        0.9372549019607255,
        0.0
    ],
    "train_macro_f1": [
        0.6994426968071886,
        0.8241697533189679,
        0.8592423399605292,
        0.9372549019602255,
        0.0
    ],
    "train_micro_f1": [
        0.6995555555550556,
        0.8241777777772777,
        0.8592444444439444,
        0.9374999999994706,
        0.0
    ],
    "train_weighted_f1": [
        0.6994483915146499,
        0.8241685918842125,
        0.8592428721287492,
        0.9374999999994414,
        0.0
    ],
    "train_confidence": [
        0.6904679533852471,
        0.833360676627689,
        0.8739731182522243,
        0.8484060764312744,
        NaN
    ],
    "val_loss": [
        0.4575973876953125,
        0.37694230346679686,
        0.4017390625,
        0.0,
        0.0
    ],
    "val_accuracy": [
        0.7860000133514404,
        0.8288000226020813,
        0.8163999915122986,
        0.49559998512268066,
        0.49559998512268066
    ],
    "val_macro_precision": [
        0.8016791762765043,
        0.8299209061301754,
        0.8283253842077365,
        0.2477999999999999,
        0.2477999999999999
    ],
    "val_macro_recall": [
        0.7869937447955964,
        0.8290542819635947,
        0.817234166613862,
        0.4999999999999996,
        0.4999999999999996
    ],
    "val_macro_f1": [
        0.7835681719798777,
        0.8287200876435911,
        0.814980202478076,
        0.3313720246052877,
        0.3313720246052877
    ],
    "val_micro_f1": [
        0.7859999999994997,
        0.8287999999994996,
        0.8163999999994996,
        0.49559999999949983,
        0.49559999999949983
    ],
    "val_weighted_f1": [
        0.783366284370701,
        0.8286875307578504,
        0.8148375744165627,
        0.32845595078876116,
        0.32845595078876116
    ],
    "val_confidence": [
        0.8114320038795472,
        0.8586169975280762,
        0.8613056500434876,
        NaN,
        NaN
    ],
    "test_loss": [
        0.48334969970703123,
        0.42081372131347655,
        0.477754287109375,
        0.0,
        0.0
    ],
    "test_accuracy": [
        0.7748799920082092,
        0.813759982585907,
        0.7860000133514404,
        0.5,
        0.5
    ],
    "test_macro_precision": [
        0.7953394134057274,
        0.8158383599252588,
        0.8031118008588534,
        0.25,
        0.25
    ],
    "test_macro_recall": [
        0.7748799999999998,
        0.8137599999999998,
        0.7859999999999998,
        0.49999999999999994,
        0.49999999999999994
    ],
    "test_macro_f1": [
        0.7709125349915202,
        0.8134531091723632,
        0.7829364871344977,
        0.33333333333311105,
        0.33333333333311105
    ],
    "test_micro_f1": [
        0.7748799999995,
        0.8137599999995001,
        0.7859999999995,
        0.49999999999949996,
        0.49999999999949996
    ],
    "test_weighted_f1": [
        0.7709125349915202,
        0.8134531091723631,
        0.7829364871344977,
        0.3333333333331111,
        0.3333333333331111
    ],
    "test_confidence": [
        0.8103310101127624,
        0.8517981268119812,
        0.8522463262939454,
        NaN,
        NaN
    ],
    "grad_norm": [
        0.45414101237332805,
        0.3947232050619464,
        0.4959477081707536,
        0.7216811952131378,
        0.0
    ],
    "nonfinite_grad_tensors": [
        0.0,
        0.0,
        0.0014204545454545455,
        1.0,
        0.0
    ],
    "nonfinite_train_loss_batches": [
        0,
        0,
        0,
        703,
        704
    ],
    "nonfinite_val_loss_batches": [
        0,
        0,
        0,
        79,
        79
    ],
    "nonfinite_test_loss_batches": [
        0,
        0,
        0,
        782,
        782
    ],
    "fractional_applied_params": [
        41.0,
        41.0,
        41.0,
        41.0,
        0.0
    ],
    "epoch_time": [
        70.33852434158325,
        62.942230224609375,
        66.74526786804199,
        8.739668607711792,
        8.78411602973938
    ],
    "throughput_samples_per_sec": [
        319.8816041510027,
        357.4706507810216,
        337.10255001872764,
        3.6614660619698483,
        0.0
    ],
    "lr": [
        2e-05,
        2e-05,
        2e-05,
        2e-05,
        2e-05
    ]
}