{
    "train_loss": [
        2.90269225519134,
        2.6087964276462974,
        2.36023830306866,
        2.1638706975094193,
        1.9940060275623914
    ],
    "train_accuracy": [
        0.13532358407974243,
        0.3054109811782837,
        0.39683786034584045,
        0.4683295786380768,
        0.5270549058914185
    ],
    "train_macro_precision": [
        0.1585195084394529,
        0.32986332736496776,
        0.4425166050725199,
        0.47914738639051213,
        0.5338544575385832
    ],
    "train_macro_recall": [
        0.1303717113840627,
        0.294642599276126,
        0.3840161985288125,
        0.4538772037435447,
        0.5099830590889287
    ],
    "train_macro_f1": [
        0.10772950013476372,
        0.25748015727484497,
        0.34694072527626174,
        0.42434831641531917,
        0.4821583340683599
    ],
    "train_micro_f1": [
        0.13532357851270826,
        0.305410979082285,
        0.3968378670327907,
        0.46832956888882527,
        0.527054895413425
    ],
    "train_weighted_f1": [
        0.11092880107499435,
        0.2650497278304576,
        0.3558248825130556,
        0.4354809982355067,
        0.4958247836353287
    ],
    "train_confidence": [
        0.06916904661939431,
        0.09256531493808717,
        0.12243129780235616,
        0.1528208947867714,
        0.18614642761503564
    ],
    "val_loss": [
        2.746694711116855,
        2.4540238513238233,
        2.2253830266357206,
        2.045795686470524,
        1.9072740520659428
    ],
    "val_accuracy": [
        0.22458001971244812,
        0.3474801182746887,
        0.4580017626285553,
        0.5251989364624023,
        0.5632184147834778
    ],
    "val_macro_precision": [
        0.24920592710854664,
        0.4190833474066391,
        0.515123303773987,
        0.5493744390459012,
        0.5662404754226629
    ],
    "val_macro_recall": [
        0.2195690445291866,
        0.3390410052679261,
        0.4439816109363889,
        0.5088954812902147,
        0.5454645423489615
    ],
    "val_macro_f1": [
        0.17115056809282508,
        0.28882074019692466,
        0.3989564158428093,
        0.4724528747758246,
        0.5137761483682995
    ],
    "val_micro_f1": [
        0.2245800176829658,
        0.3474801061002955,
        0.4580017683460956,
        0.525198938991542,
        0.5632183908040972
    ],
    "val_weighted_f1": [
        0.17832615181634928,
        0.29975730831970604,
        0.41692855319780064,
        0.4972558190080356,
        0.539172887901937
    ],
    "val_confidence": [
        0.08330595282513309,
        0.11039345260218747,
        0.14388478656030143,
        0.17807241396815454,
        0.21487171980894107
    ],
    "test_loss": [
        2.7462591900828035,
        2.4606119359482874,
        2.2403546948415194,
        2.070362806193574,
        1.9371973200168497
    ],
    "test_accuracy": [
        0.23167817294597626,
        0.3483802378177643,
        0.4316250681877136,
        0.4936271905899048,
        0.5339882969856262
    ],
    "test_macro_precision": [
        0.3197686884705199,
        0.4233860414599583,
        0.4578061091986852,
        0.5166443379329909,
        0.5386318606374375
    ],
    "test_macro_recall": [
        0.2219686657913019,
        0.33635945636072706,
        0.4173623072014892,
        0.47721000185637436,
        0.5154857132060863
    ],
    "test_macro_f1": [
        0.17687723826750298,
        0.2872941751442589,
        0.373561958771528,
        0.4489385190534175,
        0.49177622243258134
    ],
    "test_micro_f1": [
        0.23167817312748723,
        0.34838024429052494,
        0.43162506638293063,
        0.49362719065271293,
        0.5339883165156974
    ],
    "test_weighted_f1": [
        0.18361892296912022,
        0.2953118836579546,
        0.384622228827147,
        0.4627932329329584,
        0.5076590799915702
    ],
    "test_confidence": [
        0.08325017989473145,
        0.11043202345256026,
        0.14305363099307883,
        0.17589126523352658,
        0.211031455216228
    ],
    "grad_norm": [
        0.9222204346796647,
        0.9311134465095441,
        0.9405852976507986,
        0.941749521562493,
        0.9421944805452664
    ],
    "nonfinite_grad_tensors": [
        0.0,
        0.0,
        0.0,
        0.0,
        0.0
    ],
    "nonfinite_train_loss_batches": [
        0,
        0,
        0,
        0,
        0
    ],
    "nonfinite_val_loss_batches": [
        0,
        0,
        0,
        0,
        0
    ],
    "nonfinite_test_loss_batches": [
        0,
        0,
        0,
        0,
        0
    ],
    "fractional_applied_params": [
        32.0,
        32.0,
        32.0,
        32.0,
        32.0
    ],
    "epoch_time": [
        26.138519525527954,
        30.391340494155884,
        30.68614673614502,
        34.32722330093384,
        29.86111283302307
    ],
    "throughput_samples_per_sec": [
        389.5782999513367,
        335.0625485558343,
        331.8435542773935,
        296.6450245838259,
        341.0120733591259
    ],
    "lr": [
        2e-05,
        2e-05,
        2e-05,
        2e-05,
        2e-05
    ]
}