{
    "train_loss": [
        2.1741719989776613,
        2.100190635681152,
        2.0164733572006224,
        2.0114270753860475,
        1.9924046592712403,
        1.9859471282958985,
        1.9859447851181031,
        1.9803036832809449,
        1.9668276662826538,
        1.9559640007019043
    ],
    "train_accuracy": [
        0.2827500104904175,
        0.28712499141693115,
        0.2939999997615814,
        0.2932499945163727,
        0.29587501287460327,
        0.29899999499320984,
        0.29887500405311584,
        0.29875001311302185,
        0.30375000834465027,
        0.30250000953674316
    ],
    "train_macro_precision": [
        0.12545295448380953,
        0.17421324824233295,
        0.15772191315461265,
        0.1702800329883391,
        0.1577139816458474,
        0.17811318862187536,
        0.16362372044305645,
        0.1634590754710186,
        0.18090222863602246,
        0.1787719337569718
    ],
    "train_macro_recall": [
        0.10215607016807127,
        0.122561811144606,
        0.14874686627106942,
        0.1529877535702538,
        0.15623366940791578,
        0.15907798007804602,
        0.16215135617418283,
        0.1616122602385106,
        0.16832661926282175,
        0.16798180171835833
    ],
    "train_macro_f1": [
        0.051595055244714624,
        0.09255154404267898,
        0.1287343384622131,
        0.13678430542547584,
        0.137620048084154,
        0.140997479297935,
        0.1469935960913176,
        0.13921859807780387,
        0.15276974011255978,
        0.15155115966118934
    ],
    "train_micro_f1": [
        0.28274999999949996,
        0.2871249999995,
        0.2939999999995,
        0.29324999999949997,
        0.29587499999949995,
        0.2989999999995,
        0.29887499999949996,
        0.29874999999949997,
        0.3037499999995,
        0.3024999999995
    ],
    "train_weighted_f1": [
        0.13279338298939938,
        0.17527324718240198,
        0.2155014604039553,
        0.22202352539278392,
        0.22484691361958234,
        0.2277773994676957,
        0.2334844909503701,
        0.2283890233398786,
        0.2397544254703922,
        0.2379591276874729
    ],
    "train_confidence": [
        0.28387549161911013,
        0.2985265893936157,
        0.3089315104484558,
        0.3123016805648804,
        0.31791248416900636,
        0.31374006843566893,
        0.31200609397888185,
        0.31538100576400757,
        0.31682677459716796,
        0.3170053095817566
    ],
    "val_loss": [
        2.1535436954498293,
        2.071395927429199,
        2.0412007217407226,
        2.025735383987427,
        2.033653039932251,
        2.0160196628570555,
        2.0274301595687865,
        2.0152341136932375,
        2.0027655172348022,
        2.0092599716186523
    ],
    "val_accuracy": [
        0.27250000834465027,
        0.27250000834465027,
        0.2745000123977661,
        0.27250000834465027,
        0.273499995470047,
        0.2824999988079071,
        0.2720000147819519,
        0.27549999952316284,
        0.28299999237060547,
        0.2759999930858612
    ],
    "val_macro_precision": [
        0.027249999999999986,
        0.10577321820605638,
        0.1197564484793098,
        0.11143321959692418,
        0.132820006499294,
        0.15284719379032974,
        0.11516446179577453,
        0.13431265512600576,
        0.14069043117959595,
        0.15560662286910382
    ],
    "val_macro_recall": [
        0.09999999999999981,
        0.14733791234205557,
        0.13060985261629296,
        0.14235236054807932,
        0.15126202029385655,
        0.150389607249342,
        0.15495957438388985,
        0.1369515818335279,
        0.14698613129117305,
        0.15310367521847612
    ],
    "val_macro_f1": [
        0.042829076620791454,
        0.10862077510236232,
        0.10007041611393667,
        0.09116731158898751,
        0.10636079668616245,
        0.11964304972475166,
        0.1041049653764036,
        0.11158824704801702,
        0.11779991276748045,
        0.12672003150460673
    ],
    "val_micro_f1": [
        0.27249999999949986,
        0.27249999999949986,
        0.27449999999949987,
        0.27249999999949986,
        0.27349999999949987,
        0.2824999999994999,
        0.27199999999949986,
        0.27549999999949987,
        0.2829999999994999,
        0.27599999999949987
    ],
    "val_weighted_f1": [
        0.11670923379165671,
        0.18789217209131365,
        0.17720407383386216,
        0.17424360987194595,
        0.18116541590605328,
        0.19836411194426432,
        0.19547679642329494,
        0.1928545090212919,
        0.19899795129358827,
        0.21279009706087218
    ],
    "val_confidence": [
        0.3331838788986206,
        0.27294090366363527,
        0.33543093013763425,
        0.3223385753631592,
        0.2949538297653198,
        0.28165829372406004,
        0.29659504222869876,
        0.32781649684906006,
        0.30106378841400144,
        0.30586082267761233
    ],
    "grad_norm": [
        1.2208938676234704,
        1.1476870453867503,
        1.102767886729454,
        1.2118404321833165,
        1.05725328349694,
        1.0442641463815343,
        1.123268188763202,
        1.1387502980921564,
        1.0418456094852402,
        1.0065235285291743
    ],
    "fractional_applied_params": [
        42.0,
        42.0,
        42.0,
        42.0,
        42.0,
        42.0,
        42.0,
        42.0,
        42.0,
        42.0
    ],
    "epoch_time": [
        5.318238019943237,
        2.039747476577759,
        2.8176729679107666,
        2.822561502456665,
        2.8114898204803467,
        2.866399049758911,
        2.885476589202881,
        2.8671979904174805,
        2.27329158782959,
        2.5088398456573486
    ],
    "throughput_samples_per_sec": [
        1504.257607500874,
        3922.054122808484,
        2839.2223267598715,
        2834.3049365043285,
        2845.466464692086,
        2790.958223584699,
        2772.505599225817,
        2790.180527029162,
        3519.1262057314643,
        3188.7248657372534
    ],
    "lr": [
        0.0003,
        0.0003,
        0.0003,
        0.0003,
        0.0003,
        0.0003,
        0.0003,
        0.0003,
        0.0003,
        0.0003
    ]
}