{
    "train_loss": [
        0.4769300306532118,
        0.32533760681152346,
        0.2307531227959527,
        0.15574457363552519,
        0.10974059439765083
    ],
    "train_accuracy": [
        0.7699111104011536,
        0.8644888997077942,
        0.9131555557250977,
        0.9463555812835693,
        0.9651111364364624
    ],
    "train_macro_precision": [
        0.7699494355721881,
        0.8644885566056975,
        0.913163285689528,
        0.9463551175642667,
        0.9651125386279082
    ],
    "train_macro_recall": [
        0.7699216753418967,
        0.864488167816549,
        0.9131517684932732,
        0.9463564471560942,
        0.9651099110200158
    ],
    "train_macro_f1": [
        0.7699070092059357,
        0.8644883468417761,
        0.9131543451196167,
        0.9463554664389018,
        0.965110902637486
    ],
    "train_micro_f1": [
        0.7699111111106111,
        0.8644888888883888,
        0.9131555555550556,
        0.9463555555550556,
        0.9651111111106111
    ],
    "train_weighted_f1": [
        0.7699051957322898,
        0.8644888527519478,
        0.9131549503373361,
        0.946355595503676,
        0.9651110618351451
    ],
    "train_confidence": [
        0.7485626800960965,
        0.8678879850387573,
        0.9191862069235908,
        0.9543295446925693,
        0.9769030738406711
    ],
    "val_loss": [
        0.3660274047851563,
        0.37744984130859377,
        0.38786000671386717,
        0.4425043731689453,
        0.5189943832397461
    ],
    "val_accuracy": [
        0.8367999792098999,
        0.8460000157356262,
        0.843999981880188,
        0.853600025177002,
        0.8543999791145325
    ],
    "val_macro_precision": [
        0.8368576038544563,
        0.8494453044375638,
        0.849973766040122,
        0.856530252759145,
        0.8544581558077655
    ],
    "val_macro_recall": [
        0.8369421385491835,
        0.8468370913006481,
        0.8428938983738764,
        0.8528327035022358,
        0.854547107375585
    ],
    "val_macro_f1": [
        0.8367948818869955,
        0.8458045788906041,
        0.8429951690816269,
        0.8530710558003834,
        0.8543954338403047
    ],
    "val_micro_f1": [
        0.8367999999994996,
        0.8459999999994996,
        0.8439999999994996,
        0.8535999999994996,
        0.8543999999994997
    ],
    "val_weighted_f1": [
        0.8368102362245073,
        0.8457123576931473,
        0.8432061835743805,
        0.8532191601761362,
        0.854409132317889
    ],
    "val_confidence": [
        0.8350803891181946,
        0.898507557106018,
        0.9161072046279907,
        0.943845464706421,
        0.9641266609191894
    ],
    "test_loss": [
        0.3752995654296875,
        0.397191618347168,
        0.44633268615722654,
        0.5563036680603027,
        0.6561499504852295
    ],
    "test_accuracy": [
        0.8348000049591064,
        0.8356800079345703,
        0.8237599730491638,
        0.812720000743866,
        0.8177199959754944
    ],
    "test_macro_precision": [
        0.8348373389170769,
        0.8389944348295122,
        0.8307879125810476,
        0.8175269908177139,
        0.817768860139935
    ],
    "test_macro_recall": [
        0.8347999999999999,
        0.83568,
        0.8237599999999998,
        0.8127199999999999,
        0.8177199999999999
    ],
    "test_macro_f1": [
        0.834795394359422,
        0.8352773662255395,
        0.822818903598181,
        0.8120085066394706,
        0.8177129928869464
    ],
    "test_micro_f1": [
        0.8347999999994999,
        0.8356799999994999,
        0.8237599999995,
        0.8127199999995,
        0.8177199999995
    ],
    "test_weighted_f1": [
        0.834795394359422,
        0.8352773662255395,
        0.8228189035981811,
        0.8120085066394706,
        0.8177129928869465
    ],
    "test_confidence": [
        0.8350161770820618,
        0.8985389218139649,
        0.9079547010421752,
        0.9377515542030335,
        0.9610569465637206
    ],
    "grad_norm": [
        0.6739792081004023,
        0.6060701906057712,
        0.59096202224025,
        0.5692524085053632,
        0.537780952027277
    ],
    "nonfinite_grad_tensors": [
        0.0,
        0.0,
        0.0014204545454545455,
        0.0014204545454545455,
        0.0
    ],
    "nonfinite_train_loss_batches": [
        0,
        0,
        0,
        0,
        0
    ],
    "nonfinite_val_loss_batches": [
        0,
        0,
        0,
        0,
        0
    ],
    "nonfinite_test_loss_batches": [
        0,
        0,
        0,
        0,
        0
    ],
    "fractional_applied_params": [
        5.0,
        5.0,
        5.0,
        5.0,
        5.0
    ],
    "epoch_time": [
        100.73301339149475,
        91.66156911849976,
        93.1716558933258,
        92.76212358474731,
        81.00198173522949
    ],
    "throughput_samples_per_sec": [
        223.36272134096365,
        245.46819584674662,
        241.4897511938687,
        242.5558959896389,
        277.77098186987035
    ],
    "lr": [
        2e-05,
        2e-05,
        2e-05,
        2e-05,
        2e-05
    ]
}