{
    "train_loss": [
        2.111356589794159,
        2.0627025532722474,
        1.9739610052108765,
        1.9623047995567322,
        1.9498972344398497,
        1.9451288056373597,
        1.9458374285697937,
        1.9440615916252135,
        1.935268108844757,
        1.9275384497642518
    ],
    "train_accuracy": [
        0.33520832657814026,
        0.3413541615009308,
        0.33510416746139526,
        0.3336458206176758,
        0.3394791781902313,
        0.3434374928474426,
        0.3394791781902313,
        0.3387500047683716,
        0.33916667103767395,
        0.34187498688697815
    ],
    "train_macro_precision": [
        0.13882304479238236,
        0.1019782381755362,
        0.13603527515498107,
        0.12900886852352805,
        0.145253349422532,
        0.1522968375669395,
        0.13925962756836446,
        0.12556770121388783,
        0.13696967844830268,
        0.14668036488686365
    ],
    "train_macro_recall": [
        0.10056297821652369,
        0.10145380462550455,
        0.1189248976534878,
        0.11943640513862201,
        0.12396885095245669,
        0.12572424615757494,
        0.12108275302806089,
        0.11724560244533884,
        0.1226217809583694,
        0.1260777147686897
    ],
    "train_macro_f1": [
        0.056437220950277436,
        0.05508372903894384,
        0.09446244562923382,
        0.09645747059011353,
        0.10317386178331094,
        0.10363556124936846,
        0.0976428907031118,
        0.08980110230127425,
        0.09909843346655225,
        0.10563789026155275
    ],
    "train_micro_f1": [
        0.3352083333328333,
        0.34135416666616664,
        0.3351041666661666,
        0.33364583333283326,
        0.3394791666661666,
        0.34343749999949996,
        0.3394791666661666,
        0.33874999999949995,
        0.3391666666661666,
        0.34187499999949994
    ],
    "train_weighted_f1": [
        0.17795421860827518,
        0.17790899101532134,
        0.2167484092093828,
        0.21925632464396028,
        0.22453097333089744,
        0.22481463733753648,
        0.21957362986264614,
        0.2135424682222777,
        0.22124193225132865,
        0.2286411403193274
    ],
    "train_confidence": [
        0.34550744692484536,
        0.3404482654730479,
        0.3512603151798248,
        0.34883264342943826,
        0.34628748496373496,
        0.34676371932029726,
        0.3462523786226908,
        0.34610350012779234,
        0.3498850238323212,
        0.3472344092528025
    ],
    "val_loss": [
        2.060152807235718,
        1.9674504375457764,
        1.9311711978912354,
        1.9296130275726318,
        1.922750062942505,
        1.9290665149688722,
        1.9537372970581055,
        1.9214583492279054,
        1.9224457931518555,
        1.9289728355407716
    ],
    "val_accuracy": [
        0.34583333134651184,
        0.3375000059604645,
        0.3474999964237213,
        0.3499999940395355,
        0.3454166650772095,
        0.34708333015441895,
        0.3454166650772095,
        0.3454166650772095,
        0.3479166626930237,
        0.3449999988079071
    ],
    "val_macro_precision": [
        0.03458333333333332,
        0.05462182037860145,
        0.08026380399050356,
        0.07610695370501615,
        0.07852488854814346,
        0.09949280944664052,
        0.047421973850694334,
        0.08366813925876873,
        0.141068247232155,
        0.1816695579908742
    ],
    "val_macro_recall": [
        0.09999999999999988,
        0.12567380633645664,
        0.12123064126484902,
        0.11578824240177119,
        0.11184451519007876,
        0.11977120307518088,
        0.10060649377169684,
        0.11812221851717472,
        0.11248421382844147,
        0.11789297617804173
    ],
    "val_macro_f1": [
        0.05139318885445095,
        0.07553804392978704,
        0.08675459478691623,
        0.07672441632412505,
        0.07444012783482111,
        0.08683736492754837,
        0.05332113476438338,
        0.08070930087477127,
        0.07763777699334964,
        0.08725795969838945
    ],
    "val_micro_f1": [
        0.3458333333328332,
        0.33749999999949987,
        0.3474999999994999,
        0.3499999999994999,
        0.34541666666616655,
        0.3470833333328332,
        0.34541666666616655,
        0.34541666666616655,
        0.34791666666616655,
        0.3449999999994999
    ],
    "val_weighted_f1": [
        0.17773477812164284,
        0.21533128595019746,
        0.21519387033072288,
        0.20470046213444038,
        0.1993198279152854,
        0.21230036624917026,
        0.1796932630178665,
        0.21110885418368117,
        0.20571945560837135,
        0.21688292283133345
    ],
    "val_confidence": [
        0.33712108929951984,
        0.3011587595939636,
        0.34169203996658326,
        0.3622841517130534,
        0.35938395977020265,
        0.3201239824295044,
        0.451495885848999,
        0.3294086702664693,
        0.37026143391927085,
        0.3462955649693807
    ],
    "grad_norm": [
        1.5654968002453913,
        1.2073361459309973,
        1.2100433344029653,
        1.086269442290441,
        0.9385587883276462,
        0.8912716903797435,
        1.008582983459318,
        1.0196875950960302,
        0.9021114887346371,
        0.9111128135656504
    ],
    "fractional_applied_params": [
        0.0,
        0.0,
        0.0,
        2.0,
        2.0,
        2.0,
        2.0,
        2.0,
        2.0,
        2.0
    ],
    "epoch_time": [
        8.361084938049316,
        4.834356784820557,
        4.706742286682129,
        4.057092189788818,
        4.375272750854492,
        4.776162385940552,
        3.18192720413208,
        2.4001071453094482,
        2.4049346446990967,
        2.418252944946289
    ],
    "throughput_samples_per_sec": [
        1148.1763516493745,
        1985.7864090923392,
        2039.6272868313808,
        2366.2267335610395,
        2194.148924344229,
        2009.9819110546234,
        3017.0394808320416,
        3999.821432456201,
        3991.7924676914217,
        3969.8080467811533
    ],
    "lr": [
        0.0003,
        0.0003,
        0.0003,
        0.0003,
        0.0003,
        0.0003,
        0.0003,
        0.0003,
        0.0003,
        0.0003
    ]
}