{
    "train_loss": [
        2.1096938323974608,
        2.0666071224212645,
        1.9854226732254028,
        1.9678805494308471,
        1.961283767223358,
        1.9573454833030701,
        1.9504360413551332,
        1.9435636520385742,
        1.9341501522064208,
        1.929820201396942
    ],
    "train_accuracy": [
        0.3371874988079071,
        0.3434374928474426,
        0.3356249928474426,
        0.3402083218097687,
        0.3402083218097687,
        0.33635416626930237,
        0.3409374952316284,
        0.3408333361148834,
        0.34416666626930237,
        0.34562501311302185
    ],
    "train_macro_precision": [
        0.06313427642493584,
        0.12306389676049237,
        0.12194565427801267,
        0.1259388737142591,
        0.1334213007255408,
        0.12600746653719874,
        0.12394278606493589,
        0.12810758753421658,
        0.1485135062000831,
        0.1478185168802554
    ],
    "train_macro_recall": [
        0.09935156228021226,
        0.10248204425512668,
        0.11548116340597932,
        0.11814026620713677,
        0.11952946189503007,
        0.11862877148839049,
        0.1187725693686789,
        0.11959946892420883,
        0.1271014613315736,
        0.12736272068043877
    ],
    "train_macro_f1": [
        0.05399071939131493,
        0.058008687642450985,
        0.0902470890779791,
        0.0928928948353869,
        0.09529687691505137,
        0.09589304985682294,
        0.093960286812245,
        0.09545457103893704,
        0.10735418283938884,
        0.10745199830101762
    ],
    "train_micro_f1": [
        0.33718749999949993,
        0.34343749999949996,
        0.33562499999949996,
        0.3402083333328333,
        0.3402083333328333,
        0.33635416666616663,
        0.34093749999949996,
        0.3408333333328333,
        0.34416666666616663,
        0.34562499999949997
    ],
    "train_weighted_f1": [
        0.17723909821208134,
        0.18209566722909945,
        0.215892461942548,
        0.21769585714277526,
        0.21961642024405506,
        0.22180500772217543,
        0.22095851721036752,
        0.22121832388184515,
        0.23031039769517156,
        0.23243335455937436
    ],
    "train_confidence": [
        0.3475195384025574,
        0.3386436907450358,
        0.35118643164634705,
        0.3522156612078349,
        0.35047744393348695,
        0.3510539368788401,
        0.3524584650993347,
        0.3474585855007172,
        0.35239935119946797,
        0.3546829871336619
    ],
    "val_loss": [
        2.083407402038574,
        1.989032382965088,
        1.9707868432998656,
        1.9675541925430298,
        1.9878219985961914,
        1.9642309522628785,
        1.968774151802063,
        1.9624414682388305,
        1.9629661798477174,
        1.961965570449829
    ],
    "val_accuracy": [
        0.3370833396911621,
        0.3304166793823242,
        0.335833340883255,
        0.3308333456516266,
        0.31333333253860474,
        0.3295833468437195,
        0.3270833194255829,
        0.33375000953674316,
        0.33125001192092896,
        0.3316666781902313
    ],
    "val_macro_precision": [
        0.03370833333333332,
        0.05405505952380942,
        0.04450177304964516,
        0.06612450919109514,
        0.10472070016730683,
        0.06786005150289083,
        0.07962777898172865,
        0.07071087958993072,
        0.09832220581669414,
        0.19402994311155702
    ],
    "val_macro_recall": [
        0.09999999999999988,
        0.10968728483130123,
        0.10285727869164193,
        0.11523013624786518,
        0.13545901057977786,
        0.11541783828018178,
        0.11361679578135724,
        0.11551129004125726,
        0.11265523704923266,
        0.12049021903441544
    ],
    "val_macro_f1": [
        0.05042069180426266,
        0.06941705295673903,
        0.056330228240263,
        0.07764511653730373,
        0.09459503433419608,
        0.07954318768075516,
        0.07407308244689823,
        0.07793089249818316,
        0.07771605228877446,
        0.08742199848283704
    ],
    "val_micro_f1": [
        0.3370833333328332,
        0.33041666666616654,
        0.3358333333328332,
        0.3308333333328332,
        0.31333333333283325,
        0.32958333333283324,
        0.32708333333283324,
        0.3337499999994999,
        0.3312499999994999,
        0.33166666666616657
    ],
    "val_weighted_f1": [
        0.16995974862353538,
        0.1951734747387368,
        0.17398561627011053,
        0.19969076041726902,
        0.2207667583082401,
        0.20318431134300158,
        0.19322981640374748,
        0.19739553843117405,
        0.19826602238021254,
        0.20429352882344404
    ],
    "val_confidence": [
        0.32501394430796304,
        0.31635541598002115,
        0.3375407361984253,
        0.3359419465065002,
        0.27946080525716144,
        0.32379734675089517,
        0.29953364372253416,
        0.3538077354431152,
        0.3418886756896973,
        0.3375820271174113
    ],
    "grad_norm": [
        1.2213208301999592,
        0.9431299065181189,
        0.967562507225128,
        0.8747221191307462,
        0.9311811252447418,
        0.9480867346727015,
        0.9449270204362048,
        0.9178269959458812,
        0.9298748938280739,
        0.8995520623950987
    ],
    "fractional_applied_params": [
        42.0,
        42.0,
        42.0,
        42.0,
        42.0,
        42.0,
        42.0,
        42.0,
        42.0,
        42.0
    ],
    "epoch_time": [
        5.648331642150879,
        2.9985742568969727,
        3.0037028789520264,
        3.0077481269836426,
        3.0180816650390625,
        3.004990577697754,
        3.0123047828674316,
        3.020592451095581,
        2.105696201324463,
        2.316861391067505
    ],
    "throughput_samples_per_sec": [
        1699.61691490628,
        3201.5215157400867,
        3196.055131574592,
        3191.756621465335,
        3180.8284418558796,
        3194.685557834578,
        3186.9285122143915,
        3178.184463951117,
        4559.06222082829,
        4143.536612510407
    ],
    "lr": [
        0.0003,
        0.0003,
        0.0003,
        0.0003,
        0.0003,
        0.0003,
        0.0003,
        0.0003,
        0.0003,
        0.0003
    ]
}