{
    "train_loss": [
        2.286173105239868,
        2.1556467876434326,
        2.0362044982910157,
        1.963766149520874,
        1.9286495428085326,
        1.9000773735046386,
        1.8679966087341309,
        1.8396334075927734,
        1.802232985496521,
        1.7849186229705811
    ],
    "train_accuracy": [
        0.19374999403953552,
        0.24124999344348907,
        0.28949999809265137,
        0.31049999594688416,
        0.3199999928474426,
        0.32774999737739563,
        0.3382500112056732,
        0.3527500033378601,
        0.3567500114440918,
        0.36149999499320984
    ],
    "train_macro_precision": [
        0.1019591781099836,
        0.18513266807119272,
        0.233646532158156,
        0.24651131897512862,
        0.26730128566214084,
        0.2739805127655072,
        0.28896358756214957,
        0.30298663435099826,
        0.3192798897412635,
        0.3114781380524492
    ],
    "train_macro_recall": [
        0.1028398764459472,
        0.13970050558726507,
        0.21428421085643062,
        0.24701926226726734,
        0.26139827718989894,
        0.27149582539886213,
        0.2804798426531556,
        0.2952580309828219,
        0.3000188627796589,
        0.3019120018281214
    ],
    "train_macro_f1": [
        0.06651667975338528,
        0.10794514759001425,
        0.19882590539794695,
        0.2341323521683158,
        0.25272524472061775,
        0.26282199490600683,
        0.27521102050491175,
        0.2895202875420849,
        0.29832284498071493,
        0.2959708249026979
    ],
    "train_micro_f1": [
        0.1937499999995,
        0.24124999999949995,
        0.28949999999949994,
        0.31049999999949995,
        0.31999999999949996,
        0.32774999999949994,
        0.33824999999949995,
        0.3527499999994999,
        0.3567499999994999,
        0.36149999999949994
    ],
    "train_weighted_f1": [
        0.10619092632380714,
        0.15028982114666856,
        0.24216344802352083,
        0.27639371251715333,
        0.2898334561077463,
        0.30237813440526135,
        0.31503082075369276,
        0.3295713720368385,
        0.3357694347226595,
        0.33574247402422647
    ],
    "train_confidence": [
        0.23003680801391602,
        0.2331500425338745,
        0.29613649559020994,
        0.31774728298187255,
        0.3245000047683716,
        0.33925158309936526,
        0.3389380855560303,
        0.35497528171539305,
        0.36694644165039064,
        0.3697256736755371
    ],
    "val_loss": [
        2.167620086669922,
        2.055435550689697,
        1.9945605812072753,
        1.949343400001526,
        1.9651942844390868,
        1.9106500329971314,
        1.9075489044189453,
        1.865964548110962,
        1.8477984161376952,
        1.8559025554656983
    ],
    "val_accuracy": [
        0.25200000405311584,
        0.29499998688697815,
        0.3319999873638153,
        0.33000001311302185,
        0.32199999690055847,
        0.3409999907016754,
        0.3310000002384186,
        0.3370000123977661,
        0.34599998593330383,
        0.33899998664855957
    ],
    "val_macro_precision": [
        0.1916917922946851,
        0.21178104578045062,
        0.30612609410463326,
        0.2975513285024052,
        0.2577144272796358,
        0.2813397808673631,
        0.2798900933599296,
        0.2866600274411191,
        0.29309719187988104,
        0.27971648600640175
    ],
    "val_macro_recall": [
        0.10349752258816627,
        0.19510193249192756,
        0.25254045640278733,
        0.23283210065026894,
        0.22911530512070702,
        0.25532170043717917,
        0.24113711391488107,
        0.2530542614417583,
        0.27399618925102437,
        0.27368306694833666
    ],
    "val_macro_f1": [
        0.04685856838370399,
        0.16376348804132623,
        0.24242482291349404,
        0.2155149529604124,
        0.20135067968717202,
        0.25258040026218803,
        0.22196615599493064,
        0.2481331536680087,
        0.2657473751148951,
        0.2707494317938354
    ],
    "val_micro_f1": [
        0.25199999999949974,
        0.2949999999994997,
        0.3319999999994997,
        0.3299999999994997,
        0.3219999999994997,
        0.34099999999949965,
        0.3309999999994997,
        0.33699999999949964,
        0.34599999999949965,
        0.33899999999949965
    ],
    "val_weighted_f1": [
        0.10552932594136084,
        0.23229039932412793,
        0.30964798331995075,
        0.27871394159107643,
        0.2654909189355747,
        0.31160082579203524,
        0.2890524812086405,
        0.31655424618012806,
        0.3334535597909199,
        0.3386358409473896
    ],
    "val_confidence": [
        0.22938574314117433,
        0.23350784683227538,
        0.2856594104766846,
        0.35155089282989505,
        0.40021674156188963,
        0.354119423866272,
        0.40107525634765623,
        0.360095705986023,
        0.34950383377075195,
        0.33766077423095703
    ],
    "grad_norm": [
        1.4557679531103458,
        1.0436278478689605,
        1.4313524723473325,
        1.338521386303254,
        1.2677640768933855,
        1.395392879875107,
        1.4031254149151442,
        1.33417337640631,
        1.2259367846235616,
        1.4002343572954457
    ],
    "fractional_applied_params": [
        2.0,
        2.0,
        2.0,
        2.0,
        2.0,
        2.0,
        2.0,
        2.0,
        2.0,
        2.0
    ],
    "epoch_time": [
        5.170784950256348,
        1.5811131000518799,
        1.5906035900115967,
        1.5869858264923096,
        1.5914757251739502,
        1.1911640167236328,
        1.2228889465332031,
        1.4223058223724365,
        0.5688560009002686,
        0.5063846111297607
    ],
    "throughput_samples_per_sec": [
        773.5769401513585,
        2529.863296856342,
        2514.768623130567,
        2520.5014016042846,
        2513.390519709495,
        3358.059800196313,
        3270.9429677483754,
        2812.3346871546337,
        7031.656506514163,
        7899.13419974566
    ],
    "lr": [
        0.0003,
        0.0003,
        0.0003,
        0.0003,
        0.0003,
        0.0003,
        0.0003,
        0.0003,
        0.0003,
        0.0003
    ]
}