{
    "train_loss": [
        2.225199951171875,
        2.0593054580688475,
        1.9877289113998413,
        1.9400034065246583,
        1.9097955207824706,
        1.8653321285247804,
        1.8422955417633056,
        1.815512698173523,
        1.8051671953201294,
        1.7708675594329835
    ],
    "train_accuracy": [
        0.2147500067949295,
        0.27549999952316284,
        0.30649998784065247,
        0.31949999928474426,
        0.3269999921321869,
        0.3412500023841858,
        0.34975001215934753,
        0.35225000977516174,
        0.3529999852180481,
        0.36250001192092896
    ],
    "train_macro_precision": [
        0.11152785079312155,
        0.20861859120745824,
        0.23722286277147986,
        0.2611893240325879,
        0.2725553340787539,
        0.283995225740119,
        0.3098288510565181,
        0.3022573529680606,
        0.3031415056334352,
        0.3128848257588404
    ],
    "train_macro_recall": [
        0.11708301187246155,
        0.1939477174088175,
        0.23548117735802734,
        0.24861032300687658,
        0.2667595100395716,
        0.28410563193591476,
        0.288461456401558,
        0.28911221150579375,
        0.2900893183829799,
        0.30046169525526323
    ],
    "train_macro_f1": [
        0.08358859210591066,
        0.17724706513546157,
        0.226034616498522,
        0.2431762507769669,
        0.2582930985530313,
        0.2780675640577929,
        0.28687509868955485,
        0.28199839403402077,
        0.28709392040868664,
        0.29853101694212175
    ],
    "train_micro_f1": [
        0.21474999999949995,
        0.2754999999994999,
        0.30649999999949995,
        0.31949999999949996,
        0.3269999999994999,
        0.34124999999949995,
        0.3497499999994999,
        0.3522499999994999,
        0.35299999999949994,
        0.36249999999949994
    ],
    "train_weighted_f1": [
        0.12614567959992637,
        0.22591774778360146,
        0.27556901173545373,
        0.29063612976923037,
        0.3019926628729905,
        0.3229444690337588,
        0.328755147792117,
        0.3262941369368652,
        0.333951536298377,
        0.3419547206975244
    ],
    "train_confidence": [
        0.23927836513519288,
        0.28675568771362303,
        0.3135336322784424,
        0.3266021814346313,
        0.33023575019836426,
        0.33752935981750487,
        0.35300986289978026,
        0.3547227334976196,
        0.35828303337097167,
        0.3684195308685303
    ],
    "val_loss": [
        2.100814685821533,
        2.0072077236175536,
        1.9787444801330567,
        1.9609852962493897,
        1.9210493221282958,
        1.9010035209655762,
        1.8836214809417724,
        1.8716008586883546,
        1.8534749183654786,
        1.8296332006454468
    ],
    "val_accuracy": [
        0.25600001215934753,
        0.3070000112056732,
        0.3019999861717224,
        0.3179999887943268,
        0.31200000643730164,
        0.31299999356269836,
        0.3190000057220459,
        0.328000009059906,
        0.32199999690055847,
        0.3370000123977661
    ],
    "val_macro_precision": [
        0.2626739912956403,
        0.22892404428165034,
        0.22657584771509004,
        0.2502049799030504,
        0.24225727591313723,
        0.26723595044929577,
        0.26627849727351854,
        0.30743044946302306,
        0.27974164343219565,
        0.3005798347625058
    ],
    "val_macro_recall": [
        0.15238877874229562,
        0.2270207221076601,
        0.2269228308716901,
        0.25936569538622994,
        0.23676294666412323,
        0.23319428702105763,
        0.2444830466792221,
        0.26246823474675607,
        0.25105789349230284,
        0.27008269722434985
    ],
    "val_macro_f1": [
        0.12130556412106168,
        0.1986403278312811,
        0.20812618775573757,
        0.24079277881050234,
        0.22710821065593517,
        0.21549379171569644,
        0.2317663060437812,
        0.2573133041831212,
        0.23803367548369225,
        0.2595483577951379
    ],
    "val_micro_f1": [
        0.25599999999949974,
        0.3069999999994997,
        0.3019999999994997,
        0.3179999999994997,
        0.3119999999994997,
        0.3129999999994997,
        0.3189999999994997,
        0.3279999999994997,
        0.3219999999994997,
        0.33699999999949964
    ],
    "val_weighted_f1": [
        0.1774972941985833,
        0.25695960152724073,
        0.2681790662120515,
        0.294281602495481,
        0.2751284686809814,
        0.2709558883676265,
        0.28777532081021767,
        0.30384222954893075,
        0.2896178127972878,
        0.3061469956080815
    ],
    "val_confidence": [
        0.2057924222946167,
        0.2930314989089966,
        0.2786048183441162,
        0.2933720464706421,
        0.3470473403930664,
        0.3533928375244141,
        0.32305771255493165,
        0.35179810905456543,
        0.3539982681274414,
        0.3416937036514282
    ],
    "grad_norm": [
        1.3405074290088739,
        1.4088386937384332,
        1.379084718583177,
        1.3129111970395257,
        1.1915611491357494,
        1.1460161830960172,
        1.1725541060902098,
        1.1988485633083383,
        1.1683987444704464,
        1.2011924535984462
    ],
    "fractional_applied_params": [
        66.0,
        66.0,
        66.0,
        66.0,
        66.0,
        66.0,
        66.0,
        66.0,
        66.0,
        66.0
    ],
    "epoch_time": [
        5.077285051345825,
        1.4868884086608887,
        1.647911787033081,
        1.3374273777008057,
        1.2872076034545898,
        1.6371002197265625,
        1.323829174041748,
        1.50638747215271,
        1.668138027191162,
        1.5706462860107422
    ],
    "throughput_samples_per_sec": [
        787.8226177078099,
        2690.1817087957884,
        2427.3143935705716,
        2990.8165981142606,
        3107.501842954358,
        2443.3446112835427,
        3021.5378830092595,
        2655.3593108974687,
        2397.8831096700465,
        2546.722349663801
    ],
    "lr": [
        0.0003,
        0.0003,
        0.0003,
        0.0003,
        0.0003,
        0.0003,
        0.0003,
        0.0003,
        0.0003,
        0.0003
    ]
}