{
    "train_loss": [
        2.1114420604705813,
        2.0301700758934023,
        1.9763858652114867,
        1.9618959903717041,
        1.9561540579795837,
        1.9536832070350647,
        1.9485552525520324,
        1.9429194164276122,
        1.9345590233802796,
        1.934250500202179
    ],
    "train_accuracy": [
        0.33541667461395264,
        0.3425000011920929,
        0.3412500023841858,
        0.3400000035762787,
        0.34041666984558105,
        0.3447916805744171,
        0.3426041603088379,
        0.33906251192092896,
        0.3454166650772095,
        0.34552082419395447
    ],
    "train_macro_precision": [
        0.05158780451740922,
        0.08046248123519023,
        0.12858120998609684,
        0.12792185589728927,
        0.13092876996870892,
        0.1448079133830758,
        0.13251449876747018,
        0.12698052117079878,
        0.15287032580700002,
        0.14993836193823368
    ],
    "train_macro_recall": [
        0.09999248908766209,
        0.10176884073749928,
        0.11374410274009424,
        0.11746435829471107,
        0.11801628738636165,
        0.11981908721880903,
        0.12145048869191852,
        0.11753561121023019,
        0.12641474369921352,
        0.12408748523679988
    ],
    "train_macro_f1": [
        0.05550518864552153,
        0.05714988295633764,
        0.08210922200236591,
        0.09090741619338258,
        0.09178386265453034,
        0.09229280955922496,
        0.09669953160055017,
        0.09170005778572896,
        0.10502009762632333,
        0.10040827197620088
    ],
    "train_micro_f1": [
        0.3354166666661666,
        0.3424999999994999,
        0.34124999999949995,
        0.3399999999994999,
        0.3404166666661666,
        0.3447916666661666,
        0.3426041666661666,
        0.33906249999949994,
        0.3454166666661666,
        0.3455208333328333
    ],
    "train_weighted_f1": [
        0.17758599133454445,
        0.18262983249625311,
        0.2061803628623015,
        0.21524472792681806,
        0.2166903986993096,
        0.2141410610652404,
        0.22061198145515637,
        0.2167658389048486,
        0.22890115028833175,
        0.2225451723548757
    ],
    "train_confidence": [
        0.34493320862452187,
        0.34554137190183004,
        0.35030462582906086,
        0.34761347810427345,
        0.34831110954284666,
        0.35004842559496563,
        0.3472016179561615,
        0.34831915934880575,
        0.35191158215204876,
        0.3496672288576762
    ],
    "val_loss": [
        2.0728570556640626,
        1.980529375076294,
        1.963459758758545,
        1.9678944969177246,
        1.9661544227600098,
        1.9659064769744874,
        1.9584425449371339,
        1.9522435569763184,
        1.9542180919647216,
        1.965307207107544
    ],
    "val_accuracy": [
        0.3370833396911621,
        0.33791667222976685,
        0.3291666805744171,
        0.3316666781902313,
        0.335833340883255,
        0.32249999046325684,
        0.32749998569488525,
        0.3320833444595337,
        0.33416667580604553,
        0.3329166769981384
    ],
    "val_macro_precision": [
        0.03370833333333332,
        0.06237836547071407,
        0.05941396411195028,
        0.05703557232353031,
        0.04856973618441478,
        0.0721697821830151,
        0.08266022406005431,
        0.06932921406133201,
        0.07889912770118547,
        0.06260399815846446
    ],
    "val_macro_recall": [
        0.09999999999999988,
        0.10086580086580074,
        0.11197119144320253,
        0.11432683787442724,
        0.10298817641016278,
        0.12225256064867893,
        0.11871111903210448,
        0.11849746301223421,
        0.11262961679445568,
        0.10827594848587621
    ],
    "val_macro_f1": [
        0.05042069180426266,
        0.05221159044500395,
        0.07036364768702805,
        0.07269501186078596,
        0.058030813275649906,
        0.08712380375183063,
        0.07689099048165254,
        0.07812921374493112,
        0.07404137119933168,
        0.06774438206034258
    ],
    "val_micro_f1": [
        0.3370833333328332,
        0.33791666666616654,
        0.32916666666616656,
        0.33166666666616657,
        0.3358333333328332,
        0.3224999999994999,
        0.3274999999994999,
        0.33208333333283324,
        0.33416666666616657,
        0.33291666666616654
    ],
    "val_weighted_f1": [
        0.16995974862353538,
        0.17194895041076225,
        0.19712277048493312,
        0.19469303930001344,
        0.17830859660558154,
        0.2128156288380297,
        0.20769618440437096,
        0.20046431337656956,
        0.19316022653168533,
        0.18481824769855235
    ],
    "val_confidence": [
        0.35680400212605795,
        0.3558750661214193,
        0.3401348010698954,
        0.30731104532877607,
        0.38160231908162434,
        0.30035480817159016,
        0.3093288564682007,
        0.3454446570078532,
        0.32536102453867594,
        0.394900541305542
    ],
    "grad_norm": [
        1.1897672132938812,
        0.9109526734274301,
        0.9733745391252578,
        0.9399862365919148,
        0.9491645929113173,
        0.9370331477002756,
        0.9400722587250934,
        0.9128407750468672,
        0.9282974764647122,
        1.0137407496027246
    ],
    "fractional_applied_params": [
        2.0,
        2.0,
        2.0,
        2.0,
        2.0,
        2.0,
        2.0,
        2.0,
        2.0,
        2.0
    ],
    "epoch_time": [
        6.621910810470581,
        0.9413774013519287,
        0.9054529666900635,
        3.531873941421509,
        2.2267065048217773,
        3.763810634613037,
        3.845259428024292,
        3.885286808013916,
        3.827394485473633,
        3.8538520336151123
    ],
    "throughput_samples_per_sec": [
        1449.7326035893532,
        10197.82287764001,
        10602.428125111086,
        2718.103805294985,
        4311.300110370124,
        2550.606534695386,
        2496.5805766016974,
        2470.8600611411066,
        2508.233743983152,
        2491.014163560064
    ],
    "lr": [
        0.0003,
        0.0003,
        0.0003,
        0.0003,
        0.0003,
        0.0003,
        0.0003,
        0.0003,
        0.0003,
        0.0003
    ]
}