{
    "train_loss": [
        2.2432851696014406,
        2.1076482601165774,
        2.0043734455108644,
        1.94457071685791,
        1.9213161325454713,
        1.888662956237793,
        1.8695692863464355,
        1.8503812551498413,
        1.826249122619629,
        1.8034359712600707
    ],
    "train_accuracy": [
        0.21250000596046448,
        0.25999999046325684,
        0.3062500059604645,
        0.31700000166893005,
        0.32749998569488525,
        0.33550000190734863,
        0.34150001406669617,
        0.3370000123977661,
        0.34950000047683716,
        0.3567500114440918
    ],
    "train_macro_precision": [
        0.2108318763306547,
        0.21255279286652945,
        0.24589851583395883,
        0.24731657625126333,
        0.25900898976722997,
        0.27308166295047376,
        0.28677714698539747,
        0.28242787415874326,
        0.29265922237744535,
        0.30540638368961953
    ],
    "train_macro_recall": [
        0.10949290551997985,
        0.16101018667683056,
        0.23101971095035295,
        0.24475423692086612,
        0.25994861642511913,
        0.26791491932398737,
        0.2783402373526248,
        0.273554527028275,
        0.2870758003033264,
        0.2914698298838815
    ],
    "train_macro_f1": [
        0.07118537177481257,
        0.14007899602081697,
        0.2242131979953066,
        0.23589766149321073,
        0.2503716052627195,
        0.25973142648540215,
        0.2737913864282607,
        0.2708711074859166,
        0.2822095127165633,
        0.28716347459582203
    ],
    "train_micro_f1": [
        0.21249999999949995,
        0.25999999999949996,
        0.3062499999994999,
        0.31699999999949996,
        0.3274999999994999,
        0.3354999999994999,
        0.3414999999994999,
        0.3369999999994999,
        0.34949999999949993,
        0.3567499999994999
    ],
    "train_weighted_f1": [
        0.11496764495842716,
        0.18421988042767362,
        0.26948580074691414,
        0.2816540736413491,
        0.29476753229530783,
        0.3056920086061486,
        0.31734171325711413,
        0.3123970999060099,
        0.3253574434930484,
        0.3301777534435494
    ],
    "train_confidence": [
        0.2386541805267334,
        0.254996018409729,
        0.3036405029296875,
        0.31429429531097414,
        0.33776323223114013,
        0.33696905136108396,
        0.35239577293395996,
        0.3415474557876587,
        0.3607742261886597,
        0.3667638568878174
    ],
    "val_loss": [
        2.152491695404053,
        2.0449704513549807,
        2.027624013900757,
        2.0154863967895507,
        1.955999216079712,
        1.9260470113754273,
        1.941156352996826,
        1.9162719001770019,
        1.9385759048461915,
        1.881885148048401
    ],
    "val_accuracy": [
        0.24199999868869781,
        0.28200000524520874,
        0.30000001192092896,
        0.3059999942779541,
        0.32100000977516174,
        0.32899999618530273,
        0.30300000309944153,
        0.3190000057220459,
        0.30799999833106995,
        0.328000009059906
    ],
    "val_macro_precision": [
        0.16925955908234355,
        0.28729651508937704,
        0.2537261067420896,
        0.26691440490481594,
        0.28397536020985414,
        0.28867570180652596,
        0.2970034456963145,
        0.33408251396729616,
        0.28517728055233993,
        0.30389371529589765
    ],
    "val_macro_recall": [
        0.1247977036359091,
        0.18812977692887678,
        0.22901150909618667,
        0.2552126754942829,
        0.2630481533657116,
        0.2581380673675007,
        0.26039698614395135,
        0.24553385380481646,
        0.2726581547874984,
        0.26733921109754105
    ],
    "val_macro_f1": [
        0.07611049069021414,
        0.17350962950661997,
        0.2079603029788208,
        0.22287939473259502,
        0.251798129591449,
        0.24220178483564841,
        0.24940148528686706,
        0.24363105052171977,
        0.2438651637289285,
        0.2529005259093846
    ],
    "val_micro_f1": [
        0.24199999999949975,
        0.2819999999994997,
        0.2999999999994997,
        0.30599999999949967,
        0.3209999999994997,
        0.3289999999994997,
        0.3029999999994997,
        0.3189999999994997,
        0.3079999999994997,
        0.3279999999994997
    ],
    "val_weighted_f1": [
        0.12839875073041265,
        0.2162540043949644,
        0.24199196760724612,
        0.25258838994917115,
        0.29116428735297273,
        0.28260590781414413,
        0.2906511597358399,
        0.2802191040578699,
        0.2833178675277319,
        0.3025031516990441
    ],
    "val_confidence": [
        0.23520599842071532,
        0.29621377563476564,
        0.3437396125793457,
        0.3496447772979736,
        0.334858097076416,
        0.3616541576385498,
        0.3191467933654785,
        0.38133576011657716,
        0.3310372304916382,
        0.352354736328125
    ],
    "grad_norm": [
        1.3595235001058958,
        1.2022374614938376,
        1.315339157869622,
        0.9152192756927422,
        0.9649494461439664,
        0.9075842289020463,
        1.0787042322022626,
        0.983831296738896,
        1.0360997680694017,
        0.9636049606349514
    ],
    "fractional_applied_params": [
        0.0,
        0.0,
        0.0,
        42.0,
        42.0,
        42.0,
        42.0,
        42.0,
        42.0,
        42.0
    ],
    "epoch_time": [
        4.584145784378052,
        0.546137809753418,
        0.7170314788818359,
        0.5229151248931885,
        0.35513830184936523,
        0.40665745735168457,
        0.6377604007720947,
        1.0163941383361816,
        1.0639410018920898,
        1.0697405338287354
    ],
    "throughput_samples_per_sec": [
        872.5725987230345,
        7324.158717020538,
        5578.555639199747,
        7649.424944090203,
        11263.217679338435,
        9836.288324944522,
        6271.947890081388,
        3935.4811771621644,
        3759.60696400128,
        3739.2244880947896
    ],
    "lr": [
        0.0003,
        0.0003,
        0.0003,
        0.0003,
        0.0003,
        0.0003,
        0.0003,
        0.0003,
        0.0003,
        0.0003
    ]
}