{
    "prefix": "epoch_3",
    "retain_em_acc": 1.0,
    "forget_em_acc": 0.9333333333333333,
    "retain_answer_nll": 0.00336913566570729,
    "forget_answer_nll": 0.021904124994762242,
    "general_ppl": 1.0940848592311012,
    "forget_minus_retain_nll": 0.01853498932905495,
    "retain_eval_n": 30,
    "forget_eval_n": 30
}