{
    "train_loss": [
        2.1928257999420167,
        2.1224949321746824,
        2.040854126930237,
        2.0172269763946535,
        2.0036117248535157,
        1.9965396633148194,
        1.9858938388824463,
        1.9817536067962647,
        1.9725870819091798,
        1.9629268808364868
    ],
    "train_accuracy": [
        0.2748749852180481,
        0.28437501192092896,
        0.2874999940395355,
        0.2904999852180481,
        0.29499998688697815,
        0.2919999957084656,
        0.29725000262260437,
        0.29624998569488525,
        0.2983750104904175,
        0.3036249876022339
    ],
    "train_macro_precision": [
        0.0757555877093307,
        0.11247942410700693,
        0.14915888182667364,
        0.15235426107099576,
        0.1426946098507616,
        0.16193419040862994,
        0.16540343549476527,
        0.17083129885829912,
        0.16417584141482924,
        0.1782698464582529
    ],
    "train_macro_recall": [
        0.10086411350434694,
        0.10875123635704083,
        0.13829181373264918,
        0.1468364211410484,
        0.15047847276883397,
        0.1526437468788564,
        0.15556002547451092,
        0.15911617971606068,
        0.15733302950723868,
        0.16473589163784091
    ],
    "train_macro_f1": [
        0.05325801351907401,
        0.06540123222070239,
        0.11386028787351406,
        0.1252124526406937,
        0.12478514234780207,
        0.13402854509820367,
        0.1353044322952371,
        0.14137666158802176,
        0.13875571715405294,
        0.14701175636911995
    ],
    "train_micro_f1": [
        0.2748749999995,
        0.2843749999995,
        0.2874999999995,
        0.2904999999995,
        0.2949999999995,
        0.2919999999995,
        0.29724999999949997,
        0.29624999999949997,
        0.29837499999949996,
        0.3036249999995
    ],
    "train_weighted_f1": [
        0.13270377860433835,
        0.14794234144612659,
        0.20250689006735137,
        0.21346645327244326,
        0.21459796256464644,
        0.22090494783378856,
        0.22349331952200246,
        0.230552864532375,
        0.22818272495005407,
        0.23751116721628687
    ],
    "train_confidence": [
        0.28738779973983763,
        0.28761448097229003,
        0.3048512077331543,
        0.3114692840576172,
        0.3089635038375855,
        0.3073459692001343,
        0.305884822845459,
        0.3073422493934631,
        0.3089683313369751,
        0.3105579280853272
    ],
    "val_loss": [
        2.1506169700622557,
        2.0582159605026247,
        2.0342950887680056,
        2.006550145149231,
        1.9955224075317384,
        1.996278302192688,
        1.9831749706268311,
        1.9980937776565553,
        1.9865524730682373,
        1.9890739068984986
    ],
    "val_accuracy": [
        0.27549999952316284,
        0.2849999964237213,
        0.28349998593330383,
        0.2784999907016754,
        0.2824999988079071,
        0.28949999809265137,
        0.28999999165534973,
        0.28999999165534973,
        0.2919999957084656,
        0.28999999165534973
    ],
    "val_macro_precision": [
        0.027549999999999984,
        0.08120628891789845,
        0.17285463137588097,
        0.13235798355669795,
        0.13827625406752206,
        0.11601903849311705,
        0.1445396928365904,
        0.10029138481382235,
        0.1572568105030717,
        0.1562750262605032
    ],
    "val_macro_recall": [
        0.09999999999999981,
        0.12851040400911806,
        0.14418702554936008,
        0.1377602788643858,
        0.140864228248143,
        0.14630800131125293,
        0.1583600334168809,
        0.12695944869625556,
        0.1700560323580329,
        0.1627938201770391
    ],
    "val_macro_f1": [
        0.04319874558993082,
        0.08514622361383048,
        0.08782587524949179,
        0.09535349512299006,
        0.10519766083760076,
        0.11902565804988627,
        0.13241002058513038,
        0.08081491707227048,
        0.14304728128011188,
        0.12829681325486217
    ],
    "val_micro_f1": [
        0.27549999999949987,
        0.2849999999994999,
        0.2834999999994999,
        0.27849999999949987,
        0.2824999999994999,
        0.2894999999994999,
        0.2899999999994999,
        0.2899999999994999,
        0.2919999999994999,
        0.2899999999994999
    ],
    "val_weighted_f1": [
        0.11901254410025941,
        0.1672820695170893,
        0.17215809534001297,
        0.18066423305720028,
        0.19151048467808793,
        0.2040878267112765,
        0.21958822157393576,
        0.16600921171547348,
        0.22807261762986736,
        0.21382307596641392
    ],
    "val_confidence": [
        0.26311960983276367,
        0.31971416091918947,
        0.3527767276763916,
        0.29822507095336914,
        0.28244694900512696,
        0.29790549659729004,
        0.293089427947998,
        0.3521082878112793,
        0.3160724153518677,
        0.34344751930236816
    ],
    "grad_norm": [
        1.3503522315702727,
        1.0091624230834277,
        1.136361621135278,
        1.077031655789369,
        0.9984181953801552,
        1.0483971385386879,
        0.981613266071286,
        1.0941148551566489,
        0.9991408765326467,
        0.9800810936970362
    ],
    "fractional_applied_params": [
        2.0,
        2.0,
        2.0,
        2.0,
        2.0,
        2.0,
        2.0,
        2.0,
        2.0,
        2.0
    ],
    "epoch_time": [
        6.314406633377075,
        1.777268409729004,
        2.1051108837127686,
        2.169623374938965,
        2.4488396644592285,
        2.770484685897827,
        2.7782464027404785,
        2.7391438484191895,
        2.7430758476257324,
        2.5212628841400146
    ],
    "throughput_samples_per_sec": [
        1266.9440637087123,
        4501.289707399814,
        3800.2748747802107,
        3687.2759080709357,
        3266.853324905868,
        2887.5813826805006,
        2879.5142115935982,
        2920.620618233302,
        2916.434121544395,
        3173.01303657145
    ],
    "lr": [
        0.0003,
        0.0003,
        0.0003,
        0.0003,
        0.0003,
        0.0003,
        0.0003,
        0.0003,
        0.0003,
        0.0003
    ]
}