{
    "train_loss": [
        2.315059467315674,
        2.188672121047974,
        2.136949514389038,
        2.06378639793396,
        2.014388999938965,
        1.971874994277954,
        1.946727674484253,
        1.9278606462478638,
        1.9105618381500244,
        1.8933820858001709
    ],
    "train_accuracy": [
        0.1822499930858612,
        0.22750000655651093,
        0.2462500035762787,
        0.27924999594688416,
        0.2919999957084656,
        0.31174999475479126,
        0.32624998688697815,
        0.32475000619888306,
        0.33000001311302185,
        0.3310000002384186
    ],
    "train_macro_precision": [
        0.09313248123990409,
        0.14736276496468276,
        0.22296673715661863,
        0.2325402453010355,
        0.23251621778893247,
        0.24897238626414375,
        0.2740192159051973,
        0.27238359396874967,
        0.2752962244083924,
        0.28023836182688827
    ],
    "train_macro_recall": [
        0.10448547819254514,
        0.1202068069404858,
        0.14125308634319073,
        0.18941172694086492,
        0.21752507544951918,
        0.24355288834185088,
        0.25939603462317484,
        0.2622917659006604,
        0.27021871665173136,
        0.26991887126963315
    ],
    "train_macro_f1": [
        0.08126160791977237,
        0.08264491119016078,
        0.11241582555411911,
        0.1759162498865907,
        0.2096535163397543,
        0.23308941739872888,
        0.2515338213835281,
        0.2555417108329129,
        0.2638870679459423,
        0.2642156985945126
    ],
    "train_micro_f1": [
        0.18224999999949998,
        0.22749999999949996,
        0.24624999999949995,
        0.27924999999949995,
        0.29199999999949994,
        0.3117499999994999,
        0.32624999999949994,
        0.32474999999949994,
        0.3299999999994999,
        0.3309999999994999
    ],
    "train_weighted_f1": [
        0.1194372406389273,
        0.12695083894749035,
        0.15587747892635825,
        0.21848629092575825,
        0.2534172145431814,
        0.2755894379548598,
        0.2921065803812048,
        0.2956903946265082,
        0.3018197493201006,
        0.3033127765893146
    ],
    "train_confidence": [
        0.24468839168548584,
        0.21025141525268554,
        0.2370261297225952,
        0.26328621196746826,
        0.2930814447402954,
        0.3082737407684326,
        0.3224071655273438,
        0.32457069206237793,
        0.33032699489593503,
        0.33561655712127686
    ],
    "val_loss": [
        2.1882983264923097,
        2.137822292327881,
        2.0716635570526125,
        2.0011364421844484,
        1.9600301580429078,
        1.9329312524795532,
        1.9212602691650391,
        1.902217893600464,
        1.899488525390625,
        1.8819798679351807
    ],
    "val_accuracy": [
        0.23100000619888306,
        0.2409999966621399,
        0.27900001406669617,
        0.3179999887943268,
        0.3240000009536743,
        0.3370000123977661,
        0.3330000042915344,
        0.3529999852180481,
        0.3449999988079071,
        0.34299999475479126
    ],
    "val_macro_precision": [
        0.03038297872340409,
        0.21271911015800632,
        0.25214898963878474,
        0.2952615850754952,
        0.2722652463381844,
        0.2792467693052517,
        0.24925875293499594,
        0.27640357504709306,
        0.27299107214471635,
        0.2592622759854315
    ],
    "val_macro_recall": [
        0.10090744101633349,
        0.11431882837349834,
        0.1666873134541279,
        0.22350820754139006,
        0.22705694304456658,
        0.2414869636191815,
        0.24190505206255392,
        0.27180226900162247,
        0.25871229351818126,
        0.25968441677173576
    ],
    "val_macro_f1": [
        0.042305388277506836,
        0.06447920776315288,
        0.14328213876228765,
        0.21453009158326988,
        0.22072592937731605,
        0.23265236056887667,
        0.2309961321027886,
        0.25914791173136764,
        0.25629030530578556,
        0.24963124640330134
    ],
    "val_micro_f1": [
        0.23099999999949977,
        0.24099999999949975,
        0.2789999999994997,
        0.3179999999994997,
        0.3239999999994997,
        0.33699999999949964,
        0.3329999999994997,
        0.35299999999949966,
        0.34499999999949965,
        0.34299999999949965
    ],
    "val_weighted_f1": [
        0.09375098527591438,
        0.1179709766192743,
        0.1984050790714807,
        0.2708364987894729,
        0.27646959179607605,
        0.29095354159078496,
        0.2910626565858681,
        0.3201689004183766,
        0.3187247552796583,
        0.30817617723206203
    ],
    "val_confidence": [
        0.2396624126434326,
        0.22352411460876465,
        0.23035283374786378,
        0.2727518119812012,
        0.31992488574981687,
        0.3232329597473145,
        0.3265142593383789,
        0.3135079002380371,
        0.32178880310058594,
        0.3360112953186035
    ],
    "grad_norm": [
        1.4514850385915534,
        0.9113300176412935,
        0.8568420918347983,
        0.8961561078121127,
        1.048886918011406,
        1.0020212776182462,
        1.0215247445810174,
        1.005755088579671,
        1.0042968567747823,
        0.9768079603932178
    ],
    "fractional_applied_params": [
        30.0,
        30.0,
        30.0,
        30.0,
        30.0,
        30.0,
        30.0,
        30.0,
        30.0,
        30.0
    ],
    "epoch_time": [
        3.9427037239074707,
        0.3068556785583496,
        0.6309096813201904,
        0.4856278896331787,
        0.6290817260742188,
        0.6300885677337646,
        0.751051664352417,
        0.7749989032745361,
        0.767397403717041,
        0.7674129009246826
    ],
    "throughput_samples_per_sec": [
        1014.5322296841887,
        13035.44395460613,
        6340.0517038031885,
        8236.759225301947,
        6358.474319325693,
        6348.313879724517,
        5325.865303086625,
        5161.29762648585,
        5212.423159923671,
        5212.317899764599
    ],
    "lr": [
        0.0003,
        0.0003,
        0.0003,
        0.0003,
        0.0003,
        0.0003,
        0.0003,
        0.0003,
        0.0003,
        0.0003
    ]
}