{
    "train_loss": [
        0.6185548611111111,
        0.47068175455729167,
        0.4229934353298611,
        0.3900499755859375,
        0.3627350009494358
    ],
    "train_accuracy": [
        0.6674222350120544,
        0.7839555740356445,
        0.8089333176612854,
        0.8312444686889648,
        0.8468444347381592
    ],
    "train_macro_precision": [
        0.6682274442397683,
        0.7840089408414062,
        0.8089612166424512,
        0.8312465563917681,
        0.8468455148113168
    ],
    "train_macro_recall": [
        0.667368607364168,
        0.7839656064478835,
        0.8089403518716971,
        0.8312422457600712,
        0.8468459752176736
    ],
    "train_macro_f1": [
        0.6669788248371743,
        0.7839490989939071,
        0.808931095609309,
        0.8312432040606601,
        0.8468444335528817
    ],
    "train_micro_f1": [
        0.6674222222217222,
        0.7839555555550554,
        0.8089333333328332,
        0.8312444444439444,
        0.8468444444439444
    ],
    "train_weighted_f1": [
        0.6669971872136355,
        0.7839473142534271,
        0.808930107523597,
        0.8312438954218349,
        0.8468444952689027
    ],
    "train_confidence": [
        0.5971504552735223,
        0.7641680177794562,
        0.8093803480360243,
        0.8327353191375733,
        0.8481719154781765
    ],
    "val_loss": [
        0.497145068359375,
        0.439969775390625,
        0.4340344482421875,
        0.41308585205078124,
        0.4069104797363281
    ],
    "val_accuracy": [
        0.7692000269889832,
        0.8019999861717224,
        0.798799991607666,
        0.8148000240325928,
        0.8223999738693237
    ],
    "val_macro_precision": [
        0.7693537731984099,
        0.8020395989923602,
        0.8033670361008485,
        0.8172833209693366,
        0.8226052921176467
    ],
    "val_macro_recall": [
        0.7693477385577231,
        0.8020885142916028,
        0.799617017163494,
        0.8153914548034799,
        0.822573903269148
    ],
    "val_macro_f1": [
        0.7691999630714936,
        0.8019961666452857,
        0.7983117854398095,
        0.8146053801433603,
        0.8223995453423354
    ],
    "val_micro_f1": [
        0.7691999999994997,
        0.8019999999994997,
        0.7987999999994997,
        0.8147999999994997,
        0.8223999999994996
    ],
    "val_weighted_f1": [
        0.7691987075192929,
        0.8020080151946737,
        0.7981768318216833,
        0.8145236878580668,
        0.822395680756442
    ],
    "val_confidence": [
        0.7271948427200318,
        0.8111576599121094,
        0.8364187311172485,
        0.8410847334861755,
        0.8659241428375244
    ],
    "test_loss": [
        0.5042957080078125,
        0.4448453369140625,
        0.4374052307128906,
        0.4174781494140625,
        0.4160761822509766
    ],
    "test_accuracy": [
        0.7636399865150452,
        0.7965999841690063,
        0.8032400012016296,
        0.8118399977684021,
        0.8179600238800049
    ],
    "test_macro_precision": [
        0.7636400826775298,
        0.7966008371262026,
        0.80726693923037,
        0.8141245266599499,
        0.8183598579440745
    ],
    "test_macro_recall": [
        0.7636399999999999,
        0.7966,
        0.80324,
        0.8118399999999999,
        0.8179599999999998
    ],
    "test_macro_f1": [
        0.7636399814688744,
        0.7965998564803586,
        0.8025932129279808,
        0.8114972700664194,
        0.8179028217768936
    ],
    "test_micro_f1": [
        0.7636399999994999,
        0.7965999999994999,
        0.8032399999994999,
        0.8118399999995,
        0.8179599999995
    ],
    "test_weighted_f1": [
        0.7636399814688744,
        0.7965998564803586,
        0.8025932129279809,
        0.8114972700664195,
        0.8179028217768936
    ],
    "test_confidence": [
        0.7259915199279785,
        0.8091732363128662,
        0.8342482856750488,
        0.8380496109008789,
        0.8624118164634704
    ],
    "grad_norm": [
        0.9876514926195146,
        0.992713362265672,
        0.9926077246517285,
        0.9910859185622963,
        0.9910565625223223
    ],
    "nonfinite_grad_tensors": [
        0.0,
        0.0,
        0.0,
        0.0014204545454545455,
        0.0014204545454545455
    ],
    "nonfinite_train_loss_batches": [
        0,
        0,
        0,
        0,
        0
    ],
    "nonfinite_val_loss_batches": [
        0,
        0,
        0,
        0,
        0
    ],
    "nonfinite_test_loss_batches": [
        0,
        0,
        0,
        0,
        0
    ],
    "fractional_applied_params": [
        5.0,
        5.0,
        5.0,
        5.0,
        5.0
    ],
    "epoch_time": [
        71.24549412727356,
        65.41291737556458,
        65.14745950698853,
        65.06460857391357,
        46.01060962677002
    ],
    "throughput_samples_per_sec": [
        315.8094455742816,
        343.968758812843,
        345.37033631505415,
        345.81011848307577,
        489.0176457672708
    ],
    "lr": [
        2e-05,
        2e-05,
        2e-05,
        2e-05,
        2e-05
    ]
}