{
    "train_loss": [
        2.1905659236907957,
        2.104195923805237,
        2.0447277383804323,
        2.033253809928894,
        2.0191646881103518,
        2.0039380865097045,
        2.0002729196548463,
        1.9916580429077149,
        1.9769827976226806,
        1.9693717298507691
    ],
    "train_accuracy": [
        0.27399998903274536,
        0.2847500145435333,
        0.2901250123977661,
        0.29124999046325684,
        0.2956250011920929,
        0.29774999618530273,
        0.2983750104904175,
        0.29774999618530273,
        0.30399999022483826,
        0.30287501215934753
    ],
    "train_macro_precision": [
        0.08437178184676095,
        0.10367030183667543,
        0.12393346702215549,
        0.14316534660534488,
        0.16323482263280092,
        0.15013580495456688,
        0.15398543052332003,
        0.16707752519802668,
        0.1747584256712969,
        0.1728117394466798
    ],
    "train_macro_recall": [
        0.10027784910436581,
        0.11345636528020049,
        0.13381250186565294,
        0.13405495959051544,
        0.14112870961983556,
        0.1459459901358719,
        0.15063092130000952,
        0.1507546692368615,
        0.161438907825653,
        0.16027037116148454
    ],
    "train_macro_f1": [
        0.05301763228526272,
        0.07684302869891427,
        0.10576108633667143,
        0.10407417704408646,
        0.11416742896876297,
        0.12381539685286644,
        0.12974684113841276,
        0.12861133943076636,
        0.1426941713012982,
        0.14234476957713288
    ],
    "train_micro_f1": [
        0.2739999999995,
        0.28474999999949996,
        0.2901249999995,
        0.29124999999949996,
        0.2956249999995,
        0.29774999999949997,
        0.29837499999949996,
        0.29774999999949997,
        0.3039999999995,
        0.30287499999949996
    ],
    "train_weighted_f1": [
        0.13228341745618488,
        0.1628043736625909,
        0.19526980404451563,
        0.1970001055983966,
        0.2052875656946162,
        0.21688261237612058,
        0.2201053621497085,
        0.21870030739380691,
        0.23160049350005257,
        0.22973468454858068
    ],
    "train_confidence": [
        0.2869503259658813,
        0.29444628047943117,
        0.30054965257644656,
        0.30642180347442627,
        0.31130351305007936,
        0.30824326133728025,
        0.3143999719619751,
        0.31215132331848144,
        0.31277746868133544,
        0.3161453809738159
    ],
    "val_loss": [
        2.165878885269165,
        2.0699104290008545,
        2.0618741302490236,
        2.046171597480774,
        2.035836497306824,
        2.046254955291748,
        2.0418320369720457,
        2.0327400007247927,
        2.0312769651412963,
        2.0445971450805662
    ],
    "val_accuracy": [
        0.26899999380111694,
        0.26750001311302185,
        0.2680000066757202,
        0.26750001311302185,
        0.2680000066757202,
        0.2745000123977661,
        0.2694999873638153,
        0.2709999978542328,
        0.2680000066757202,
        0.27300000190734863
    ],
    "val_macro_precision": [
        0.026899999999999986,
        0.0685295326587031,
        0.057783450220020724,
        0.2160802579551849,
        0.09748292940444067,
        0.253185268650835,
        0.16875674247503672,
        0.1196949531084441,
        0.1304976665961173,
        0.11956259631185091
    ],
    "val_macro_recall": [
        0.09999999999999981,
        0.13098098496053412,
        0.12620891350148217,
        0.12678497508385866,
        0.13083273768734238,
        0.15821577326388264,
        0.128661774608686,
        0.1419016233992288,
        0.13707068201145928,
        0.14149228299023492
    ],
    "val_macro_f1": [
        0.042395587076404694,
        0.08880430964655071,
        0.0686060089901829,
        0.08820133216706612,
        0.0969462580985249,
        0.09775820653956041,
        0.08424133727644405,
        0.10556042438280552,
        0.10056396741735159,
        0.10630668079129743
    ],
    "val_micro_f1": [
        0.26899999999949986,
        0.2674999999994999,
        0.2679999999994999,
        0.2674999999994999,
        0.2679999999994999,
        0.27449999999949987,
        0.26949999999949986,
        0.27099999999949986,
        0.2679999999994999,
        0.27299999999949986
    ],
    "val_weighted_f1": [
        0.11404412923552863,
        0.17329886637337,
        0.1527983071162486,
        0.16510747658221978,
        0.175278356217123,
        0.18084752517623576,
        0.16299360771408636,
        0.18976163132595125,
        0.18012481610908632,
        0.1867898645955036
    ],
    "val_confidence": [
        0.280119083404541,
        0.2629271764755249,
        0.30936828994750976,
        0.284586124420166,
        0.30501016998291014,
        0.2754487428665161,
        0.32781362915039064,
        0.2941980113983154,
        0.3080550947189331,
        0.33344990921020506
    ],
    "grad_norm": [
        1.2314995654694707,
        0.969438593980309,
        0.9659049459451591,
        0.9950633016617978,
        1.0076642160344549,
        0.9491559309119078,
        1.0537094167415046,
        1.1136952463696328,
        1.0099921932943703,
        1.0551683235179712
    ],
    "fractional_applied_params": [
        2.0,
        2.0,
        2.0,
        2.0,
        2.0,
        2.0,
        2.0,
        2.0,
        2.0,
        2.0
    ],
    "epoch_time": [
        5.605109453201294,
        2.3090052604675293,
        2.346369743347168,
        2.065889835357666,
        2.7046444416046143,
        2.117351531982422,
        2.7121517658233643,
        2.7205922603607178,
        2.7065412998199463,
        2.6297194957733154
    ],
    "throughput_samples_per_sec": [
        1427.2691848026075,
        3464.6954413521576,
        3409.5223153482007,
        3872.42333210617,
        2957.874934294044,
        3778.3050566524516,
        2949.687440360231,
        2940.536190064474,
        2955.8019308747303,
        3042.1495573418406
    ],
    "lr": [
        0.0003,
        0.0003,
        0.0003,
        0.0003,
        0.0003,
        0.0003,
        0.0003,
        0.0003,
        0.0003,
        0.0003
    ]
}