{
    "train_loss": [
        2.2973125133514403,
        2.187319114685059,
        2.116187385559082,
        2.033387176513672,
        1.9792216758728027,
        1.9500369110107423,
        1.9223978004455566,
        1.8997751045227051,
        1.885761206626892,
        1.8628455190658568
    ],
    "train_accuracy": [
        0.18925000727176666,
        0.23100000619888306,
        0.2590000033378601,
        0.29350000619888306,
        0.31325000524520874,
        0.32475000619888306,
        0.335750013589859,
        0.34299999475479126,
        0.3477500081062317,
        0.35100001096725464
    ],
    "train_macro_precision": [
        0.11678535588916247,
        0.1538847413461571,
        0.23018566427274859,
        0.23616563260397,
        0.24945024935488247,
        0.26098643793644777,
        0.27979163683625974,
        0.2831184561317691,
        0.28656471256556804,
        0.2977468752490243
    ],
    "train_macro_recall": [
        0.10205347632295762,
        0.11767100261761099,
        0.15647327592203894,
        0.20762932140231788,
        0.23914262412562537,
        0.25395143962869876,
        0.2666277118575893,
        0.27464019395016037,
        0.2788274862945538,
        0.288439865926731
    ],
    "train_macro_f1": [
        0.06396143264685898,
        0.07556743416122995,
        0.13083623653342774,
        0.18712036383671826,
        0.2299217117144296,
        0.24366686768511867,
        0.25728814584597204,
        0.26372067432801827,
        0.26729358127699715,
        0.2814440100789251
    ],
    "train_micro_f1": [
        0.18924999999949996,
        0.23099999999949997,
        0.25899999999949996,
        0.29349999999949994,
        0.31324999999949993,
        0.32474999999949994,
        0.33574999999949995,
        0.3429999999994999,
        0.34774999999949996,
        0.35099999999949993
    ],
    "train_weighted_f1": [
        0.10540716693779684,
        0.121801932840185,
        0.17450690709663166,
        0.2310939465508035,
        0.27333550669501305,
        0.2886234779882655,
        0.30017100163327554,
        0.3098685167506566,
        0.3131893584383186,
        0.32291360864421853
    ],
    "train_confidence": [
        0.2530221424102783,
        0.2203886308670044,
        0.23905563545227052,
        0.28232659816741945,
        0.3081932258605957,
        0.31805655097961427,
        0.33334735012054445,
        0.3353788433074951,
        0.34056519985198974,
        0.3430752239227295
    ],
    "val_loss": [
        2.2097451362609863,
        2.1572881202697753,
        2.09048042678833,
        2.030768436431885,
        2.012299297332764,
        1.9989638652801514,
        1.9892981071472169,
        1.9663592929840088,
        1.9877789573669433,
        1.965604995727539
    ],
    "val_accuracy": [
        0.2280000001192093,
        0.23800000548362732,
        0.2590000033378601,
        0.2919999957084656,
        0.29100000858306885,
        0.2939999997615814,
        0.3059999942779541,
        0.30399999022483826,
        0.2879999876022339,
        0.3089999854564667
    ],
    "val_macro_precision": [
        0.06362221665204265,
        0.17460710202746307,
        0.21824326989586568,
        0.23873451614614924,
        0.21062746715902278,
        0.2447447503730961,
        0.26031495407947763,
        0.24716503302934897,
        0.25847124633676977,
        0.2704092806821014
    ],
    "val_macro_recall": [
        0.11150342712842651,
        0.11536361701499254,
        0.1575558941789923,
        0.21787095863928077,
        0.21928898585317377,
        0.22457085274272398,
        0.2515708980250714,
        0.23445367944422632,
        0.22601919316568395,
        0.23898040979073606
    ],
    "val_macro_f1": [
        0.056970551394903556,
        0.06594635534687833,
        0.11520056220433805,
        0.19862843522633317,
        0.1910638251236596,
        0.2027134094208325,
        0.23911352850506798,
        0.2176605887082382,
        0.19142458034889606,
        0.21783494206202297
    ],
    "val_micro_f1": [
        0.22799999999949977,
        0.23799999999949978,
        0.25899999999949974,
        0.2919999999994997,
        0.2909999999994997,
        0.2939999999994997,
        0.30599999999949967,
        0.3039999999994997,
        0.2879999999994997,
        0.3089999999994997
    ],
    "val_weighted_f1": [
        0.10226912494503226,
        0.11185955149296892,
        0.16213751585956593,
        0.2452556728233539,
        0.24053187190697134,
        0.25064492156664886,
        0.28435397533527135,
        0.2653416729717615,
        0.2435832072236411,
        0.2655301533460343
    ],
    "val_confidence": [
        0.20404096412658693,
        0.24215267753601075,
        0.2595049867630005,
        0.2916654233932495,
        0.329395170211792,
        0.33035759735107423,
        0.2948029537200928,
        0.34268974590301515,
        0.34325460052490236,
        0.3609443244934082
    ],
    "grad_norm": [
        1.4678396464035,
        0.9677971779180472,
        0.8953457857039782,
        0.7436297778465457,
        0.7354853600867741,
        0.8380102145949169,
        0.8101660074314464,
        0.7770954831137354,
        0.8291524363983891,
        0.8380264710610328
    ],
    "fractional_applied_params": [
        0.0,
        0.0,
        0.0,
        30.0,
        30.0,
        30.0,
        30.0,
        30.0,
        30.0,
        30.0
    ],
    "epoch_time": [
        4.135468244552612,
        0.5334477424621582,
        0.739081621170044,
        0.6065926551818848,
        0.639005184173584,
        0.654374361038208,
        0.7617785930633545,
        0.8275420665740967,
        0.7678587436676025,
        0.689826250076294
    ],
    "throughput_samples_per_sec": [
        967.2423443872273,
        7498.391466683829,
        5412.1221329622285,
        6594.2110670638,
        6259.730122805093,
        6112.708929570126,
        5250.869526163403,
        4833.591138828043,
        5209.2914653734215,
        5798.5615936731965
    ],
    "lr": [
        0.0003,
        0.0003,
        0.0003,
        0.0003,
        0.0003,
        0.0003,
        0.0003,
        0.0003,
        0.0003,
        0.0003
    ]
}