{
    "prefix": "after",
    "retain_em_acc": 0.5,
    "forget_em_acc": 0.16666666666666666,
    "retain_answer_nll": 0.1214732751250267,
    "forget_answer_nll": 0.19653958082199097,
    "general_ppl": 1.1761581044086717,
    "forget_minus_retain_nll": 0.07506630569696426,
    "retain_eval_n": 30,
    "forget_eval_n": 30
}