{
    "prefix": "epoch_1",
    "retain_em_acc": 0.4666666666666667,
    "forget_em_acc": 0.5333333333333333,
    "retain_answer_nll": 0.156618382781744,
    "forget_answer_nll": 0.13080603070557117,
    "general_ppl": 1.192189987683524,
    "forget_minus_retain_nll": -0.02581235207617283,
    "retain_eval_n": 30,
    "forget_eval_n": 30
}