{
    "train_loss": [
        2.1917744121551515,
        2.047038833618164,
        2.006412088394165,
        1.99971515083313,
        1.982009464263916,
        1.9770679416656494,
        1.958552049636841,
        1.9379513473510743,
        1.927566735267639,
        1.9181942644119263
    ],
    "train_accuracy": [
        0.2696250081062317,
        0.2913750112056732,
        0.2957499921321869,
        0.2918750047683716,
        0.30000001192092896,
        0.2971250116825104,
        0.30512499809265137,
        0.3108749985694885,
        0.3163749873638153,
        0.31937500834465027
    ],
    "train_macro_precision": [
        0.092338750019587,
        0.14536460272912005,
        0.15771186621389957,
        0.1569443624756448,
        0.17453298388773592,
        0.1702959395892562,
        0.17723775797546576,
        0.18855782576837501,
        0.19155972489378364,
        0.20174113491170184
    ],
    "train_macro_recall": [
        0.10047747615331745,
        0.13800763574929173,
        0.15080508858256186,
        0.15119496854472847,
        0.16031280421827165,
        0.1605755603481639,
        0.17103281892941793,
        0.18078851089282483,
        0.18630974891721971,
        0.19359892225367437
    ],
    "train_macro_f1": [
        0.05598303973471458,
        0.11459813482004759,
        0.13140429054282107,
        0.13460260736384508,
        0.14355100136281995,
        0.14450180502287432,
        0.15676058659236758,
        0.1650046062210197,
        0.17559132576168845,
        0.18203509983259591
    ],
    "train_micro_f1": [
        0.26962499999949996,
        0.29137499999949995,
        0.29574999999949997,
        0.29187499999949995,
        0.2999999999995,
        0.2971249999995,
        0.3051249999995,
        0.31087499999949997,
        0.3163749999995,
        0.3193749999995
    ],
    "train_weighted_f1": [
        0.13399001043622427,
        0.20084925510554474,
        0.21985724833423514,
        0.22187696655867883,
        0.2309488531136424,
        0.23200789097589922,
        0.24465342012103805,
        0.2528921132932546,
        0.2633008474403354,
        0.2668180887909258
    ],
    "train_confidence": [
        0.2858175420761108,
        0.3010841794013977,
        0.31471005821228026,
        0.3109935312271118,
        0.3148401975631714,
        0.31497319078445435,
        0.3185262303352356,
        0.32224077558517455,
        0.32557277631759646,
        0.3260061821937561
    ],
    "val_loss": [
        2.1180133895874023,
        2.04145520401001,
        2.030206943511963,
        2.03029190826416,
        2.036655025482178,
        2.0135259704589843,
        2.025655170440674,
        2.025146415710449,
        2.0427000751495363,
        2.060448143005371
    ],
    "val_accuracy": [
        0.28299999237060547,
        0.28349998593330383,
        0.27799999713897705,
        0.27000001072883606,
        0.2865000069141388,
        0.28450000286102295,
        0.2865000069141388,
        0.27649998664855957,
        0.28049999475479126,
        0.2800000011920929
    ],
    "val_macro_precision": [
        0.13496378642409804,
        0.1397712716416007,
        0.12071985766367846,
        0.10659584985060622,
        0.1521566067987295,
        0.15123529108264727,
        0.13744077074561128,
        0.25397627109508564,
        0.1901758600224442,
        0.12724595689331564
    ],
    "val_macro_recall": [
        0.1026981151162244,
        0.13930752382375308,
        0.1502717757118231,
        0.1348325935862289,
        0.13634291780010535,
        0.15360778028824437,
        0.1525863286570891,
        0.15370047036660783,
        0.16519564880914286,
        0.12978704931466284
    ],
    "val_macro_f1": [
        0.050261309448915194,
        0.1067156501165409,
        0.11934227023716448,
        0.11147169717004979,
        0.10349092841933745,
        0.1307759634790021,
        0.11139426392136564,
        0.12982137184823878,
        0.13741728488670363,
        0.10538818100610699
    ],
    "val_micro_f1": [
        0.2829999999994999,
        0.2834999999994999,
        0.27799999999949987,
        0.26999999999949986,
        0.2864999999994999,
        0.2844999999994999,
        0.2864999999994999,
        0.27649999999949987,
        0.28049999999949987,
        0.27999999999949987
    ],
    "val_weighted_f1": [
        0.1298017919450472,
        0.19537066844728868,
        0.2143920578074663,
        0.20309473714623189,
        0.18900523097050442,
        0.2193441950919636,
        0.19801201893121567,
        0.21980637778608844,
        0.23419952652313847,
        0.190098394025522
    ],
    "val_confidence": [
        0.30530002593994143,
        0.29244594764709475,
        0.26789893436431883,
        0.27476342487335204,
        0.35632679748535157,
        0.2711139049530029,
        0.32147591304779055,
        0.2990510683059692,
        0.2773877248764038,
        0.3774901485443115
    ],
    "grad_norm": [
        1.7755024084723274,
        1.2885988901762095,
        1.2667338749751602,
        1.3707208735395502,
        1.2911778078796976,
        1.37944881755315,
        1.2429848205578775,
        1.1564408285126955,
        1.2417392849584385,
        1.3870349201509793
    ],
    "fractional_applied_params": [
        0.0,
        0.0,
        0.0,
        0.0,
        0.0,
        0.0,
        0.0,
        0.0,
        0.0,
        0.0
    ],
    "epoch_time": [
        6.390469312667847,
        2.9562318325042725,
        2.58858323097229,
        3.1890146732330322,
        3.181800127029419,
        3.0337934494018555,
        2.7409114837646484,
        3.102954149246216,
        3.026224136352539,
        3.3162291049957275
    ],
    "throughput_samples_per_sec": [
        1251.8642385374694,
        2706.1477087279277,
        3090.493635391103,
        2508.611850283391,
        2514.299981334444,
        2636.9626454224444,
        2918.7370870554278,
        2578.188273243869,
        2643.5583220356825,
        2412.37856212902
    ],
    "lr": [
        0.0003,
        0.0003,
        0.0003,
        0.0003,
        0.0003,
        0.0003,
        0.0003,
        0.0003,
        0.0003,
        0.0003
    ]
}