{
    "train_loss": [
        0.3404346776538425,
        0.225251251657489,
        NaN,
        NaN,
        NaN
    ],
    "train_accuracy": [
        0.8896203637123108,
        0.9252674579620361,
        0.0,
        0.0,
        0.0
    ],
    "train_macro_precision": [
        0.8900539982963458,
        0.9252424056798039,
        0.0,
        0.0,
        0.0
    ],
    "train_macro_recall": [
        0.8896238878928109,
        0.9253753407072554,
        0.0,
        0.0,
        0.0
    ],
    "train_macro_f1": [
        0.8896103085058762,
        0.9251929083184196,
        0.0,
        0.0,
        0.0
    ],
    "train_micro_f1": [
        0.8896203703698703,
        0.9252674326460927,
        0.0,
        0.0,
        0.0
    ],
    "train_weighted_f1": [
        0.8895925936663411,
        0.9252076303894439,
        0.0,
        0.0,
        0.0
    ],
    "train_confidence": [
        0.8700484802193111,
        0.9325307125901647,
        NaN,
        NaN,
        NaN
    ],
    "val_loss": [
        0.2317839879989624,
        0.0,
        0.0,
        0.0,
        0.0
    ],
    "val_accuracy": [
        0.9203333258628845,
        0.2513333261013031,
        0.2513333261013031,
        0.2513333261013031,
        0.2513333261013031
    ],
    "val_macro_precision": [
        0.9209301570969491,
        0.06283333333333332,
        0.06283333333333332,
        0.06283333333333332,
        0.06283333333333332
    ],
    "val_macro_recall": [
        0.920466809234198,
        0.24999999999999992,
        0.24999999999999992,
        0.24999999999999992,
        0.24999999999999992
    ],
    "val_macro_f1": [
        0.9200295894053732,
        0.10042621204040986,
        0.10042621204040986,
        0.10042621204040986,
        0.10042621204040986
    ],
    "val_micro_f1": [
        0.9203333333328332,
        0.2513333333328333,
        0.2513333333328333,
        0.2513333333328333,
        0.2513333333328333
    ],
    "val_weighted_f1": [
        0.9201592300409259,
        0.10096181850462538,
        0.10096181850462538,
        0.10096181850462538,
        0.10096181850462538
    ],
    "val_confidence": [
        0.9314607464472453,
        NaN,
        NaN,
        NaN,
        NaN
    ],
    "test_loss": [
        0.2354876056470369,
        0.0,
        0.0,
        0.0,
        0.0
    ],
    "test_accuracy": [
        0.9217105507850647,
        0.25,
        0.25,
        0.25,
        0.25
    ],
    "test_macro_precision": [
        0.9223519208379665,
        0.06249999999999999,
        0.06249999999999999,
        0.06249999999999999,
        0.06249999999999999
    ],
    "test_macro_recall": [
        0.921710526315789,
        0.2499999999999999,
        0.2499999999999999,
        0.2499999999999999,
        0.2499999999999999
    ],
    "test_macro_f1": [
        0.9214551601949235,
        0.09999999999991997,
        0.09999999999991997,
        0.09999999999991997,
        0.09999999999991997
    ],
    "test_micro_f1": [
        0.9217105263152893,
        0.24999999999949996,
        0.24999999999949996,
        0.24999999999949996,
        0.24999999999949996
    ],
    "test_weighted_f1": [
        0.9214551601949236,
        0.09999999999991997,
        0.09999999999991997,
        0.09999999999991997,
        0.09999999999991997
    ],
    "test_confidence": [
        0.9316941298936543,
        NaN,
        NaN,
        NaN,
        NaN
    ],
    "grad_norm": [
        0.9283148010063224,
        0.9223422430512013,
        0.0,
        0.0,
        0.0
    ],
    "nonfinite_grad_tensors": [
        0.0,
        0.003169572107765452,
        0.0,
        0.0,
        0.0
    ],
    "nonfinite_train_loss_batches": [
        0,
        2744,
        3375,
        3375,
        3375
    ],
    "nonfinite_val_loss_batches": [
        0,
        375,
        375,
        375,
        375
    ],
    "nonfinite_test_loss_batches": [
        0,
        238,
        238,
        238,
        238
    ],
    "fractional_applied_params": [
        32.0,
        32.0,
        0.0,
        0.0,
        0.0
    ],
    "epoch_time": [
        531.2823340892792,
        109.8576819896698,
        27.90932536125183,
        29.46958875656128,
        29.00839877128601
    ],
    "throughput_samples_per_sec": [
        203.2817450727642,
        183.80143868226443,
        0.0,
        0.0,
        0.0
    ],
    "lr": [
        2e-05,
        2e-05,
        2e-05,
        2e-05,
        2e-05
    ]
}