{
    "train_loss": [
        2.1085797476768495,
        2.0253900957107542,
        1.9608298134803772,
        1.958273811340332,
        1.9463288378715515,
        1.9428901982307434,
        1.9301967859268188,
        1.9257293486595153,
        1.925741662979126,
        1.9146553087234497
    ],
    "train_accuracy": [
        0.3423958420753479,
        0.343854159116745,
        0.3421874940395355,
        0.34041666984558105,
        0.34468749165534973,
        0.343645840883255,
        0.3461458384990692,
        0.3447916805744171,
        0.34718748927116394,
        0.3465625047683716
    ],
    "train_macro_precision": [
        0.12639307180320442,
        0.09074132847185132,
        0.13334020167502064,
        0.1273090515277369,
        0.13770745300759218,
        0.13721093668302278,
        0.14549063736059334,
        0.14588260533013933,
        0.1485371133373745,
        0.13887734559140255
    ],
    "train_macro_recall": [
        0.10031641439393132,
        0.10636777253351304,
        0.11660629771073298,
        0.11691314774925546,
        0.12070544475897885,
        0.12058022929754986,
        0.12391187266166033,
        0.12336638558165632,
        0.12445760337038998,
        0.12382156986974542
    ],
    "train_macro_f1": [
        0.05601676315856693,
        0.06929930597321013,
        0.09146018892812832,
        0.09310825469508247,
        0.09803196541210382,
        0.09872612072889182,
        0.10306769194399654,
        0.10259291432859349,
        0.10421913747403788,
        0.10312297033684166
    ],
    "train_micro_f1": [
        0.3423958333328333,
        0.34385416666616664,
        0.34218749999949993,
        0.3404166666661666,
        0.34468749999949994,
        0.3436458333328333,
        0.3461458333328333,
        0.3447916666661666,
        0.34718749999949994,
        0.34656249999949995
    ],
    "train_weighted_f1": [
        0.18244267575267326,
        0.19816902383447402,
        0.21763483998072006,
        0.22312350358931576,
        0.22612889077570159,
        0.2274675600420271,
        0.23097781448081633,
        0.22898331835472155,
        0.23082920736602924,
        0.23181662197734218
    ],
    "train_confidence": [
        0.349346919854482,
        0.35177064617474874,
        0.3529849274953206,
        0.3563619001706441,
        0.35630106369654335,
        0.35517471671104434,
        0.35384636799494423,
        0.35227662245432534,
        0.3567931552728017,
        0.3534578740596771
    ],
    "val_loss": [
        2.1019925975799563,
        1.978063597679138,
        1.9937375068664551,
        2.0226379871368407,
        1.9762997007369996,
        1.9634807348251342,
        1.9759732341766358,
        1.9661727952957153,
        1.9743311548233031,
        1.979426441192627
    ],
    "val_accuracy": [
        0.320416659116745,
        0.31958332657814026,
        0.31833332777023315,
        0.32083332538604736,
        0.3125,
        0.3179166615009308,
        0.3141666650772095,
        0.31708332896232605,
        0.3154166638851166,
        0.3229166567325592
    ],
    "val_macro_precision": [
        0.032041666666666656,
        0.08098172024066601,
        0.10270650758454425,
        0.054559064327482275,
        0.126440034210758,
        0.10255892848569385,
        0.04492728510116797,
        0.11738095886707563,
        0.11048255564060283,
        0.14319543068847432
    ],
    "val_macro_recall": [
        0.09999999999999987,
        0.10842745755035839,
        0.10335579243452826,
        0.10109049970883507,
        0.12795387516585477,
        0.12056282433152168,
        0.10855788382084226,
        0.11557371384398663,
        0.11525002496368057,
        0.11264691532669849
    ],
    "val_macro_f1": [
        0.04853266014511941,
        0.06759384972296058,
        0.05810772246328113,
        0.05115893804902123,
        0.08401198418305135,
        0.07805881495277031,
        0.06317973791173541,
        0.07962360509597075,
        0.07960043819952786,
        0.07460038192699583
    ],
    "val_micro_f1": [
        0.3204166666661666,
        0.31958333333283323,
        0.3183333333328332,
        0.3208333333328332,
        0.3124999999994999,
        0.3179166666661666,
        0.31416666666616655,
        0.31708333333283323,
        0.3154166666661666,
        0.32291666666616653
    ],
    "val_weighted_f1": [
        0.15550673188165345,
        0.17703889314315047,
        0.16410918686285741,
        0.15810577242193258,
        0.19628496292163974,
        0.1867265104026172,
        0.17730455195790615,
        0.1857866193740591,
        0.18672273091640088,
        0.1791163431114676
    ],
    "val_confidence": [
        0.33129080772399905,
        0.3399527390797933,
        0.39678033828735354,
        0.4456204636891683,
        0.3032554642359416,
        0.3311359071731567,
        0.3702763843536377,
        0.35084522247314454,
        0.34962923208872476,
        0.37860724131266277
    ],
    "grad_norm": [
        1.6338389670140623,
        1.3055540406216801,
        1.27752621806015,
        1.3530503308028232,
        1.301112944727185,
        1.3131298187214901,
        1.144405610786412,
        1.1938176675403285,
        1.1725773604563534,
        1.1642078597256653
    ],
    "fractional_applied_params": [
        2.0,
        2.0,
        2.0,
        2.0,
        2.0,
        2.0,
        2.0,
        2.0,
        2.0,
        2.0
    ],
    "epoch_time": [
        8.556774377822876,
        3.8630716800689697,
        4.629545450210571,
        4.296302795410156,
        2.5516347885131836,
        4.585625648498535,
        3.365137815475464,
        4.816708326339722,
        4.819363117218018,
        4.82783842086792
    ],
    "throughput_samples_per_sec": [
        1121.9180939117568,
        2485.0690836336244,
        2073.637704445336,
        2234.4793784683684,
        3762.293900058417,
        2093.498409130565,
        2852.780636754874,
        1993.0623466451752,
        1991.9644497635634,
        1988.4675424315815
    ],
    "lr": [
        0.0003,
        0.0003,
        0.0003,
        0.0003,
        0.0003,
        0.0003,
        0.0003,
        0.0003,
        0.0003,
        0.0003
    ]
}