{
    "prefix": "after",
    "retain_em_acc": 0.6333333333333333,
    "forget_em_acc": 0.16666666666666666,
    "retain_answer_nll": 0.11007903888821602,
    "forget_answer_nll": 0.17154273390769958,
    "general_ppl": 1.1754797062326543,
    "forget_minus_retain_nll": 0.061463695019483566,
    "retain_eval_n": 30,
    "forget_eval_n": 30
}