{
    "train_loss": [
        2.1283681416511535,
        2.094645285606384,
        2.078515119552612,
        1.981331970691681,
        1.9594486665725708,
        1.951807382106781,
        1.949366192817688,
        1.9386427092552185,
        1.9412279796600342,
        1.9352862215042115
    ],
    "train_accuracy": [
        0.3356249928474426,
        0.34156250953674316,
        0.3410416543483734,
        0.3336458206176758,
        0.33385416865348816,
        0.33531248569488525,
        0.33781251311302185,
        0.3397916555404663,
        0.34291666746139526,
        0.3411458432674408
    ],
    "train_macro_precision": [
        0.19208976444347242,
        0.050848105665621125,
        0.06734551632926764,
        0.12608092963802692,
        0.12570667990557854,
        0.1276174689061868,
        0.13541519060902338,
        0.13551637861619756,
        0.13846588839019394,
        0.14205101222073727
    ],
    "train_macro_recall": [
        0.10156874966384628,
        0.09999086266726297,
        0.10092642926508141,
        0.11602228064169451,
        0.11664608575376356,
        0.11764542786341972,
        0.1204961351222182,
        0.1201981524112405,
        0.12142021595138097,
        0.11584567393713727
    ],
    "train_macro_f1": [
        0.05775998131540636,
        0.051156220225358526,
        0.054329521781013176,
        0.08973219712693802,
        0.09246498985563703,
        0.0925697575542495,
        0.09430215247692972,
        0.09120863883285228,
        0.09451298696880227,
        0.08548825352155101
    ],
    "train_micro_f1": [
        0.33562499999949996,
        0.34156249999949995,
        0.3410416666661666,
        0.33364583333283326,
        0.33385416666616663,
        0.33531249999949997,
        0.33781249999949997,
        0.3397916666661666,
        0.3429166666661666,
        0.34114583333283327
    ],
    "train_weighted_f1": [
        0.17751976654048549,
        0.17433158396114395,
        0.17825658513489115,
        0.213317300359828,
        0.21616231292402419,
        0.21569276994995737,
        0.2168344612483483,
        0.2120687579488663,
        0.21530907502751973,
        0.20810717085167785
    ],
    "train_confidence": [
        0.3440796589851379,
        0.34047844727834065,
        0.3370411888758342,
        0.35240744789441425,
        0.34839235703150434,
        0.34700767278671263,
        0.3452942363421122,
        0.3482147733370463,
        0.34322744131088256,
        0.3468329405784607
    ],
    "val_loss": [
        2.090597085952759,
        2.0753784370422363,
        1.9887099933624268,
        1.9470732116699219,
        1.9543640232086181,
        1.9597061061859131,
        1.9594104862213135,
        1.954759531021118,
        1.9578745174407959,
        1.9472591400146484
    ],
    "val_accuracy": [
        0.3454166650772095,
        0.3454166650772095,
        0.3462499976158142,
        0.3487499952316284,
        0.3449999988079071,
        0.34333333373069763,
        0.34416666626930237,
        0.3449999988079071,
        0.34708333015441895,
        0.34708333015441895
    ],
    "val_macro_precision": [
        0.03454166666666665,
        0.03454166666666665,
        0.059161394189503794,
        0.06733194733194589,
        0.12977366780520488,
        0.06334059059400349,
        0.04436363636363631,
        0.04443313896607039,
        0.07032948636211568,
        0.09426858488633867
    ],
    "val_macro_recall": [
        0.09999999999999988,
        0.09999999999999988,
        0.11440574223102604,
        0.12758116735690428,
        0.10548037108923794,
        0.11163670942691897,
        0.10869827450569025,
        0.10241662441798789,
        0.10500509267151606,
        0.1199276987268016
    ],
    "val_macro_f1": [
        0.05134716630531949,
        0.05134716630531949,
        0.07415174016314272,
        0.07399967946136586,
        0.0631105206483642,
        0.0742377150415173,
        0.06242476572609716,
        0.057023486094152,
        0.06123002589179057,
        0.08115380069013536
    ],
    "val_micro_f1": [
        0.34541666666616655,
        0.34541666666616655,
        0.3462499999994999,
        0.3487499999994999,
        0.3449999999994999,
        0.3433333333328332,
        0.3441666666661665,
        0.3449999999994999,
        0.3470833333328332,
        0.3470833333328332
    ],
    "val_weighted_f1": [
        0.1773616702796244,
        0.1773616702796244,
        0.20977191469050885,
        0.2044890193872054,
        0.18870133598888916,
        0.20664770508759156,
        0.19007081121788924,
        0.1841928032874084,
        0.18623415955877293,
        0.20834356183312533
    ],
    "val_confidence": [
        0.3574014186859131,
        0.35079427719116213,
        0.3381429147720337,
        0.36415878613789876,
        0.3504886611302694,
        0.3348158311843872,
        0.3671966711680094,
        0.3755162445704142,
        0.3957918071746826,
        0.3478870264689128
    ],
    "grad_norm": [
        0.702046547576408,
        0.4327300340967479,
        0.47093714972577255,
        0.5457873292952747,
        0.45282270908453576,
        0.46170990987649185,
        0.46251861686414564,
        0.4363732576708265,
        0.4623904112405446,
        0.42134272313689314
    ],
    "fractional_applied_params": [
        2.0,
        2.0,
        2.0,
        2.0,
        2.0,
        2.0,
        2.0,
        2.0,
        2.0,
        2.0
    ],
    "epoch_time": [
        9.409646034240723,
        6.123608827590942,
        5.311340093612671,
        4.985041618347168,
        5.336291313171387,
        5.660588264465332,
        6.0795252323150635,
        6.088191986083984,
        6.015351057052612,
        5.351467609405518
    ],
    "throughput_samples_per_sec": [
        1020.2296627382793,
        1567.703011457165,
        1807.4534544577177,
        1925.7612543629996,
        1799.0022351861949,
        1695.9368093002897,
        1579.07067298154,
        1576.8228107692876,
        1595.9168316111188,
        1793.90042147082
    ],
    "lr": [
        0.0003,
        0.0003,
        0.0003,
        0.0003,
        0.0003,
        0.0003,
        0.0003,
        0.0003,
        0.0003,
        0.0003
    ]
}