{
    "train_loss": [
        2.227889518737793,
        2.087194902420044,
        2.065020309448242,
        2.0247125072479246,
        2.001250807762146,
        1.977468279838562,
        1.971066846847534,
        1.929220217704773,
        1.9169745836257934,
        1.9052766590118408
    ],
    "train_accuracy": [
        0.22325000166893005,
        0.27649998664855957,
        0.2879999876022339,
        0.3032500147819519,
        0.3152500092983246,
        0.3034999966621399,
        0.31450000405311584,
        0.3242500126361847,
        0.335750013589859,
        0.3297500014305115
    ],
    "train_macro_precision": [
        0.1430525998269826,
        0.21091776174649812,
        0.23001748597089294,
        0.24718714436423714,
        0.2620717579524626,
        0.2507247718672726,
        0.26135048413952083,
        0.2710104823249984,
        0.2908279443353331,
        0.2852030002041468
    ],
    "train_macro_recall": [
        0.13381387251270976,
        0.19876512410788588,
        0.21879113963740396,
        0.23618475108190595,
        0.2536159914154835,
        0.24207652038722216,
        0.25295136304823174,
        0.2650234407928117,
        0.2785827426726038,
        0.2736184929380829
    ],
    "train_macro_f1": [
        0.11091360870286879,
        0.18823445865663946,
        0.21276092033337277,
        0.22875059147817955,
        0.24627223822054062,
        0.23489139946755672,
        0.2465301496770212,
        0.2590868808341956,
        0.2735990714307708,
        0.26668643224186195
    ],
    "train_micro_f1": [
        0.22324999999949996,
        0.2764999999994999,
        0.28799999999949993,
        0.3032499999994999,
        0.31524999999949993,
        0.30349999999949995,
        0.31449999999949996,
        0.32424999999949994,
        0.33574999999949995,
        0.32974999999949994
    ],
    "train_weighted_f1": [
        0.15323434892568086,
        0.23425199074124486,
        0.25280116796284857,
        0.2673555617480015,
        0.28316420140627574,
        0.2717913066764972,
        0.28528804881488584,
        0.2988610077628694,
        0.30978155440992056,
        0.30311213847985063
    ],
    "train_confidence": [
        0.24441851615905763,
        0.2870622370243073,
        0.3037566680908203,
        0.3109964680671692,
        0.31980617237091064,
        0.32537324023246766,
        0.3311954061985016,
        0.32846542525291444,
        0.3363267595767975,
        0.34064853954315183
    ],
    "val_loss": [
        2.0617147216796874,
        2.035103765487671,
        1.9915463628768921,
        1.9997928924560546,
        1.9984013957977296,
        1.9574574642181397,
        1.9512671213150024,
        1.9291228017807007,
        1.9056811895370482,
        1.8777047033309937
    ],
    "val_accuracy": [
        0.2809999883174896,
        0.29899999499320984,
        0.3100000023841858,
        0.3160000145435333,
        0.3070000112056732,
        0.33899998664855957,
        0.3190000057220459,
        0.3440000116825104,
        0.32600000500679016,
        0.3319999873638153
    ],
    "val_macro_precision": [
        0.16649073529151842,
        0.22482398198754733,
        0.24927284285464482,
        0.2451877296765844,
        0.3082927611041012,
        0.2820856196662019,
        0.2916268322425448,
        0.2743644278285277,
        0.27126925110420314,
        0.28935289301167916
    ],
    "val_macro_recall": [
        0.15905365415826342,
        0.22000211113208873,
        0.1968523132564182,
        0.2077201267559064,
        0.20763125121805479,
        0.266000564867372,
        0.2610808778211195,
        0.28457094183011866,
        0.2615060193116522,
        0.26118566962490836
    ],
    "val_macro_f1": [
        0.12336281820318593,
        0.20292519181323737,
        0.1853095829697586,
        0.19923392959370362,
        0.18692560352827342,
        0.2444323410891444,
        0.2620986061290773,
        0.2567282408989361,
        0.24987465264857772,
        0.2539823016219588
    ],
    "val_micro_f1": [
        0.2809999999994997,
        0.2989999999994997,
        0.3099999999994997,
        0.3159999999994997,
        0.3069999999994997,
        0.33899999999949965,
        0.3189999999994997,
        0.34399999999949965,
        0.3259999999994997,
        0.3319999999994997
    ],
    "val_weighted_f1": [
        0.19054336656121695,
        0.2588822757036976,
        0.24725220474251153,
        0.2508649566346558,
        0.24832090422159797,
        0.2992239047658393,
        0.32350143545516097,
        0.3194424124125002,
        0.30806569052215277,
        0.31130209519316615
    ],
    "val_confidence": [
        0.28258079528808594,
        0.2830633945465088,
        0.3297943687438965,
        0.384040566444397,
        0.35278256034851074,
        0.3280160446166992,
        0.2969867115020752,
        0.32292771339416504,
        0.33120428657531736,
        0.35865068244934084
    ],
    "grad_norm": [
        1.8319595179789583,
        1.8225505655943912,
        1.8791567085800913,
        1.708899308610239,
        1.7065084536232025,
        1.674433537546075,
        1.6937832099636165,
        1.5291525598820472,
        1.4899268480648864,
        1.5177257803107902
    ],
    "epoch_time": [
        11.209941148757935,
        10.432042121887207,
        9.959376335144043,
        12.18528938293457,
        13.318625450134277,
        12.869968891143799,
        13.297034978866577,
        12.532053470611572,
        13.080828666687012,
        12.65971302986145
    ],
    "throughput_samples_per_sec": [
        356.8261373471351,
        383.43403460840136,
        401.63157464840873,
        328.26467015235414,
        300.33129281818435,
        310.80106205637503,
        300.81894244523943,
        319.18152993683304,
        305.79102455388113,
        315.9629282721408
    ],
    "lr": [
        0.01,
        0.01,
        0.01,
        0.01,
        0.01,
        0.01,
        0.01,
        0.01,
        0.01,
        0.01
    ]
}