{
    "train_loss": [
        2.2340661735534666,
        2.0606283111572266,
        1.9666004753112794,
        1.9320145177841186,
        1.9033559379577636,
        1.8732189245223998,
        1.8509523544311524,
        1.8261635665893554,
        1.8018315114974977,
        1.7823793172836304
    ],
    "train_accuracy": [
        0.21649999916553497,
        0.27425000071525574,
        0.3109999895095825,
        0.3294999897480011,
        0.33024999499320984,
        0.3402499854564667,
        0.3452500104904175,
        0.35199999809265137,
        0.351749986410141,
        0.35975000262260437
    ],
    "train_macro_precision": [
        0.11476857857847297,
        0.21396500772493843,
        0.24402107914440269,
        0.27081814383389774,
        0.2707836936742742,
        0.2789775988354509,
        0.2849252101697937,
        0.29841138036191633,
        0.29798613426850556,
        0.3064503390163621
    ],
    "train_macro_recall": [
        0.1119229483837945,
        0.1794800596220826,
        0.23191089067410875,
        0.25913204784276606,
        0.26039287159450364,
        0.2730159425810185,
        0.2805815944842777,
        0.28844224703512994,
        0.2876581372377855,
        0.29634303344927965
    ],
    "train_macro_f1": [
        0.0750251567657064,
        0.16171629122135253,
        0.22001135661017807,
        0.25130802167115396,
        0.25504435682327653,
        0.26729286466472707,
        0.27398879879250493,
        0.28377730613451874,
        0.28343379222746423,
        0.29245941564077205
    ],
    "train_micro_f1": [
        0.21649999999949995,
        0.27424999999949995,
        0.31099999999949995,
        0.3294999999994999,
        0.33024999999949994,
        0.34024999999949995,
        0.34524999999949996,
        0.35199999999949994,
        0.3517499999994999,
        0.3597499999994999
    ],
    "train_weighted_f1": [
        0.11988799111422165,
        0.21309460844169756,
        0.26882728491983326,
        0.2981606891615466,
        0.3026974637908343,
        0.3136811814980555,
        0.3198497343061964,
        0.3285865417154364,
        0.3283364430662675,
        0.3357476675093181
    ],
    "train_confidence": [
        0.2320353126525879,
        0.27452762341499326,
        0.31265611600875853,
        0.3317786493301392,
        0.33698901295661926,
        0.34546344447135924,
        0.3488415904045105,
        0.3503034272193909,
        0.36285827732086184,
        0.36495455145835876
    ],
    "val_loss": [
        2.1353935012817384,
        2.0045250587463377,
        1.9637854452133179,
        1.9481376991271973,
        1.9267116298675537,
        1.9167350273132324,
        1.889939838409424,
        1.904788927078247,
        1.8851603355407716,
        1.885946617126465
    ],
    "val_accuracy": [
        0.2329999953508377,
        0.3089999854564667,
        0.31700000166893005,
        0.3109999895095825,
        0.32100000977516174,
        0.3190000057220459,
        0.3140000104904175,
        0.3199999928474426,
        0.328000009059906,
        0.32199999690055847
    ],
    "val_macro_precision": [
        0.20591880341869814,
        0.2987134595951345,
        0.28694734958203505,
        0.24193116023999886,
        0.2837385546273811,
        0.26486325346655526,
        0.24077562563991547,
        0.2776962363481329,
        0.2711387088380735,
        0.25607122406199745
    ],
    "val_macro_recall": [
        0.12109382468481607,
        0.2379902752719672,
        0.2474746594984837,
        0.2526381321787834,
        0.25427263827115,
        0.2675121184195303,
        0.254250558693469,
        0.2587875803938576,
        0.2741252394648235,
        0.260045334589745
    ],
    "val_macro_f1": [
        0.07612298820441286,
        0.2046206728170752,
        0.2435101683054844,
        0.2326733710408906,
        0.2368893803385074,
        0.24145518547406394,
        0.23785144556412902,
        0.24169108383206175,
        0.260223979487954,
        0.24217172529943604
    ],
    "val_micro_f1": [
        0.2329999999994998,
        0.3089999999994997,
        0.3169999999994997,
        0.3109999999994997,
        0.3209999999994997,
        0.3189999999994997,
        0.3139999999994997,
        0.3199999999994997,
        0.3279999999994997,
        0.3219999999994997
    ],
    "val_weighted_f1": [
        0.1202678534331932,
        0.2517180296079749,
        0.28747870213515153,
        0.2825723281471216,
        0.28080121251929785,
        0.28677297203383934,
        0.2814153662245732,
        0.2837061488716294,
        0.29962558926865274,
        0.2846874438382891
    ],
    "val_confidence": [
        0.23057433891296386,
        0.29689261722564697,
        0.30720752811431884,
        0.31487580108642577,
        0.3401294651031494,
        0.3284817008972168,
        0.3443131980895996,
        0.3814895887374878,
        0.3544413843154907,
        0.37804284954071044
    ],
    "grad_norm": [
        1.5596452276724722,
        1.5774568682381591,
        1.6075552499670984,
        1.6338336438945018,
        1.669602562728603,
        1.6760551795736376,
        1.6992003099537554,
        1.6766208766042523,
        1.6827716015323155,
        1.7045388968806332
    ],
    "fractional_applied_params": [
        0.0,
        0.0,
        0.0,
        0.0,
        0.0,
        0.0,
        0.0,
        0.0,
        0.0,
        0.0
    ],
    "epoch_time": [
        7.393620014190674,
        8.007437229156494,
        8.093381643295288,
        7.511323690414429,
        7.558229207992554,
        7.3327319622039795,
        7.461434841156006,
        7.159897327423096,
        7.104581594467163,
        7.313432693481445
    ],
    "throughput_samples_per_sec": [
        541.0069752465972,
        499.5356049043123,
        494.23098728004214,
        532.5293070653576,
        529.2244902774509,
        545.4992792069453,
        536.089919051049,
        558.6672290229101,
        563.0169696573097,
        546.9387861551321
    ],
    "lr": [
        0.0003,
        0.0003,
        0.0003,
        0.0003,
        0.0003,
        0.0003,
        0.0003,
        0.0003,
        0.0003,
        0.0003
    ]
}