{
    "train_loss": [
        2.1178584718704223,
        2.092033643722534,
        2.069218316078186,
        1.9729855418205262,
        1.9615910696983336,
        1.9540410327911377,
        1.9451396942138672,
        1.9476909494400025,
        1.9339168214797973,
        1.9352689790725708
    ],
    "train_accuracy": [
        0.33645832538604736,
        0.34333333373069763,
        0.34281250834465027,
        0.3395833373069763,
        0.3414583206176758,
        0.33812499046325684,
        0.33927083015441895,
        0.3386458456516266,
        0.3420833349227905,
        0.3423958420753479
    ],
    "train_macro_precision": [
        0.09555349501034346,
        0.13432680283446435,
        0.1081049058367221,
        0.13206767675829886,
        0.13208956605423763,
        0.13438771320621837,
        0.13784879621102347,
        0.13846039493061976,
        0.1391913274229873,
        0.1526295844454972
    ],
    "train_macro_recall": [
        0.10023589204906283,
        0.10022510197360084,
        0.10048339785144726,
        0.11793521444365203,
        0.12095831186238651,
        0.1204682585567847,
        0.12211781129689311,
        0.11913184363598697,
        0.12383774798543827,
        0.12506207451466983
    ],
    "train_macro_f1": [
        0.05605438519399127,
        0.05155857991147258,
        0.052666995453085994,
        0.09293144134327104,
        0.09716808679799507,
        0.0970757704418213,
        0.1007749016126358,
        0.09539550079136269,
        0.10246181842468886,
        0.10469139068566888
    ],
    "train_micro_f1": [
        0.33645833333283326,
        0.3433333333328333,
        0.3428124999994999,
        0.3395833333328333,
        0.34145833333283326,
        0.33812499999949996,
        0.33927083333283325,
        0.33864583333283327,
        0.3420833333328333,
        0.3423958333328333
    ],
    "train_weighted_f1": [
        0.17909665220914678,
        0.17578481540989904,
        0.1768481575857398,
        0.21829299658325316,
        0.22137042373176163,
        0.2212141075003203,
        0.22557900527908975,
        0.21949740947236057,
        0.22671723640442157,
        0.2262465128213955
    ],
    "train_confidence": [
        0.3443582272529602,
        0.3444330497582753,
        0.34107133229573566,
        0.348703343073527,
        0.350793365240097,
        0.3510734331607819,
        0.344163631995519,
        0.35015804012616475,
        0.3502625672022502,
        0.35114741245905556
    ],
    "val_loss": [
        2.083038721084595,
        2.0771093940734864,
        1.988578290939331,
        1.969865984916687,
        1.9559638023376464,
        1.9573616552352906,
        1.9484735441207885,
        1.9542183351516724,
        1.9540092420578004,
        1.9526162481307983
    ],
    "val_accuracy": [
        0.34041666984558105,
        0.34041666984558105,
        0.3370833396911621,
        0.3420833349227905,
        0.3375000059604645,
        0.3362500071525574,
        0.3425000011920929,
        0.34166666865348816,
        0.3408333361148834,
        0.3345833420753479
    ],
    "val_macro_precision": [
        0.03404166666666665,
        0.03404166666666665,
        0.04374558558775169,
        0.048236399823086994,
        0.047247131838216064,
        0.08061664117532732,
        0.11373669423414383,
        0.08768832762444381,
        0.08776152768799671,
        0.08100061671291907
    ],
    "val_macro_recall": [
        0.09999999999999988,
        0.09999999999999988,
        0.10283836319617798,
        0.106825238081022,
        0.10393852888780834,
        0.12754719216764504,
        0.11185926955753875,
        0.10451706809066744,
        0.11164577662644629,
        0.11899050838621246
    ],
    "val_macro_f1": [
        0.0507926639726074,
        0.0507926639726074,
        0.05864527380528432,
        0.06220311696867583,
        0.059906815461158267,
        0.07792358973478772,
        0.07513744018007827,
        0.06137771443943418,
        0.07476603221038866,
        0.07939162837688679
    ],
    "val_micro_f1": [
        0.34041666666616655,
        0.34041666666616655,
        0.3370833333328332,
        0.3420833333328332,
        0.33749999999949987,
        0.3362499999994999,
        0.34249999999949987,
        0.3416666666661666,
        0.3408333333328332,
        0.33458333333283324
    ],
    "val_weighted_f1": [
        0.172906693606751,
        0.172906693606751,
        0.18394679688390433,
        0.18535363306905644,
        0.1832790630205314,
        0.20218823097141236,
        0.19463647633900175,
        0.18425496656146642,
        0.19707880346711118,
        0.21080608247483484
    ],
    "val_confidence": [
        0.349124919573466,
        0.32072025219599404,
        0.33528759161631266,
        0.3814609432220459,
        0.35292075951894125,
        0.3214092556635539,
        0.3435943031311035,
        0.3761302423477173,
        0.3054866178830465,
        0.30843576033910114
    ],
    "grad_norm": [
        1.2422542863619315,
        0.9549628479052658,
        0.9861202853598305,
        0.936609780342388,
        0.9368697589562703,
        0.9822566736204338,
        0.9371379986184887,
        0.9771098828250758,
        0.939901390504075,
        0.9510713995278383
    ],
    "fractional_applied_params": [
        66.0,
        66.0,
        66.0,
        66.0,
        66.0,
        66.0,
        66.0,
        66.0,
        66.0,
        66.0
    ],
    "epoch_time": [
        9.726100206375122,
        5.641594886779785,
        6.04419207572937,
        5.725947380065918,
        6.317192316055298,
        6.323429107666016,
        6.316326141357422,
        5.70883584022522,
        5.996020555496216,
        5.696062088012695
    ],
    "throughput_samples_per_sec": [
        987.0348645706459,
        1701.6464656999976,
        1588.301609167763,
        1676.5784529248474,
        1519.6624575765038,
        1518.1636160610599,
        1519.8708529539126,
        1681.6037925555886,
        1601.0618894893912,
        1685.3748873635177
    ],
    "lr": [
        0.0003,
        0.0003,
        0.0003,
        0.0003,
        0.0003,
        0.0003,
        0.0003,
        0.0003,
        0.0003,
        0.0003
    ]
}