{
    "prefix": "epoch_1",
    "retain_em_acc": 1.0,
    "forget_em_acc": 1.0,
    "retain_answer_nll": 0.0022200020030140877,
    "forget_answer_nll": 0.003844342369120568,
    "general_ppl": 1.0989043216932193,
    "forget_minus_retain_nll": 0.0016243403661064804,
    "retain_eval_n": 30,
    "forget_eval_n": 30
}