{
    "prefix": "epoch_3",
    "retain_em_acc": 1.0,
    "forget_em_acc": 0.9666666666666667,
    "retain_answer_nll": 0.0021114272822160274,
    "forget_answer_nll": 0.008686357061378658,
    "general_ppl": 1.0933152471053529,
    "forget_minus_retain_nll": 0.0065749297791626304,
    "retain_eval_n": 30,
    "forget_eval_n": 30
}