model,ok,load_time_sec,forward_time_sec,train_time_sec,params,trainable_params,last_adamw_loss,fractional_applied_params,fractional_loss
distilbert_base_uncased,True,0.6097142696380615,0.5598862171173096,0.26288628578186035,66956548,66956548,1.216033935546875,4,1.20977783203125
bert_tiny,True,0.07935428619384766,0.008329153060913086,0.06219077110290527,4386436,4386436,1.3277587890625,2,1.32611083984375
bert_mini,True,0.10141968727111816,0.007615804672241211,0.0789952278137207,11171588,11171588,1.3515625,2,1.32269287109375
electra_small_discriminator,True,0.1716160774230957,0.016189098358154297,0.18962645530700684,13549828,13549828,1.3541259765625,4,1.35870361328125
