{
    "train_loss": [
        0.4486804601881239,
        0.2833261217389788,
        NaN,
        NaN,
        NaN
    ],
    "train_accuracy": [
        0.8671296238899231,
        0.9090774059295654,
        0.0,
        0.0,
        0.0
    ],
    "train_macro_precision": [
        0.86700915326101,
        0.909976994836246,
        0.0,
        0.0,
        0.0
    ],
    "train_macro_recall": [
        0.8671562136152371,
        0.9095508976730802,
        0.0,
        0.0,
        0.0
    ],
    "train_macro_f1": [
        0.8669474089179156,
        0.9095255827290518,
        0.0,
        0.0,
        0.0
    ],
    "train_micro_f1": [
        0.8671296296291295,
        0.909077380951881,
        0.0,
        0.0,
        0.0
    ],
    "train_weighted_f1": [
        0.8669271061454031,
        0.9090591743824673,
        0.0,
        0.0,
        0.0
    ],
    "train_confidence": [
        0.7863712311938957,
        0.9057162632071782,
        NaN,
        NaN,
        NaN
    ],
    "val_loss": [
        0.3000301450093587,
        0.0,
        0.0,
        0.0,
        0.0
    ],
    "val_accuracy": [
        0.9005833268165588,
        0.24899999797344208,
        0.24899999797344208,
        0.24899999797344208,
        0.24899999797344208
    ],
    "val_macro_precision": [
        0.899717573626376,
        0.06224999999999999,
        0.06224999999999999,
        0.06224999999999999,
        0.06224999999999999
    ],
    "val_macro_recall": [
        0.9003204153696278,
        0.24999999999999992,
        0.24999999999999992,
        0.24999999999999992,
        0.24999999999999992
    ],
    "val_macro_f1": [
        0.8998844087275871,
        0.0996797437949562,
        0.0996797437949562,
        0.0996797437949562,
        0.0996797437949562
    ],
    "val_micro_f1": [
        0.900583333332833,
        0.24899999999949998,
        0.24899999999949998,
        0.24899999999949998,
        0.24899999999949998
    ],
    "val_weighted_f1": [
        0.9000937215310484,
        0.09928102481977637,
        0.09928102481977637,
        0.09928102481977637,
        0.09928102481977637
    ],
    "val_confidence": [
        0.9061294563611348,
        NaN,
        NaN,
        NaN,
        NaN
    ],
    "test_loss": [
        0.30107167294150905,
        0.0,
        0.0,
        0.0,
        0.0
    ],
    "test_accuracy": [
        0.9057894945144653,
        0.25,
        0.25,
        0.25,
        0.25
    ],
    "test_macro_precision": [
        0.9052226914483876,
        0.06249999999999999,
        0.06249999999999999,
        0.06249999999999999,
        0.06249999999999999
    ],
    "test_macro_recall": [
        0.90578947368421,
        0.2499999999999999,
        0.2499999999999999,
        0.2499999999999999,
        0.2499999999999999
    ],
    "test_macro_f1": [
        0.905370043575261,
        0.09999999999991997,
        0.09999999999991997,
        0.09999999999991997,
        0.09999999999991997
    ],
    "test_micro_f1": [
        0.9057894736837103,
        0.24999999999949996,
        0.24999999999949996,
        0.24999999999949996,
        0.24999999999949996
    ],
    "test_weighted_f1": [
        0.905370043575261,
        0.09999999999991997,
        0.09999999999991997,
        0.09999999999991997,
        0.09999999999991997
    ],
    "test_confidence": [
        0.9059272272963272,
        NaN,
        NaN,
        NaN,
        NaN
    ],
    "grad_norm": [
        0.9367542367463025,
        0.945939942037283,
        0.0,
        0.0,
        0.0
    ],
    "nonfinite_grad_tensors": [
        0.0,
        0.0031746031746031746,
        0.0,
        0.0,
        0.0
    ],
    "nonfinite_train_loss_batches": [
        0,
        2745,
        3375,
        3375,
        3375
    ],
    "nonfinite_val_loss_batches": [
        0,
        375,
        375,
        375,
        375
    ],
    "nonfinite_test_loss_batches": [
        0,
        238,
        238,
        238,
        238
    ],
    "fractional_applied_params": [
        32.0,
        32.0,
        0.0,
        0.0,
        0.0
    ],
    "epoch_time": [
        230.70418286323547,
        61.368690967559814,
        21.922377347946167,
        20.823556184768677,
        20.9518039226532
    ],
    "throughput_samples_per_sec": [
        468.13195434789253,
        328.5062738368789,
        0.0,
        0.0,
        0.0
    ],
    "lr": [
        2e-05,
        2e-05,
        2e-05,
        2e-05,
        2e-05
    ]
}