{
    "train_loss": [
        0.6176050889756944,
        0.4786092719184028,
        0.425961823187934
    ],
    "train_accuracy": [
        0.6568889021873474,
        0.776711106300354,
        0.8076000213623047
    ],
    "train_macro_precision": [
        0.657698600661744,
        0.7767183547326071,
        0.8077223383878225
    ],
    "train_macro_recall": [
        0.6568466252411231,
        0.776713894436726,
        0.8076114013734464
    ],
    "train_macro_f1": [
        0.6564100007828145,
        0.7767106012389172,
        0.8075846443989436
    ],
    "train_micro_f1": [
        0.6568888888883888,
        0.7767111111106111,
        0.8075999999994999
    ],
    "train_weighted_f1": [
        0.656424823509892,
        0.7767102113370338,
        0.8075826581023543
    ],
    "train_confidence": [
        0.6189957559161716,
        0.7606658925586277,
        0.8105491482204861
    ],
    "val_loss": [
        0.524001220703125,
        0.4552165283203125,
        0.412130419921875
    ],
    "val_accuracy": [
        0.7427999973297119,
        0.7839999794960022,
        0.8076000213623047
    ],
    "val_macro_precision": [
        0.7484577453569119,
        0.7893429628439403,
        0.8075780849974392
    ],
    "val_macro_recall": [
        0.743558503287715,
        0.7846922323118463,
        0.8075916691149309
    ],
    "val_macro_f1": [
        0.7417019647196061,
        0.783260797946548,
        0.8075837138850426
    ],
    "val_micro_f1": [
        0.7427999999994996,
        0.7839999999994997,
        0.8075999999994996
    ],
    "val_weighted_f1": [
        0.7415268179878435,
        0.7831291592247891,
        0.8076021242752981
    ],
    "val_confidence": [
        0.7172012077331543,
        0.800042716217041,
        0.8157341381072998
    ],
    "test_loss": [
        0.525646884765625,
        0.46498871337890624,
        0.42499749145507815
    ],
    "test_accuracy": [
        0.7432799935340881,
        0.7827200293540955,
        0.8054800033569336
    ],
    "test_macro_precision": [
        0.7508108357195854,
        0.7891356546341464,
        0.8058170838224723
    ],
    "test_macro_recall": [
        0.7432799999999999,
        0.7827199999999999,
        0.80548
    ],
    "test_macro_f1": [
        0.7413383590820377,
        0.7815079656044672,
        0.8054263832936805
    ],
    "test_micro_f1": [
        0.7432799999995,
        0.7827199999994999,
        0.8054799999994999
    ],
    "test_weighted_f1": [
        0.7413383590820376,
        0.7815079656044673,
        0.8054263832936805
    ],
    "test_confidence": [
        0.7212786239433289,
        0.803106870765686,
        0.8160017248535156
    ],
    "grad_norm": [
        0.9998891606853557,
        0.9824387354915167,
        NaN
    ],
    "fractional_applied_params": [
        0.0,
        5.0,
        5.0
    ],
    "epoch_time": [
        36.932257413864136,
        29.59478259086609,
        32.86288237571716
    ],
    "throughput_samples_per_sec": [
        609.2235237035266,
        760.2691430801127,
        684.6630110761545
    ],
    "lr": [
        2e-05,
        2e-05,
        2e-05
    ]
}