{
    "train_loss": [
        2.075607550938924,
        1.9731121031443277,
        1.955620718797048,
        1.946021821498871,
        1.941900741259257,
        1.9328450234731038,
        1.9277625099817912,
        1.917308475971222,
        1.9111230492591857,
        1.899969839255015
    ],
    "train_accuracy": [
        0.33635416626930237,
        0.33770832419395447,
        0.3385416567325592,
        0.33770832419395447,
        0.33927083015441895,
        0.3410416543483734,
        0.3408333361148834,
        0.3454166650772095,
        0.3447916805744171,
        0.34583333134651184
    ],
    "train_macro_precision": [
        0.09683057433245643,
        0.11911554554161281,
        0.1205335595618187,
        0.12803403670415414,
        0.11703234701229048,
        0.1326910497591467,
        0.13833850636834016,
        0.1690550547742028,
        0.1535292048632687,
        0.16578138110359325
    ],
    "train_macro_recall": [
        0.10320913763961834,
        0.11071498463954858,
        0.11306917493971765,
        0.11213555840015277,
        0.11357727191142841,
        0.11756821037658764,
        0.11753279308504976,
        0.1262855835526585,
        0.1277165463447267,
        0.13246738951682066
    ],
    "train_macro_f1": [
        0.06199401759693378,
        0.0777751941713999,
        0.08099338084383337,
        0.08093264959295675,
        0.08318564061363849,
        0.0886934203632163,
        0.09009538825845871,
        0.10313923576060344,
        0.10494814665679039,
        0.11311491961009679
    ],
    "train_micro_f1": [
        0.33635416666616663,
        0.3377083333328333,
        0.33854166666616664,
        0.3377083333328333,
        0.33927083333283325,
        0.3410416666661666,
        0.3408333333328333,
        0.3454166666661666,
        0.3447916666661666,
        0.3458333333328333
    ],
    "train_weighted_f1": [
        0.18242078555559993,
        0.19979073237464842,
        0.20285555286232712,
        0.2035611419204461,
        0.2060433591640792,
        0.20960137664621306,
        0.2106648381380636,
        0.22409443624496372,
        0.22757130326635458,
        0.23308742193957138
    ],
    "train_confidence": [
        0.34399962921937305,
        0.3442527089516322,
        0.3428385458389918,
        0.3415472863117854,
        0.34214916348457336,
        0.34398527999718986,
        0.3427928296724955,
        0.34511881579955417,
        0.346670177479585,
        0.3475176612536112
    ],
    "val_loss": [
        1.967658182779948,
        1.9513744227091472,
        1.9365588776270548,
        1.9309232680002848,
        1.9329656140009561,
        1.9359076849619548,
        1.9298925034205119,
        1.939254805246989,
        1.9408905537923178,
        1.9429653469721477
    ],
    "val_accuracy": [
        0.3454166650772095,
        0.3454166650772095,
        0.3479166626930237,
        0.3462499976158142,
        0.3462499976158142,
        0.34333333373069763,
        0.3425000011920929,
        0.34416666626930237,
        0.3400000035762787,
        0.3425000011920929
    ],
    "val_macro_precision": [
        0.03454166666666665,
        0.03454166666666665,
        0.04529116700856813,
        0.04347496470834259,
        0.04661585658134391,
        0.08322761307704596,
        0.08235666152546284,
        0.12079326352816881,
        0.11433746567530859,
        0.09533898501416047
    ],
    "val_macro_recall": [
        0.09999999999999988,
        0.09999999999999988,
        0.1113921525792386,
        0.10246144817918024,
        0.1032171231289403,
        0.1174946757865241,
        0.11083211138814045,
        0.11779736202085911,
        0.11426449904965741,
        0.11484138202922867
    ],
    "val_macro_f1": [
        0.05134716630531949,
        0.05134716630531949,
        0.06390555978666045,
        0.0562211155345837,
        0.05812196319719548,
        0.07442393074609785,
        0.07144856518359347,
        0.08782979038729793,
        0.07921874021098654,
        0.08144812683927832
    ],
    "val_micro_f1": [
        0.34541666666616655,
        0.34541666666616655,
        0.34791666666616655,
        0.3462499999994999,
        0.3462499999994999,
        0.3433333333328332,
        0.34249999999949987,
        0.3441666666661665,
        0.33999999999949987,
        0.34249999999949987
    ],
    "val_weighted_f1": [
        0.1773616702796244,
        0.1773616702796244,
        0.1919404544298957,
        0.18267426060288677,
        0.18558719030132276,
        0.20266468062051943,
        0.2020489460811533,
        0.21672832431538983,
        0.20898824998243953,
        0.20717525343030688
    ],
    "val_confidence": [
        0.36603102763493855,
        0.34360599319140117,
        0.32991471091906227,
        0.34520641922950746,
        0.3505465602874756,
        0.3047263479232788,
        0.3413519263267517,
        0.33892833431561786,
        0.3152192179361979,
        0.32366588155428566
    ],
    "grad_norm": [
        1.3760928293880865,
        1.176349776288033,
        1.148079915001329,
        1.134563475222399,
        1.1644483028943726,
        1.1376057523358838,
        1.1606970315639915,
        1.1536669005864808,
        1.1621835420134068,
        1.207405370500682
    ],
    "epoch_time": [
        50.6621835231781,
        49.0841748714447,
        49.873433113098145,
        49.1624231338501,
        48.70130395889282,
        47.82114362716675,
        48.25422644615173,
        49.707486152648926,
        49.48531460762024,
        47.83824372291565
    ],
    "throughput_samples_per_sec": [
        189.490450912128,
        195.58238526252407,
        192.4872502406251,
        195.27109096846073,
        197.11997871972886,
        200.74802214780846,
        198.94630392040196,
        193.1298631863807,
        193.99694790505984,
        200.67626344320357
    ],
    "lr": [
        0.01,
        0.01,
        0.01,
        0.01,
        0.01,
        0.01,
        0.01,
        0.01,
        0.01,
        0.01
    ]
}