{
    "train_loss": [
        2.2605753135681153,
        2.1539987297058105,
        2.052136152267456,
        1.987771245956421,
        1.9600195169448853,
        1.913678921699524,
        1.8804372100830078,
        1.8361664638519286,
        1.798568479537964,
        1.781851710319519
    ],
    "train_accuracy": [
        0.21299999952316284,
        0.24549999833106995,
        0.2762500047683716,
        0.2982499897480011,
        0.3127500116825104,
        0.33000001311302185,
        0.3307499885559082,
        0.34700000286102295,
        0.3580000102519989,
        0.37299999594688416
    ],
    "train_macro_precision": [
        0.11344418039904747,
        0.15416833798657745,
        0.20727792164849856,
        0.22809725730764369,
        0.24548159937438413,
        0.26039153925449315,
        0.26612409763259676,
        0.2904469244268967,
        0.30013952931832755,
        0.31518512203707405
    ],
    "train_macro_recall": [
        0.1007225022873253,
        0.13442242437171123,
        0.18550601771865316,
        0.2203756772927325,
        0.24108637720914078,
        0.26179219891531963,
        0.2627796449671637,
        0.28368256262892416,
        0.29207142279753806,
        0.3108421384156326
    ],
    "train_macro_f1": [
        0.051637055599675484,
        0.09654525290536385,
        0.16820409741703596,
        0.20871636001151406,
        0.2316547798038579,
        0.25130083687690974,
        0.2561690593996681,
        0.275565341586506,
        0.28857137465691823,
        0.30647264328385504
    ],
    "train_micro_f1": [
        0.21299999999949995,
        0.24549999999949995,
        0.27624999999949995,
        0.29824999999949997,
        0.31274999999949993,
        0.3299999999994999,
        0.33074999999949994,
        0.34699999999949993,
        0.35799999999949994,
        0.37299999999949995
    ],
    "train_weighted_f1": [
        0.09523400136370068,
        0.1461236356248234,
        0.2204015191091246,
        0.25608922921158683,
        0.2791647906482717,
        0.29787895371965784,
        0.30504449343757173,
        0.3230422765752663,
        0.3370529541760597,
        0.35252077949381255
    ],
    "train_confidence": [
        0.23222796821594238,
        0.23746702575683593,
        0.28139089012145996,
        0.30459703540802,
        0.3111266794204712,
        0.321309534072876,
        0.34578962707519534,
        0.35507831859588623,
        0.3689843683242798,
        0.37549515533447264
    ],
    "val_loss": [
        2.203054656982422,
        2.084070770263672,
        2.025725818634033,
        1.9862447395324707,
        1.987083101272583,
        1.9371298427581787,
        1.9208706912994384,
        1.909086869239807,
        1.8863903350830078,
        1.868781434059143
    ],
    "val_accuracy": [
        0.21400000154972076,
        0.26100000739097595,
        0.28600001335144043,
        0.296999990940094,
        0.29499998688697815,
        0.3140000104904175,
        0.3179999887943268,
        0.32199999690055847,
        0.3310000002384186,
        0.335999995470047
    ],
    "val_macro_precision": [
        0.07128514056223648,
        0.22245920800245683,
        0.2579883739613417,
        0.22240419937898492,
        0.22371709022980735,
        0.25622026230083805,
        0.2502778140026585,
        0.2811327022476669,
        0.2784949517585671,
        0.31485084938157365
    ],
    "val_macro_recall": [
        0.10183486238532062,
        0.18037960629812774,
        0.2057362486271208,
        0.22993006463567242,
        0.23293398643958815,
        0.23626534936756846,
        0.2523093019266992,
        0.26255660491958754,
        0.27171186411754433,
        0.2712135593439677
    ],
    "val_macro_f1": [
        0.03863916075715804,
        0.1357906637185612,
        0.18270673232164242,
        0.20072180419012525,
        0.20208486554121086,
        0.20903743476550898,
        0.23364994963304295,
        0.24544031467605687,
        0.2638024793157979,
        0.2669161466321507
    ],
    "val_micro_f1": [
        0.2139999999994998,
        0.26099999999949974,
        0.2859999999994997,
        0.2969999999994997,
        0.2949999999994997,
        0.3139999999994997,
        0.3179999999994997,
        0.3219999999994997,
        0.3309999999994997,
        0.33599999999949964
    ],
    "val_weighted_f1": [
        0.0782690031060671,
        0.1831172917638523,
        0.22860613864585738,
        0.2481104255557624,
        0.24049779723974873,
        0.2598301838034641,
        0.2781255730469664,
        0.2941077351302344,
        0.310097256368434,
        0.3114057383700559
    ],
    "val_confidence": [
        0.22368967056274414,
        0.26685664653778074,
        0.26225135803222654,
        0.29231394577026365,
        0.33635091400146483,
        0.35197954177856444,
        0.3547211666107178,
        0.35980792808532713,
        0.3462459869384766,
        0.3733096590042114
    ],
    "grad_norm": [
        1.2560094722356105,
        1.1704248305570046,
        1.0085477083916712,
        1.1724781629928211,
        1.3831827866553277,
        1.2192694452389554,
        1.3232488545135415,
        1.2687187793988794,
        1.2866492170438082,
        1.3490663463912018
    ],
    "fractional_applied_params": [
        2.0,
        2.0,
        2.0,
        2.0,
        2.0,
        2.0,
        2.0,
        2.0,
        2.0,
        2.0
    ],
    "epoch_time": [
        4.282768726348877,
        1.0352628231048584,
        1.0252530574798584,
        1.019275188446045,
        0.954002857208252,
        0.7880227565765381,
        0.801586389541626,
        0.7723925113677979,
        0.822263240814209,
        0.6007938385009766
    ],
    "throughput_samples_per_sec": [
        933.9752518950652,
        3863.753155941207,
        3901.4758071848833,
        3924.3572740137774,
        4192.859559881621,
        5075.995542790512,
        4990.104687639887,
        5178.714113782079,
        4864.622181138951,
        6657.8578934502475
    ],
    "lr": [
        0.0003,
        0.0003,
        0.0003,
        0.0003,
        0.0003,
        0.0003,
        0.0003,
        0.0003,
        0.0003,
        0.0003
    ]
}