{
    "train_loss": [
        2.2028828201293944,
        2.1390397415161133,
        2.066111177444458,
        2.0332298164367675,
        2.012944917678833,
        2.0022806034088134,
        2.0000746183395384,
        1.9907412109375,
        1.98764226436615,
        1.9813877782821656
    ],
    "train_accuracy": [
        0.2668749988079071,
        0.28349998593330383,
        0.2866249978542328,
        0.28850001096725464,
        0.296999990940094,
        0.2956250011920929,
        0.2992500066757202,
        0.2994999885559082,
        0.304874986410141,
        0.2985000014305115
    ],
    "train_macro_precision": [
        0.11312050321565277,
        0.08969630855136072,
        0.11320060001864085,
        0.13656945289557665,
        0.15876370870216736,
        0.15273124887856254,
        0.16968906075961288,
        0.16519239072225028,
        0.17894294156946067,
        0.15853175507022607
    ],
    "train_macro_recall": [
        0.10038158213833699,
        0.10067031702035409,
        0.12310053585630332,
        0.13718908893757328,
        0.14717587360368758,
        0.14834326895106623,
        0.1549347268568157,
        0.15331446644321536,
        0.1635164543725023,
        0.15603098507736246
    ],
    "train_macro_f1": [
        0.057798535086132904,
        0.04722399937994534,
        0.09101738456757319,
        0.11089916453667818,
        0.12427029373046614,
        0.12172552939992973,
        0.1347361366706516,
        0.13385490089197652,
        0.14615602106003145,
        0.1381239923122458
    ],
    "train_micro_f1": [
        0.2668749999995,
        0.2834999999995,
        0.2866249999995,
        0.2884999999995,
        0.2969999999995,
        0.2956249999995,
        0.29924999999949997,
        0.2994999999995,
        0.30487499999949996,
        0.2984999999995
    ],
    "train_weighted_f1": [
        0.13456896858628928,
        0.12916600470059234,
        0.17838730642289463,
        0.2005158736293529,
        0.21319497186410402,
        0.21166419782839851,
        0.22190262656711093,
        0.22202214429753506,
        0.23297703641466994,
        0.22600146966517745
    ],
    "train_confidence": [
        0.2855749750137329,
        0.2833489208221436,
        0.29826983070373536,
        0.30732350063323977,
        0.3099634428024292,
        0.3090263214111328,
        0.3113851451873779,
        0.3089827342033386,
        0.31137920045852663,
        0.3100949058532715
    ],
    "val_loss": [
        2.1724277381896973,
        2.1204726877212523,
        2.052911410331726,
        2.0327498903274535,
        2.020045771598816,
        2.0277678203582763,
        2.015698781967163,
        2.0147749013900755,
        2.0186525344848634,
        2.0235685501098635
    ],
    "val_accuracy": [
        0.2709999978542328,
        0.27399998903274536,
        0.2759999930858612,
        0.2815000116825104,
        0.28450000286102295,
        0.2879999876022339,
        0.289000004529953,
        0.2879999876022339,
        0.28349998593330383,
        0.27950000762939453
    ],
    "val_macro_precision": [
        0.027099999999999985,
        0.1901315265044708,
        0.10075863642296916,
        0.11846684363142135,
        0.11525245102635621,
        0.14373611627488664,
        0.12980633770144265,
        0.24611152596291888,
        0.15432911222195803,
        0.1077081306411718
    ],
    "val_macro_recall": [
        0.09999999999999981,
        0.10455267015942234,
        0.12246868893164076,
        0.13671255940942328,
        0.14971635476936454,
        0.13992188364940888,
        0.1531374060705597,
        0.1607086331310793,
        0.16176342392122695,
        0.14413802146164628
    ],
    "val_macro_f1": [
        0.042643587726166256,
        0.05259088069119111,
        0.08442933270301259,
        0.09675698706368731,
        0.1091718601933875,
        0.10075629421758123,
        0.11430163317870848,
        0.13009945554741728,
        0.12064918336968644,
        0.09842308837354223
    ],
    "val_micro_f1": [
        0.27099999999949986,
        0.27399999999949987,
        0.27599999999949987,
        0.2814999999994999,
        0.2844999999994999,
        0.2879999999994999,
        0.2889999999994999,
        0.2879999999994999,
        0.2834999999994999,
        0.27949999999949987
    ],
    "val_weighted_f1": [
        0.11556412273791056,
        0.12682328659930106,
        0.16600215623733758,
        0.1836121733800728,
        0.19024293136215636,
        0.179652778820607,
        0.1957702038913801,
        0.21161375382647332,
        0.20459711379648,
        0.18355210436633757
    ],
    "val_confidence": [
        0.26608326053619386,
        0.2810739231109619,
        0.33331449508666994,
        0.2960522327423096,
        0.2899681758880615,
        0.32057949447631834,
        0.28676477432250974,
        0.2778305511474609,
        0.26305077171325686,
        0.3102639322280884
    ],
    "grad_norm": [
        1.206425147087272,
        0.8722755421798484,
        0.8943449350308464,
        1.0619846760681757,
        0.8508676787998808,
        0.8359460178562236,
        0.9514026160608612,
        0.93960726383235,
        1.0572736000566223,
        0.9216718015997013
    ],
    "fractional_applied_params": [
        2.0,
        2.0,
        2.0,
        2.0,
        2.0,
        2.0,
        2.0,
        2.0,
        2.0,
        2.0
    ],
    "epoch_time": [
        5.199751615524292,
        1.7396512031555176,
        1.7650034427642822,
        1.7567949295043945,
        1.507256269454956,
        1.386476993560791,
        1.6234753131866455,
        1.424736738204956,
        1.0082416534423828,
        1.348341464996338
    ],
    "throughput_samples_per_sec": [
        1538.5350285031564,
        4598.622979991026,
        4532.569062568343,
        4553.747205006371,
        5307.657471474911,
        5770.0200127044045,
        4927.7004306872805,
        5615.072444948181,
        7934.605729376533,
        5933.215144445423
    ],
    "lr": [
        0.0003,
        0.0003,
        0.0003,
        0.0003,
        0.0003,
        0.0003,
        0.0003,
        0.0003,
        0.0003,
        0.0003
    ]
}