{
    "train_loss": [
        2.1050624084472656,
        2.0117390322685242,
        1.9848832941055299,
        1.9706224012374878,
        1.963366792201996,
        1.9592301893234252,
        1.9516249251365663,
        1.9529431939125061,
        1.9425757765769958,
        1.935812041759491
    ],
    "train_accuracy": [
        0.33395832777023315,
        0.3329166769981384,
        0.3309375047683716,
        0.33656251430511475,
        0.3342708349227905,
        0.33125001192092896,
        0.3375000059604645,
        0.33635416626930237,
        0.3389583230018616,
        0.33541667461395264
    ],
    "train_macro_precision": [
        0.09749378553504624,
        0.11422040499157357,
        0.11555829328722275,
        0.13982811134517864,
        0.13250051384656217,
        0.12152490315406057,
        0.14598740578401986,
        0.14128451549932877,
        0.14495424415711722,
        0.1292404887076472
    ],
    "train_macro_recall": [
        0.10033115290401713,
        0.10590818143570806,
        0.11368537124956397,
        0.11724057438654582,
        0.1179336350704421,
        0.11626746603219476,
        0.12074979418300542,
        0.12162093594225956,
        0.12301542009248714,
        0.11874370775897922
    ],
    "train_macro_f1": [
        0.054911568751400464,
        0.06978204130087305,
        0.0847067480678136,
        0.09107211259157248,
        0.09185301958639455,
        0.09124820999307143,
        0.09688289999672439,
        0.09768709248642478,
        0.10063479999837788,
        0.09485544476478712
    ],
    "train_micro_f1": [
        0.33395833333283326,
        0.3329166666661666,
        0.33093749999949995,
        0.33656249999949994,
        0.3342708333328333,
        0.33124999999949994,
        0.3374999999994999,
        0.33635416666616663,
        0.33895833333283326,
        0.3354166666661666
    ],
    "train_weighted_f1": [
        0.1747241781890007,
        0.19238337115329626,
        0.2050797801600507,
        0.21206624574332905,
        0.21293952837419283,
        0.21278745358775766,
        0.21820979593560225,
        0.21639798459806664,
        0.2210100346350229,
        0.2183494919044719
    ],
    "train_confidence": [
        0.33805218974749246,
        0.34096621195475263,
        0.3474632962544759,
        0.34504233598709105,
        0.3462814609209696,
        0.34126084168752036,
        0.34616536617279053,
        0.34649500012397766,
        0.3456206127007802,
        0.34475433071454364
    ],
    "val_loss": [
        2.019308271408081,
        1.9417470264434815,
        1.939398488998413,
        1.9277583312988282,
        1.9372101306915284,
        1.9246769618988038,
        1.9315285873413086,
        1.9264185047149658,
        1.9250179290771485,
        1.927431354522705
    ],
    "val_accuracy": [
        0.3541666567325592,
        0.35374999046325684,
        0.35333332419395447,
        0.35499998927116394,
        0.35624998807907104,
        0.3545833230018616,
        0.35624998807907104,
        0.35624998807907104,
        0.3579166531562805,
        0.35749998688697815
    ],
    "val_macro_precision": [
        0.03541666666666665,
        0.04464380010561177,
        0.05159403355836262,
        0.04571856405406457,
        0.07458347168823916,
        0.07019160308633933,
        0.16139523530556962,
        0.21847418360817666,
        0.1310130840547939,
        0.21115841813538613
    ],
    "val_macro_recall": [
        0.09999999999999988,
        0.10673638344226562,
        0.10361579300009705,
        0.1047147950089125,
        0.11939972421215457,
        0.10919575647639894,
        0.10960296710739222,
        0.12554901906830312,
        0.1213211784629139,
        0.12242779773677989
    ],
    "val_macro_f1": [
        0.05230769230765364,
        0.06180350987499367,
        0.06151555415488158,
        0.06023039861285434,
        0.07461091292839842,
        0.07077487561468776,
        0.068771713407441,
        0.09174066689382461,
        0.08535096012195395,
        0.09462440020337423
    ],
    "val_micro_f1": [
        0.35416666666616653,
        0.35374999999949985,
        0.35333333333283323,
        0.3549999999994999,
        0.35624999999949986,
        0.3545833333328332,
        0.35624999999949986,
        0.35624999999949986,
        0.35791666666616656,
        0.35749999999949983
    ],
    "val_weighted_f1": [
        0.18525641025627332,
        0.19572783127856055,
        0.19827534665692065,
        0.19327612267903843,
        0.20716952284003987,
        0.2039391567444918,
        0.19897698095545147,
        0.21999328021443476,
        0.22523704457071375,
        0.22748177858103882
    ],
    "val_confidence": [
        0.35494975725809735,
        0.3599768098195394,
        0.3299470885594686,
        0.3666611878077189,
        0.3278035616874695,
        0.3375614587465922,
        0.4022883399327596,
        0.3443407360712687,
        0.3368488136927287,
        0.3520321853955587
    ],
    "grad_norm": [
        1.1374575948386199,
        0.9161245296433953,
        1.0561059438831695,
        0.8979883555394814,
        0.8814998794378216,
        0.9191912015832345,
        0.9076626946349247,
        0.9577297511819173,
        0.8911800431504915,
        0.9204551359674383
    ],
    "fractional_applied_params": [
        42.0,
        42.0,
        42.0,
        42.0,
        42.0,
        42.0,
        42.0,
        42.0,
        42.0,
        42.0
    ],
    "epoch_time": [
        6.516566514968872,
        3.0061943531036377,
        2.9837188720703125,
        2.1528968811035156,
        2.64670991897583,
        2.3513309955596924,
        2.810539484024048,
        2.9694619178771973,
        3.0109167098999023,
        3.004777669906616
    ],
    "throughput_samples_per_sec": [
        1473.1684205092254,
        3193.406304582012,
        3217.4612996762826,
        4459.108136697799,
        3627.1447547658763,
        4082.7939656853337,
        3415.714333340374,
        3232.9089462992097,
        3188.3977289823974,
        3194.9119218189453
    ],
    "lr": [
        0.0003,
        0.0003,
        0.0003,
        0.0003,
        0.0003,
        0.0003,
        0.0003,
        0.0003,
        0.0003,
        0.0003
    ]
}