{
    "train_loss": [
        2.194450550079346,
        2.0936648445129395,
        2.044299066543579,
        2.0255809392929076,
        2.0122998723983763,
        2.0011805982589723,
        1.9990855016708373,
        1.9861853857040406,
        1.9787137956619263,
        1.969147346496582
    ],
    "train_accuracy": [
        0.2707499861717224,
        0.281125009059906,
        0.28712499141693115,
        0.29249998927116394,
        0.2903749942779541,
        0.2938750088214874,
        0.296750009059906,
        0.29374998807907104,
        0.2993749976158142,
        0.30149999260902405
    ],
    "train_macro_precision": [
        0.06707280128178432,
        0.12787719240625886,
        0.13506838069945154,
        0.15911753525866607,
        0.14328449074102334,
        0.15886449052064505,
        0.16496828030712782,
        0.15221868031645872,
        0.15568496937731188,
        0.18048012733756105
    ],
    "train_macro_recall": [
        0.09897466771615974,
        0.11820158036724844,
        0.1372252918297578,
        0.14011128039047066,
        0.1400893358939157,
        0.14953472064838708,
        0.15243105500630677,
        0.14927194961193663,
        0.15669298223060799,
        0.15940217041387358
    ],
    "train_macro_f1": [
        0.051494206660787925,
        0.0820638430829014,
        0.11219768299740318,
        0.11873722169313336,
        0.11829982257341058,
        0.12917647992451556,
        0.13446156879284504,
        0.12965749797587298,
        0.13835691974257436,
        0.1432388188450912
    ],
    "train_micro_f1": [
        0.2707499999995,
        0.28112499999949997,
        0.2871249999995,
        0.2924999999995,
        0.2903749999995,
        0.29387499999949995,
        0.29674999999949997,
        0.29374999999949997,
        0.29937499999949996,
        0.3014999999995
    ],
    "train_weighted_f1": [
        0.13025809876682046,
        0.1674462975006947,
        0.1987110461658156,
        0.20590813008619155,
        0.20643388549353056,
        0.2176765298750583,
        0.22290340405014855,
        0.2191912637212189,
        0.22789119844649022,
        0.2309753056149286
    ],
    "train_confidence": [
        0.2865686414241791,
        0.2901902551651001,
        0.30246681976318357,
        0.3044740743637085,
        0.30916498470306397,
        0.3089542603492737,
        0.30411743354797366,
        0.30871029996871946,
        0.3116594748497009,
        0.3111535511016846
    ],
    "val_loss": [
        2.142626977920532,
        2.0450189056396484,
        2.0376630992889404,
        2.0253481311798094,
        2.0191997299194338,
        2.0233604812622072,
        2.0210053939819335,
        2.018674945831299,
        2.016092979431152,
        2.017121566772461
    ],
    "val_accuracy": [
        0.27649998664855957,
        0.2800000011920929,
        0.2849999964237213,
        0.28450000286102295,
        0.29100000858306885,
        0.2784999907016754,
        0.2849999964237213,
        0.2879999876022339,
        0.28600001335144043,
        0.2874999940395355
    ],
    "val_macro_precision": [
        0.027649999999999987,
        0.06743193459667872,
        0.09272787883946551,
        0.0882576710861396,
        0.11137719595435218,
        0.12917930873207206,
        0.20583278205187985,
        0.1515923609574636,
        0.11119527225443435,
        0.13142396244374593
    ],
    "val_macro_recall": [
        0.09999999999999981,
        0.12774344576681707,
        0.12714585463354283,
        0.14118026323949542,
        0.14528960417400025,
        0.1408953146853734,
        0.13526268517178924,
        0.13592778205594397,
        0.13216898269187513,
        0.13840933379623557
    ],
    "val_macro_f1": [
        0.04332158245198326,
        0.0841121485311461,
        0.09132524440501695,
        0.1031069382505051,
        0.10683882351864042,
        0.10711901572896901,
        0.10253268962163839,
        0.09806698654752206,
        0.0973254409047015,
        0.11007903866867727
    ],
    "val_micro_f1": [
        0.27649999999949987,
        0.27999999999949987,
        0.2849999999994999,
        0.2844999999994999,
        0.2909999999994999,
        0.27849999999949987,
        0.2849999999994999,
        0.2879999999994999,
        0.2859999999994999,
        0.2874999999994999
    ],
    "val_weighted_f1": [
        0.11978417547973372,
        0.16638775011662388,
        0.17143870643278483,
        0.185428931409582,
        0.19752326917649315,
        0.19538095225996652,
        0.18963928702484778,
        0.18433948662413138,
        0.18584118812463846,
        0.19208059773037933
    ],
    "val_confidence": [
        0.29362457466125486,
        0.28360279273986816,
        0.3130597839355469,
        0.30760506248474123,
        0.28716244888305664,
        0.28482832908630373,
        0.33109896278381346,
        0.3365491008758545,
        0.3367211923599243,
        0.3355852556228638
    ],
    "grad_norm": [
        1.262740917160666,
        0.9926911069226143,
        1.0225711782975582,
        0.9651108144974456,
        0.995878778431211,
        0.9476421559680814,
        0.9363568028135861,
        0.941837167928895,
        0.968266632824416,
        0.9915032348314279
    ],
    "fractional_applied_params": [
        42.0,
        42.0,
        42.0,
        42.0,
        42.0,
        42.0,
        42.0,
        42.0,
        42.0,
        42.0
    ],
    "epoch_time": [
        6.066448926925659,
        2.8273115158081055,
        2.8367514610290527,
        2.8619303703308105,
        2.847867012023926,
        2.810346841812134,
        2.6411476135253906,
        2.1558585166931152,
        2.8482327461242676,
        1.718592882156372
    ],
    "throughput_samples_per_sec": [
        1318.728649390315,
        2829.543173884548,
        2820.127215902778,
        2795.316085581523,
        2809.119936508043,
        2846.623726643483,
        3028.9863236086376,
        3710.8186544037453,
        2808.7592247810503,
        4654.970984147305
    ],
    "lr": [
        0.0003,
        0.0003,
        0.0003,
        0.0003,
        0.0003,
        0.0003,
        0.0003,
        0.0003,
        0.0003,
        0.0003
    ]
}