{
    "train_loss": [
        2.313360252380371,
        2.1775697116851807,
        2.1072950286865235,
        2.0386836071014405,
        1.984487265586853,
        1.9533310413360596,
        1.9260992164611817,
        1.9145096664428711,
        1.9012180662155151,
        1.8867886505126954
    ],
    "train_accuracy": [
        0.1887499988079071,
        0.23649999499320984,
        0.25975000858306885,
        0.2902500033378601,
        0.30550000071525574,
        0.32100000977516174,
        0.3240000009536743,
        0.3334999978542328,
        0.33774998784065247,
        0.3400000035762787
    ],
    "train_macro_precision": [
        0.1033591344526696,
        0.14925847891209165,
        0.2086326554427107,
        0.21870000151523078,
        0.23428347061990454,
        0.2570998972865648,
        0.2622420486827872,
        0.2692214702402147,
        0.27873697517830975,
        0.28115927660489615
    ],
    "train_macro_recall": [
        0.10439950140957159,
        0.12429204105901095,
        0.15352281950280894,
        0.20364436936253502,
        0.22664286588194563,
        0.24984366567356525,
        0.25556606513759716,
        0.2662824019788109,
        0.27161794615901563,
        0.27314315977265013
    ],
    "train_macro_f1": [
        0.07810310021457442,
        0.08547569972888502,
        0.1257691762661337,
        0.18772689541864213,
        0.21471326077913783,
        0.24001317068742614,
        0.24668495720014008,
        0.2572125092131644,
        0.26457155464525406,
        0.26331543901694626
    ],
    "train_micro_f1": [
        0.18874999999949996,
        0.23649999999949994,
        0.25974999999949994,
        0.29024999999949996,
        0.30549999999949995,
        0.32099999999949996,
        0.3239999999994999,
        0.3334999999994999,
        0.33774999999949995,
        0.3399999999994999
    ],
    "train_weighted_f1": [
        0.11682917334555062,
        0.13120018581932955,
        0.17175952053633847,
        0.23451355132236906,
        0.26158300110743055,
        0.2847677496165791,
        0.29104310300682357,
        0.3018059994320299,
        0.3104967394239854,
        0.30797221278914083
    ],
    "train_confidence": [
        0.23250877285003663,
        0.21914078712463378,
        0.24508397674560548,
        0.2748333501815796,
        0.3060734815597534,
        0.31523607349395755,
        0.3255174789428711,
        0.3247547845840454,
        0.3352324094772339,
        0.3349320135116577
    ],
    "val_loss": [
        2.2078427467346193,
        2.1437983665466307,
        2.082295841217041,
        2.0261635284423827,
        1.9909241790771484,
        1.9727104454040527,
        1.9557814617156983,
        1.9729692344665528,
        1.944340488433838,
        1.9361032028198242
    ],
    "val_accuracy": [
        0.21899999678134918,
        0.23399999737739563,
        0.2680000066757202,
        0.2939999997615814,
        0.31700000166893005,
        0.3190000057220459,
        0.32600000500679016,
        0.3179999887943268,
        0.3190000057220459,
        0.32199999690055847
    ],
    "val_macro_precision": [
        0.04277951933123945,
        0.08367957656692315,
        0.20017578433950142,
        0.2282475573036317,
        0.2431083823843657,
        0.23927269914983587,
        0.2602902708202663,
        0.2753654423157518,
        0.25909274679639693,
        0.27619749636812224
    ],
    "val_macro_recall": [
        0.0995495495495491,
        0.11771489534647364,
        0.17093417001163047,
        0.2069056592122151,
        0.24203051212325172,
        0.24613811340561953,
        0.256737410557442,
        0.25978831296477467,
        0.2498477513047735,
        0.26195367736974007
    ],
    "val_macro_f1": [
        0.039512137511901704,
        0.06539758921019166,
        0.13901009293476604,
        0.18634595835745063,
        0.22227072536193657,
        0.22845379347877337,
        0.23480789276631206,
        0.22842160745598555,
        0.2232053792859409,
        0.23803057551074414
    ],
    "val_micro_f1": [
        0.21899999999949976,
        0.23399999999949977,
        0.26799999999949975,
        0.2939999999994997,
        0.3169999999994997,
        0.3189999999994997,
        0.3259999999994997,
        0.3179999999994997,
        0.3189999999994997,
        0.3219999999994997
    ],
    "val_weighted_f1": [
        0.08397010983340145,
        0.11471143355330546,
        0.1901655675379923,
        0.2348011807342353,
        0.27025656744534665,
        0.27256296148790515,
        0.27948103485496806,
        0.27594738847313627,
        0.26957256746170005,
        0.2812557533721891
    ],
    "val_confidence": [
        0.22689736843109132,
        0.22474721240997314,
        0.24498811721801758,
        0.3087832717895508,
        0.3035511255264282,
        0.32616290092468264,
        0.3330616264343262,
        0.3234880084991455,
        0.3500754089355469,
        0.34293495750427244
    ],
    "grad_norm": [
        1.4421781516717467,
        0.9830484226915019,
        0.9388153618254597,
        0.961774529070337,
        1.0400367176189809,
        0.9878488077231447,
        1.0189239067143203,
        1.0106944725473017,
        1.0709785789200426,
        1.0317292960105544
    ],
    "fractional_applied_params": [
        0.0,
        0.0,
        0.0,
        2.0,
        2.0,
        2.0,
        2.0,
        2.0,
        2.0,
        2.0
    ],
    "epoch_time": [
        3.9595229625701904,
        0.7529153823852539,
        0.7520096302032471,
        0.751539945602417,
        0.683875322341919,
        0.6264398097991943,
        0.5867338180541992,
        0.6182541847229004,
        0.3807997703552246,
        0.2557337284088135
    ],
    "throughput_samples_per_sec": [
        1010.2227055664138,
        5312.682000635854,
        5319.080819375827,
        5322.405047670078,
        5849.019359701518,
        6385.290234479515,
        6817.401480735004,
        6469.830854105399,
        10504.208015326918,
        15641.268849784408
    ],
    "lr": [
        0.0003,
        0.0003,
        0.0003,
        0.0003,
        0.0003,
        0.0003,
        0.0003,
        0.0003,
        0.0003,
        0.0003
    ]
}