{
    "train_loss": [
        2.2041652708053587,
        1.9747723655700684,
        1.883249897003174,
        1.8194593896865845,
        1.7742449254989625,
        1.7275821704864502,
        1.693802128791809,
        1.6561484880447388,
        1.6376232633590697,
        1.5957756700515746
    ],
    "train_accuracy": [
        0.2292499989271164,
        0.296750009059906,
        0.32749998569488525,
        0.3527500033378601,
        0.3697499930858612,
        0.38374999165534973,
        0.390500009059906,
        0.4129999876022339,
        0.414249986410141,
        0.4269999861717224
    ],
    "train_macro_precision": [
        0.15118283559191006,
        0.2371904901977227,
        0.2682002702993326,
        0.3063749980377851,
        0.3297521037177066,
        0.3432743618941549,
        0.35549800597659564,
        0.37462084817640584,
        0.3805771672363499,
        0.3895302088362957
    ],
    "train_macro_recall": [
        0.14279270634633506,
        0.22736143677952728,
        0.2644728522452303,
        0.28930715680595226,
        0.307599509535621,
        0.32739473702276756,
        0.33297688465877223,
        0.35885254248870446,
        0.3621188744075508,
        0.3752283817432883
    ],
    "train_macro_f1": [
        0.12458621777912915,
        0.22006670407130216,
        0.255751896048929,
        0.28667886027273354,
        0.3061270876729762,
        0.32573492255969183,
        0.33250109248254056,
        0.3576430176590246,
        0.3632178953001305,
        0.3750805712831764
    ],
    "train_micro_f1": [
        0.22924999999949996,
        0.29674999999949997,
        0.3274999999994999,
        0.3527499999994999,
        0.3697499999994999,
        0.38374999999949994,
        0.39049999999949986,
        0.41299999999949993,
        0.4142499999994999,
        0.4269999999994999
    ],
    "train_weighted_f1": [
        0.17093999099997004,
        0.26702090139053963,
        0.2990798724461249,
        0.32563791461096864,
        0.34270055589767384,
        0.3617269181850543,
        0.3668999747888644,
        0.39079504596505726,
        0.395779490278249,
        0.4082520769528791
    ],
    "train_confidence": [
        0.2682184624671936,
        0.3087518246173859,
        0.337720743894577,
        0.35261395692825315,
        0.3646865954399109,
        0.37883396196365354,
        0.3839150042533874,
        0.399477596282959,
        0.40039821243286133,
        0.4176008062362671
    ],
    "val_loss": [
        2.2511266708374023,
        1.9431059255599976,
        1.8976931743621825,
        1.8695210199356078,
        1.8734306802749634,
        1.9134649562835693,
        1.8789316635131836,
        1.8875474996566772,
        1.9005967330932618,
        1.885258499145508
    ],
    "val_accuracy": [
        0.24500000476837158,
        0.3009999990463257,
        0.31299999356269836,
        0.328000009059906,
        0.33899998664855957,
        0.3109999895095825,
        0.34599998593330383,
        0.32499998807907104,
        0.3330000042915344,
        0.3529999852180481
    ],
    "val_macro_precision": [
        0.1208504925495113,
        0.22602628065608193,
        0.258091181023441,
        0.27775763065538844,
        0.26025387475793715,
        0.26562472288598477,
        0.270904820878709,
        0.29210545136695093,
        0.2696647320474392,
        0.2844154398067407
    ],
    "val_macro_recall": [
        0.12655696641443,
        0.245702528103577,
        0.24302404594197574,
        0.25220974871512186,
        0.2616960307439743,
        0.2705742068314524,
        0.2697690295910794,
        0.2670857325017964,
        0.26104308863827647,
        0.2709996879178872
    ],
    "val_macro_f1": [
        0.07696790122188585,
        0.21814507450481652,
        0.23426659757629847,
        0.247345112449737,
        0.24189721163220743,
        0.26044305325019335,
        0.25767926781340295,
        0.26636859723178474,
        0.24454872398817612,
        0.2693468139999334
    ],
    "val_micro_f1": [
        0.24499999999949976,
        0.3009999999994997,
        0.3129999999994997,
        0.3279999999994997,
        0.33899999999949965,
        0.3109999999994997,
        0.34599999999949965,
        0.3249999999994997,
        0.3329999999994997,
        0.35299999999949966
    ],
    "val_weighted_f1": [
        0.13405040832159762,
        0.2772261892303875,
        0.2854806033187834,
        0.29599273678766996,
        0.2980631907080182,
        0.30585667113797455,
        0.31718901403312344,
        0.3246371796395988,
        0.30243916871532583,
        0.32678393515085175
    ],
    "val_confidence": [
        0.4825767993927002,
        0.3141015548706055,
        0.3116282205581665,
        0.3575571393966675,
        0.40486605644226076,
        0.3284429960250855,
        0.39727827644348146,
        0.3600854434967041,
        0.43709148216247556,
        0.4339996738433838
    ],
    "grad_norm": [
        1.6446677863126276,
        1.4228373036984974,
        1.4446844188082377,
        1.414889584564215,
        1.4640560213291063,
        1.4240931136236343,
        1.4943848633738364,
        1.4715845038675348,
        1.545909429929855,
        1.620419919932035
    ],
    "epoch_time": [
        11.394097805023193,
        13.677787065505981,
        13.88885498046875,
        13.611059188842773,
        13.372580528259277,
        11.746812343597412,
        11.787248611450195,
        11.644801378250122,
        12.186902046203613,
        12.821357727050781
    ],
    "throughput_samples_per_sec": [
        351.05894897940607,
        292.44496795008615,
        288.00070312671664,
        293.878672078575,
        299.1195298130453,
        340.51791098716205,
        339.34976107268824,
        343.5009211467619,
        328.22123168258787,
        311.979439709471
    ],
    "lr": [
        0.01,
        0.01,
        0.01,
        0.01,
        0.01,
        0.01,
        0.01,
        0.01,
        0.01,
        0.01
    ]
}