{
    "train_loss": [
        2.1062572264671324,
        2.0883741211891174,
        2.0389511513710024,
        1.9781995391845704,
        1.9651240611076355,
        1.9609526205062866,
        1.950397551059723,
        1.9431992340087891,
        1.9426210021972656,
        1.9297987461090087
    ],
    "train_accuracy": [
        0.3343749940395355,
        0.34052082896232605,
        0.33770832419395447,
        0.3359375,
        0.336041659116745,
        0.3346875011920929,
        0.3389583230018616,
        0.33906251192092896,
        0.3373958468437195,
        0.3410416543483734
    ],
    "train_macro_precision": [
        0.06699989979960022,
        0.03405208333333333,
        0.21037910669109153,
        0.11888597272861301,
        0.11988158788526308,
        0.1271387492085315,
        0.13905642487230016,
        0.14478616262357247,
        0.13559075993820335,
        0.14576802010431586
    ],
    "train_macro_recall": [
        0.1001749602501539,
        0.09999999999999996,
        0.10563691673458837,
        0.11359688292913876,
        0.1162066194877062,
        0.11853368969399798,
        0.12132511264026195,
        0.12562457446115952,
        0.12245838583517943,
        0.12655935595955325
    ],
    "train_macro_f1": [
        0.05463142782320222,
        0.05080425829508991,
        0.06663844414627342,
        0.08392976860955367,
        0.08879887384907757,
        0.09411346732273368,
        0.09753569609347916,
        0.10479611662508292,
        0.09918908046269723,
        0.10541129345396552
    ],
    "train_micro_f1": [
        0.33437499999949993,
        0.3405208333328333,
        0.3377083333328333,
        0.33593749999949996,
        0.33604166666616664,
        0.3346874999994999,
        0.33895833333283326,
        0.33906249999949994,
        0.3373958333328333,
        0.3410416666661666
    ],
    "train_weighted_f1": [
        0.1744394658751376,
        0.17299908371525927,
        0.19015381860396344,
        0.2050924347943313,
        0.21110350207803794,
        0.21556854678953793,
        0.2177913770634735,
        0.22573122570944087,
        0.22077474213161902,
        0.22565457478158743
    ],
    "train_confidence": [
        0.33783454934755963,
        0.34029455145200094,
        0.344361613591512,
        0.34608570535977684,
        0.34289863069852194,
        0.3465619659423828,
        0.34685064713160196,
        0.34321089506149294,
        0.3479019916057587,
        0.34613529125849407
    ],
    "val_loss": [
        2.0526072216033935,
        2.046222724914551,
        1.9417335891723633,
        1.9363324928283692,
        1.9363309240341187,
        1.9337111520767212,
        1.9351065397262572,
        1.9291750144958497,
        1.9327640771865844,
        1.931504864692688
    ],
    "val_accuracy": [
        0.35083332657814026,
        0.35083332657814026,
        0.3504166603088379,
        0.34958332777023315,
        0.3512499928474426,
        0.3512499928474426,
        0.3412500023841858,
        0.34833332896232605,
        0.3479166626930237,
        0.3474999964237213
    ],
    "val_macro_precision": [
        0.03508333333333332,
        0.03508333333333332,
        0.14043074324314297,
        0.04487939007624038,
        0.05949207790064341,
        0.08012053565811146,
        0.06618166682025078,
        0.12267345367876341,
        0.1492780699846144,
        0.1169011619407025
    ],
    "val_macro_recall": [
        0.09999999999999988,
        0.09999999999999988,
        0.10083606382945418,
        0.10248786533099233,
        0.11303636689577597,
        0.13293499669552322,
        0.1259653396207448,
        0.11666722976106966,
        0.12664473739390542,
        0.11910903941385728
    ],
    "val_macro_f1": [
        0.051943244910510555,
        0.051943244910510555,
        0.05445573364160329,
        0.05844218803671566,
        0.07221416622924129,
        0.09105581647781827,
        0.07822799218755105,
        0.0821011194198336,
        0.0923811813666123,
        0.0859915007599682
    ],
    "val_micro_f1": [
        0.35083333333283323,
        0.35083333333283323,
        0.35041666666616655,
        0.3495833333328332,
        0.35124999999949985,
        0.35124999999949985,
        0.3412499999994999,
        0.34833333333283323,
        0.34791666666616655,
        0.3474999999994999
    ],
    "val_weighted_f1": [
        0.1822342175610412,
        0.1822342175610412,
        0.18494852945858675,
        0.1913331838249405,
        0.20068897934409838,
        0.22795742929546198,
        0.21380967661155387,
        0.21145979216086386,
        0.23100024533050936,
        0.21766297394431763
    ],
    "val_confidence": [
        0.34954898357391356,
        0.34223705450693764,
        0.3715707302093506,
        0.37320059299468994,
        0.36594602584838865,
        0.3417726786931356,
        0.3210566234588623,
        0.3525984239578247,
        0.32385454813639325,
        0.32565748373667397
    ],
    "grad_norm": [
        1.1534016336552226,
        0.9157243909855718,
        0.9865583576870947,
        0.9652561902004578,
        0.89683786874838,
        0.9633519712469157,
        0.8960668394063096,
        0.9360498237224715,
        1.0150789702849774,
        0.9296525145204211
    ],
    "fractional_applied_params": [
        2.0,
        2.0,
        2.0,
        2.0,
        2.0,
        2.0,
        2.0,
        2.0,
        2.0,
        2.0
    ],
    "epoch_time": [
        4.973225116729736,
        1.5020461082458496,
        2.20884370803833,
        3.832951307296753,
        3.792013645172119,
        3.7907981872558594,
        3.8149943351745605,
        3.8294715881347656,
        3.8285489082336426,
        3.8141531944274902
    ],
    "throughput_samples_per_sec": [
        1930.3369090825936,
        6391.281830363563,
        4346.165355685461,
        2504.597431677405,
        2531.636459753366,
        2532.448187897176,
        2516.3864364062647,
        2506.8732797873836,
        2507.4774359952216,
        2516.941378764146
    ],
    "lr": [
        0.0003,
        0.0003,
        0.0003,
        0.0003,
        0.0003,
        0.0003,
        0.0003,
        0.0003,
        0.0003,
        0.0003
    ]
}