{
    "train_loss": [
        2.2726552715301516,
        2.1991457538604737,
        2.0787844791412353,
        2.0134696893692015,
        1.969368489265442,
        1.9262081470489503,
        1.8937673330307008,
        1.8625354137420653,
        1.8458097190856935,
        1.8102593097686768
    ],
    "train_accuracy": [
        0.2004999965429306,
        0.22949999570846558,
        0.2694999873638153,
        0.29475000500679016,
        0.31299999356269836,
        0.3199999928474426,
        0.3322499990463257,
        0.3502500057220459,
        0.34150001406669617,
        0.35600000619888306
    ],
    "train_macro_precision": [
        0.12288486479494902,
        0.09664106027060856,
        0.22205520406062962,
        0.22053812403874326,
        0.24768282366909009,
        0.24340867724633125,
        0.259775651398466,
        0.29965998682601913,
        0.27523793738272173,
        0.30171621867235887
    ],
    "train_macro_recall": [
        0.09955132357624961,
        0.11052606005726925,
        0.16676885036206687,
        0.21301771571588515,
        0.23723566689742018,
        0.24879619753530338,
        0.2600302602947519,
        0.28395416282330593,
        0.277604900474835,
        0.2944401534421347
    ],
    "train_macro_f1": [
        0.05546652655936026,
        0.05689390117085945,
        0.13409850202457463,
        0.1946345898642088,
        0.22619559517862112,
        0.2361328595866164,
        0.24622133148705974,
        0.27628357292055666,
        0.267862256110001,
        0.28766344395277416
    ],
    "train_micro_f1": [
        0.20049999999949994,
        0.22949999999949997,
        0.2694999999995,
        0.29474999999949997,
        0.31299999999949996,
        0.31999999999949996,
        0.33224999999949995,
        0.3502499999994999,
        0.3414999999994999,
        0.3559999999995
    ],
    "train_weighted_f1": [
        0.0956030322424675,
        0.1042382508489404,
        0.18705847121452682,
        0.2450237633420037,
        0.27480958921190396,
        0.286508482682675,
        0.2956947872010874,
        0.32258765974463716,
        0.31801413235341147,
        0.33237747381054605
    ],
    "train_confidence": [
        0.22686588668823243,
        0.229432897567749,
        0.2692069797515869,
        0.2940935096740723,
        0.31444237899780275,
        0.32092598533630373,
        0.33794667625427244,
        0.34455778789520264,
        0.36200318145751953,
        0.36189885902404784
    ],
    "val_loss": [
        2.2147812633514405,
        2.1312836780548094,
        2.06384712600708,
        2.017930711746216,
        1.9867131862640381,
        1.9682530994415284,
        1.9576633539199828,
        1.9481662464141847,
        1.9103952856063844,
        1.8869295740127563
    ],
    "val_accuracy": [
        0.22300000488758087,
        0.24799999594688416,
        0.2590000033378601,
        0.28200000524520874,
        0.3059999942779541,
        0.3019999861717224,
        0.2980000078678131,
        0.3190000057220459,
        0.3100000023841858,
        0.3199999928474426
    ],
    "val_macro_precision": [
        0.02229999999999998,
        0.1631887658426719,
        0.16487807659212975,
        0.30622312956332803,
        0.26789275780472843,
        0.24394042584049033,
        0.25517680786456165,
        0.26457854759214794,
        0.2786969643926886,
        0.28151061742945127
    ],
    "val_macro_recall": [
        0.09999999999999956,
        0.13259229366861144,
        0.1742992063963904,
        0.19988482418532955,
        0.2289817494718176,
        0.2363973472660721,
        0.2392970331134648,
        0.2765204166521404,
        0.24438823652246416,
        0.2650833349447348
    ],
    "val_macro_f1": [
        0.03646770237118843,
        0.08026369705780319,
        0.13796634223652465,
        0.17240376401213886,
        0.20397946166766562,
        0.21658375320432488,
        0.2185761078057892,
        0.24652867434657622,
        0.23013922554812788,
        0.250707907006137
    ],
    "val_micro_f1": [
        0.2229999999994998,
        0.24799999999949976,
        0.25899999999949974,
        0.2819999999994997,
        0.30599999999949967,
        0.3019999999994997,
        0.2979999999994997,
        0.3189999999994997,
        0.3099999999994997,
        0.3199999999994997
    ],
    "val_weighted_f1": [
        0.0813229762877502,
        0.13335579637699962,
        0.18716646757584413,
        0.22411646216019077,
        0.25594810806624074,
        0.267997584544148,
        0.2714128866802249,
        0.2943527582217355,
        0.28210364185621895,
        0.2970938268791953
    ],
    "val_confidence": [
        0.2207367343902588,
        0.22914617156982423,
        0.2833012228012085,
        0.3103336811065674,
        0.31595464611053464,
        0.30992673873901366,
        0.32621002006530764,
        0.3261291160583496,
        0.35539084911346436,
        0.3554772720336914
    ],
    "grad_norm": [
        1.2914009052410598,
        1.0608846417029394,
        1.1100681971174868,
        1.1283613521243585,
        1.1332152047012047,
        1.1623747914431628,
        1.1771074530272485,
        1.234633155756364,
        1.3128050572012617,
        1.412568158563185
    ],
    "fractional_applied_params": [
        2.0,
        2.0,
        2.0,
        2.0,
        2.0,
        2.0,
        2.0,
        2.0,
        2.0,
        2.0
    ],
    "epoch_time": [
        4.117372751235962,
        1.0369603633880615,
        1.036729335784912,
        1.0381584167480469,
        1.0334832668304443,
        1.0378715991973877,
        1.0246319770812988,
        0.8123438358306885,
        0.5766043663024902,
        0.590766191482544
    ],
    "throughput_samples_per_sec": [
        971.4932899381703,
        3857.428057260353,
        3858.2876570880317,
        3852.976516367992,
        3870.406157873719,
        3854.0412928663823,
        3903.8406857007767,
        4924.02333047763,
        6937.165643836931,
        6770.868166917085
    ],
    "lr": [
        0.0003,
        0.0003,
        0.0003,
        0.0003,
        0.0003,
        0.0003,
        0.0003,
        0.0003,
        0.0003,
        0.0003
    ]
}