{
    "train_loss": [
        2.292888422012329,
        2.1951907997131346,
        2.1309367218017576,
        2.0470431518554686,
        1.9937925567626953,
        1.9621983213424683,
        1.9418534851074218,
        1.9222101564407348,
        1.9000961151123046,
        1.8813452110290527
    ],
    "train_accuracy": [
        0.20524999499320984,
        0.23000000417232513,
        0.25,
        0.2930000126361847,
        0.3140000104904175,
        0.3230000138282776,
        0.32899999618530273,
        0.32850000262260437,
        0.33649998903274536,
        0.3345000147819519
    ],
    "train_macro_precision": [
        0.11616204059821218,
        0.1671134121722223,
        0.18814243372640085,
        0.21794342238590284,
        0.2489227890599614,
        0.26056720220087826,
        0.2691549243884944,
        0.2700866195742992,
        0.2841499669431923,
        0.27573705375666324
    ],
    "train_macro_recall": [
        0.1136954359876223,
        0.11882097417153721,
        0.1513704014029863,
        0.21053714220814243,
        0.23587362280059163,
        0.2512047498298655,
        0.25865001512495667,
        0.26025489700843735,
        0.2720445036524475,
        0.26847067517615714
    ],
    "train_macro_f1": [
        0.08250999231755216,
        0.07579261785805072,
        0.1278797081240049,
        0.1917403626564976,
        0.22174649701904459,
        0.23810956055509086,
        0.244291564828023,
        0.25101269694471695,
        0.26538903652693635,
        0.2591458433812068
    ],
    "train_micro_f1": [
        0.20524999999949997,
        0.22999999999949997,
        0.24999999999949996,
        0.29299999999949994,
        0.31399999999949996,
        0.32299999999949996,
        0.3289999999994999,
        0.3284999999994999,
        0.3364999999994999,
        0.3344999999994999
    ],
    "train_weighted_f1": [
        0.12223045683416149,
        0.11996091259786991,
        0.17128873676342743,
        0.2386093112455958,
        0.27085583413221526,
        0.28357711410647735,
        0.29046047330611574,
        0.29403100489304806,
        0.3091933617123694,
        0.30276331830078396
    ],
    "train_confidence": [
        0.23064815616607667,
        0.2273383741378784,
        0.2303747673034668,
        0.2753520345687866,
        0.30430686473846436,
        0.32445177936553954,
        0.3197881908416748,
        0.3262752380371094,
        0.327892388343811,
        0.33690036582946775
    ],
    "val_loss": [
        2.1969941234588624,
        2.141694332122803,
        2.078431184768677,
        2.0177021503448485,
        1.9801022052764892,
        1.966761450767517,
        1.9470352153778077,
        1.9350135183334352,
        1.9194613666534424,
        1.9095589990615844
    ],
    "val_accuracy": [
        0.2409999966621399,
        0.26100000739097595,
        0.30300000309944153,
        0.3050000071525574,
        0.3100000023841858,
        0.3199999928474426,
        0.3240000009536743,
        0.3190000057220459,
        0.3230000138282776,
        0.3199999928474426
    ],
    "val_macro_precision": [
        0.2081687779432985,
        0.2328269247251166,
        0.27377428602071363,
        0.2293870873177318,
        0.23264144789989966,
        0.25225308975404154,
        0.26851177482436117,
        0.2682036195330776,
        0.278924629130332,
        0.2608083864585659
    ],
    "val_macro_recall": [
        0.10571245494217282,
        0.13487920193067524,
        0.19709472805425188,
        0.21281853517239208,
        0.23259275941731028,
        0.2532374207194962,
        0.23993019758190962,
        0.24503440704570414,
        0.2476319735830954,
        0.252327567627998
    ],
    "val_macro_f1": [
        0.05126485080879741,
        0.091254788741198,
        0.1675622884790013,
        0.1874721949327956,
        0.20381307914772542,
        0.2414169727100412,
        0.2332033834286856,
        0.22663650222968643,
        0.22939438385243846,
        0.23920949951839576
    ],
    "val_micro_f1": [
        0.24099999999949975,
        0.26099999999949974,
        0.3029999999994997,
        0.30499999999949967,
        0.3099999999994997,
        0.3199999999994997,
        0.3239999999994997,
        0.3189999999994997,
        0.3229999999994997,
        0.3199999999994997
    ],
    "val_weighted_f1": [
        0.10328584656349853,
        0.1439302636758785,
        0.22492026276367974,
        0.23812549904159966,
        0.25647379798175535,
        0.29175528486684577,
        0.2812119887619982,
        0.27958349229654716,
        0.27823931429595367,
        0.28987741230650393
    ],
    "val_confidence": [
        0.23041210079193114,
        0.21868263053894044,
        0.23798122310638428,
        0.31196129035949705,
        0.31464944648742676,
        0.2948024816513061,
        0.3291765155792236,
        0.3294385452270508,
        0.35359207725524905,
        0.3363076858520508
    ],
    "grad_norm": [
        1.2496691546358027,
        0.9662840609581187,
        0.9423273940697925,
        0.9592645121245121,
        0.9844959111105868,
        1.1124357078660285,
        0.9635518761328489,
        1.0915505471760658,
        1.0911310837413577,
        1.069154411950544
    ],
    "fractional_applied_params": [
        0.0,
        0.0,
        0.0,
        2.0,
        2.0,
        2.0,
        2.0,
        2.0,
        2.0,
        2.0
    ],
    "epoch_time": [
        4.114244222640991,
        0.3586769104003906,
        0.23815274238586426,
        0.24227142333984375,
        0.3840906620025635,
        0.5846595764160156,
        0.6961085796356201,
        0.7334103584289551,
        0.7268338203430176,
        0.7212152481079102
    ],
    "throughput_samples_per_sec": [
        972.2320269632277,
        11152.097846317469,
        16795.94347697683,
        16510.407809793734,
        10414.20788296411,
        6841.588099044139,
        5746.229994886445,
        5453.972600780327,
        5503.321238013201,
        5546.194441248848
    ],
    "lr": [
        0.0003,
        0.0003,
        0.0003,
        0.0003,
        0.0003,
        0.0003,
        0.0003,
        0.0003,
        0.0003,
        0.0003
    ]
}