{
    "train_loss": [
        1.8945938915081582,
        1.0386366084939451,
        0.7418895632710495
    ],
    "train_accuracy": [
        0.5002455115318298,
        0.6965530514717102,
        0.7791417241096497
    ],
    "train_macro_precision": [
        0.4927952690343621,
        0.6821888345945125,
        0.7635504339964355
    ],
    "train_macro_recall": [
        0.48467468173039885,
        0.6803187220921331,
        0.7638938152251382
    ],
    "train_macro_f1": [
        0.4703046669492397,
        0.6692097912606775,
        0.7562003279909197
    ],
    "train_micro_f1": [
        0.5002455072174121,
        0.6965530786600125,
        0.7791417067656787
    ],
    "train_weighted_f1": [
        0.4836138133256372,
        0.6848840262024237,
        0.770876175714035
    ],
    "train_confidence": [
        0.2661118206054888,
        0.5790289732558337,
        0.7081842229558994
    ],
    "val_loss": [
        1.176157282897585,
        0.941792941167226,
        0.876864918241661
    ],
    "val_accuracy": [
        0.6675508618354797,
        0.7267904281616211,
        0.738284707069397
    ],
    "val_macro_precision": [
        0.6659782256930573,
        0.6938222020249853,
        0.7342958020620604
    ],
    "val_macro_recall": [
        0.654159851864322,
        0.714113806382248,
        0.7264453042107637
    ],
    "val_macro_f1": [
        0.6326458459542244,
        0.6997610729128997,
        0.7158985837099651
    ],
    "val_micro_f1": [
        0.6675508399641324,
        0.7267904509278813,
        0.7382847038014445
    ],
    "val_weighted_f1": [
        0.6492697940924339,
        0.714132885175505,
        0.7302937455374563
    ],
    "val_confidence": [
        0.5006933119526803,
        0.6709637726228075,
        0.7629669115250349
    ],
    "test_loss": [
        1.2877074579767136,
        1.1200037149438438,
        1.0825337021514196
    ],
    "test_accuracy": [
        0.6286510825157166,
        0.6712692379951477,
        0.680164635181427
    ],
    "test_macro_precision": [
        0.6240192231275985,
        0.645433439684154,
        0.6761601754833928
    ],
    "test_macro_recall": [
        0.6112926639400336,
        0.6552115257045622,
        0.6643437371511134
    ],
    "test_macro_f1": [
        0.5955431047000788,
        0.6460705578248993,
        0.6587248667034469
    ],
    "test_micro_f1": [
        0.6286510886877633,
        0.6712692511944016,
        0.6801646309076252
    ],
    "test_weighted_f1": [
        0.6125133350001408,
        0.6625009091653414,
        0.6743647162285029
    ],
    "test_confidence": [
        0.48685565908982026,
        0.6477993693177015,
        0.7419052131620418
    ],
    "grad_norm": [
        0.9999997473664781,
        NaN,
        0.9986446578655872
    ],
    "fractional_applied_params": [
        0.0,
        4.0,
        4.0
    ],
    "epoch_time": [
        64.86588525772095,
        60.012574434280396,
        65.66976928710938
    ],
    "throughput_samples_per_sec": [
        156.98544711972343,
        169.68110593474665,
        155.0637395340883
    ],
    "lr": [
        2e-05,
        2e-05,
        2e-05
    ]
}