{
    "train_loss": [
        0.45032850206163194,
        0.31674248385959203,
        0.2677519237942166,
        0.22309943101671006,
        0.18781551030476887
    ],
    "train_accuracy": [
        0.7985333204269409,
        0.8700888752937317,
        0.8908888697624207,
        0.9147999882698059,
        0.9299555420875549
    ],
    "train_macro_precision": [
        0.798533097264235,
        0.8700902293863539,
        0.8909044198280227,
        0.9148131561332942,
        0.92995719080669
    ],
    "train_macro_recall": [
        0.7985331515162375,
        0.8700878403369796,
        0.8908855884446397,
        0.9147971060210034,
        0.9299546225261481
    ],
    "train_macro_f1": [
        0.7985331228123826,
        0.8700884144063704,
        0.8908871040708258,
        0.9147988405905374,
        0.9299553114882297
    ],
    "train_micro_f1": [
        0.7985333333328333,
        0.8700888888883889,
        0.8908888888883888,
        0.9147999999994999,
        0.9299555555550555
    ],
    "train_weighted_f1": [
        0.7985333424858962,
        0.8700886792335433,
        0.8908875747919413,
        0.9147991758413219,
        0.9299554509549872
    ],
    "train_confidence": [
        0.7602520340177747,
        0.8729236199484931,
        0.8985724206818475,
        0.9227591218630473,
        0.9397576583014594
    ],
    "val_loss": [
        0.35838875732421877,
        0.3232834045410156,
        0.3199214416503906,
        0.34593985595703125,
        0.42899581909179685
    ],
    "val_accuracy": [
        0.8447999954223633,
        0.8632000088691711,
        0.8715999722480774,
        0.8679999709129333,
        0.8575999736785889
    ],
    "val_macro_precision": [
        0.845149076899036,
        0.8632616487455191,
        0.8716040778266092,
        0.8691378140548536,
        0.8651746083934142
    ],
    "val_macro_recall": [
        0.8449546710224809,
        0.8632718791363806,
        0.871638090166389,
        0.8677343703995753,
        0.8582935003289898
    ],
    "val_macro_f1": [
        0.8447900665637597,
        0.8631999124474432,
        0.8715975141273727,
        0.8678287060024794,
        0.8570143306980433
    ],
    "val_micro_f1": [
        0.8447999999994996,
        0.8631999999994996,
        0.8715999999994997,
        0.8679999999994996,
        0.8575999999994995
    ],
    "val_weighted_f1": [
        0.8447781464408719,
        0.8632009630721157,
        0.871602937848376,
        0.8678743844016849,
        0.8569264803028245
    ],
    "val_confidence": [
        0.8709479913711548,
        0.8880287984848022,
        0.9096462162017822,
        0.9287741300582886,
        0.9450049550056457
    ],
    "test_loss": [
        0.3346911328125,
        0.31005920013427735,
        0.3146022848510742,
        0.33926962936401367,
        0.4203161116027832
    ],
    "test_accuracy": [
        0.8579199910163879,
        0.8674799799919128,
        0.8727200031280518,
        0.8695999979972839,
        0.8532800078392029
    ],
    "test_macro_precision": [
        0.8580773110972348,
        0.8674932297562711,
        0.8727274807896304,
        0.8713332433645931,
        0.8616893313520095
    ],
    "test_macro_recall": [
        0.8579199999999998,
        0.8674799999999999,
        0.8727199999999999,
        0.8695999999999999,
        0.8532799999999998
    ],
    "test_macro_f1": [
        0.8579043935822088,
        0.8674788073087656,
        0.8727193613561673,
        0.869447657740225,
        0.8524221984792411
    ],
    "test_micro_f1": [
        0.8579199999995,
        0.8674799999995,
        0.8727199999995,
        0.8695999999994999,
        0.8532799999995
    ],
    "test_weighted_f1": [
        0.8579043935822087,
        0.8674788073087656,
        0.8727193613561673,
        0.8694476577402249,
        0.8524221984792411
    ],
    "test_confidence": [
        0.8658256997871399,
        0.8857756365013123,
        0.9064252865219116,
        0.9248926795768738,
        0.9434854453468323
    ],
    "grad_norm": [
        0.9708920920196377,
        0.99857937061282,
        0.9999998403464908,
        0.999752362542834,
        0.9985671425038762
    ],
    "nonfinite_grad_tensors": [
        0.0,
        0.0014204545454545455,
        0.0,
        0.0,
        0.0014204545454545455
    ],
    "nonfinite_train_loss_batches": [
        0,
        0,
        0,
        0,
        0
    ],
    "nonfinite_val_loss_batches": [
        0,
        0,
        0,
        0,
        0
    ],
    "nonfinite_test_loss_batches": [
        0,
        0,
        0,
        0,
        0
    ],
    "fractional_applied_params": [
        0.0,
        0.0,
        0.0,
        0.0,
        0.0
    ],
    "epoch_time": [
        306.60513639450073,
        271.18011689186096,
        126.85847163200378,
        128.2078275680542,
        129.08189392089844
    ],
    "throughput_samples_per_sec": [
        73.38428920202382,
        82.97068479018456,
        177.36300706246024,
        175.49630491989063,
        174.30794758704138
    ],
    "lr": [
        2e-05,
        2e-05,
        2e-05,
        2e-05,
        2e-05
    ]
}