{
    "train_loss": [
        2.1087551498413086,
        2.0833411693572996,
        2.007086818218231,
        1.9765079808235169,
        1.9685948586463928,
        1.9588393306732177,
        1.9554713726043702,
        1.9489749264717102,
        1.9438032007217407,
        1.938483145236969
    ],
    "train_accuracy": [
        0.33145833015441895,
        0.3388541638851166,
        0.3370833396911621,
        0.3361458480358124,
        0.33531248569488525,
        0.3347916603088379,
        0.33677083253860474,
        0.3389583230018616,
        0.33770832419395447,
        0.34302082657814026
    ],
    "train_macro_precision": [
        0.06578949176762607,
        0.033888946765288044,
        0.10565496245368924,
        0.1312466191355571,
        0.13081469483752797,
        0.13148667276699158,
        0.13449827777951398,
        0.15055762084569263,
        0.13052312922457365,
        0.14967485765162306
    ],
    "train_macro_recall": [
        0.09962135864313512,
        0.09999999999999996,
        0.1072136463398163,
        0.11711371141202953,
        0.11690396846063034,
        0.12083947490762555,
        0.12242270884028425,
        0.12732230904097103,
        0.12237881468986114,
        0.1294598762395487
    ],
    "train_macro_f1": [
        0.053720319017566034,
        0.050622471210668686,
        0.06955393206335332,
        0.0893719749717866,
        0.08916829083746272,
        0.09800015719612043,
        0.09909783477366083,
        0.10694818684602656,
        0.09844191291239521,
        0.10840489508321202
    ],
    "train_micro_f1": [
        0.33145833333283325,
        0.33885416666616663,
        0.3370833333328333,
        0.33614583333283327,
        0.33531249999949997,
        0.3347916666661666,
        0.3367708333328333,
        0.33895833333283326,
        0.3377083333328333,
        0.3430208333328333
    ],
    "train_weighted_f1": [
        0.17250169457737016,
        0.1715363529669846,
        0.19168094454214843,
        0.20934058726870097,
        0.20952719247638335,
        0.2207974602386941,
        0.2210516865903315,
        0.22730171038050828,
        0.22205739037944303,
        0.22993874386996788
    ],
    "train_confidence": [
        0.3380841787656148,
        0.34205203811327617,
        0.33752283414204914,
        0.3408378569285075,
        0.34728652040163677,
        0.3448975439866384,
        0.3463333316644033,
        0.345219167470932,
        0.3468540910879771,
        0.34680262764294945
    ],
    "val_loss": [
        2.0466068744659425,
        2.0111175632476805,
        1.9387625026702882,
        1.93025887966156,
        1.9277918195724488,
        1.9296507596969605,
        1.9272096872329711,
        1.9337857103347778,
        1.9224222898483276,
        1.9263580274581908
    ],
    "val_accuracy": [
        0.35749998688697815,
        0.35749998688697815,
        0.3570833206176758,
        0.3583333194255829,
        0.34291666746139526,
        0.3499999940395355,
        0.3466666638851166,
        0.36125001311302185,
        0.35333332419395447,
        0.3554166555404663
    ],
    "val_macro_precision": [
        0.03574999999999999,
        0.03574999999999999,
        0.0731413367196442,
        0.046378861672157615,
        0.05368729912398975,
        0.04856172839506169,
        0.13991283346151795,
        0.17875423157990897,
        0.08830181997770792,
        0.14158759577908292
    ],
    "val_macro_recall": [
        0.09999999999999988,
        0.09999999999999988,
        0.1185734680100918,
        0.10452673846834415,
        0.12111459968602797,
        0.11010537081965635,
        0.13322189788989075,
        0.10878138691409178,
        0.11250872537669447,
        0.11298541227039301
    ],
    "val_macro_f1": [
        0.05267034990788013,
        0.05267034990788013,
        0.0793441529925731,
        0.06026214387108181,
        0.07358212984556559,
        0.06727317417649212,
        0.09361750068768063,
        0.07008644880053036,
        0.07815007700984329,
        0.0809431104510127
    ],
    "val_micro_f1": [
        0.35749999999949983,
        0.35749999999949983,
        0.3570833333328332,
        0.35833333333283324,
        0.34291666666616655,
        0.3499999999994999,
        0.3466666666661665,
        0.36124999999949986,
        0.35333333333283323,
        0.35541666666616656
    ],
    "val_weighted_f1": [
        0.1882965009206715,
        0.1882965009206715,
        0.2161580415776239,
        0.1953135598735436,
        0.22320660328753314,
        0.20974320439571362,
        0.2356563875881685,
        0.20231111605201954,
        0.21227229921341523,
        0.2145244440930945
    ],
    "val_confidence": [
        0.361128830909729,
        0.2922525151570638,
        0.3072884654998779,
        0.41412479559580484,
        0.32411659479141236,
        0.35532883485158284,
        0.31725797335306805,
        0.4139695851008097,
        0.3254064083099365,
        0.3726557620366414
    ],
    "grad_norm": [
        1.136045039409558,
        0.9012044376278564,
        0.9466463262834545,
        0.9547913176738207,
        0.9716334595747408,
        0.9758947758562051,
        1.0049505458276948,
        1.0236461593010513,
        0.8865146418667718,
        0.9268698183099342
    ],
    "fractional_applied_params": [
        0.0,
        0.0,
        0.0,
        0.0,
        0.0,
        0.0,
        0.0,
        0.0,
        0.0,
        0.0
    ],
    "epoch_time": [
        6.634841680526733,
        3.716094970703125,
        2.2480080127716064,
        3.6578307151794434,
        3.2463080883026123,
        3.843635082244873,
        3.7756149768829346,
        3.8330321311950684,
        3.8638250827789307,
        3.687481641769409
    ],
    "throughput_samples_per_sec": [
        1446.907170095107,
        2583.3570120474014,
        4270.44741186843,
        2624.5063666181854,
        2957.20545890009,
        2497.6356481773823,
        2542.6321430490643,
        2504.544619355147,
        2484.584522934851,
        2603.402791557632
    ],
    "lr": [
        0.0003,
        0.0003,
        0.0003,
        0.0003,
        0.0003,
        0.0003,
        0.0003,
        0.0003,
        0.0003,
        0.0003
    ]
}