{
    "train_loss": [
        2.225110761642456,
        2.0814027614593504,
        1.9869771747589111,
        1.9412339210510254,
        1.912504981994629,
        1.8782359657287597,
        1.8575795354843139,
        1.8157308053970338,
        1.7875693378448487,
        1.7654150257110595
    ],
    "train_accuracy": [
        0.22574999928474426,
        0.2759999930858612,
        0.30774998664855957,
        0.31949999928474426,
        0.3255000114440918,
        0.3402499854564667,
        0.3434999883174896,
        0.351500004529953,
        0.36924999952316284,
        0.359250009059906
    ],
    "train_macro_precision": [
        0.11970502828180515,
        0.2099424389480749,
        0.2395421870881746,
        0.24942143724583912,
        0.272484285802733,
        0.28079836155069504,
        0.29093823739680624,
        0.29352772277407174,
        0.3122739049294345,
        0.30803919885669484
    ],
    "train_macro_recall": [
        0.11588277200225543,
        0.1787665643775708,
        0.22545959917291314,
        0.24579912140385982,
        0.25379175231796025,
        0.27064011985063297,
        0.2747825468600925,
        0.28122874143258575,
        0.2985410529951366,
        0.2906377332435738
    ],
    "train_macro_f1": [
        0.08394495317028519,
        0.16694978200535665,
        0.21939984365613713,
        0.23635566326395643,
        0.25107062712740114,
        0.2667273387876717,
        0.27133535175862755,
        0.279946846874635,
        0.29575471725924324,
        0.2884278390737952
    ],
    "train_micro_f1": [
        0.22574999999949996,
        0.2759999999994999,
        0.3077499999994999,
        0.31949999999949996,
        0.3254999999994999,
        0.34024999999949995,
        0.3434999999994999,
        0.35149999999949993,
        0.3692499999994999,
        0.35924999999949986
    ],
    "train_weighted_f1": [
        0.13279240574708492,
        0.21808976273937156,
        0.2708927150450113,
        0.28598166276346315,
        0.3001258870508558,
        0.3157788306832368,
        0.320456139230138,
        0.328759147853104,
        0.3440703469500976,
        0.3349688629676581
    ],
    "train_confidence": [
        0.2342435712814331,
        0.29463839340209963,
        0.31014122104644776,
        0.3330582456588745,
        0.33693565654754637,
        0.3488875198364258,
        0.35408739852905274,
        0.3598633308410645,
        0.37089507389068604,
        0.37404933929443357
    ],
    "val_loss": [
        2.169679718017578,
        2.0631773872375487,
        2.0551613731384277,
        2.044841751098633,
        1.9907739267349243,
        1.9560394763946534,
        1.9330840854644775,
        1.9251003351211549,
        1.9022904195785522,
        1.8841655492782592
    ],
    "val_accuracy": [
        0.20800000429153442,
        0.2919999957084656,
        0.2849999964237213,
        0.27399998903274536,
        0.2840000092983246,
        0.28200000524520874,
        0.2879999876022339,
        0.3070000112056732,
        0.3240000009536743,
        0.32100000977516174
    ],
    "val_macro_precision": [
        0.16476963180187937,
        0.3212682515728734,
        0.2781721220873806,
        0.29053910118000026,
        0.26113425771809123,
        0.2657342004318925,
        0.26516945739025066,
        0.30747017903826,
        0.29942659865027277,
        0.2993101419122972
    ],
    "val_macro_recall": [
        0.12100563785323275,
        0.2281663308568,
        0.22687038668950094,
        0.211197376599904,
        0.23430089803317672,
        0.24718319900346905,
        0.2520471020552955,
        0.2500690151700803,
        0.274797244718373,
        0.27253870331091845
    ],
    "val_macro_f1": [
        0.07324320638543594,
        0.21400764655732568,
        0.1942666307733149,
        0.17323871697890106,
        0.20997350707698265,
        0.23371201786354745,
        0.2339957363456891,
        0.23827842201723765,
        0.25750987250345425,
        0.2650907195340502
    ],
    "val_micro_f1": [
        0.2079999999994998,
        0.2919999999994997,
        0.2849999999994997,
        0.27399999999949975,
        0.2839999999994997,
        0.2819999999994997,
        0.2879999999994997,
        0.3069999999994997,
        0.3239999999994997,
        0.3209999999994997
    ],
    "val_weighted_f1": [
        0.10494987530977741,
        0.2497789926175266,
        0.22431977104455986,
        0.20503153975931587,
        0.24107928844099746,
        0.2654526889934128,
        0.26426325604707585,
        0.2728809215212209,
        0.2882327077535911,
        0.2911004850132872
    ],
    "val_confidence": [
        0.26180179595947267,
        0.30019637775421143,
        0.360115008354187,
        0.3717672309875488,
        0.33338208961486815,
        0.3112454280853271,
        0.31591966247558595,
        0.3623227081298828,
        0.3578673324584961,
        0.3650717821121216
    ],
    "grad_norm": [
        1.370075210351634,
        1.5385347947656005,
        1.3001856778857446,
        1.3728681460194363,
        1.3814308569671117,
        1.2436168318725762,
        1.4193058188300174,
        1.2543302170105572,
        1.2456693164213413,
        1.3478893609780376
    ],
    "fractional_applied_params": [
        66.0,
        66.0,
        66.0,
        66.0,
        66.0,
        66.0,
        66.0,
        66.0,
        66.0,
        66.0
    ],
    "epoch_time": [
        4.874423980712891,
        1.0245656967163086,
        1.2789373397827148,
        1.359886646270752,
        1.604095458984375,
        1.302393913269043,
        1.6136014461517334,
        1.6716303825378418,
        1.6684188842773438,
        1.664527416229248
    ],
    "throughput_samples_per_sec": [
        820.609781961354,
        3904.09322976539,
        3127.5965409529604,
        2941.421633170155,
        2493.6171831896963,
        3071.2674247378004,
        2478.9268809466994,
        2392.8734735768953,
        2397.4794565649822,
        2403.08447971463
    ],
    "lr": [
        0.0003,
        0.0003,
        0.0003,
        0.0003,
        0.0003,
        0.0003,
        0.0003,
        0.0003,
        0.0003,
        0.0003
    ]
}