{
    "train_loss": [
        2.112081911563873,
        2.0846045899391172,
        2.0708861780166625,
        1.9928342700004578,
        1.9671163368225097,
        1.9576052665710448,
        1.950252366065979,
        1.9521133708953857,
        1.9471635103225708,
        1.9422395086288453
    ],
    "train_accuracy": [
        0.3296875059604645,
        0.3409374952316284,
        0.3410416543483734,
        0.33666667342185974,
        0.33541667461395264,
        0.33541667461395264,
        0.33687499165534973,
        0.3320833444595337,
        0.3382291793823242,
        0.3402083218097687
    ],
    "train_macro_precision": [
        0.0725975094686426,
        0.03410085434465513,
        0.03411127318191289,
        0.1313089220343732,
        0.11988521876163519,
        0.12514577606034746,
        0.13665096315136346,
        0.12262677294742808,
        0.1400544454136581,
        0.1413553900082615
    ],
    "train_macro_recall": [
        0.09952594887604724,
        0.0999694563225412,
        0.09999999999999996,
        0.11084850598341638,
        0.11322801158986348,
        0.11497652289109558,
        0.12075766050962375,
        0.11449779687909448,
        0.11971592354672503,
        0.12114318005323477
    ],
    "train_macro_f1": [
        0.05639581575383262,
        0.050854568054654416,
        0.05087010565564881,
        0.07818567193619048,
        0.08425857066396278,
        0.08778563247458919,
        0.09730819628129181,
        0.08871960296887746,
        0.09601678586452737,
        0.09713740700795209
    ],
    "train_micro_f1": [
        0.3296874999994999,
        0.34093749999949996,
        0.3410416666661666,
        0.3366666666661666,
        0.3354166666661666,
        0.3354166666661666,
        0.33687499999949994,
        0.3320833333328333,
        0.3382291666661666,
        0.3402083333328333
    ],
    "train_weighted_f1": [
        0.1762673236939661,
        0.17343526646972768,
        0.17348825616311897,
        0.2032886827338077,
        0.20678878181819452,
        0.2097466503924804,
        0.21880518094504334,
        0.21223143937929878,
        0.21731986247078064,
        0.21990543351003708
    ],
    "train_confidence": [
        0.3362937601407369,
        0.342332444190979,
        0.3403711195786794,
        0.3451649192969004,
        0.3424928875764211,
        0.34407302260398864,
        0.34594563563664754,
        0.3466683554649353,
        0.34419731696446737,
        0.3438891323407491
    ],
    "val_loss": [
        2.0628951454162596,
        2.0582147216796876,
        2.006834602355957,
        1.9375282049179077,
        1.929363398551941,
        1.9242627573013307,
        1.9206172180175782,
        1.9209019994735719,
        1.919308795928955,
        1.9256557035446167
    ],
    "val_accuracy": [
        0.3487499952316284,
        0.3487499952316284,
        0.3487499952316284,
        0.3541666567325592,
        0.35333332419395447,
        0.35208332538604736,
        0.35249999165534973,
        0.35499998927116394,
        0.35083332657814026,
        0.35374999046325684
    ],
    "val_macro_precision": [
        0.03487499999999999,
        0.03487499999999999,
        0.03487499999999999,
        0.19792657704023836,
        0.15256664055015984,
        0.09881300741963514,
        0.08822852482530634,
        0.0896375853304601,
        0.0762555836609247,
        0.08754076812486924
    ],
    "val_macro_recall": [
        0.09999999999999988,
        0.09999999999999988,
        0.09999999999999988,
        0.11719333294091554,
        0.11370879583012791,
        0.11280447870835046,
        0.11394416268273069,
        0.12239467933055607,
        0.12224778437530273,
        0.11515179137496996
    ],
    "val_macro_f1": [
        0.051714550509692855,
        0.051714550509692855,
        0.051714550509692855,
        0.07940009524738201,
        0.07747919676142725,
        0.07364774815924575,
        0.07868388377221852,
        0.08419285979985544,
        0.08528062305887238,
        0.07647287626607141
    ],
    "val_micro_f1": [
        0.3487499999994999,
        0.3487499999994999,
        0.3487499999994999,
        0.35416666666616653,
        0.35333333333283323,
        0.3520833333328332,
        0.3524999999994999,
        0.3549999999994999,
        0.35083333333283323,
        0.35374999999949985
    ],
    "val_weighted_f1": [
        0.18035449490255384,
        0.18035449490255384,
        0.18035449490255384,
        0.2125163367691515,
        0.20575190841490998,
        0.20431513854767877,
        0.20898407796208876,
        0.20986563901744093,
        0.21802223462715398,
        0.20588515612364694
    ],
    "val_confidence": [
        0.3435016965866089,
        0.33393640995025636,
        0.3778586196899414,
        0.3167666498819987,
        0.37123990853627525,
        0.37545124053955076,
        0.34468819936116535,
        0.3513905668258667,
        0.3605695311228434,
        0.3977472639083862
    ],
    "grad_norm": [
        1.1208763801077657,
        0.8346019749805709,
        0.816497678611012,
        0.9001767757272234,
        0.8382228332719134,
        0.8205272132532815,
        0.8431816598234101,
        0.8248350789400412,
        0.870681514923198,
        0.7670714294295352
    ],
    "fractional_applied_params": [
        0.0,
        0.0,
        0.0,
        2.0,
        2.0,
        2.0,
        2.0,
        2.0,
        2.0,
        2.0
    ],
    "epoch_time": [
        5.410701274871826,
        1.8602194786071777,
        1.8392610549926758,
        1.853217601776123,
        1.8769352436065674,
        1.870088815689087,
        1.8633570671081543,
        1.8637287616729736,
        1.8679654598236084,
        1.7114460468292236
    ],
    "throughput_samples_per_sec": [
        1774.2616922105747,
        5160.681366043921,
        5219.4874533665525,
        5180.17959186194,
        5114.720943463885,
        5133.446026445867,
        5151.991622785838,
        5150.964130307552,
        5139.281323171001,
        5609.291638369676
    ],
    "lr": [
        0.0003,
        0.0003,
        0.0003,
        0.0003,
        0.0003,
        0.0003,
        0.0003,
        0.0003,
        0.0003,
        0.0003
    ]
}