{
    "train_loss": [
        2.2525180397033693,
        2.1641489982604982,
        2.0803870334625243,
        2.018052412033081,
        1.9696333026885986,
        1.93181148147583,
        1.9017380504608155,
        1.859669282913208,
        1.8261191806793213,
        1.8011060523986817
    ],
    "train_accuracy": [
        0.20125000178813934,
        0.2370000034570694,
        0.2590000033378601,
        0.2852500081062317,
        0.304500013589859,
        0.3190000057220459,
        0.3215000033378601,
        0.3400000035762787,
        0.35324999690055847,
        0.359499990940094
    ],
    "train_macro_precision": [
        0.08553066053991812,
        0.17441777601787167,
        0.17646655152577714,
        0.21609267078659,
        0.2336223410849963,
        0.2519917582441639,
        0.26523102782863817,
        0.29248830119209834,
        0.30447351487637114,
        0.31762140452431653
    ],
    "train_macro_recall": [
        0.1015156458089218,
        0.13743149356318488,
        0.1829789994103615,
        0.20932230686054631,
        0.23758682585365437,
        0.2546210835203941,
        0.2645132495470348,
        0.2804889396664492,
        0.296641641653161,
        0.30421688042579753
    ],
    "train_macro_f1": [
        0.058075909954581485,
        0.1069408096642128,
        0.16175400309205107,
        0.18904926834145414,
        0.22299391950774666,
        0.23518332859772575,
        0.2543583525391015,
        0.27192334729250095,
        0.29044275204803194,
        0.3037396405585865
    ],
    "train_micro_f1": [
        0.20124999999949997,
        0.23699999999949994,
        0.25899999999949996,
        0.28524999999949996,
        0.30449999999949995,
        0.31899999999949996,
        0.32149999999949996,
        0.3399999999994999,
        0.3532499999994999,
        0.35949999999949994
    ],
    "train_weighted_f1": [
        0.09786854548396047,
        0.15057957646741285,
        0.20726433268342534,
        0.2328423594527262,
        0.2679399671793788,
        0.2805500432422006,
        0.2968043711769489,
        0.3166588197043793,
        0.3300181981276713,
        0.3416982506520799
    ],
    "train_confidence": [
        0.21179218769073485,
        0.2467022705078125,
        0.2680175380706787,
        0.2912455492019653,
        0.3041572494506836,
        0.32156560230255127,
        0.3286000308990479,
        0.3512042875289917,
        0.3571471338272095,
        0.3648291902542114
    ],
    "val_loss": [
        2.173520490646362,
        2.037726294517517,
        1.9700356426239014,
        1.9534082098007202,
        1.9035435962677,
        1.8913180379867554,
        1.8755940713882446,
        1.8432385425567628,
        1.8291551733016969,
        1.839249755859375
    ],
    "val_accuracy": [
        0.24300000071525574,
        0.2930000126361847,
        0.31299999356269836,
        0.32199999690055847,
        0.33000001311302185,
        0.33500000834465027,
        0.33000001311302185,
        0.34299999475479126,
        0.36000001430511475,
        0.34700000286102295
    ],
    "val_macro_precision": [
        0.024299999999999974,
        0.16405004240215446,
        0.17099084902127135,
        0.2558048376530067,
        0.2456573961259651,
        0.24878888476131555,
        0.27655457032387376,
        0.28780290005841047,
        0.3028146867336137,
        0.2972957309274432
    ],
    "val_macro_recall": [
        0.09999999999999959,
        0.18510762485401905,
        0.1917713587155659,
        0.22531010866881082,
        0.23528040051102495,
        0.255480787457211,
        0.23491144650819615,
        0.2628614810128475,
        0.27360110051719294,
        0.26032180109125347
    ],
    "val_macro_f1": [
        0.039098954143170404,
        0.133900029602813,
        0.15037479962078876,
        0.20819271264265762,
        0.2171981379199337,
        0.246885884489671,
        0.22947855001135356,
        0.25466543770956696,
        0.26811554533213894,
        0.2490369678934925
    ],
    "val_micro_f1": [
        0.24299999999949976,
        0.2929999999994997,
        0.3129999999994997,
        0.3219999999994997,
        0.3299999999994997,
        0.33499999999949964,
        0.3299999999994997,
        0.34299999999949965,
        0.35999999999949966,
        0.34699999999949965
    ],
    "val_weighted_f1": [
        0.09501045856790408,
        0.2076285553523802,
        0.22251767388593496,
        0.2835708713069445,
        0.2796058392662743,
        0.31030382871714574,
        0.2946232499151719,
        0.3166029820553508,
        0.3282601478182626,
        0.3117980748866354
    ],
    "val_confidence": [
        0.30798961353302,
        0.2604418907165527,
        0.29574932289123534,
        0.26983281326293945,
        0.3223870258331299,
        0.3072031440734863,
        0.3606184186935425,
        0.3582117967605591,
        0.3857408084869385,
        0.43511863708496096
    ],
    "grad_norm": [
        1.2079486803849702,
        1.189009647123186,
        1.1001130439315683,
        1.2178076867978314,
        1.2012502836375836,
        1.1755277250291223,
        1.268954741517686,
        1.251648857789105,
        1.2981313313986467,
        1.358996269830489
    ],
    "fractional_applied_params": [
        42.0,
        42.0,
        42.0,
        42.0,
        42.0,
        42.0,
        42.0,
        42.0,
        42.0,
        42.0
    ],
    "epoch_time": [
        4.429994821548462,
        0.9403510093688965,
        0.8173079490661621,
        0.9921112060546875,
        1.1097817420959473,
        1.0799787044525146,
        0.7472515106201172,
        0.6409189701080322,
        0.6526613235473633,
        0.6217045783996582
    ],
    "throughput_samples_per_sec": [
        902.93559273323,
        4253.730745378308,
        4894.116109564713,
        4031.8060874513603,
        3604.3123150012825,
        3703.7767351419798,
        5352.9500350966755,
        6241.038550202012,
        6128.752931549685,
        6433.9239873325005
    ],
    "lr": [
        0.0003,
        0.0003,
        0.0003,
        0.0003,
        0.0003,
        0.0003,
        0.0003,
        0.0003,
        0.0003,
        0.0003
    ]
}