{
    "train_loss": [
        0.3647922614203559,
        0.19543422088623047,
        0.07833749280400472,
        NaN,
        NaN
    ],
    "train_accuracy": [
        0.8402222394943237,
        0.9252444505691528,
        0.9731734991073608,
        0.0,
        0.0
    ],
    "train_macro_precision": [
        0.8402878147467003,
        0.9252496109042803,
        0.9731718324276339,
        0.0,
        0.0
    ],
    "train_macro_recall": [
        0.8402078338365953,
        0.9252412243168999,
        0.9731773819953935,
        0.0,
        0.0
    ],
    "train_macro_f1": [
        0.8402099727576882,
        0.925243546037493,
        0.9731733390015387,
        0.0,
        0.0
    ],
    "train_micro_f1": [
        0.8402222222217222,
        0.9252444444439444,
        0.973173515981235,
        0.0,
        0.0
    ],
    "train_weighted_f1": [
        0.84021283303863,
        0.9252440758669387,
        0.9731735946388776,
        0.0,
        0.0
    ],
    "train_confidence": [
        0.8440474370320638,
        0.9364462091869779,
        0.9816452436251183,
        NaN,
        NaN
    ],
    "val_loss": [
        0.3070901611328125,
        0.29836438522338865,
        0.0,
        0.0,
        0.0
    ],
    "val_accuracy": [
        0.8676000237464905,
        0.8787999749183655,
        0.49079999327659607,
        0.49079999327659607,
        0.49079999327659607
    ],
    "val_macro_precision": [
        0.873464666583675,
        0.8787554032737175,
        0.24539999999999992,
        0.24539999999999992,
        0.24539999999999992
    ],
    "val_macro_recall": [
        0.8687699707613004,
        0.8787663151236476,
        0.4999999999999996,
        0.4999999999999996,
        0.4999999999999996
    ],
    "val_macro_f1": [
        0.8672993321342792,
        0.8787607184722845,
        0.3292192111615713,
        0.3292192111615713,
        0.3292192111615713
    ],
    "val_micro_f1": [
        0.8675999999994997,
        0.8787999999994996,
        0.49079999999949986,
        0.49079999999949986,
        0.49079999999949986
    ],
    "val_weighted_f1": [
        0.8671831075813363,
        0.8788008729223263,
        0.3231615776761984,
        0.3231615776761984,
        0.3231615776761984
    ],
    "val_confidence": [
        0.8915626811981201,
        0.9171007493972778,
        NaN,
        NaN,
        NaN
    ],
    "test_loss": [
        0.3200330497741699,
        0.3227560607910156,
        0.0,
        0.0,
        0.0
    ],
    "test_accuracy": [
        0.8608800172805786,
        0.8688799738883972,
        0.5,
        0.5,
        0.5
    ],
    "test_macro_precision": [
        0.8678612028090262,
        0.8689106839247889,
        0.25,
        0.25,
        0.25
    ],
    "test_macro_recall": [
        0.8608799999999999,
        0.8688799999999999,
        0.49999999999999994,
        0.49999999999999994,
        0.49999999999999994
    ],
    "test_macro_f1": [
        0.8602168050049643,
        0.8688772734859738,
        0.33333333333311105,
        0.33333333333311105,
        0.33333333333311105
    ],
    "test_micro_f1": [
        0.8608799999994999,
        0.8688799999995,
        0.49999999999949996,
        0.49999999999949996,
        0.49999999999949996
    ],
    "test_weighted_f1": [
        0.8602168050049644,
        0.8688772734859737,
        0.3333333333331111,
        0.3333333333331111,
        0.3333333333331111
    ],
    "test_confidence": [
        0.8904561064910889,
        0.9108067834091187,
        NaN,
        NaN,
        NaN
    ],
    "grad_norm": [
        0.8827241784022103,
        0.841671438832438,
        0.7059410444409584,
        0.0,
        0.0
    ],
    "nonfinite_grad_tensors": [
        0.0014204545454545455,
        0.0,
        0.0136986301369863,
        0.0,
        0.0
    ],
    "nonfinite_train_loss_batches": [
        0,
        0,
        485,
        704,
        704
    ],
    "nonfinite_val_loss_batches": [
        0,
        0,
        79,
        79,
        79
    ],
    "nonfinite_test_loss_batches": [
        0,
        0,
        782,
        782,
        782
    ],
    "fractional_applied_params": [
        20.0,
        20.0,
        20.0,
        0.0,
        0.0
    ],
    "epoch_time": [
        171.75744032859802,
        246.5746190547943,
        110.43153858184814,
        16.344301462173462,
        16.066505432128906
    ],
    "throughput_samples_per_sec": [
        130.99869185843764,
        91.25026771307716,
        63.46013186084432,
        0.0,
        0.0
    ],
    "lr": [
        2e-05,
        2e-05,
        2e-05,
        2e-05,
        2e-05
    ]
}