{
    "train_loss": [
        2.3448425025939943,
        2.2319207019805907,
        2.1453157243728636,
        2.0516939029693604,
        1.9859927673339843,
        1.996393232345581,
        1.957040083885193,
        1.8772414894104004,
        1.895388885498047,
        1.829127000808716
    ],
    "train_accuracy": [
        0.18275000154972076,
        0.23749999701976776,
        0.24674999713897705,
        0.2762500047683716,
        0.3005000054836273,
        0.29374998807907104,
        0.3152500092983246,
        0.33024999499320984,
        0.32199999690055847,
        0.35324999690055847
    ],
    "train_macro_precision": [
        0.10244313715137301,
        0.17018933466501812,
        0.18293737137951677,
        0.20841390100455937,
        0.2455367873870377,
        0.23113883182062284,
        0.2531341913301449,
        0.2642655532994861,
        0.27105417158621636,
        0.2945197749673932
    ],
    "train_macro_recall": [
        0.1169224781496506,
        0.17221727019628397,
        0.17793326092116948,
        0.20985685329976414,
        0.24004278434759194,
        0.22231140492046345,
        0.2516980341940039,
        0.26571669634104694,
        0.25951378659276825,
        0.2931189357799243
    ],
    "train_macro_f1": [
        0.09111776117408502,
        0.15851037578704785,
        0.1594947032403559,
        0.1933140926400914,
        0.23608025632483134,
        0.2138620473818654,
        0.23691277267147187,
        0.24927228097217494,
        0.2486448885805172,
        0.2852188110025625
    ],
    "train_micro_f1": [
        0.1827499999995,
        0.23749999999949994,
        0.24674999999949995,
        0.27624999999949995,
        0.30049999999949994,
        0.29374999999949997,
        0.31524999999949993,
        0.33024999999949994,
        0.32199999999949996,
        0.3532499999994999
    ],
    "train_weighted_f1": [
        0.12812616285505202,
        0.2025053727797407,
        0.19507470249394346,
        0.23903796942141975,
        0.2823986137612998,
        0.2612404019617719,
        0.28275522812033155,
        0.29748517361035437,
        0.28969301059935215,
        0.3306605912828056
    ],
    "train_confidence": [
        0.2688765544891357,
        0.2969556031227112,
        0.3014718260765076,
        0.3033955929279327,
        0.3234173181056976,
        0.32813743042945864,
        0.33871453976631166,
        0.35314521837234497,
        0.3604670112133026,
        0.3699056267738342
    ],
    "val_loss": [
        2.307277976989746,
        2.160561534881592,
        2.0583307609558106,
        2.002627010345459,
        2.0160009450912475,
        2.0574522857666016,
        1.967098602294922,
        1.9884680137634276,
        1.9681755981445312,
        1.982995475769043
    ],
    "val_accuracy": [
        0.24400000274181366,
        0.24199999868869781,
        0.25999999046325684,
        0.27900001406669617,
        0.28200000524520874,
        0.2709999978542328,
        0.2980000078678131,
        0.29100000858306885,
        0.3019999861717224,
        0.3160000145435333
    ],
    "val_macro_precision": [
        0.04460896767466058,
        0.07214622050687453,
        0.15219768714958323,
        0.21152625282889542,
        0.34607239500297327,
        0.2314679023392842,
        0.23370905601297115,
        0.26860099785553426,
        0.27012600429102146,
        0.2998031216771707
    ],
    "val_macro_recall": [
        0.10605621558968367,
        0.13089655316578414,
        0.20177581563872088,
        0.1772884275764151,
        0.21682419231831349,
        0.19374765386476422,
        0.22301988253024696,
        0.19434889683640016,
        0.25531761450874935,
        0.24901281233801806
    ],
    "val_macro_f1": [
        0.04968832337246371,
        0.07975031464468312,
        0.12839606593087477,
        0.12171621957253224,
        0.1947329923799402,
        0.16237670881827224,
        0.19341843171776432,
        0.17219767812824352,
        0.23419571803999598,
        0.21245984247485733
    ],
    "val_micro_f1": [
        0.24399999999949976,
        0.24199999999949975,
        0.25999999999949974,
        0.2789999999994997,
        0.2819999999994997,
        0.27099999999949975,
        0.2979999999994997,
        0.2909999999994997,
        0.3019999999994997,
        0.3159999999994997
    ],
    "val_weighted_f1": [
        0.1057453891136898,
        0.1255443658794251,
        0.1795133946202724,
        0.1908213698460958,
        0.25489851324722385,
        0.24363507141404905,
        0.25843101890789666,
        0.24232898420476423,
        0.29163564538032494,
        0.26463894189486914
    ],
    "val_confidence": [
        0.40318703269958495,
        0.32742641544342044,
        0.3009356212615967,
        0.335159574508667,
        0.3144610996246338,
        0.20964326667785643,
        0.346429575920105,
        0.41049598503112794,
        0.3199277296066284,
        0.40947349071502687
    ],
    "grad_norm": [
        1.1641844905337482,
        1.2279970205101594,
        1.061560440024345,
        0.8154064662780688,
        0.7572682114580646,
        0.7709494344104313,
        0.7568770397629462,
        0.6185355070920884,
        0.7773576118843412,
        0.60619947358994
    ],
    "epoch_time": [
        29.28044295310974,
        28.728986740112305,
        29.022632837295532,
        35.53578782081604,
        30.832245588302612,
        29.427472591400146,
        30.964728116989136,
        31.555381059646606,
        30.928433895111084,
        30.401190757751465
    ],
    "throughput_samples_per_sec": [
        136.60995519793454,
        139.23219903941393,
        137.82347116557256,
        112.5625811412824,
        129.73430652477523,
        135.9274055077688,
        129.17923854804837,
        126.76126434471257,
        129.33082915110964,
        131.57379366727963
    ],
    "lr": [
        0.0003,
        0.0003,
        0.0003,
        0.0003,
        0.0003,
        0.0003,
        0.0003,
        0.0003,
        0.0003,
        0.0003
    ]
}