{
    "train_loss": [
        0.3181553352497242,
        0.17426963705486723,
        0.12684759849089164,
        0.09495853379258402,
        0.07199725496106678
    ],
    "train_accuracy": [
        0.9002870321273804,
        0.9430092573165894,
        0.9598055481910706,
        0.9707037210464478,
        0.9790092706680298
    ],
    "train_macro_precision": [
        0.9002165220816642,
        0.943163097560007,
        0.9599185112764042,
        0.9707706190833364,
        0.9790478568781836
    ],
    "train_macro_recall": [
        0.9003122672760464,
        0.9430282499374969,
        0.9598198511372056,
        0.9707139938765748,
        0.9790159668981627
    ],
    "train_macro_f1": [
        0.9001633125577625,
        0.9430217949178289,
        0.9598215754336769,
        0.9707159953850903,
        0.9790210354209488
    ],
    "train_micro_f1": [
        0.900287037036537,
        0.9430092592587592,
        0.9598055555550555,
        0.9707037037032037,
        0.9790092592587593
    ],
    "train_weighted_f1": [
        0.9001448255654783,
        0.9430097882830032,
        0.9598130687288854,
        0.9707098443534603,
        0.9790165875799062
    ],
    "train_confidence": [
        0.8724048247249038,
        0.9517913353178237,
        0.9695435911107946,
        0.9799385164048937,
        0.9874570690614206
    ],
    "val_loss": [
        0.2349638204574585,
        0.21985962533950806,
        0.23216092522939047,
        0.2661207453807195,
        0.30373237723112106
    ],
    "val_accuracy": [
        0.9226666688919067,
        0.9302499890327454,
        0.9310833215713501,
        0.9310833215713501,
        0.9274166822433472
    ],
    "val_macro_precision": [
        0.9228183106382534,
        0.9299554311792142,
        0.9311835905948441,
        0.9308782648107082,
        0.9274495227611408
    ],
    "val_macro_recall": [
        0.9223922358346853,
        0.9301256450814164,
        0.9309076540543272,
        0.9309391141351566,
        0.9274103827284562
    ],
    "val_macro_f1": [
        0.9221860213636199,
        0.9299522558676445,
        0.9308627971200187,
        0.9308741128078325,
        0.9272443550880266
    ],
    "val_micro_f1": [
        0.9226666666661665,
        0.9302499999994999,
        0.9310833333328331,
        0.9310833333328331,
        0.9274166666661665
    ],
    "val_weighted_f1": [
        0.9223193328723691,
        0.9300702690158325,
        0.9309769333456027,
        0.9309709222771532,
        0.9273420077753558
    ],
    "val_confidence": [
        0.9447565046946208,
        0.955142867565155,
        0.9646293636957805,
        0.9782378726005554,
        0.9808429986635844
    ],
    "test_loss": [
        0.2259693271235416,
        0.21870564561141165,
        0.2224527113061202,
        0.25570049072566786,
        0.30255918584371866
    ],
    "test_accuracy": [
        0.926578938961029,
        0.933552622795105,
        0.9338157773017883,
        0.933552622795105,
        0.9285526275634766
    ],
    "test_macro_precision": [
        0.9267223623095722,
        0.9332954066914552,
        0.9338804945256939,
        0.9335130112692123,
        0.9291381588760379
    ],
    "test_macro_recall": [
        0.9265789473684206,
        0.933552631578947,
        0.9338157894736838,
        0.9335526315789469,
        0.928552631578947
    ],
    "test_macro_f1": [
        0.9262281076222829,
        0.9333087806910834,
        0.9337044037182259,
        0.9334707207039129,
        0.9285776720806234
    ],
    "test_micro_f1": [
        0.9265789473679209,
        0.9335526315784473,
        0.933815789473184,
        0.9335526315784473,
        0.9285526315784473
    ],
    "test_weighted_f1": [
        0.9262281076222829,
        0.9333087806910834,
        0.9337044037182259,
        0.933470720703913,
        0.9285776720806234
    ],
    "test_confidence": [
        0.9447927649397599,
        0.9555921624836169,
        0.9652764822307386,
        0.9783131456375123,
        0.98155665033742
    ],
    "grad_norm": [
        0.6488166420236153,
        0.6204144603314562,
        0.5961190673112886,
        0.5651477559064957,
        0.5151623081399657
    ],
    "nonfinite_grad_tensors": [
        0.0005925925925925926,
        0.0002962962962962963,
        0.0002962962962962963,
        0.0005925925925925926,
        0.0005925925925925926
    ],
    "nonfinite_train_loss_batches": [
        0,
        0,
        0,
        0,
        0
    ],
    "nonfinite_val_loss_batches": [
        0,
        0,
        0,
        0,
        0
    ],
    "nonfinite_test_loss_batches": [
        0,
        0,
        0,
        0,
        0
    ],
    "fractional_applied_params": [
        5.0,
        5.0,
        5.0,
        5.0,
        5.0
    ],
    "epoch_time": [
        512.0138070583344,
        502.66316318511963,
        510.72637271881104,
        510.4554703235626,
        510.5682532787323
    ],
    "throughput_samples_per_sec": [
        210.9318118206438,
        214.85560890449815,
        211.4635267904233,
        211.57575200740231,
        211.52901557520073
    ],
    "lr": [
        2e-05,
        2e-05,
        2e-05,
        2e-05,
        2e-05
    ]
}