{
    "prefix": "epoch_1",
    "retain_em_acc": 0.4,
    "forget_em_acc": 0.4,
    "retain_answer_nll": 0.14437819086015224,
    "forget_answer_nll": 0.1386040709912777,
    "general_ppl": 1.180539797646248,
    "forget_minus_retain_nll": -0.00577411986887455,
    "retain_eval_n": 30,
    "forget_eval_n": 30
}