{
    "train_loss": [
        2.289732051849365,
        2.1854928131103515,
        2.1065420570373536,
        2.0289407691955565,
        1.9989995975494386,
        1.9726154174804686,
        1.9451971387863158,
        1.9354242782592774,
        1.9149255151748656,
        1.8979842519760133
    ],
    "train_accuracy": [
        0.19599999487400055,
        0.22875000536441803,
        0.2644999921321869,
        0.296999990940094,
        0.30300000309944153,
        0.3122499883174896,
        0.31825000047683716,
        0.3240000009536743,
        0.3292500078678131,
        0.33399999141693115
    ],
    "train_macro_precision": [
        0.09912323857640219,
        0.11921305147552745,
        0.20514499825703933,
        0.21075815185872154,
        0.23708248550642938,
        0.2519265812739327,
        0.25172764804425984,
        0.25246861592185454,
        0.26119148006323717,
        0.27183501607620897
    ],
    "train_macro_recall": [
        0.10098986392196188,
        0.11352165393440401,
        0.15867615221243278,
        0.20586603264722356,
        0.22254175121617753,
        0.2330854265075461,
        0.2455917832088649,
        0.2533106542029591,
        0.2586202534678369,
        0.26759356570444576
    ],
    "train_macro_f1": [
        0.06647037435230672,
        0.06866243878928023,
        0.13237430870507944,
        0.1800050097192673,
        0.20871788112297823,
        0.21738265338781218,
        0.23298481396318316,
        0.24142970857277274,
        0.24865543739862797,
        0.25794761864460436
    ],
    "train_micro_f1": [
        0.19599999999949994,
        0.22874999999949996,
        0.26449999999949997,
        0.29699999999949994,
        0.30299999999949995,
        0.3122499999994999,
        0.31824999999949993,
        0.3239999999994999,
        0.32924999999949994,
        0.3339999999994999
    ],
    "train_weighted_f1": [
        0.10858570650829594,
        0.1152511438647261,
        0.1817475157447856,
        0.2337347593983306,
        0.25923086473972784,
        0.2679178651149661,
        0.279264820780215,
        0.2889798048097127,
        0.2963205900680095,
        0.30483554352361386
    ],
    "train_confidence": [
        0.2337142152786255,
        0.23490870761871338,
        0.23849068355560302,
        0.2810519561767578,
        0.31042398262023924,
        0.31002703189849856,
        0.321008903503418,
        0.3258933277130127,
        0.33105227756500244,
        0.3344009056091309
    ],
    "val_loss": [
        2.2071446075439454,
        2.1464155387878416,
        2.0494349403381347,
        1.979159704208374,
        1.9658475351333617,
        1.9446140537261962,
        1.9270509777069091,
        1.920709436416626,
        1.9065791091918944,
        1.907966407775879
    ],
    "val_accuracy": [
        0.21899999678134918,
        0.25,
        0.28200000524520874,
        0.32100000977516174,
        0.31700000166893005,
        0.3330000042915344,
        0.3269999921321869,
        0.3409999907016754,
        0.3449999988079071,
        0.3440000116825104
    ],
    "val_macro_precision": [
        0.04104102167182543,
        0.09527243267851875,
        0.19949891280711898,
        0.25300147495851655,
        0.25018189957375214,
        0.29346059416935644,
        0.2731960099343912,
        0.31792226388464256,
        0.2997078160868789,
        0.31233639202362984
    ],
    "val_macro_recall": [
        0.10199519016656226,
        0.13784145924457217,
        0.18285963375212913,
        0.2414400992862647,
        0.23024177244351055,
        0.25922820400535523,
        0.2558209188759768,
        0.2816267521411775,
        0.28233438961916496,
        0.28272907205429637
    ],
    "val_macro_f1": [
        0.04143628807878385,
        0.07483320600956384,
        0.14323486007400127,
        0.21904276048179008,
        0.2131620768059069,
        0.24247242709333255,
        0.24563920508935047,
        0.27044247798856996,
        0.2717574747056168,
        0.2750781598564615
    ],
    "val_micro_f1": [
        0.21899999999949976,
        0.24999999999949973,
        0.2819999999994997,
        0.3209999999994997,
        0.3169999999994997,
        0.3329999999994997,
        0.3269999999994997,
        0.34099999999949965,
        0.34499999999949965,
        0.34399999999949965
    ],
    "val_weighted_f1": [
        0.08453278868404458,
        0.12877163228912375,
        0.1927046153826035,
        0.2704749829716894,
        0.2595355773136883,
        0.28442067499459356,
        0.29325658043037883,
        0.3139739305954317,
        0.315869051124387,
        0.3196025923755657
    ],
    "val_confidence": [
        0.21919840049743652,
        0.20739515209197998,
        0.2642360734939575,
        0.28703052711486815,
        0.331414381980896,
        0.3240315780639648,
        0.3137604541778564,
        0.31627871894836423,
        0.3247981071472168,
        0.3230530948638916
    ],
    "grad_norm": [
        1.3233885883011698,
        0.8968874787169286,
        0.9248655159767954,
        0.9307174987069547,
        1.0975180772816677,
        0.9942057493843663,
        0.9781401873583953,
        1.0632074624700536,
        1.0412430799718626,
        0.9883369063957416
    ],
    "fractional_applied_params": [
        2.0,
        2.0,
        2.0,
        2.0,
        2.0,
        2.0,
        2.0,
        2.0,
        2.0,
        2.0
    ],
    "epoch_time": [
        4.02778434753418,
        0.751453161239624,
        0.7397353649139404,
        0.6919801235198975,
        0.5918409824371338,
        0.5702431201934814,
        0.46796202659606934,
        0.4658772945404053,
        0.5187113285064697,
        0.5120675563812256
    ],
    "throughput_samples_per_sec": [
        993.1018284156178,
        5323.0197254097075,
        5407.339150893987,
        5780.512855850812,
        6758.572181886519,
        7014.551966261012,
        8547.702105437455,
        8585.951809362288,
        7711.418240116785,
        7811.469307424874
    ],
    "lr": [
        0.0003,
        0.0003,
        0.0003,
        0.0003,
        0.0003,
        0.0003,
        0.0003,
        0.0003,
        0.0003,
        0.0003
    ]
}