{
    "train_loss": [
        0.48186792941623263,
        0.32607263081868487,
        0.22748833516438802,
        0.1505138515048557,
        0.1030665665520562
    ],
    "train_accuracy": [
        0.7671111226081848,
        0.8624444603919983,
        0.9149777889251709,
        0.9492444396018982,
        0.9696000218391418
    ],
    "train_macro_precision": [
        0.7671708934239773,
        0.86245843208032,
        0.9149775880773152,
        0.9492530739412395,
        0.9696084875626286
    ],
    "train_macro_recall": [
        0.7670978364232608,
        0.8624498318569029,
        0.9149774602023752,
        0.9492411470700568,
        0.969596910810744
    ],
    "train_macro_f1": [
        0.767091587749856,
        0.8624440311646779,
        0.9149775223319668,
        0.9492438027853523,
        0.9695996346546647
    ],
    "train_micro_f1": [
        0.7671111111106111,
        0.8624444444439444,
        0.9149777777772777,
        0.9492444444439444,
        0.9695999999995
    ],
    "train_weighted_f1": [
        0.7670951891465001,
        0.8624436284823159,
        0.9149777712273978,
        0.9492441075731836,
        0.969599812643174
    ],
    "train_confidence": [
        0.7428220625135634,
        0.8670514993137783,
        0.9196333991368612,
        0.9579670726564196,
        0.9794052882194519
    ],
    "val_loss": [
        0.395163525390625,
        0.3830962158203125,
        0.40188264770507814,
        0.5309641052246094,
        0.6393053489685059
    ],
    "val_accuracy": [
        0.8259999752044678,
        0.8348000049591064,
        0.840399980545044,
        0.83160001039505,
        0.8299999833106995
    ],
    "val_macro_precision": [
        0.8267736874085045,
        0.8368317985089782,
        0.8404836213435002,
        0.8331984619508066,
        0.8323331826109418
    ],
    "val_macro_recall": [
        0.8263672438880273,
        0.8353882080915969,
        0.8402475707987567,
        0.831056327253848,
        0.8293464922135605
    ],
    "val_macro_f1": [
        0.8259765834085633,
        0.8346882492559975,
        0.8403169903837807,
        0.8312045866159241,
        0.8294728391555537
    ],
    "val_micro_f1": [
        0.8259999999994997,
        0.8347999999994996,
        0.8403999999994997,
        0.8315999999994996,
        0.8299999999994996
    ],
    "val_weighted_f1": [
        0.82594589959975,
        0.8346229180521038,
        0.8403723301275932,
        0.8313287660256421,
        0.8296169550697261
    ],
    "val_confidence": [
        0.8406618300437927,
        0.8750324499130249,
        0.9144282148361206,
        0.9496703429222106,
        0.9673116161346436
    ],
    "test_loss": [
        0.3951378942871094,
        0.3880269927978516,
        0.4258994989013672,
        0.5549719331359864,
        0.6907031548309326
    ],
    "test_accuracy": [
        0.8223199844360352,
        0.8292800188064575,
        0.830560028553009,
        0.8201199769973755,
        0.8180000185966492
    ],
    "test_macro_precision": [
        0.8244720523209564,
        0.8336465525459273,
        0.8305703666866993,
        0.82044649857933,
        0.8191002699843564
    ],
    "test_macro_recall": [
        0.8223199999999999,
        0.8292799999999998,
        0.8305599999999999,
        0.8201199999999998,
        0.8179999999999998
    ],
    "test_macro_f1": [
        0.8220248962051574,
        0.8287195979287905,
        0.830558671579485,
        0.8200741690039475,
        0.8178429788986039
    ],
    "test_micro_f1": [
        0.8223199999995,
        0.8292799999995,
        0.8305599999994999,
        0.8201199999994999,
        0.8179999999994999
    ],
    "test_weighted_f1": [
        0.8220248962051574,
        0.8287195979287904,
        0.8305586715794849,
        0.8200741690039475,
        0.8178429788986039
    ],
    "test_confidence": [
        0.839304272518158,
        0.8731685715103149,
        0.9092627318954468,
        0.9444613557052612,
        0.9659815118789673
    ],
    "grad_norm": [
        0.6718095680145046,
        0.5853563748210855,
        0.5708668572243709,
        0.5469200413633419,
        0.5133914079676651
    ],
    "nonfinite_grad_tensors": [
        0.0,
        0.0,
        0.0014204545454545455,
        0.0014204545454545455,
        0.004261363636363636
    ],
    "nonfinite_train_loss_batches": [
        0,
        0,
        0,
        0,
        0
    ],
    "nonfinite_val_loss_batches": [
        0,
        0,
        0,
        0,
        0
    ],
    "nonfinite_test_loss_batches": [
        0,
        0,
        0,
        0,
        0
    ],
    "fractional_applied_params": [
        5.0,
        5.0,
        5.0,
        5.0,
        5.0
    ],
    "epoch_time": [
        113.1215193271637,
        107.9706335067749,
        114.45831346511841,
        114.06878399848938,
        113.76993298530579
    ],
    "throughput_samples_per_sec": [
        198.90114749013196,
        208.38999706886204,
        196.57811930678986,
        197.24940699199502,
        197.767541999924
    ],
    "lr": [
        2e-05,
        2e-05,
        2e-05,
        2e-05,
        2e-05
    ]
}