{
    "train_loss": [
        2.1916663913726806,
        2.104736123085022,
        2.040995946884155,
        2.0192044382095338,
        2.008346179962158,
        1.9993477306365968,
        1.9894040899276733,
        1.9807891483306885,
        1.978734745979309,
        1.970217845916748
    ],
    "train_accuracy": [
        0.2691250145435333,
        0.2800000011920929,
        0.28174999356269836,
        0.28737500309944153,
        0.28600001335144043,
        0.29225000739097595,
        0.2943750023841858,
        0.29475000500679016,
        0.3023749887943268,
        0.29899999499320984
    ],
    "train_macro_precision": [
        0.08222104272052344,
        0.1805300019844545,
        0.13606599571575792,
        0.15955831380351532,
        0.14821977311134535,
        0.16329134331636114,
        0.17942558724257768,
        0.1769995986336777,
        0.20104337900542563,
        0.1819904333430881
    ],
    "train_macro_recall": [
        0.09894019937287307,
        0.1185585877908107,
        0.140250082222271,
        0.1495303753389016,
        0.14933642463411137,
        0.15540272277198722,
        0.1605494701073034,
        0.16380659873303666,
        0.17614391792108197,
        0.1677380477456921
    ],
    "train_macro_f1": [
        0.04759728292610475,
        0.08490281833442084,
        0.11435252816568608,
        0.12906170604702033,
        0.1277230935099572,
        0.1343085817126114,
        0.14344542715057892,
        0.14937798653501846,
        0.16371445049155883,
        0.1542538951259184
    ],
    "train_micro_f1": [
        0.26912499999949996,
        0.2799999999995,
        0.28174999999949996,
        0.2873749999995,
        0.2859999999995,
        0.29224999999949997,
        0.29437499999949995,
        0.29474999999949997,
        0.30237499999949996,
        0.2989999999995
    ],
    "train_weighted_f1": [
        0.12310406322979119,
        0.1642226455964783,
        0.19852399194618353,
        0.2125179661827565,
        0.21104342768626402,
        0.21922263855782992,
        0.2282830993423149,
        0.22956240207093997,
        0.24251675717029034,
        0.2378775358185059
    ],
    "train_confidence": [
        0.27614946031570436,
        0.2907922987937927,
        0.3006653475761414,
        0.30371870160102843,
        0.3034375228881836,
        0.30124190187454225,
        0.30702949237823485,
        0.30349661207199097,
        0.3048469877243042,
        0.30746634578704835
    ],
    "val_loss": [
        2.1110754127502442,
        2.0152255840301514,
        1.9771348733901977,
        1.9917426176071167,
        1.9735614557266234,
        1.977335174560547,
        1.9820947055816651,
        1.972139775276184,
        1.9660316743850708,
        1.9691339559555054
    ],
    "val_accuracy": [
        0.3009999990463257,
        0.30399999022483826,
        0.31450000405311584,
        0.2944999933242798,
        0.31450000405311584,
        0.30149999260902405,
        0.31150001287460327,
        0.3089999854564667,
        0.30000001192092896,
        0.3095000088214874
    ],
    "val_macro_precision": [
        0.030099999999999988,
        0.08456629951814909,
        0.09384938678906535,
        0.14233776648018198,
        0.15374280866174792,
        0.170894320669102,
        0.1771130003543181,
        0.15859567002875127,
        0.11584572128009522,
        0.1908660596203376
    ],
    "val_macro_recall": [
        0.09999999999999984,
        0.14093414599621937,
        0.14521237956255853,
        0.1524194645458696,
        0.15521489334920593,
        0.1528185328410541,
        0.17231307380062524,
        0.1576195980893423,
        0.1415972309462033,
        0.1544143699470665
    ],
    "val_macro_f1": [
        0.04627209838582143,
        0.08170412364967237,
        0.1038950224712261,
        0.13155602166187638,
        0.11490018507919456,
        0.1377376882303511,
        0.14422927693370066,
        0.12011534092089804,
        0.11227921562078617,
        0.13083134421880777
    ],
    "val_micro_f1": [
        0.3009999999994999,
        0.3039999999994999,
        0.31449999999949985,
        0.2944999999994999,
        0.31449999999949985,
        0.3014999999994999,
        0.31149999999949984,
        0.3089999999994999,
        0.2999999999994999,
        0.3094999999994999
    ],
    "val_weighted_f1": [
        0.1392790161413225,
        0.20172109169252092,
        0.2044502714234853,
        0.23487559853296525,
        0.21632690245559819,
        0.24230324645106566,
        0.24812796654653166,
        0.2237283075339342,
        0.22408521626112868,
        0.23845422964316532
    ],
    "val_confidence": [
        0.3090409297943115,
        0.29696313095092775,
        0.3150531053543091,
        0.2665317287445068,
        0.31498826599121094,
        0.28141546058654787,
        0.2670406131744385,
        0.30805387687683106,
        0.323569935798645,
        0.31542018604278566
    ],
    "grad_norm": [
        1.274525990486341,
        1.0698973035140402,
        1.0317593832490801,
        1.0826294308311788,
        1.0978510452259993,
        1.0262826630601605,
        1.03940431294735,
        1.0171740847036475,
        1.0597449405466517,
        1.0429922932281779
    ],
    "fractional_applied_params": [
        0.0,
        0.0,
        0.0,
        2.0,
        2.0,
        2.0,
        2.0,
        2.0,
        2.0,
        2.0
    ],
    "epoch_time": [
        5.163290977478027,
        2.755369186401367,
        2.701103925704956,
        2.7290492057800293,
        2.7348220348358154,
        2.740140199661255,
        2.3240489959716797,
        2.270561695098877,
        2.5137648582458496,
        0.7312202453613281
    ],
    "throughput_samples_per_sec": [
        1549.3994111305233,
        2903.422176411993,
        2961.752016969171,
        2931.423875779258,
        2925.2360475734863,
        2919.5586419224046,
        3442.2682197606673,
        3523.3572455962803,
        3182.4774595594213,
        10940.616114980307
    ],
    "lr": [
        0.0003,
        0.0003,
        0.0003,
        0.0003,
        0.0003,
        0.0003,
        0.0003,
        0.0003,
        0.0003,
        0.0003
    ]
}