{
    "train_loss": [
        2.183567739486694,
        2.0656229553222656,
        2.022667476654053,
        2.018035111427307,
        1.9938142995834351,
        1.9868281450271605,
        1.971635389328003,
        1.9654190559387208,
        1.9450941467285157,
        1.9343141641616821
    ],
    "train_accuracy": [
        0.27524998784065247,
        0.28337499499320984,
        0.28999999165534973,
        0.2854999899864197,
        0.29462501406669617,
        0.2930000126361847,
        0.3050000071525574,
        0.3023749887943268,
        0.3050000071525574,
        0.3152500092983246
    ],
    "train_macro_precision": [
        0.1229956606195316,
        0.14242147006684197,
        0.1501118323980996,
        0.13900941809576126,
        0.16363420599434825,
        0.16158678465621884,
        0.1879537463388547,
        0.1760807329227403,
        0.1873957795996275,
        0.1996297449272208
    ],
    "train_macro_recall": [
        0.10213015085265251,
        0.13004953650099607,
        0.14802890528018778,
        0.1441221175557375,
        0.15308363540142217,
        0.1562159244855326,
        0.1657096229989795,
        0.1672714057699734,
        0.1730439104073061,
        0.18344333938448268
    ],
    "train_macro_f1": [
        0.05558743439105272,
        0.10427745134913365,
        0.1289735168680995,
        0.12119728754744982,
        0.13775555060208144,
        0.13837106994380502,
        0.14956922830031216,
        0.15212057747540783,
        0.16030840997330548,
        0.17274546910981883
    ],
    "train_micro_f1": [
        0.2752499999995,
        0.2833749999995,
        0.2899999999995,
        0.2854999999995,
        0.2946249999995,
        0.2929999999995,
        0.30499999999949995,
        0.30237499999949996,
        0.30499999999949995,
        0.3152499999995
    ],
    "train_weighted_f1": [
        0.13434714016661478,
        0.19054354841399113,
        0.21605185290134346,
        0.21006602439527547,
        0.22594389960007444,
        0.22674361609669594,
        0.2372874486010151,
        0.2392176194963587,
        0.2475045286788638,
        0.258170073190819
    ],
    "train_confidence": [
        0.2855478186607361,
        0.3051504383087158,
        0.3092509250640869,
        0.3137223405838013,
        0.31645228052139285,
        0.3083254632949829,
        0.31619622230529787,
        0.3166404790878296,
        0.31744587182998657,
        0.3239716444015503
    ],
    "val_loss": [
        2.1212419357299805,
        2.0491584100723266,
        2.0219802217483522,
        2.013249725341797,
        2.000750496864319,
        2.0037379961013793,
        1.9920858287811278,
        1.9992062740325929,
        2.0042488193511963,
        2.011455276489258
    ],
    "val_accuracy": [
        0.2775000035762787,
        0.28200000524520874,
        0.2784999907016754,
        0.29350000619888306,
        0.2904999852180481,
        0.2939999997615814,
        0.29750001430511475,
        0.2985000014305115,
        0.296999990940094,
        0.2985000014305115
    ],
    "val_macro_precision": [
        0.04733191607273357,
        0.12682010732171428,
        0.11420796380486045,
        0.1541231332514145,
        0.16126439844052093,
        0.11239167406092374,
        0.1432591735042998,
        0.1398561368288423,
        0.12935355103014218,
        0.1480416688785612
    ],
    "val_macro_recall": [
        0.10202469784149326,
        0.13389789839848604,
        0.14053237156420867,
        0.138794240612294,
        0.15181505124789485,
        0.1334007673913643,
        0.15932121860969836,
        0.16042231227543327,
        0.1421169170839506,
        0.16183787999482252
    ],
    "val_macro_f1": [
        0.04969392941884281,
        0.09825641389443038,
        0.09401125033807842,
        0.10750389072633708,
        0.1257483130943643,
        0.09576128550713597,
        0.12554976528838097,
        0.12783274504695039,
        0.10991456360085816,
        0.1376717627207414
    ],
    "val_micro_f1": [
        0.27749999999949987,
        0.2819999999994999,
        0.27849999999949987,
        0.2934999999994999,
        0.2904999999994999,
        0.2939999999994999,
        0.2974999999994999,
        0.2984999999994999,
        0.2969999999994999,
        0.2984999999994999
    ],
    "val_weighted_f1": [
        0.12870675057083633,
        0.18467417561964,
        0.18721795009449108,
        0.18859838380320645,
        0.20976106801021413,
        0.1869804387805057,
        0.21908759748658346,
        0.22097499167651374,
        0.2014272122072013,
        0.2265751804007599
    ],
    "val_confidence": [
        0.2673010215759277,
        0.3027671909332275,
        0.29624062252044675,
        0.3203355484008789,
        0.2766913194656372,
        0.3366786308288574,
        0.3124956750869751,
        0.2839119930267334,
        0.35070478630065915,
        0.35021736526489256
    ],
    "grad_norm": [
        1.4885696986974433,
        1.2529793116682906,
        1.343633493146738,
        1.5048403354708542,
        1.3985086245333298,
        1.2572637013188934,
        1.2325611967520125,
        1.3184643965750642,
        1.2243696461963551,
        1.2841360081576014
    ],
    "fractional_applied_params": [
        42.0,
        42.0,
        42.0,
        42.0,
        42.0,
        42.0,
        42.0,
        42.0,
        42.0,
        42.0
    ],
    "epoch_time": [
        6.370144844055176,
        0.75972580909729,
        2.390347719192505,
        0.9820561408996582,
        0.800614595413208,
        2.425616979598999,
        2.5984139442443848,
        2.608532190322876,
        2.639782428741455,
        2.6032986640930176
    ],
    "throughput_samples_per_sec": [
        1255.8584138735648,
        10530.114818009986,
        3346.793412425586,
        8146.173794780437,
        9992.323454796739,
        3298.1299468486377,
        3078.8012116854575,
        3066.8588371952524,
        3030.552788327365,
        3073.024278905463
    ],
    "lr": [
        0.0003,
        0.0003,
        0.0003,
        0.0003,
        0.0003,
        0.0003,
        0.0003,
        0.0003,
        0.0003,
        0.0003
    ]
}