{
    "train_loss": [
        2.185901924133301,
        2.1476736488342287,
        2.1190337438583375,
        2.050632040977478,
        2.0160031604766844,
        2.006434299468994,
        1.994989179611206,
        1.9900888109207153,
        1.9822268466949462,
        1.9776663484573365
    ],
    "train_accuracy": [
        0.2750000059604645,
        0.28224998712539673,
        0.28962498903274536,
        0.29362499713897705,
        0.28987500071525574,
        0.2939999997615814,
        0.2917500138282776,
        0.29899999499320984,
        0.3003750145435333,
        0.2993749976158142
    ],
    "train_macro_precision": [
        0.061555726918726336,
        0.17305263772172377,
        0.1403510207509083,
        0.14651897716678378,
        0.14994604363716285,
        0.15252176209790458,
        0.14992746209224575,
        0.15868641048536097,
        0.17105377140674596,
        0.167876291836333
    ],
    "train_macro_recall": [
        0.09935013738225976,
        0.10186925129056419,
        0.11351023948235757,
        0.137254774423652,
        0.14396157914381252,
        0.14897988674492862,
        0.14677408961124347,
        0.15680078514687082,
        0.156690848422291,
        0.16176364112453046
    ],
    "train_macro_f1": [
        0.049449545663387925,
        0.05003648328949911,
        0.06900954732292607,
        0.10832369588735628,
        0.12226547100685285,
        0.13068875866408014,
        0.12479228187450782,
        0.1403977823255956,
        0.13756068039302022,
        0.1466901805516682
    ],
    "train_micro_f1": [
        0.2749999999995,
        0.28224999999949996,
        0.2896249999995,
        0.2936249999995,
        0.2898749999995,
        0.2939999999995,
        0.29174999999949996,
        0.2989999999995,
        0.30037499999949996,
        0.29937499999949996
    ],
    "train_weighted_f1": [
        0.12893013904407025,
        0.13071348122374662,
        0.15300592869325513,
        0.19683300847161148,
        0.20984512391012855,
        0.2192633641984677,
        0.21462448539749088,
        0.22682466572224508,
        0.22679006547526506,
        0.23277181908447775
    ],
    "train_confidence": [
        0.28513767051696776,
        0.2795596866607666,
        0.28755468225479125,
        0.3046239371299744,
        0.3075933995246887,
        0.3069871206283569,
        0.3089742631912231,
        0.3137198815345764,
        0.31035603189468386,
        0.30961548376083375
    ],
    "val_loss": [
        2.1544084548950195,
        2.1353159618377684,
        2.0989720458984373,
        2.0357801933288573,
        2.0233087959289553,
        2.030151893615723,
        2.0211838178634642,
        2.0196115894317628,
        2.013604778289795,
        2.0070345783233643
    ],
    "val_accuracy": [
        0.27649998664855957,
        0.27549999952316284,
        0.2800000011920929,
        0.2874999940395355,
        0.2874999940395355,
        0.2865000069141388,
        0.289000004529953,
        0.2904999852180481,
        0.28700000047683716,
        0.29350000619888306
    ],
    "val_macro_precision": [
        0.027649999999999987,
        0.027688442211055264,
        0.07352985226972375,
        0.17434288695518402,
        0.11462844430939552,
        0.13930789921230308,
        0.18781302318382714,
        0.15626679342162536,
        0.15154759884333666,
        0.14529531207379176
    ],
    "val_macro_recall": [
        0.09999999999999981,
        0.09963833634719692,
        0.10941600656504627,
        0.15023386237780764,
        0.13682629600684212,
        0.14190353526255484,
        0.14468701615622634,
        0.15084566953796671,
        0.15923430350856632,
        0.16363277502712198
    ],
    "val_macro_f1": [
        0.04332158245198326,
        0.043334644121082726,
        0.06347386412177151,
        0.1078021229447513,
        0.10147261519657824,
        0.11377335565957909,
        0.11890904645567521,
        0.11136187488862181,
        0.13537466737260268,
        0.1338565667735583
    ],
    "val_micro_f1": [
        0.27649999999949987,
        0.27549999999949987,
        0.27999999999949987,
        0.2874999999994999,
        0.2874999999994999,
        0.2864999999994999,
        0.2889999999994999,
        0.2904999999994999,
        0.2869999999994999,
        0.2934999999994999
    ],
    "val_weighted_f1": [
        0.11978417547973372,
        0.11982029099479374,
        0.14323569715264395,
        0.19162240026037822,
        0.18327305149569223,
        0.19385799043520782,
        0.19950620107811795,
        0.19998226887854886,
        0.21842437882424529,
        0.2180861982810374
    ],
    "val_confidence": [
        0.28574123764038084,
        0.2997781105041504,
        0.2929651098251343,
        0.2947518787384033,
        0.32339471340179443,
        0.32974910259246826,
        0.33262230110168456,
        0.31773177909851075,
        0.28609098052978515,
        0.30038102531433103
    ],
    "grad_norm": [
        0.9935155090407696,
        0.7981292595047442,
        0.9366487649999232,
        0.8389937480837301,
        0.9284175443618208,
        0.9095554105931902,
        0.8785063280693883,
        0.8980095934179468,
        0.8441855138533759,
        0.8302607221787659
    ],
    "fractional_applied_params": [
        30.0,
        30.0,
        30.0,
        30.0,
        30.0,
        30.0,
        30.0,
        30.0,
        30.0,
        30.0
    ],
    "epoch_time": [
        5.312097549438477,
        1.7550849914550781,
        1.8076171875,
        1.8086638450622559,
        1.559446096420288,
        1.0222961902618408,
        1.048558235168457,
        1.661456823348999,
        1.162221908569336,
        1.0755279064178467
    ],
    "throughput_samples_per_sec": [
        1505.9964403036333,
        4558.183813860483,
        4425.715829281469,
        4423.154707183652,
        5130.026628277834,
        7825.520701540479,
        7629.523789601207,
        4815.0513980100895,
        6883.3670584026295,
        7438.207741763577
    ],
    "lr": [
        0.0003,
        0.0003,
        0.0003,
        0.0003,
        0.0003,
        0.0003,
        0.0003,
        0.0003,
        0.0003,
        0.0003
    ]
}