{
    "train_loss": [
        0.6101254665798611,
        0.4662091525607639,
        0.42005467664930557
    ],
    "train_accuracy": [
        0.6770666837692261,
        0.7868444323539734,
        0.8120889067649841
    ],
    "train_macro_precision": [
        0.6773312081983162,
        0.7868868825119436,
        0.8121023593699936
    ],
    "train_macro_recall": [
        0.6771278057196444,
        0.7868643778427156,
        0.8121001892692374
    ],
    "train_macro_f1": [
        0.6769911633107131,
        0.7868424975001584,
        0.8120888517701372
    ],
    "train_micro_f1": [
        0.6770666666661667,
        0.7868444444439444,
        0.8120888888883888
    ],
    "train_weighted_f1": [
        0.6769740433638369,
        0.7868402642411099,
        0.8120885622477756
    ],
    "train_confidence": [
        0.6107901973830329,
        0.7678775876363119,
        0.8091917744954427
    ],
    "val_loss": [
        0.52387236328125,
        0.4719396484375,
        0.4510072998046875
    ],
    "val_accuracy": [
        0.7447999715805054,
        0.7760000228881836,
        0.7928000092506409
    ],
    "val_macro_precision": [
        0.7466238458450416,
        0.7801573899145418,
        0.7949593733274942
    ],
    "val_macro_recall": [
        0.7459754423345857,
        0.7738829285980139,
        0.791273937701916
    ],
    "val_macro_f1": [
        0.7447470707520917,
        0.7740878798142533,
        0.7916714928091907
    ],
    "val_micro_f1": [
        0.7447999999994996,
        0.7759999999994996,
        0.7927999999994998
    ],
    "val_weighted_f1": [
        0.7446323907160395,
        0.774736337964033,
        0.792149881726822
    ],
    "val_confidence": [
        0.7240341996192932,
        0.807201012802124,
        0.8327949078559875
    ],
    "test_loss": [
        0.507430361328125,
        0.450106015625,
        0.4306191857910156
    ],
    "test_accuracy": [
        0.7602800130844116,
        0.7915199995040894,
        0.8029599785804749
    ],
    "test_macro_precision": [
        0.7625606649503179,
        0.7949090475894502,
        0.8047200630843753
    ],
    "test_macro_recall": [
        0.7602799999999998,
        0.7915199999999999,
        0.8029599999999999
    ],
    "test_macro_f1": [
        0.7597583007350462,
        0.7909193195678483,
        0.8026750627901704
    ],
    "test_micro_f1": [
        0.7602799999994999,
        0.7915199999995,
        0.8029599999995
    ],
    "test_weighted_f1": [
        0.7597583007350462,
        0.7909193195678483,
        0.8026750627901703
    ],
    "test_confidence": [
        0.7238992636871338,
        0.8079263210105896,
        0.8348059591484069
    ],
    "grad_norm": [
        0.9993595854928496,
        0.9997149326808666,
        0.9998095359246215
    ],
    "fractional_applied_params": [
        0.0,
        2.0,
        2.0
    ],
    "epoch_time": [
        40.591681480407715,
        35.72689485549927,
        31.184518098831177
    ],
    "throughput_samples_per_sec": [
        554.3007626047721,
        629.7776532498369,
        721.5118710089453
    ],
    "lr": [
        2e-05,
        2e-05,
        2e-05
    ]
}