{
    "prefix": "after",
    "retain_em_acc": 1.0,
    "forget_em_acc": 0.9333333333333333,
    "retain_answer_nll": 0.0031358461710624397,
    "forget_answer_nll": 0.040438121650367975,
    "general_ppl": 1.0940657704646122,
    "forget_minus_retain_nll": 0.037302275479305536,
    "retain_eval_n": 30,
    "forget_eval_n": 30
}