{
    "train_loss": [
        2.13397390127182,
        2.0787745094299317,
        2.019237070083618,
        1.9958311414718628,
        1.988201150894165,
        1.9805929613113404,
        1.9723748540878296,
        1.9626332116127014,
        1.9670864367485046,
        1.951218228340149
    ],
    "train_accuracy": [
        0.32895833253860474,
        0.3435416519641876,
        0.3359375,
        0.33802083134651184,
        0.3362500071525574,
        0.3370833396911621,
        0.3423958420753479,
        0.3384374976158142,
        0.3398958444595337,
        0.3395833373069763
    ],
    "train_macro_precision": [
        0.08708949090457693,
        0.03435774559849984,
        0.12072161244155595,
        0.14041127146712143,
        0.12604126722618372,
        0.14022719487776425,
        0.1432456512288942,
        0.1373355352279096,
        0.13085196465021215,
        0.12831493451949186
    ],
    "train_macro_recall": [
        0.10037676595220435,
        0.099969687784177,
        0.10933064655901467,
        0.11721469133838255,
        0.11366912615973343,
        0.11590278451741906,
        0.11852319479716386,
        0.11879407852171131,
        0.1193199424547063,
        0.11824598000701506
    ],
    "train_macro_f1": [
        0.060244005248338076,
        0.051139711583153113,
        0.0759991877073622,
        0.09073905173760656,
        0.08658355324493094,
        0.08992368056442761,
        0.09199351907369911,
        0.09467470404955178,
        0.09394193730851699,
        0.09237920696744864
    ],
    "train_micro_f1": [
        0.3289583333328333,
        0.3435416666661666,
        0.33593749999949996,
        0.3380208333328333,
        0.33624999999949995,
        0.3370833333328333,
        0.3423958333328333,
        0.33843749999949996,
        0.3398958333328333,
        0.3395833333328333
    ],
    "train_weighted_f1": [
        0.18117202587131334,
        0.1757394880341897,
        0.19944677653312953,
        0.2128072338869393,
        0.2098067845448034,
        0.21254291700849162,
        0.2151119803876152,
        0.22104147319775463,
        0.21710146349818374,
        0.2179119041860472
    ],
    "train_confidence": [
        0.3445140399535497,
        0.34706965963045755,
        0.34168086767196654,
        0.3473291611671448,
        0.35528860489527386,
        0.34591981013615924,
        0.3522120138009389,
        0.3478377819061279,
        0.3460344092051188,
        0.35575151364008584
    ],
    "val_loss": [
        2.0853881788253785,
        2.0703336668014525,
        2.015027070045471,
        2.00265655040741,
        1.9920377874374389,
        1.9901510572433472,
        1.9682631731033324,
        2.00818986415863,
        1.9576390600204467,
        1.974940152168274
    ],
    "val_accuracy": [
        0.3383333384990692,
        0.3383333384990692,
        0.3383333384990692,
        0.3383333384990692,
        0.31583333015441895,
        0.3383333384990692,
        0.3266666531562805,
        0.3383333384990692,
        0.3400000035762787,
        0.3333333432674408
    ],
    "val_macro_precision": [
        0.03383333333333332,
        0.03383333333333332,
        0.03383333333333332,
        0.03383333333333332,
        0.07413998265243621,
        0.03383333333333332,
        0.12067153061354625,
        0.08386221294360754,
        0.07521564387545152,
        0.07953459342050942
    ],
    "val_macro_recall": [
        0.09999999999999988,
        0.09999999999999988,
        0.09999999999999988,
        0.09999999999999988,
        0.1327582898184067,
        0.09999999999999988,
        0.12485813351071154,
        0.10071018062397359,
        0.11829446659535128,
        0.11176833583017794
    ],
    "val_macro_f1": [
        0.05056039850556617,
        0.05056039850556617,
        0.05056039850556617,
        0.05056039850556617,
        0.09203666167810923,
        0.05056039850556617,
        0.09549374570717156,
        0.0522162073741966,
        0.07666231602136928,
        0.07826423952449126
    ],
    "val_micro_f1": [
        0.3383333333328332,
        0.3383333333328332,
        0.3383333333328332,
        0.3383333333328332,
        0.3158333333328332,
        0.3383333333328332,
        0.32666666666616656,
        0.3383333333328332,
        0.33999999999949987,
        0.3333333333328332
    ],
    "val_weighted_f1": [
        0.17106268161049887,
        0.17106268161049887,
        0.17106268161049887,
        0.17106268161049887,
        0.2236429054624501,
        0.17106268161049887,
        0.22283035981698565,
        0.1719380589930904,
        0.1967027555162339,
        0.2048746234914858
    ],
    "val_confidence": [
        0.34442627906799317,
        0.324876651763916,
        0.44396902084350587,
        0.46325788815816243,
        0.2594063194592794,
        0.44595024585723875,
        0.2828808609644572,
        0.4674519968032837,
        0.3203485202789307,
        0.289176029364268
    ],
    "grad_norm": [
        1.4845291693645402,
        0.8984101305514532,
        1.0761012813797508,
        1.177344742406078,
        1.1747406567795096,
        1.070542783390368,
        1.0089415398198198,
        0.9511116025486462,
        1.0229046128504597,
        0.8567102020232423
    ],
    "fractional_applied_params": [
        12.0,
        12.0,
        12.0,
        12.0,
        12.0,
        12.0,
        12.0,
        12.0,
        12.0,
        12.0
    ],
    "epoch_time": [
        7.148083448410034,
        3.788790225982666,
        3.2671046257019043,
        3.249701976776123,
        3.361868381500244,
        2.296505928039551,
        3.6176838874816895,
        3.407421827316284,
        3.8197848796844482,
        3.839200019836426
    ],
    "throughput_samples_per_sec": [
        1343.017337344509,
        2533.7903202360935,
        2938.3815640546063,
        2954.1170447647355,
        2855.554980327924,
        4180.263539835577,
        2653.631521874806,
        2817.379381396123,
        2513.2305358497188,
        2500.520928943166
    ],
    "lr": [
        0.0003,
        0.0003,
        0.0003,
        0.0003,
        0.0003,
        0.0003,
        0.0003,
        0.0003,
        0.0003,
        0.0003
    ]
}