{
    "train_loss": [
        0.47728789350721573,
        0.27717025382430466,
        0.24233965591148093,
        0.21614781399126407,
        0.19590501390563117
    ],
    "train_accuracy": [
        0.8643796443939209,
        0.9095185399055481,
        0.9202777743339539,
        0.9292314648628235,
        0.9348611235618591
    ],
    "train_macro_precision": [
        0.8655953249730692,
        0.9097303970058396,
        0.9204910479636461,
        0.9294421605816904,
        0.9350552297222524
    ],
    "train_macro_recall": [
        0.8643842619477526,
        0.9095319802125884,
        0.9202883866744087,
        0.9292420305944378,
        0.9348711389662018
    ],
    "train_macro_f1": [
        0.8645752055452977,
        0.9094390366478283,
        0.9202182980638198,
        0.9291601239234443,
        0.9348384784541391
    ],
    "train_micro_f1": [
        0.8643796296291296,
        0.9095185185180185,
        0.9202777777772778,
        0.9292314814809814,
        0.9348611111106111
    ],
    "train_weighted_f1": [
        0.8645457004243645,
        0.9094222714126277,
        0.9202032956269404,
        0.9291473892549473,
        0.9348264677687349
    ],
    "train_confidence": [
        0.7574885270330641,
        0.9122975410532068,
        0.9269250047825001,
        0.9369398060904609,
        0.9432940286706996
    ],
    "val_loss": [
        0.3104050153096517,
        0.2713637008666992,
        0.257975604057312,
        0.23966965262095133,
        0.23243529653549194
    ],
    "val_accuracy": [
        0.9012500047683716,
        0.9120833277702332,
        0.918666660785675,
        0.9210833311080933,
        0.9240833520889282
    ],
    "val_macro_precision": [
        0.901048759702781,
        0.9124777070073613,
        0.9186502589911918,
        0.9208486925956558,
        0.9237812366827303
    ],
    "val_macro_recall": [
        0.9011637544846366,
        0.9119209774972761,
        0.9186657559342488,
        0.9210647358410606,
        0.9240299990442457
    ],
    "val_macro_f1": [
        0.9009500543596922,
        0.911739483518256,
        0.9183446236327701,
        0.9208575053081565,
        0.9238213824334879
    ],
    "val_micro_f1": [
        0.9012499999994998,
        0.9120833333328332,
        0.9186666666661665,
        0.9210833333328331,
        0.9240833333328331
    ],
    "val_weighted_f1": [
        0.9011070492983446,
        0.9118848094616591,
        0.9184583520978179,
        0.9209735171943301,
        0.9239500196220656
    ],
    "val_confidence": [
        0.904136395295461,
        0.9279080934524536,
        0.9424126292864482,
        0.9395296513239543,
        0.9484509995778402
    ],
    "test_loss": [
        0.2987523149189196,
        0.2677747997484709,
        0.2606933408034475,
        0.246953636219627,
        0.24144646719882362
    ],
    "test_accuracy": [
        0.906315803527832,
        0.914078950881958,
        0.917894721031189,
        0.921973705291748,
        0.9215789437294006
    ],
    "test_macro_precision": [
        0.9062784889103791,
        0.9145060197679598,
        0.9179139622764084,
        0.9219331321609849,
        0.921408383253157
    ],
    "test_macro_recall": [
        0.9063157894736837,
        0.9140789473684207,
        0.9178947368421048,
        0.9219736842105258,
        0.9215789473684206
    ],
    "test_macro_f1": [
        0.9061746355382677,
        0.9139152814553129,
        0.9176651608510488,
        0.9219013584294924,
        0.921435147022051
    ],
    "test_micro_f1": [
        0.906315789473184,
        0.914078947367921,
        0.9178947368416052,
        0.9219736842100261,
        0.9215789473679209
    ],
    "test_weighted_f1": [
        0.9061746355382676,
        0.9139152814553129,
        0.9176651608510489,
        0.9219013584294924,
        0.921435147022051
    ],
    "test_confidence": [
        0.9051814440677041,
        0.9281309614683453,
        0.9427734780311584,
        0.9409303266123722,
        0.9489315074368527
    ],
    "grad_norm": [
        0.999585677233379,
        0.9994326237940707,
        0.998184630220652,
        0.9985403565323864,
        0.997381138797238
    ],
    "nonfinite_grad_tensors": [
        0.0002962962962962963,
        0.0002962962962962963,
        0.0005925925925925926,
        0.0002962962962962963,
        0.0002962962962962963
    ],
    "nonfinite_train_loss_batches": [
        0,
        0,
        0,
        0,
        0
    ],
    "nonfinite_val_loss_batches": [
        0,
        0,
        0,
        0,
        0
    ],
    "nonfinite_test_loss_batches": [
        0,
        0,
        0,
        0,
        0
    ],
    "fractional_applied_params": [
        0.0,
        2.0,
        2.0,
        2.0,
        2.0
    ],
    "epoch_time": [
        239.63439393043518,
        230.2485387325287,
        232.57835507392883,
        232.27787518501282,
        220.27845668792725
    ],
    "throughput_samples_per_sec": [
        450.6865572533462,
        469.05835144282787,
        464.35963469459756,
        464.9603407727765,
        490.28852673053586
    ],
    "lr": [
        2e-05,
        2e-05,
        2e-05,
        2e-05,
        2e-05
    ]
}