{
    "train_loss": [
        2.2352438392639162,
        2.0339407424926756,
        1.9543164358139038,
        1.903264081954956,
        1.8605239963531495,
        1.8342551736831665,
        1.8043833332061767,
        1.7707643585205077,
        1.745570650100708,
        1.7138360824584962
    ],
    "train_accuracy": [
        0.21975000202655792,
        0.29100000858306885,
        0.328249990940094,
        0.3412500023841858,
        0.35100001096725464,
        0.34975001215934753,
        0.36024999618530273,
        0.36550000309944153,
        0.37700000405311584,
        0.38600000739097595
    ],
    "train_macro_precision": [
        0.135358092504504,
        0.22823390707566338,
        0.26654882092258847,
        0.28082885647475525,
        0.29752585782855007,
        0.29257856503860113,
        0.31261001413328565,
        0.32217494619468384,
        0.32441168984489743,
        0.3350513200974678
    ],
    "train_macro_recall": [
        0.1163698217196277,
        0.20258008866664806,
        0.2562598765906731,
        0.2718986947508022,
        0.28826783489195995,
        0.2861025131131663,
        0.2973685221360248,
        0.3012101897589873,
        0.31292860520272775,
        0.32412647679585366
    ],
    "train_macro_f1": [
        0.0852878366553389,
        0.19227651851774172,
        0.24752989453908655,
        0.2631132348856474,
        0.2810203601958453,
        0.27838821457817525,
        0.29718242217837454,
        0.2946882395614493,
        0.3079648469082435,
        0.3188798995640068
    ],
    "train_micro_f1": [
        0.21974999999949996,
        0.29099999999949994,
        0.32824999999949994,
        0.34124999999949995,
        0.35099999999949993,
        0.3497499999994999,
        0.3602499999994999,
        0.3654999999995,
        0.3769999999994999,
        0.38599999999949997
    ],
    "train_weighted_f1": [
        0.12869413858867712,
        0.23927832691619796,
        0.2936073754322592,
        0.30994847185010344,
        0.32648186053558426,
        0.3256721651237356,
        0.3420550475680685,
        0.3396960742561464,
        0.35148736041858564,
        0.3626701210828799
    ],
    "train_confidence": [
        0.23321500873565673,
        0.28800529766082766,
        0.33664535427093506,
        0.33899190521240236,
        0.356908353805542,
        0.36256929206848143,
        0.37126812362670897,
        0.37683604335784915,
        0.3849142074584961,
        0.39652380084991456
    ],
    "val_loss": [
        2.133876497268677,
        2.0413760986328127,
        2.0237996883392335,
        1.9672456398010254,
        1.9611217002868653,
        1.9364630222320556,
        1.9640112705230712,
        1.9817843437194824,
        1.923987732887268,
        1.9225443572998047
    ],
    "val_accuracy": [
        0.2290000021457672,
        0.2630000114440918,
        0.2720000147819519,
        0.2939999997615814,
        0.28299999237060547,
        0.29899999499320984,
        0.30300000309944153,
        0.28299999237060547,
        0.3009999990463257,
        0.30300000309944153
    ],
    "val_macro_precision": [
        0.21122810607293013,
        0.2189957122176276,
        0.19495795408625932,
        0.22036054817508272,
        0.2403994621257645,
        0.2693193595810519,
        0.28871761562724274,
        0.22468558248954884,
        0.25226515595216586,
        0.24918941789364485
    ],
    "val_macro_recall": [
        0.12102192880189026,
        0.18766250561707998,
        0.19996234063901394,
        0.23728621315014897,
        0.24359639418128332,
        0.23688521238923066,
        0.2283597426656772,
        0.2126019383414169,
        0.2509605665407618,
        0.2378382091558487
    ],
    "val_macro_f1": [
        0.0680787999642089,
        0.1693621829687812,
        0.16214145849911685,
        0.21942655731531766,
        0.22305821745527044,
        0.2290522794095021,
        0.2050200542424227,
        0.18493460521227428,
        0.2274424191216668,
        0.22333121728593688
    ],
    "val_micro_f1": [
        0.22899999999949977,
        0.26299999999949975,
        0.27199999999949975,
        0.2939999999994997,
        0.2829999999994997,
        0.2989999999994997,
        0.3029999999994997,
        0.2829999999994997,
        0.3009999999994997,
        0.3029999999994997
    ],
    "val_weighted_f1": [
        0.1120350361094865,
        0.2166841369354875,
        0.20616192720295498,
        0.26251329608280355,
        0.2645191338661103,
        0.272571013734227,
        0.2428631191288538,
        0.22591676543418987,
        0.270457501877685,
        0.26501444475464575
    ],
    "val_confidence": [
        0.2622473649978638,
        0.32814328956604005,
        0.33986516761779784,
        0.3344130573272705,
        0.324165843963623,
        0.3495312175750732,
        0.4066846694946289,
        0.42242869377136233,
        0.3763751935958862,
        0.40126404762268064
    ],
    "grad_norm": [
        1.8778000844849807,
        1.4227819177419478,
        1.5109470601949864,
        1.4486188579576644,
        1.3515028308970047,
        1.477821811236375,
        1.5447555278124794,
        1.378696485055008,
        1.380583391211877,
        1.3463877741337036
    ],
    "fractional_applied_params": [
        2.0,
        2.0,
        2.0,
        2.0,
        2.0,
        2.0,
        2.0,
        2.0,
        2.0,
        2.0
    ],
    "epoch_time": [
        4.42845606803894,
        0.722308874130249,
        0.6389613151550293,
        0.6251733303070068,
        1.0331521034240723,
        0.8862166404724121,
        0.9298415184020996,
        1.1703269481658936,
        1.1707971096038818,
        1.1814219951629639
    ],
    "throughput_samples_per_sec": [
        903.2493353312921,
        5537.797115972727,
        6260.159895641713,
        6398.2255897507675,
        3871.646765992347,
        4513.56904996473,
        4301.808341354623,
        3417.8483254347834,
        3416.4758071134356,
        3385.7504061859327
    ],
    "lr": [
        0.0003,
        0.0003,
        0.0003,
        0.0003,
        0.0003,
        0.0003,
        0.0003,
        0.0003,
        0.0003,
        0.0003
    ]
}