{
    "train_loss": [
        2.1803980712890625,
        2.0642778663635255,
        2.026972282409668,
        2.0152186098098754,
        2.0058675508499144,
        1.9994280281066894,
        1.988348440170288,
        1.9863028440475463,
        1.9746516971588135,
        1.9637101545333862
    ],
    "train_accuracy": [
        0.27300000190734863,
        0.28437501192092896,
        0.2854999899864197,
        0.2863749861717224,
        0.2866249978542328,
        0.2917500138282776,
        0.29225000739097595,
        0.29862499237060547,
        0.3021250069141388,
        0.296875
    ],
    "train_macro_precision": [
        0.10437964932744623,
        0.14477006221186087,
        0.14064670614576752,
        0.14266379539540594,
        0.13885641409532182,
        0.15752344364914392,
        0.157428599817551,
        0.1714322424759417,
        0.16829854768591604,
        0.16651763181735418
    ],
    "train_macro_recall": [
        0.10154080699135867,
        0.13578442761811563,
        0.14212592488491174,
        0.14468173338725257,
        0.14420845371457228,
        0.15496883567682251,
        0.15666541528762762,
        0.16277796074309933,
        0.1666738044820153,
        0.1646129252401903
    ],
    "train_macro_f1": [
        0.055336083370924424,
        0.11352532191389228,
        0.12255527300817434,
        0.12483748513309334,
        0.12194106419515602,
        0.13737129403181955,
        0.13958714261575628,
        0.14686300534216834,
        0.14796659938277434,
        0.14780904890251542
    ],
    "train_micro_f1": [
        0.2729999999995,
        0.2843749999995,
        0.2854999999995,
        0.2863749999995,
        0.2866249999995,
        0.29174999999949996,
        0.29224999999949997,
        0.2986249999995,
        0.3021249999995,
        0.29687499999949996
    ],
    "train_weighted_f1": [
        0.1348562981542123,
        0.19796467683693958,
        0.20993450619364568,
        0.21228886774469377,
        0.2115241222557626,
        0.2245723615291913,
        0.226913114973191,
        0.23361381180868665,
        0.2378003782994353,
        0.23574550517965212
    ],
    "train_confidence": [
        0.28387677955627444,
        0.3028540091514587,
        0.30834930896759033,
        0.31016389846801756,
        0.3062156715393066,
        0.3082564191818237,
        0.311396879196167,
        0.3081761541366577,
        0.3118789811134338,
        0.3130354866981506
    ],
    "val_loss": [
        2.123104383468628,
        2.031711007118225,
        2.0108546838760377,
        2.0264305591583254,
        2.0127024517059326,
        2.0029781551361086,
        2.0072456188201904,
        2.0162553472518923,
        2.000195837020874,
        2.018673433303833
    ],
    "val_accuracy": [
        0.2874999940395355,
        0.2854999899864197,
        0.2919999957084656,
        0.2809999883174896,
        0.2824999988079071,
        0.2854999899864197,
        0.2824999988079071,
        0.2815000116825104,
        0.2980000078678131,
        0.2849999964237213
    ],
    "val_macro_precision": [
        0.057978148239477834,
        0.15168961478737608,
        0.10428594925421672,
        0.14227297838102257,
        0.12384725866084863,
        0.12827286868347748,
        0.12874680588959478,
        0.1181040781214088,
        0.13776178778100723,
        0.12711766706694805
    ],
    "val_macro_recall": [
        0.1147873082783859,
        0.11934345915757612,
        0.15394787090426446,
        0.15474633246863995,
        0.15554018414609064,
        0.14891303163958095,
        0.15593444195215392,
        0.16615866825892825,
        0.16131292500955902,
        0.153178872537263
    ],
    "val_macro_f1": [
        0.06562611695998899,
        0.07011804714171048,
        0.11396171461871914,
        0.11808026445751993,
        0.11459814373488657,
        0.115425555656912,
        0.12120730996786669,
        0.12993003894065633,
        0.13385481853769324,
        0.11038776830363688
    ],
    "val_micro_f1": [
        0.2874999999994999,
        0.2854999999994999,
        0.2919999999994999,
        0.28099999999949987,
        0.2824999999994999,
        0.2854999999994999,
        0.2824999999994999,
        0.2814999999994999,
        0.2979999999994999,
        0.2849999999994999
    ],
    "val_weighted_f1": [
        0.14998468902044754,
        0.16257426150542914,
        0.20178474894456053,
        0.21303645811257596,
        0.20995330274394347,
        0.2112945391970658,
        0.21458080248976746,
        0.22762113447911841,
        0.22201385722421607,
        0.20436693690127905
    ],
    "val_confidence": [
        0.25322212505340574,
        0.3416955919265747,
        0.3034057912826538,
        0.2540008125305176,
        0.2836416673660278,
        0.29597039794921876,
        0.28109661293029786,
        0.26323322868347165,
        0.3049111175537109,
        0.3082424039840698
    ],
    "grad_norm": [
        1.2574342558376816,
        1.2002511179199136,
        1.1560072648782742,
        1.186546408938174,
        1.0817438339431178,
        1.127308935765519,
        1.1071088047978426,
        1.1480068958671488,
        1.090372188530664,
        1.0660446986144152
    ],
    "fractional_applied_params": [
        0.0,
        0.0,
        0.0,
        2.0,
        2.0,
        2.0,
        2.0,
        2.0,
        2.0,
        2.0
    ],
    "epoch_time": [
        6.193789958953857,
        2.853891611099243,
        3.4714112281799316,
        4.2731773853302,
        4.2697155475616455,
        4.290482521057129,
        4.286445379257202,
        4.273940563201904,
        4.28091835975647,
        4.284687280654907
    ],
    "throughput_samples_per_sec": [
        1291.616288736923,
        2803.189850969362,
        2304.5382624387075,
        1872.1432036647873,
        1873.6611165042716,
        1864.59214336314,
        1866.348289123964,
        1871.8089036798974,
        1868.7578990539541,
        1867.1140916443296
    ],
    "lr": [
        0.0003,
        0.0003,
        0.0003,
        0.0003,
        0.0003,
        0.0003,
        0.0003,
        0.0003,
        0.0003,
        0.0003
    ]
}