{
    "train_loss": [
        2.1181910610198975,
        2.083469488620758,
        2.0757370519638063,
        2.0528865098953246,
        1.9734852242469787,
        1.9570018172264099,
        1.9496274924278258,
        1.943357937335968,
        1.94306138753891,
        1.937851459980011
    ],
    "train_accuracy": [
        0.3306249976158142,
        0.3434374928474426,
        0.3434374928474426,
        0.34281250834465027,
        0.3385416567325592,
        0.3423958420753479,
        0.3407291769981384,
        0.34041666984558105,
        0.34166666865348816,
        0.3423958420753479
    ],
    "train_macro_precision": [
        0.0712329714128265,
        0.08434406585388768,
        0.034350906438841415,
        0.07466195112809673,
        0.15104834768230718,
        0.13994809995693444,
        0.13589521900122872,
        0.1400017320395681,
        0.1396698066103012,
        0.13712875369929992
    ],
    "train_macro_recall": [
        0.10032450909869813,
        0.10008421693364891,
        0.09999999999999998,
        0.10065980690063421,
        0.11865339225399611,
        0.12288626897001734,
        0.12054106740243983,
        0.12415163139893506,
        0.12270785841768073,
        0.12567395193708703
    ],
    "train_macro_f1": [
        0.058938513218015555,
        0.051353125484683036,
        0.051136099263242266,
        0.05343758949047839,
        0.09266484439051866,
        0.10031874207841349,
        0.09683002883297318,
        0.10133927202889456,
        0.09995300638758162,
        0.10344888315120626
    ],
    "train_micro_f1": [
        0.33062499999949996,
        0.34343749999949996,
        0.34343749999949996,
        0.3428124999994999,
        0.33854166666616664,
        0.3423958333328333,
        0.3407291666661666,
        0.3404166666661666,
        0.34166666666616663,
        0.3423958333328333
    ],
    "train_weighted_f1": [
        0.17978806682649803,
        0.1757887474793166,
        0.17562054090719764,
        0.17790988601190502,
        0.2186260791745217,
        0.22402585327610366,
        0.22054673371684316,
        0.226950176374001,
        0.22425453868318826,
        0.22897774779675037
    ],
    "train_confidence": [
        0.3423446730772654,
        0.338119394381841,
        0.3464619521299998,
        0.3426995054880778,
        0.3508908871809642,
        0.3495491405328115,
        0.3466410577297211,
        0.347724050283432,
        0.3506351145108541,
        0.34790034373601275
    ],
    "val_loss": [
        2.0813690280914305,
        2.078792915344238,
        2.072971601486206,
        1.9807798337936402,
        1.9509874343872071,
        1.9516730117797851,
        1.9454176378250123,
        1.946137080192566,
        1.9397182703018188,
        1.9453589296340943
    ],
    "val_accuracy": [
        0.33916667103767395,
        0.33916667103767395,
        0.33916667103767395,
        0.335833340883255,
        0.33416667580604553,
        0.3304166793823242,
        0.3295833468437195,
        0.33416667580604553,
        0.32875001430511475,
        0.3320833444595337
    ],
    "val_macro_precision": [
        0.03391666666666666,
        0.03391666666666666,
        0.03391666666666666,
        0.049016027715694126,
        0.08858402216914911,
        0.1849680902877442,
        0.096375754127431,
        0.0866971684325889,
        0.18147261642394205,
        0.061467349574978104
    ],
    "val_macro_recall": [
        0.09999999999999988,
        0.09999999999999988,
        0.09999999999999988,
        0.10297346683216232,
        0.11269215025167385,
        0.12628421479418886,
        0.1261328529580444,
        0.11021008902809784,
        0.1194526937057961,
        0.10375707620726782
    ],
    "val_macro_f1": [
        0.05065339141253215,
        0.05065339141253215,
        0.05065339141253215,
        0.05989515996193219,
        0.07978194644783505,
        0.09426015320660809,
        0.09266356062591288,
        0.07358331228687887,
        0.08355505757328122,
        0.06278178236172335
    ],
    "val_micro_f1": [
        0.33916666666616657,
        0.33916666666616657,
        0.33916666666616657,
        0.3358333333328332,
        0.33416666666616657,
        0.33041666666616654,
        0.32958333333283324,
        0.33416666666616657,
        0.3287499999994999,
        0.33208333333283324
    ],
    "val_weighted_f1": [
        0.17179941920750488,
        0.17179941920750488,
        0.17179941920750488,
        0.18412835281878476,
        0.20368324885644032,
        0.21964999314863703,
        0.22115331559585721,
        0.19414333162331956,
        0.20914239840985072,
        0.18463487218268207
    ],
    "val_confidence": [
        0.3297438097000122,
        0.37274108568827313,
        0.359251880645752,
        0.3082054376602173,
        0.32482609113057453,
        0.30512603839238484,
        0.3288605213165283,
        0.3730071528752645,
        0.3277620609601339,
        0.37640434741973877
    ],
    "grad_norm": [
        1.1374531865274484,
        0.8068748002175091,
        0.8133861960425502,
        0.8578762730290069,
        0.9859698735554244,
        0.8774577622654611,
        0.8661874587205324,
        0.8473578828231509,
        0.8119157650307229,
        0.8181231164850074
    ],
    "fractional_applied_params": [
        0.0,
        0.0,
        0.0,
        0.0,
        0.0,
        0.0,
        0.0,
        0.0,
        0.0,
        0.0
    ],
    "epoch_time": [
        5.508213520050049,
        1.9352271556854248,
        1.3047633171081543,
        1.2720718383789062,
        1.7992138862609863,
        1.2978074550628662,
        1.6179771423339844,
        1.8425428867340088,
        1.8465039730072021,
        1.8525700569152832
    ],
    "throughput_samples_per_sec": [
        1742.8518275581976,
        4960.657962966545,
        7357.656269243686,
        7546.743596048773,
        5335.663576913648,
        7397.091118986501,
        5933.334747950574,
        5210.190801591835,
        5199.013996360654,
        5181.990264910668
    ],
    "lr": [
        0.0003,
        0.0003,
        0.0003,
        0.0003,
        0.0003,
        0.0003,
        0.0003,
        0.0003,
        0.0003,
        0.0003
    ]
}