{
    "train_loss": [
        2.177970359802246,
        1.9898886070251465,
        1.9284106168746948,
        2.0489431591033935,
        2.12468065738678,
        1.9395979957580567,
        1.9428715848922729,
        1.946017988204956,
        1.9210120944976807,
        1.8577510166168212
    ],
    "train_accuracy": [
        0.23600000143051147,
        0.3019999861717224,
        0.3322499990463257,
        0.29249998927116394,
        0.25475001335144043,
        0.31174999475479126,
        0.32374998927116394,
        0.320250004529953,
        0.31450000405311584,
        0.35199999809265137
    ],
    "train_macro_precision": [
        0.16508829985112944,
        0.23529718938036992,
        0.27792846591401327,
        0.23700949140058042,
        0.20382588504913896,
        0.251870970952342,
        0.27585823402569654,
        0.26152317126898916,
        0.27216195201485266,
        0.3029584871711018
    ],
    "train_macro_recall": [
        0.13949538532341502,
        0.2303287608089696,
        0.26733857247394377,
        0.23527802936351816,
        0.1913024296220362,
        0.2398556515075608,
        0.2596143338891047,
        0.24914966034661226,
        0.2507602680249745,
        0.28460320716387616
    ],
    "train_macro_f1": [
        0.11905242932610369,
        0.2187076165795733,
        0.25980214314309114,
        0.22357261338295026,
        0.17994820894637198,
        0.23315078026552993,
        0.25597690973367015,
        0.24501870457218394,
        0.24111473788476917,
        0.2813998573217131
    ],
    "train_micro_f1": [
        0.23599999999949997,
        0.30199999999949995,
        0.33224999999949995,
        0.29249999999949994,
        0.25474999999949993,
        0.3117499999994999,
        0.32374999999949994,
        0.32024999999949993,
        0.31449999999949996,
        0.35199999999949994
    ],
    "train_weighted_f1": [
        0.16248936624659163,
        0.26532270877272446,
        0.3034275482548571,
        0.26415631182352783,
        0.22054314499749936,
        0.28616206685353457,
        0.3048406580809025,
        0.2933236826986155,
        0.2882216803284261,
        0.32904433935904015
    ],
    "train_confidence": [
        0.24648154211044312,
        0.31357612895965575,
        0.32911930298805236,
        0.37062841296195986,
        0.3051669886112213,
        0.345399129152298,
        0.354507495880127,
        0.34043323612213133,
        0.3519323570728302,
        0.3789321789741516
    ],
    "val_loss": [
        2.0509156913757325,
        1.9627357845306397,
        1.9585950241088868,
        2.386063777923584,
        2.022774461746216,
        1.9610831356048584,
        2.016118035316467,
        2.054894218444824,
        1.9780929727554322,
        1.9393473567962647
    ],
    "val_accuracy": [
        0.289000004529953,
        0.32100000977516174,
        0.32600000500679016,
        0.1289999932050705,
        0.29899999499320984,
        0.3140000104904175,
        0.2750000059604645,
        0.2529999911785126,
        0.2770000100135803,
        0.3059999942779541
    ],
    "val_macro_precision": [
        0.2903080670496521,
        0.2545991881788873,
        0.25863575117865895,
        0.16965435412888225,
        0.3148780468683098,
        0.302327136770812,
        0.23029061111049165,
        0.2797401362318025,
        0.27589254792095935,
        0.3615618094020586
    ],
    "val_macro_recall": [
        0.2063987560043925,
        0.26382232092455865,
        0.273504097617786,
        0.15348712505666112,
        0.250572588860049,
        0.2643943250847528,
        0.18176319928147666,
        0.24942271251271678,
        0.21128462620934854,
        0.23367940943594676
    ],
    "val_macro_f1": [
        0.18086945205691624,
        0.2501467452320347,
        0.24283055263536726,
        0.07844577758646362,
        0.19812118528408815,
        0.2359162842399137,
        0.16263133229052745,
        0.2218858920665066,
        0.19039399191665562,
        0.21309969949454746
    ],
    "val_micro_f1": [
        0.2889999999994997,
        0.3209999999994997,
        0.3259999999994997,
        0.12899999999949988,
        0.2989999999994997,
        0.3139999999994997,
        0.27499999999949976,
        0.25299999999949974,
        0.2769999999994997,
        0.30599999999949967
    ],
    "val_weighted_f1": [
        0.22540876287388656,
        0.2953172416193917,
        0.2822389723936441,
        0.07938330399167552,
        0.24762561815109022,
        0.28544043437403716,
        0.20970707434091598,
        0.24756902024018837,
        0.2431134326564,
        0.2659143013998997
    ],
    "val_confidence": [
        0.2970147819519043,
        0.2825006399154663,
        0.32481818771362303,
        0.27580824279785154,
        0.35024648666381836,
        0.2688462905883789,
        0.38008608341217043,
        0.29488829135894773,
        0.3388996210098267,
        0.3346448917388916
    ],
    "grad_norm": [
        2.0044801328188333,
        1.8912761688032664,
        1.8766251800377463,
        1.1414146616276892,
        1.3309474942524389,
        0.7936271435752096,
        0.8204735383631715,
        0.9231162911826892,
        0.9859099906549728,
        0.7383735520778202
    ],
    "fractional_applied_params": [
        0.0,
        0.0,
        0.0,
        42.0,
        42.0,
        42.0,
        42.0,
        42.0,
        42.0,
        42.0
    ],
    "epoch_time": [
        14.706972360610962,
        14.325417041778564,
        14.98609447479248,
        14.764784336090088,
        14.977124691009521,
        14.720476865768433,
        14.57724928855896,
        14.568895816802979,
        14.828374147415161,
        14.682210922241211
    ],
    "throughput_samples_per_sec": [
        271.9798407123566,
        279.2239826829769,
        266.91410538804774,
        270.9148951280418,
        267.07395995715535,
        271.73032752096196,
        274.4001917521863,
        274.5575265482107,
        269.7531071332772,
        272.4385326695339
    ],
    "lr": [
        0.0003,
        0.0003,
        0.0003,
        0.0003,
        0.0003,
        0.0003,
        0.0003,
        0.0003,
        0.0003,
        0.0003
    ]
}