{
    "train_loss": [
        0.4381892849392361,
        0.29457757839626736,
        0.22543072577582465,
        0.164653899553087,
        0.12406578860812717
    ],
    "train_accuracy": [
        0.8010222315788269,
        0.8795111179351807,
        0.9149333238601685,
        0.9424444437026978,
        0.9610666632652283
    ],
    "train_macro_precision": [
        0.8012865077206277,
        0.879513302791959,
        0.9149443218334898,
        0.9424463226648528,
        0.9610670431573599
    ],
    "train_macro_recall": [
        0.8010597387949852,
        0.8795152369170507,
        0.9149410170105307,
        0.942448759303953,
        0.9610700741525519
    ],
    "train_macro_f1": [
        0.8009911823496225,
        0.8795110575599698,
        0.9149333003983677,
        0.9424444115875195,
        0.9610666146780805
    ],
    "train_micro_f1": [
        0.8010222222217221,
        0.8795111111106111,
        0.9149333333328333,
        0.9424444444439444,
        0.9610666666661666
    ],
    "train_weighted_f1": [
        0.8009847755432816,
        0.8795112646224488,
        0.9149331639555823,
        0.9424445236859099,
        0.9610667306515029
    ],
    "train_confidence": [
        0.7661805985980563,
        0.8848755604002211,
        0.9220462666193644,
        0.952740508694119,
        0.972554818365309
    ],
    "val_loss": [
        0.3743013916015625,
        0.34602252197265626,
        0.33723369140625,
        0.42924395599365234,
        0.5166365333557129
    ],
    "val_accuracy": [
        0.8452000021934509,
        0.86080002784729,
        0.8715999722480774,
        0.8587999939918518,
        0.8587999939918518
    ],
    "val_macro_precision": [
        0.8552856942113476,
        0.864973431482474,
        0.8721665994570138,
        0.865318932708904,
        0.8664963304102784
    ],
    "val_macro_recall": [
        0.8432317810738446,
        0.8595551269515298,
        0.8711315978712375,
        0.8572476449724293,
        0.8571176550066302
    ],
    "val_macro_f1": [
        0.8434941867993414,
        0.8600418523118023,
        0.8713900880456048,
        0.8577280892788736,
        0.8575840871151139
    ],
    "val_micro_f1": [
        0.8451999999994997,
        0.8607999999994996,
        0.8715999999994997,
        0.8587999999994996,
        0.8587999999994996
    ],
    "val_weighted_f1": [
        0.8438732563993774,
        0.8602808336481419,
        0.871510631543881,
        0.8580145907618063,
        0.857889381259246
    ],
    "val_confidence": [
        0.8864294593811035,
        0.9064562626838684,
        0.9220776492118835,
        0.9487876096725464,
        0.9653788437843323
    ],
    "test_loss": [
        0.36916265014648436,
        0.3332912094116211,
        0.32547342803955076,
        0.4312138102722168,
        0.5107320676422119
    ],
    "test_accuracy": [
        0.8454399704933167,
        0.8625199794769287,
        0.870959997177124,
        0.8571199774742126,
        0.8546800017356873
    ],
    "test_macro_precision": [
        0.8559105724226284,
        0.8678524479417553,
        0.8712748315525207,
        0.8619909502262442,
        0.8619621668374812
    ],
    "test_macro_recall": [
        0.84544,
        0.86252,
        0.8709599999999998,
        0.8571199999999999,
        0.8546799999999999
    ],
    "test_macro_f1": [
        0.8442948230518852,
        0.8620199547964842,
        0.8709326385449028,
        0.8566377293209387,
        0.8539453969912787
    ],
    "test_micro_f1": [
        0.8454399999994998,
        0.8625199999994999,
        0.8709599999994999,
        0.8571199999995,
        0.8546799999995
    ],
    "test_weighted_f1": [
        0.8442948230518852,
        0.8620199547964841,
        0.8709326385449028,
        0.8566377293209388,
        0.8539453969912787
    ],
    "test_confidence": [
        0.8849990100479126,
        0.9062064607620239,
        0.9216434327697753,
        0.9495921223068238,
        0.9642782110595703
    ],
    "grad_norm": [
        0.842398222796444,
        0.8476727879464356,
        0.825624902338258,
        0.7938766450977063,
        0.7575448841427128
    ],
    "nonfinite_grad_tensors": [
        0.0014204545454545455,
        0.0,
        0.0,
        0.0014204545454545455,
        0.0
    ],
    "nonfinite_train_loss_batches": [
        0,
        0,
        0,
        0,
        0
    ],
    "nonfinite_val_loss_batches": [
        0,
        0,
        0,
        0,
        0
    ],
    "nonfinite_test_loss_batches": [
        0,
        0,
        0,
        0,
        0
    ],
    "fractional_applied_params": [
        7.0,
        7.0,
        7.0,
        7.0,
        7.0
    ],
    "epoch_time": [
        236.89641094207764,
        235.26190567016602,
        242.76647686958313,
        241.83214139938354,
        238.92650246620178
    ],
    "throughput_samples_per_sec": [
        94.97822238219288,
        95.63809294116955,
        92.68165971732272,
        93.03974182175172,
        94.17121904750947
    ],
    "lr": [
        2e-05,
        2e-05,
        2e-05,
        2e-05,
        2e-05
    ]
}