{
    "train_loss": [
        0.22863509194056192,
        0.12446647646471307,
        0.07700499574012226,
        0.04477956505616506,
        0.031398650230080996
    ],
    "train_accuracy": [
        0.9248611330986023,
        0.9596574306488037,
        0.9767777919769287,
        0.9869166612625122,
        0.9914259314537048
    ],
    "train_macro_precision": [
        0.9250844410762696,
        0.9598076358208266,
        0.9768346378733439,
        0.9869253428889807,
        0.991425452002452
    ],
    "train_macro_recall": [
        0.9248032172996888,
        0.95962094276109,
        0.976757292450761,
        0.9869060834773692,
        0.9914197579859978
    ],
    "train_macro_f1": [
        0.9248223779675571,
        0.9596505120955325,
        0.9767748607555407,
        0.9869116922369681,
        0.9914219152223173
    ],
    "train_micro_f1": [
        0.9248611111106111,
        0.9596574074069074,
        0.9767777777772777,
        0.9869166666661666,
        0.9914259259254259
    ],
    "train_weighted_f1": [
        0.9248651118940607,
        0.9596757965803042,
        0.9767893652014235,
        0.9869200278840273,
        0.9914274572736655
    ],
    "train_confidence": [
        0.9285195769557246,
        0.9697948361679359,
        0.9846321964793735,
        0.9929024727432816,
        0.9961207959033824
    ],
    "val_loss": [
        0.17667773814996082,
        0.16809450538953144,
        0.22330532070994377,
        0.2831323798100154,
        0.34401512240370113
    ],
    "val_accuracy": [
        0.9390000104904175,
        0.9449166655540466,
        0.9427499771118164,
        0.9380833506584167,
        0.9357500076293945
    ],
    "val_macro_precision": [
        0.9408883967745072,
        0.9455367114217068,
        0.9429801338308449,
        0.9387191709151406,
        0.9365531354233965
    ],
    "val_macro_recall": [
        0.9396337659736255,
        0.945252656586513,
        0.9431834754201387,
        0.9383266066642104,
        0.9359388719155027
    ],
    "val_macro_f1": [
        0.9394978238186908,
        0.9452837882337382,
        0.9429522136935458,
        0.9384732196570779,
        0.9360869674795249
    ],
    "val_micro_f1": [
        0.9389999999994998,
        0.9449166666661665,
        0.9427499999994998,
        0.9380833333328331,
        0.9357499999994998
    ],
    "val_weighted_f1": [
        0.9391806936808359,
        0.9450147468021515,
        0.9426818534403707,
        0.9381947645631585,
        0.9358007630300696
    ],
    "val_confidence": [
        0.9579771819114685,
        0.9635248087247212,
        0.979157561302185,
        0.9856011479695638,
        0.9898348337809245
    ],
    "test_loss": [
        0.18730568233289216,
        0.17940760013304258,
        0.23130027215731772,
        0.28740706341831307,
        0.3434782706906921
    ],
    "test_accuracy": [
        0.9372368454933167,
        0.942105233669281,
        0.9431579113006592,
        0.9385526180267334,
        0.9351315498352051
    ],
    "test_macro_precision": [
        0.9386382590936219,
        0.9424249166157393,
        0.9431414514800918,
        0.9387470824299043,
        0.9357020791863648
    ],
    "test_macro_recall": [
        0.9372368421052627,
        0.9421052631578943,
        0.9431578947368416,
        0.938552631578947,
        0.935131578947368
    ],
    "test_macro_f1": [
        0.9373399596611829,
        0.9421739462798266,
        0.943059310015886,
        0.9386254588080089,
        0.9352201367377603
    ],
    "test_micro_f1": [
        0.937236842104763,
        0.9421052631573946,
        0.9431578947363419,
        0.9385526315784473,
        0.9351315789468683
    ],
    "test_weighted_f1": [
        0.9373399596611829,
        0.9421739462798266,
        0.943059310015886,
        0.9386254588080089,
        0.9352201367377602
    ],
    "test_confidence": [
        0.9575825356182299,
        0.9627178066655209,
        0.9799397616637381,
        0.9849191467385543,
        0.9892886856982582
    ],
    "grad_norm": [
        0.9141320509953662,
        0.8434364632227097,
        0.7288409265745363,
        0.5581491282909764,
        0.431934630036016
    ],
    "nonfinite_grad_tensors": [
        0.0008888888888888889,
        0.0005925925925925926,
        0.0005925925925925926,
        0.0005925925925925926,
        0.0002962962962962963
    ],
    "nonfinite_train_loss_batches": [
        0,
        0,
        0,
        0,
        0
    ],
    "nonfinite_val_loss_batches": [
        0,
        0,
        0,
        0,
        0
    ],
    "nonfinite_test_loss_batches": [
        0,
        0,
        0,
        0,
        0
    ],
    "fractional_applied_params": [
        4.0,
        4.0,
        4.0,
        4.0,
        4.0
    ],
    "epoch_time": [
        964.342542886734,
        957.5325980186462,
        956.9275922775269,
        950.0397384166718,
        613.6197628974915
    ],
    "throughput_samples_per_sec": [
        111.99339985219862,
        112.78989375763987,
        112.8612037854981,
        113.67945532467083,
        176.00476146665764
    ],
    "lr": [
        2e-05,
        2e-05,
        2e-05,
        2e-05,
        2e-05
    ]
}