{
    "train_loss": [
        2.111754357814789,
        2.066068620681763,
        1.9754756450653077,
        1.955607078075409,
        1.9472687721252442,
        1.9456535816192626,
        1.9363622617721559,
        1.9310756850242614,
        1.926529335975647,
        1.9192509651184082
    ],
    "train_accuracy": [
        0.3348958194255829,
        0.343645840883255,
        0.33687499165534973,
        0.3389583230018616,
        0.3373958468437195,
        0.33916667103767395,
        0.3435416519641876,
        0.3409374952316284,
        0.34052082896232605,
        0.3422916531562805
    ],
    "train_macro_precision": [
        0.0878029567416983,
        0.13439032022525507,
        0.1269964055612428,
        0.1289304853149763,
        0.1234319863320249,
        0.13909661712974714,
        0.1526648618543645,
        0.13138000780517664,
        0.1411873051343974,
        0.15047821622273766
    ],
    "train_macro_recall": [
        0.1003507804888264,
        0.10024635903725276,
        0.11817197669917212,
        0.11855151144831584,
        0.1170462996220583,
        0.12295218001879238,
        0.12539391048508933,
        0.121422542063982,
        0.1224649748701051,
        0.12474771110730594
    ],
    "train_macro_f1": [
        0.057435657302173634,
        0.05184011247080507,
        0.09320110478825643,
        0.09355597876719021,
        0.09157051671950454,
        0.10195606268226612,
        0.1043362769685019,
        0.09786148630796239,
        0.10044985250467604,
        0.1038132274727489
    ],
    "train_micro_f1": [
        0.3348958333328333,
        0.3436458333328333,
        0.33687499999949994,
        0.33895833333283326,
        0.3373958333328333,
        0.3391666666661666,
        0.3435416666661666,
        0.34093749999949996,
        0.3405208333328333,
        0.3422916666661666
    ],
    "train_weighted_f1": [
        0.17951872718722156,
        0.17630472835508898,
        0.21922895229693082,
        0.2185994804795609,
        0.2172990478224349,
        0.22661726719553693,
        0.2267866274400434,
        0.22362713457847466,
        0.22299284414565965,
        0.22811387543876283
    ],
    "train_confidence": [
        0.343381495475769,
        0.34576583743095396,
        0.3501136855284373,
        0.35106647968292237,
        0.3515738924344381,
        0.34862720847129824,
        0.34936182538668314,
        0.3524799378712972,
        0.3498984591166178,
        0.3485808885097504
    ],
    "val_loss": [
        2.074304389953613,
        1.9949733638763427,
        1.9636830615997314,
        1.958705449104309,
        1.9538282918930054,
        1.9487502145767213,
        1.9441444969177246,
        1.9395078325271606,
        1.945664463043213,
        1.949798378944397
    ],
    "val_accuracy": [
        0.33791667222976685,
        0.33791667222976685,
        0.3316666781902313,
        0.33500000834465027,
        0.32624998688697815,
        0.3383333384990692,
        0.33375000953674316,
        0.33416667580604553,
        0.33791667222976685,
        0.335833340883255
    ],
    "val_macro_precision": [
        0.03379166666666665,
        0.04762535538898914,
        0.062086754304125344,
        0.07551839229233517,
        0.10550009114180962,
        0.11081720567013745,
        0.08772275261174822,
        0.09160625565771122,
        0.13480288637627189,
        0.11980562675004128
    ],
    "val_macro_recall": [
        0.09999999999999988,
        0.10501922100529466,
        0.12392813105513448,
        0.12837768648990783,
        0.12966992264342087,
        0.10678199289011656,
        0.11158316840916369,
        0.10576388475959289,
        0.10678286912335841,
        0.11949115663415884
    ],
    "val_macro_f1": [
        0.05051385861098682,
        0.059235817057138485,
        0.08144755891857734,
        0.08923313749695803,
        0.09570563414877341,
        0.06320053659508529,
        0.07776475000917255,
        0.06670150950430617,
        0.0659898473232583,
        0.0904940973868227
    ],
    "val_micro_f1": [
        0.33791666666616654,
        0.33791666666616654,
        0.33166666666616657,
        0.33499999999949986,
        0.3262499999994999,
        0.3383333333328332,
        0.3337499999994999,
        0.33416666666616657,
        0.33791666666616654,
        0.3358333333328332
    ],
    "val_weighted_f1": [
        0.17069474722295963,
        0.1766987062243083,
        0.21340663966247442,
        0.2171457730936954,
        0.22755854621082436,
        0.18129855575694384,
        0.2022124514515607,
        0.18963357231654335,
        0.18394785053870533,
        0.21576789353405587
    ],
    "val_confidence": [
        0.365335054397583,
        0.3189927387237549,
        0.3209221569697062,
        0.31412910381952924,
        0.30213869174321495,
        0.3885366010665894,
        0.35269470532735187,
        0.32907289266586304,
        0.32481555461883543,
        0.36089823881785077
    ],
    "grad_norm": [
        1.6168490473913826,
        1.2075453868670694,
        1.3686794957231694,
        1.176754300117146,
        1.1591596750648814,
        1.2140551419688674,
        1.1287471106127578,
        1.0933225276297107,
        1.13289403722928,
        1.0725464861302496
    ],
    "fractional_applied_params": [
        42.0,
        42.0,
        42.0,
        42.0,
        42.0,
        42.0,
        42.0,
        42.0,
        42.0,
        42.0
    ],
    "epoch_time": [
        7.490412950515747,
        3.686934471130371,
        3.28283953666687,
        2.8876161575317383,
        3.317037343978882,
        3.0148963928222656,
        2.8872976303100586,
        3.3450992107391357,
        3.287713050842285,
        3.7622036933898926
    ],
    "throughput_samples_per_sec": [
        1281.638283953223,
        2603.7891574071705,
        2924.2976675451714,
        3324.5415859585155,
        2894.1489059283617,
        3184.1890231635366,
        3324.908350016234,
        2869.8700382876764,
        2919.9628591493283,
        2551.695969271144
    ],
    "lr": [
        0.0003,
        0.0003,
        0.0003,
        0.0003,
        0.0003,
        0.0003,
        0.0003,
        0.0003,
        0.0003,
        0.0003
    ]
}