{
    "train_loss": [
        2.1782677001953124,
        2.106230234146118,
        2.031249934196472,
        2.0081127367019653,
        1.9951397457122804,
        1.9844498052597046,
        1.9818370733261108,
        1.9720961866378783,
        1.9634507608413696,
        1.9577454462051391
    ],
    "train_accuracy": [
        0.28224998712539673,
        0.2847500145435333,
        0.2904999852180481,
        0.2938750088214874,
        0.2966249883174896,
        0.3007499873638153,
        0.2996250092983246,
        0.30162501335144043,
        0.3073750138282776,
        0.30375000834465027
    ],
    "train_macro_precision": [
        0.08643892213060125,
        0.1351098760719135,
        0.15420357790292233,
        0.16106889240531677,
        0.14971889424845203,
        0.16828674902813023,
        0.16171985269379618,
        0.1755730261789513,
        0.18132741069875824,
        0.17428189332501093
    ],
    "train_macro_recall": [
        0.10185172522347734,
        0.11592509306097801,
        0.14210994292864557,
        0.14695681678816935,
        0.14935265251426427,
        0.1592265008146559,
        0.15771762758596083,
        0.1602814192756813,
        0.1692690036087449,
        0.16719980518649386
    ],
    "train_macro_f1": [
        0.051599376928705254,
        0.08105118970201929,
        0.11902669631068519,
        0.1280617883170643,
        0.12883997099120753,
        0.14209356639271176,
        0.1393224695790718,
        0.14381507714414765,
        0.15557102650082905,
        0.1506167465618612
    ],
    "train_micro_f1": [
        0.28224999999949996,
        0.28474999999949996,
        0.2904999999995,
        0.29387499999949995,
        0.2966249999995,
        0.3007499999995,
        0.2996249999995,
        0.3016249999995,
        0.30737499999949996,
        0.3037499999995
    ],
    "train_weighted_f1": [
        0.13341335162821602,
        0.16613453641861214,
        0.2077964386045351,
        0.21677353528174828,
        0.21854940576015475,
        0.23003618753121174,
        0.22708006919834323,
        0.23365204878743095,
        0.24389558962815683,
        0.24199898400116546
    ],
    "train_confidence": [
        0.2842534623146057,
        0.29299141120910643,
        0.3140133829116821,
        0.312406388759613,
        0.31071695041656494,
        0.3128151774406433,
        0.3130116777420044,
        0.3122619757652283,
        0.31473024749755857,
        0.3180118155479431
    ],
    "val_loss": [
        2.138304922103882,
        2.072105541229248,
        2.037280740737915,
        2.0275646114349364,
        2.0171695308685305,
        2.0362642135620117,
        2.008993856430054,
        2.015255018234253,
        2.0086679630279543,
        2.0072968692779543
    ],
    "val_accuracy": [
        0.2720000147819519,
        0.26899999380111694,
        0.27900001406669617,
        0.27399998903274536,
        0.2809999883174896,
        0.2745000123977661,
        0.2770000100135803,
        0.28299999237060547,
        0.27900001406669617,
        0.2854999899864197
    ],
    "val_macro_precision": [
        0.04565095398428697,
        0.11502900622117869,
        0.14753559595261317,
        0.12163313864776389,
        0.2579011988012693,
        0.15014424198807777,
        0.11550583686187887,
        0.12709413945635806,
        0.142122709665336,
        0.16943079880449288
    ],
    "val_macro_recall": [
        0.10296141896409308,
        0.13411423178256782,
        0.131717609211768,
        0.15019017832215548,
        0.14351013140555716,
        0.1400419882231814,
        0.13986636499844665,
        0.14150457349670548,
        0.14826361161074908,
        0.15789230801351678
    ],
    "val_macro_f1": [
        0.04987441892729237,
        0.0895068592220885,
        0.09214677696228422,
        0.11859380391441607,
        0.1200734806326091,
        0.1074250507442055,
        0.10579331098044291,
        0.10822588924428303,
        0.12515647868835642,
        0.12667375909060058
    ],
    "val_micro_f1": [
        0.27199999999949986,
        0.26899999999949986,
        0.27899999999949987,
        0.27399999999949987,
        0.28099999999949987,
        0.27449999999949987,
        0.27699999999949987,
        0.2829999999994999,
        0.27899999999949987,
        0.2854999999994999
    ],
    "val_weighted_f1": [
        0.12435857906044194,
        0.1807643216059579,
        0.1669778601626463,
        0.19693521251843407,
        0.19741237765862885,
        0.18632317113322075,
        0.18814644290101004,
        0.18596417932581616,
        0.20770743571495676,
        0.20855533320561587
    ],
    "val_confidence": [
        0.2635466041564941,
        0.2941464195251465,
        0.3320727214813232,
        0.28224275588989256,
        0.3085634288787842,
        0.3354294242858887,
        0.31215529441833495,
        0.32926296710968017,
        0.319513578414917,
        0.3125860500335693
    ],
    "grad_norm": [
        1.2367874551019664,
        1.1533992418837327,
        1.1430575808089638,
        1.017458873338208,
        0.9972482029464809,
        1.0614848552229734,
        1.1045056063312944,
        1.0017845736878073,
        1.0864741722508335,
        1.0884751391602792
    ],
    "fractional_applied_params": [
        2.0,
        2.0,
        2.0,
        2.0,
        2.0,
        2.0,
        2.0,
        2.0,
        2.0,
        2.0
    ],
    "epoch_time": [
        6.221594333648682,
        2.7405807971954346,
        2.7022414207458496,
        2.7093677520751953,
        2.5178749561309814,
        2.0838160514831543,
        2.69497013092041,
        1.3655991554260254,
        1.919076681137085,
        2.4906439781188965
    ],
    "throughput_samples_per_sec": [
        1285.8440410897642,
        2919.0892704884955,
        2960.5052822378498,
        2952.7183948626143,
        3177.282485978956,
        3839.1104600168555,
        2968.493011559935,
        5858.234437399196,
        4168.671360885834,
        3212.0206943595945
    ],
    "lr": [
        0.0003,
        0.0003,
        0.0003,
        0.0003,
        0.0003,
        0.0003,
        0.0003,
        0.0003,
        0.0003,
        0.0003
    ]
}