{
    "train_loss": [
        2.237872074127197,
        2.048954288482666,
        1.9669059629440309,
        1.9335163202285766,
        1.8985627632141113,
        1.865096375465393,
        1.835774263381958,
        1.8076683149337769,
        1.7852443170547485,
        1.7578860330581665
    ],
    "train_accuracy": [
        0.21324999630451202,
        0.2887499928474426,
        0.31725001335144043,
        0.3244999945163727,
        0.33250001072883606,
        0.34150001406669617,
        0.34474998712539673,
        0.35249999165534973,
        0.367249995470047,
        0.3644999861717224
    ],
    "train_macro_precision": [
        0.1368167608627848,
        0.23988456419266063,
        0.25471513816439095,
        0.26832591406520145,
        0.268614397282582,
        0.2838541182526622,
        0.2969784478607901,
        0.3050803865370072,
        0.3215182921748352,
        0.3242141710201657
    ],
    "train_macro_recall": [
        0.11921759145875559,
        0.202742473860895,
        0.2483808850413375,
        0.2557591557201627,
        0.26519656152651794,
        0.27818673722805504,
        0.283705670252334,
        0.29173182573938194,
        0.3048540473427044,
        0.29961914770012577
    ],
    "train_macro_f1": [
        0.09236683327437581,
        0.19246195240552538,
        0.23992550173799,
        0.25083139646833147,
        0.2545260468172158,
        0.2710273004737859,
        0.28089708404368063,
        0.28728729616554316,
        0.30106123976617183,
        0.2988133577420399
    ],
    "train_micro_f1": [
        0.21324999999949995,
        0.28874999999949996,
        0.31724999999949993,
        0.3244999999994999,
        0.3324999999994999,
        0.3414999999994999,
        0.34474999999949996,
        0.35249999999949994,
        0.3672499999994999,
        0.36449999999949995
    ],
    "train_weighted_f1": [
        0.1341114388041563,
        0.238243903593954,
        0.28442566340903563,
        0.2946842279201881,
        0.300791824058772,
        0.3158829378782962,
        0.3232040742252717,
        0.3274574037861125,
        0.3443726972455591,
        0.33881512870746006
    ],
    "train_confidence": [
        0.24207487964630128,
        0.2817361249923706,
        0.3279597282409668,
        0.32569686794281005,
        0.3431002016067505,
        0.3569051456451416,
        0.3562492542266846,
        0.3665407447814941,
        0.37647692108154296,
        0.3771740016937256
    ],
    "val_loss": [
        2.1338660125732423,
        2.013396109580994,
        1.9917172374725343,
        1.9696747760772706,
        1.9516219930648804,
        1.9385015354156494,
        1.9068258295059204,
        1.893515432357788,
        1.8619143896102905,
        1.8389316425323485
    ],
    "val_accuracy": [
        0.23399999737739563,
        0.29600000381469727,
        0.31200000643730164,
        0.3009999990463257,
        0.3050000071525574,
        0.3100000023841858,
        0.30300000309944153,
        0.3179999887943268,
        0.3319999873638153,
        0.33000001311302185
    ],
    "val_macro_precision": [
        0.07379202912783397,
        0.2592463582653997,
        0.2331402079849895,
        0.2634545255045371,
        0.2539507338303221,
        0.25551116907254023,
        0.265915454946672,
        0.27993590218943337,
        0.2933438708121234,
        0.28194252090806315
    ],
    "val_macro_recall": [
        0.12401711381800821,
        0.23823339873537588,
        0.23661231826458157,
        0.22379282860495425,
        0.22997365476910953,
        0.24079967750423767,
        0.22756225280605796,
        0.25794349538325834,
        0.2577728929539638,
        0.2625355476149381
    ],
    "val_macro_f1": [
        0.06898780651275238,
        0.20763113701566233,
        0.21996288435384154,
        0.19685643458704108,
        0.21367494940470522,
        0.21685124879450215,
        0.22204247549449047,
        0.24124053451201136,
        0.24177944315339778,
        0.2553994521299272
    ],
    "val_micro_f1": [
        0.23399999999949977,
        0.2959999999994997,
        0.3119999999994997,
        0.3009999999994997,
        0.30499999999949967,
        0.3099999999994997,
        0.3029999999994997,
        0.3179999999994997,
        0.3319999999994997,
        0.3299999999994997
    ],
    "val_weighted_f1": [
        0.11607692825440194,
        0.25156512090620947,
        0.2602404798122623,
        0.24278678846222523,
        0.25566385592212776,
        0.2620740718512113,
        0.2686846417410929,
        0.2782376629971665,
        0.28582261583211627,
        0.30269188603095426
    ],
    "val_confidence": [
        0.2748550863265991,
        0.2942400169372559,
        0.34694030570983886,
        0.37284010314941407,
        0.3797817478179932,
        0.36577371311187745,
        0.371887113571167,
        0.3772440986633301,
        0.3591941413879395,
        0.37737605094909665
    ],
    "grad_norm": [
        2.0481449192398187,
        1.4570928673067889,
        1.5407536918154254,
        1.5189214260964663,
        1.4391287317719417,
        1.4623500651999333,
        1.4025730751125938,
        1.4653962129671165,
        1.440966147059539,
        1.4826215731434644
    ],
    "fractional_applied_params": [
        0.0,
        0.0,
        0.0,
        2.0,
        2.0,
        2.0,
        2.0,
        2.0,
        2.0,
        2.0
    ],
    "epoch_time": [
        4.652411699295044,
        1.1785881519317627,
        1.1639339923858643,
        1.1618947982788086,
        0.9459023475646973,
        0.6697592735290527,
        0.6615090370178223,
        0.35474061965942383,
        0.4656672477722168,
        0.6797792911529541
    ],
    "throughput_samples_per_sec": [
        859.7691387901245,
        3393.8912362590845,
        3436.6209992722083,
        3442.652472431638,
        4228.766331216247,
        5972.295058974631,
        6046.780582216344,
        11275.844316448125,
        8589.824642244579,
        5884.2628071468835
    ],
    "lr": [
        0.0003,
        0.0003,
        0.0003,
        0.0003,
        0.0003,
        0.0003,
        0.0003,
        0.0003,
        0.0003,
        0.0003
    ]
}