{
    "train_loss": [
        2.1017892003059386,
        2.0423256659507754,
        1.9667633962631226,
        1.9541321039199828,
        1.938821542263031,
        1.9378514766693116,
        1.937622492313385,
        1.9294594812393189,
        1.9253544759750367,
        1.9216764903068542
    ],
    "train_accuracy": [
        0.3382291793823242,
        0.3407291769981384,
        0.33781251311302185,
        0.34031251072883606,
        0.3401041626930237,
        0.34281250834465027,
        0.34166666865348816,
        0.3410416543483734,
        0.3400000035762787,
        0.34312498569488525
    ],
    "train_macro_precision": [
        0.06212646598635516,
        0.14035060172986252,
        0.12811956208812242,
        0.12972082228781537,
        0.13389235070992175,
        0.15067478038309515,
        0.13232063980917844,
        0.12886469980441215,
        0.14788702842374485,
        0.14183330678767525
    ],
    "train_macro_recall": [
        0.1000596280810155,
        0.10381653683715675,
        0.11640206524224109,
        0.11823933257974292,
        0.12154186839701833,
        0.12289895112128417,
        0.11930707597246071,
        0.11882907091098183,
        0.12237966652322477,
        0.12244871965869941
    ],
    "train_macro_f1": [
        0.054631233918261336,
        0.0626216975288045,
        0.0913938545515546,
        0.09313483926356197,
        0.09885972857072044,
        0.10084478988234813,
        0.09415124075160303,
        0.09395241256052547,
        0.10102807349593312,
        0.09893441724121246
    ],
    "train_micro_f1": [
        0.3382291666661666,
        0.3407291666661666,
        0.33781249999949997,
        0.3403124999995,
        0.3401041666661666,
        0.3428124999994999,
        0.34166666666616663,
        0.3410416666661666,
        0.3399999999994999,
        0.34312499999949997
    ],
    "train_weighted_f1": [
        0.17771867941289882,
        0.18752160313911057,
        0.21651198607256636,
        0.21968961555717106,
        0.22539193667346713,
        0.2247936474874424,
        0.21930472323775282,
        0.2199590297319158,
        0.2277405398291152,
        0.22255665103547045
    ],
    "train_confidence": [
        0.3409980050722758,
        0.34887677868207295,
        0.34728351871172586,
        0.34979785442352296,
        0.34935102065404255,
        0.34951828877131147,
        0.3485105367501577,
        0.3475293489297231,
        0.34895137071609494,
        0.35088840007781985
    ],
    "val_loss": [
        2.0747650051116944,
        2.0150415897369385,
        1.9734624004364014,
        1.9639725875854492,
        1.960127649307251,
        1.980589051246643,
        1.9705715990066528,
        1.9706078338623048,
        1.9810092115402222,
        1.9659004592895508
    ],
    "val_accuracy": [
        0.33791667222976685,
        0.3016666769981384,
        0.34041666984558105,
        0.33000001311302185,
        0.3329166769981384,
        0.3375000059604645,
        0.33666667342185974,
        0.3270833194255829,
        0.3345833420753479,
        0.3333333432674408
    ],
    "val_macro_precision": [
        0.03379166666666665,
        0.07286384741428396,
        0.05589988311145638,
        0.0765802446284594,
        0.08864952877871737,
        0.13862390245762762,
        0.06804628861306145,
        0.061019102990032825,
        0.04768266516092555,
        0.05413102199521409
    ],
    "val_macro_recall": [
        0.09999999999999988,
        0.12644979956259172,
        0.11479810925694016,
        0.12206871189367777,
        0.11007404742706575,
        0.10072382719868608,
        0.11975660343647698,
        0.10768161179099586,
        0.10063789826848053,
        0.10213079055451835
    ],
    "val_macro_f1": [
        0.05051385861098682,
        0.08304966603772387,
        0.06941932201750742,
        0.08509351430219614,
        0.070538599777846,
        0.05288035110916669,
        0.07554182427564923,
        0.06811035548042359,
        0.05491127598571112,
        0.05915551632426399
    ],
    "val_micro_f1": [
        0.33791666666616654,
        0.30166666666616654,
        0.34041666666616655,
        0.32999999999949986,
        0.33291666666616654,
        0.33749999999949987,
        0.33666666666616657,
        0.32708333333283324,
        0.33458333333283324,
        0.3333333333328332
    ],
    "val_weighted_f1": [
        0.17069474722295963,
        0.2177854048559677,
        0.1918239478947936,
        0.21163814242541773,
        0.19440431951056492,
        0.1731979582168295,
        0.1962916941437583,
        0.19404750856581351,
        0.17672555524924152,
        0.18166834368615753
    ],
    "val_confidence": [
        0.3441735871632894,
        0.2819671614964803,
        0.39937779744466145,
        0.3172376283009847,
        0.3308472164471944,
        0.4217648792266846,
        0.3287543066342672,
        0.3354446776707967,
        0.4112411022186279,
        0.355577646891276
    ],
    "grad_norm": [
        0.9829410020757042,
        0.7609074960372082,
        0.8402307605423441,
        0.7948224608478718,
        0.720764306592753,
        0.7789733021830358,
        0.8102889922834663,
        0.702664904756438,
        0.7444475837767723,
        0.7093937341878315
    ],
    "fractional_applied_params": [
        42.0,
        42.0,
        42.0,
        42.0,
        42.0,
        42.0,
        42.0,
        42.0,
        42.0,
        42.0
    ],
    "epoch_time": [
        7.503625392913818,
        3.882335662841797,
        3.861564874649048,
        3.8800623416900635,
        3.3094966411590576,
        3.2071101665496826,
        2.893253803253174,
        3.312316417694092,
        3.362461566925049,
        3.672588586807251
    ],
    "throughput_samples_per_sec": [
        1279.381565218585,
        2472.7382775998767,
        2486.0387722665105,
        2474.1870502571533,
        2900.7432370857073,
        2993.3489969033412,
        3318.0635550209117,
        2898.2738329942385,
        2855.051220341276,
        2613.960091932246
    ],
    "lr": [
        0.0003,
        0.0003,
        0.0003,
        0.0003,
        0.0003,
        0.0003,
        0.0003,
        0.0003,
        0.0003,
        0.0003
    ]
}