{
    "train_loss": [
        2.253440174102783,
        2.081141267776489,
        1.9937294731140136,
        1.9483493146896362,
        1.9057940015792847,
        1.883135474205017,
        1.8513983249664308,
        1.8211061124801635,
        1.7879344778060913,
        1.7696706714630126
    ],
    "train_accuracy": [
        0.2057500034570694,
        0.2784999907016754,
        0.3084999918937683,
        0.3255000114440918,
        0.33375000953674316,
        0.3294999897480011,
        0.34599998593330383,
        0.3492499887943268,
        0.36524999141693115,
        0.3720000088214874
    ],
    "train_macro_precision": [
        0.14650295643762173,
        0.2120796783600297,
        0.24149717125105866,
        0.2612486652661765,
        0.2773936716528839,
        0.27752416813732517,
        0.2861878057606108,
        0.294681892197546,
        0.3211258266275693,
        0.3192389996565116
    ],
    "train_macro_recall": [
        0.1233906902647818,
        0.19901238778389893,
        0.2424831733686644,
        0.2594077503067769,
        0.271506605117941,
        0.26873534170880753,
        0.29093618142894745,
        0.29102741046703995,
        0.3075509877243439,
        0.31302136321291785
    ],
    "train_macro_f1": [
        0.102525060334884,
        0.1820726241063617,
        0.22817700909904062,
        0.247018198578489,
        0.2622434294452175,
        0.2625602560284006,
        0.28147917795276467,
        0.2848404676147568,
        0.3005299279447434,
        0.3062238635461882
    ],
    "train_micro_f1": [
        0.20574999999949997,
        0.2784999999994999,
        0.30849999999949995,
        0.3254999999994999,
        0.33374999999949995,
        0.3294999999994999,
        0.34599999999949993,
        0.3492499999994999,
        0.3652499999994999,
        0.37199999999949995
    ],
    "train_weighted_f1": [
        0.14152035899766705,
        0.22678023566473582,
        0.2716803794245402,
        0.29087818114966524,
        0.30610487132590075,
        0.30464991908658556,
        0.3243349371147984,
        0.3269965016831157,
        0.3416315359553211,
        0.34904499147965434
    ],
    "train_confidence": [
        0.2422191743850708,
        0.27875666904449464,
        0.32809072971343994,
        0.3347852449417114,
        0.3445542049407959,
        0.3523276462554932,
        0.35787000846862793,
        0.3577452774047852,
        0.3650008087158203,
        0.3763228712081909
    ],
    "val_loss": [
        2.0793027210235597,
        1.9874218559265138,
        1.9539318313598633,
        1.911090560913086,
        1.9119481239318847,
        1.867618724822998,
        1.8486380043029784,
        1.8487950191497802,
        1.8470876922607422,
        1.8222787990570068
    ],
    "val_accuracy": [
        0.2770000100135803,
        0.3109999895095825,
        0.3160000145435333,
        0.3230000138282776,
        0.3230000138282776,
        0.335999995470047,
        0.3370000123977661,
        0.3330000042915344,
        0.3449999988079071,
        0.3330000042915344
    ],
    "val_macro_precision": [
        0.13741283694003778,
        0.23935550853532234,
        0.24556859099102807,
        0.26083522480691956,
        0.3104913053354357,
        0.2812291772404426,
        0.29250697651043933,
        0.2664775095283753,
        0.279224079961092,
        0.28714145043131467
    ],
    "val_macro_recall": [
        0.14293514946602534,
        0.20007149157240828,
        0.21650444970284352,
        0.2508679421167793,
        0.25883468542248156,
        0.25617191458756183,
        0.2476490918382867,
        0.2645390666422084,
        0.27032009989944383,
        0.26058655005617504
    ],
    "val_macro_f1": [
        0.0987820241146457,
        0.18172381755576147,
        0.1971419115070699,
        0.23553533584884018,
        0.24027640497134245,
        0.23808476899335593,
        0.24307635696953755,
        0.2538754435511348,
        0.25753715298975016,
        0.25860346460224226
    ],
    "val_micro_f1": [
        0.2769999999994997,
        0.3109999999994997,
        0.3159999999994997,
        0.3229999999994997,
        0.3229999999994997,
        0.33599999999949964,
        0.33699999999949964,
        0.3329999999994997,
        0.34499999999949965,
        0.3329999999994997
    ],
    "val_weighted_f1": [
        0.16096190279537698,
        0.24331892799149765,
        0.25822308229533714,
        0.2902557352770897,
        0.29924317797546146,
        0.29975995738823064,
        0.29779891847848855,
        0.3147850209220629,
        0.31316278801578235,
        0.3140904288263926
    ],
    "val_confidence": [
        0.28256356906890867,
        0.3712239503860474,
        0.371298059463501,
        0.3327393398284912,
        0.3537776527404785,
        0.36631892681121825,
        0.3928801927566528,
        0.38615941143035887,
        0.41945716381073,
        0.37778042793273925
    ],
    "grad_norm": [
        1.335524848540849,
        1.1283296384333612,
        1.0128839541113808,
        0.9065933611729575,
        0.8192652525669838,
        0.8971879855825753,
        0.8698726539819904,
        0.8054679291908099,
        0.8431288833429423,
        0.8807483207820329
    ],
    "fractional_applied_params": [
        2.0,
        2.0,
        2.0,
        2.0,
        2.0,
        2.0,
        2.0,
        2.0,
        2.0,
        2.0
    ],
    "epoch_time": [
        4.242786645889282,
        0.9599208831787109,
        0.7920560836791992,
        0.63588547706604,
        0.7704286575317383,
        1.1482253074645996,
        1.168215036392212,
        1.157818078994751,
        1.157280445098877,
        1.1664552688598633
    ],
    "throughput_samples_per_sec": [
        942.7766074156683,
        4167.0100839501265,
        5050.147435797098,
        6290.440880102973,
        5191.914865699577,
        3483.6368559341495,
        3424.027148591722,
        3454.7741761580614,
        3456.3791490127905,
        3429.1927918588326
    ],
    "lr": [
        0.0003,
        0.0003,
        0.0003,
        0.0003,
        0.0003,
        0.0003,
        0.0003,
        0.0003,
        0.0003,
        0.0003
    ]
}