{
    "prefix": "epoch_3",
    "retain_em_acc": 0.5666666666666667,
    "forget_em_acc": 0.2,
    "retain_answer_nll": 0.12679509818553925,
    "forget_answer_nll": 0.15907474234700203,
    "general_ppl": 1.1782614963925968,
    "forget_minus_retain_nll": 0.032279644161462784,
    "retain_eval_n": 30,
    "forget_eval_n": 30
}