{
    "train_loss": [
        2.249724977493286,
        2.1633434715271,
        2.0419096908569334,
        1.9938604049682618,
        1.949385178565979,
        1.9248139820098877,
        1.886476357460022,
        1.8520347118377685,
        1.8429151859283448,
        1.799029764175415
    ],
    "train_accuracy": [
        0.21324999630451202,
        0.23475000262260437,
        0.27250000834465027,
        0.29475000500679016,
        0.304749995470047,
        0.31700000166893005,
        0.3307499885559082,
        0.33649998903274536,
        0.3397499918937683,
        0.3577499985694885
    ],
    "train_macro_precision": [
        0.080279196961306,
        0.10487152509228907,
        0.1910386826549646,
        0.21807071586399726,
        0.23520766472277552,
        0.2518980941825084,
        0.26861569474977554,
        0.2806254513436244,
        0.28622301630690206,
        0.29926437213936996
    ],
    "train_macro_recall": [
        0.1058639105062256,
        0.1174305638028483,
        0.18554441484094308,
        0.21135663083922512,
        0.2306032900050415,
        0.24554477326232357,
        0.2582491350613697,
        0.26817586914962904,
        0.2729583489677912,
        0.2919122991002124
    ],
    "train_macro_f1": [
        0.06472581195807423,
        0.07258849301284795,
        0.1690316810162764,
        0.1974824807749987,
        0.21927187850611812,
        0.23642362760882096,
        0.24953827371261106,
        0.26389950802786916,
        0.2683742459125187,
        0.28800831952019557
    ],
    "train_micro_f1": [
        0.21324999999949995,
        0.23474999999949997,
        0.2724999999995,
        0.29474999999949997,
        0.3047499999994999,
        0.31699999999949996,
        0.33074999999949994,
        0.3364999999994999,
        0.33974999999949995,
        0.35774999999949997
    ],
    "train_weighted_f1": [
        0.11094530600427091,
        0.12106885273409716,
        0.2206610683893286,
        0.24940596758191266,
        0.2699430362476834,
        0.2847233351371782,
        0.30163597600806763,
        0.3137952008013183,
        0.3178956990779625,
        0.33619537708653735
    ],
    "train_confidence": [
        0.22506984424591064,
        0.24264483737945558,
        0.2810057783126831,
        0.29708314418792725,
        0.312273099899292,
        0.32189555835723876,
        0.33694493579864504,
        0.3518810329437256,
        0.3608696823120117,
        0.3660427055358887
    ],
    "val_loss": [
        2.2153203239440917,
        2.0801854972839355,
        2.056209484100342,
        1.9905917854309083,
        1.9819881763458251,
        1.9600623741149903,
        1.9301603450775147,
        1.9326719245910644,
        1.9043777170181275,
        1.910952756881714
    ],
    "val_accuracy": [
        0.21400000154972076,
        0.27399998903274536,
        0.2669999897480011,
        0.3050000071525574,
        0.30799999833106995,
        0.3160000145435333,
        0.3199999928474426,
        0.3409999907016754,
        0.3269999921321869,
        0.32499998807907104
    ],
    "val_macro_precision": [
        0.021399999999999978,
        0.2554143073428498,
        0.22035515424767338,
        0.23771814339644046,
        0.2303657671098494,
        0.26553380272284516,
        0.261552850597883,
        0.31014542519187815,
        0.26221911818533844,
        0.2733657201877537
    ],
    "val_macro_recall": [
        0.09999999999999953,
        0.1842260700693439,
        0.20275617042323976,
        0.22852277443877633,
        0.23391462742350644,
        0.24523323268395983,
        0.25112233747639695,
        0.2658515003614273,
        0.26214400950387556,
        0.25861790156904113
    ],
    "val_macro_f1": [
        0.03525535420095936,
        0.13632283392192693,
        0.17265495551495996,
        0.20420791296034135,
        0.19905579433024176,
        0.21419296581808073,
        0.2326082635737313,
        0.24658970014164955,
        0.2461181975651876,
        0.24457299649671754
    ],
    "val_micro_f1": [
        0.2139999999994998,
        0.27399999999949975,
        0.26699999999949975,
        0.30499999999949967,
        0.3079999999994997,
        0.3159999999994997,
        0.3199999999994997,
        0.34099999999949965,
        0.3269999999994997,
        0.3249999999994997
    ],
    "val_weighted_f1": [
        0.07544645799005305,
        0.18456218450040376,
        0.22357719001920173,
        0.2532066756520639,
        0.24706639432290362,
        0.2675644753557579,
        0.2838781809744811,
        0.2940507446624107,
        0.2981013860330788,
        0.2961718660842358
    ],
    "val_confidence": [
        0.25633801460266115,
        0.2329444999694824,
        0.2433220329284668,
        0.28590614223480226,
        0.3293147497177124,
        0.3173609972000122,
        0.3421140098571777,
        0.36791123008728027,
        0.3553208999633789,
        0.3489468584060669
    ],
    "grad_norm": [
        1.2992814496802414,
        0.968474654295312,
        1.1619131221218957,
        1.1425853691481478,
        1.156547977968382,
        1.130221791618189,
        1.1140783781641956,
        1.203027792631893,
        1.3996735792374737,
        1.3711303046139822
    ],
    "fractional_applied_params": [
        2.0,
        2.0,
        2.0,
        2.0,
        2.0,
        2.0,
        2.0,
        2.0,
        2.0,
        2.0
    ],
    "epoch_time": [
        4.113505840301514,
        0.8156232833862305,
        0.8131842613220215,
        1.0300824642181396,
        1.0300543308258057,
        1.0448362827301025,
        1.0333576202392578,
        1.0251555442810059,
        1.0426197052001953,
        0.9232051372528076
    ],
    "throughput_samples_per_sec": [
        972.4065445126015,
        4904.22488111566,
        4918.934355046497,
        3883.184248783526,
        3883.290308379323,
        3828.350973368009,
        3870.8767629485933,
        3901.846917099205,
        3836.489930172529,
        4332.731522598377
    ],
    "lr": [
        0.0003,
        0.0003,
        0.0003,
        0.0003,
        0.0003,
        0.0003,
        0.0003,
        0.0003,
        0.0003,
        0.0003
    ]
}