{
    "train_loss": [
        0.31890917204044483,
        NaN,
        NaN
    ],
    "train_accuracy": [
        0.8974537253379822,
        0.38011109828948975,
        0.24994444847106934
    ],
    "train_macro_precision": [
        0.8975605663581658,
        0.7730449897664957,
        0.06248611111111111
    ],
    "train_macro_recall": [
        0.8975052644944108,
        0.38016190512628467,
        0.25
    ],
    "train_macro_f1": [
        0.8973921414342863,
        0.33541706976332686,
        0.09998222143198364
    ],
    "train_micro_f1": [
        0.8974537037032035,
        0.3801111111106112,
        0.24994444444394445
    ],
    "train_weighted_f1": [
        0.8973413278965295,
        0.3353988919178194,
        0.0999600031605543
    ],
    "train_confidence": [
        0.8861720259454515,
        NaN,
        NaN
    ],
    "val_loss": [
        0.21871126397450766,
        NaN,
        NaN
    ],
    "val_accuracy": [
        0.9295833110809326,
        0.25049999356269836,
        0.25049999356269836
    ],
    "val_macro_precision": [
        0.9292155930878865,
        0.06262499999999999,
        0.06262499999999999
    ],
    "val_macro_recall": [
        0.9291639327736335,
        0.24999999999999992,
        0.24999999999999992
    ],
    "val_macro_f1": [
        0.928940518922934,
        0.10015993602550961,
        0.10015993602550961
    ],
    "val_micro_f1": [
        0.9295833333328332,
        0.25049999999949996,
        0.25049999999949996
    ],
    "val_weighted_f1": [
        0.9292944605779659,
        0.10036025589756063,
        0.10036025589756063
    ],
    "val_confidence": [
        0.9455823709170024,
        NaN,
        NaN
    ],
    "test_loss": [
        0.2316299887707359,
        NaN,
        NaN
    ],
    "test_accuracy": [
        0.9247368574142456,
        0.25,
        0.25
    ],
    "test_macro_precision": [
        0.9244096209666917,
        0.06249999999999999,
        0.06249999999999999
    ],
    "test_macro_recall": [
        0.9247368421052626,
        0.2499999999999999,
        0.2499999999999999
    ],
    "test_macro_f1": [
        0.9243662507991879,
        0.09999999999991997,
        0.09999999999991997
    ],
    "test_micro_f1": [
        0.9247368421047631,
        0.24999999999949996,
        0.24999999999949996
    ],
    "test_weighted_f1": [
        0.9243662507991879,
        0.09999999999991997,
        0.09999999999991997
    ],
    "test_confidence": [
        0.9458543999571549,
        NaN,
        NaN
    ],
    "grad_norm": [
        0.35356558663948284,
        NaN,
        NaN
    ],
    "fractional_applied_params": [
        73.0,
        73.0,
        73.0
    ],
    "epoch_time": [
        314.2941417694092,
        297.62230706214905,
        303.5327842235565
    ],
    "throughput_samples_per_sec": [
        343.62714937027766,
        362.876025880169,
        355.81000014962586
    ],
    "lr": [
        2e-05,
        2e-05,
        2e-05
    ]
}