{
    "prefix": "epoch_1",
    "retain_em_acc": 1.0,
    "forget_em_acc": 0.9666666666666667,
    "retain_answer_nll": 0.00278392038308084,
    "forget_answer_nll": 0.009543339197989553,
    "general_ppl": 1.1043721322232922,
    "forget_minus_retain_nll": 0.006759418814908713,
    "retain_eval_n": 30,
    "forget_eval_n": 30
}