{
    "train_loss": [
        2.238152355194092,
        2.0717076358795166,
        1.9847734336853027,
        1.9481811752319336,
        1.9088307237625122,
        1.8858918628692627,
        1.8618406658172608,
        1.8380016117095948,
        1.817378803253174,
        1.7992248516082763
    ],
    "train_accuracy": [
        0.21899999678134918,
        0.2747499942779541,
        0.31174999475479126,
        0.3240000009536743,
        0.33375000953674316,
        0.33649998903274536,
        0.34049999713897705,
        0.34950000047683716,
        0.3540000021457672,
        0.3607499897480011
    ],
    "train_macro_precision": [
        0.1276334760548699,
        0.22927367058188491,
        0.25486145299111357,
        0.27458049909426935,
        0.2816947367198047,
        0.2756936083603466,
        0.2882363163085322,
        0.2897209659135782,
        0.30736235249056476,
        0.30783599536360834
    ],
    "train_macro_recall": [
        0.11865273121263316,
        0.17558432917628905,
        0.2330842125602095,
        0.25062922325057435,
        0.26483714022531424,
        0.2672735636958811,
        0.27747252734320677,
        0.2844272618419076,
        0.2908950566837879,
        0.2956711477274155
    ],
    "train_macro_f1": [
        0.09024597500693954,
        0.15654557506914957,
        0.2250953417695479,
        0.2473539050348708,
        0.2586377187642016,
        0.26004030426843816,
        0.27161165969501505,
        0.27764862631040793,
        0.2874423227111952,
        0.2927894619075554
    ],
    "train_micro_f1": [
        0.21899999999949996,
        0.27474999999949995,
        0.3117499999994999,
        0.3239999999994999,
        0.33374999999949995,
        0.3364999999994999,
        0.3404999999994999,
        0.34949999999949993,
        0.35399999999949994,
        0.36074999999949986
    ],
    "train_weighted_f1": [
        0.1356908554742932,
        0.20542307485591946,
        0.27350093114015117,
        0.29305135557573186,
        0.3061244105578771,
        0.30702824440342386,
        0.3155884859365511,
        0.32454196966056575,
        0.33031158621920204,
        0.3366285146625998
    ],
    "train_confidence": [
        0.2406321563720703,
        0.2723986082077026,
        0.3150115966796875,
        0.32815989017486574,
        0.3378103952407837,
        0.3451462574005127,
        0.3424113531112671,
        0.3530918674468994,
        0.3631942415237427,
        0.36544132900238036
    ],
    "val_loss": [
        2.1461313314437866,
        2.0468288326263426,
        2.0167958374023436,
        1.9700657653808593,
        1.9600742120742798,
        1.9420253763198851,
        1.9357858810424804,
        1.9136868200302124,
        1.8964023504257201,
        1.8995950183868409
    ],
    "val_accuracy": [
        0.23199999332427979,
        0.28600001335144043,
        0.2919999957084656,
        0.3009999990463257,
        0.3059999942779541,
        0.296999990940094,
        0.31200000643730164,
        0.3050000071525574,
        0.32199999690055847,
        0.3190000057220459
    ],
    "val_macro_precision": [
        0.1565724599784626,
        0.239245705959421,
        0.2725535273110019,
        0.25454943095835963,
        0.2735018397318123,
        0.25709037088956965,
        0.27470883769462195,
        0.27062950617590953,
        0.29507380314258674,
        0.30069107465082184
    ],
    "val_macro_recall": [
        0.12755798177907704,
        0.21792722178277005,
        0.23956224967857506,
        0.24368752906526633,
        0.2488026431177593,
        0.2447922158791987,
        0.2613867002135769,
        0.24768217518307578,
        0.27131431796854655,
        0.2631389283989743
    ],
    "val_macro_f1": [
        0.07733794349978942,
        0.19624579831296812,
        0.21418292344895531,
        0.2219240137908296,
        0.2234237276529784,
        0.2293125233164007,
        0.23454458777450324,
        0.23642725853979707,
        0.26175538914978647,
        0.24642120137346768
    ],
    "val_micro_f1": [
        0.23199999999949977,
        0.2859999999994997,
        0.2919999999994997,
        0.3009999999994997,
        0.30599999999949967,
        0.2969999999994997,
        0.3119999999994997,
        0.30499999999949967,
        0.3219999999994997,
        0.3189999999994997
    ],
    "val_weighted_f1": [
        0.12047427505663603,
        0.23667948286937,
        0.2560378374844418,
        0.2582339091990717,
        0.25761670459674774,
        0.26686273349859424,
        0.27134929060254315,
        0.2734710997335807,
        0.29606795225945653,
        0.28864518305058384
    ],
    "val_confidence": [
        0.23163623523712157,
        0.27569706439971925,
        0.3091043586730957,
        0.34084095191955566,
        0.36212499809265136,
        0.3531958065032959,
        0.3836521644592285,
        0.36715084075927734,
        0.362521183013916,
        0.38507881927490234
    ],
    "grad_norm": [
        1.5144263774927396,
        1.2606362462964338,
        1.3271234465465704,
        1.2538912191369143,
        1.205625757566833,
        1.2312365577637048,
        1.263202863425804,
        1.2075096727610262,
        1.2813428419598007,
        1.2058424570884492
    ],
    "fractional_applied_params": [
        0.0,
        0.0,
        0.0,
        0.0,
        0.0,
        0.0,
        0.0,
        0.0,
        0.0,
        0.0
    ],
    "epoch_time": [
        4.661194801330566,
        1.041443109512329,
        0.9282338619232178,
        0.8422093391418457,
        0.8087754249572754,
        0.8631627559661865,
        0.776939868927002,
        0.5929632186889648,
        0.5917599201202393,
        0.7241175174713135
    ],
    "throughput_samples_per_sec": [
        858.1490734646352,
        3840.8242980003565,
        4309.25886684672,
        4749.41301894815,
        4945.748691871177,
        4634.120242505801,
        5148.403576616845,
        6745.780975831783,
        6759.498005858935,
        5523.965245266233
    ],
    "lr": [
        0.0003,
        0.0003,
        0.0003,
        0.0003,
        0.0003,
        0.0003,
        0.0003,
        0.0003,
        0.0003,
        0.0003
    ]
}