{
    "train_loss": [
        0.3376415986308345,
        0.21410319671807465,
        0.17520592815787703
    ],
    "train_accuracy": [
        0.8931758999824524,
        0.9274073839187622,
        0.9411110877990723
    ],
    "train_macro_precision": [
        0.8935619067634062,
        0.9276225286431696,
        0.9413285294923914
    ],
    "train_macro_recall": [
        0.8932229522009498,
        0.9274474764827683,
        0.9411469556875106
    ],
    "train_macro_f1": [
        0.8931936989708001,
        0.9274325720961432,
        0.9411604025723258
    ],
    "train_micro_f1": [
        0.8931759259254257,
        0.9274074074069074,
        0.9411111111106111
    ],
    "train_weighted_f1": [
        0.8931351442601632,
        0.9273865776024467,
        0.9411189654356703
    ],
    "train_confidence": [
        0.8652344965316631,
        0.9359986530586525,
        0.9508484705289205
    ],
    "val_loss": [
        0.24310699526468912,
        0.21026328341166178,
        0.20501041396458944
    ],
    "val_accuracy": [
        0.9178333282470703,
        0.9296666383743286,
        0.9326666593551636
    ],
    "val_macro_precision": [
        0.9178097265681757,
        0.929379165251066,
        0.9323846601888502
    ],
    "val_macro_recall": [
        0.9175077102857874,
        0.9292934703155613,
        0.9322257558508417
    ],
    "val_macro_f1": [
        0.9175211122527086,
        0.9291627537908376,
        0.9321578792261508
    ],
    "val_micro_f1": [
        0.9178333333328331,
        0.9296666666661664,
        0.9326666666661665
    ],
    "val_weighted_f1": [
        0.9179820000323896,
        0.9296015284168012,
        0.9325499597619689
    ],
    "val_confidence": [
        0.9325203552246094,
        0.9457992966969808,
        0.9563432761828105
    ],
    "test_loss": [
        0.23824829503109582,
        0.21027945643977114,
        0.20369835326546118
    ],
    "test_accuracy": [
        0.917894721031189,
        0.9284210801124573,
        0.9361842274665833
    ],
    "test_macro_precision": [
        0.9179753556113699,
        0.9286179205106079,
        0.9363375905964159
    ],
    "test_macro_recall": [
        0.9178947368421049,
        0.9284210526315785,
        0.9361842105263154
    ],
    "test_macro_f1": [
        0.9178810921194923,
        0.928313231820255,
        0.9360357913463471
    ],
    "test_micro_f1": [
        0.9178947368416052,
        0.9284210526310788,
        0.9361842105258157
    ],
    "test_weighted_f1": [
        0.9178810921194923,
        0.928313231820255,
        0.936035791346347
    ],
    "test_confidence": [
        0.9319220246766743,
        0.946780487863641,
        0.9562773673157943
    ],
    "grad_norm": [
        NaN,
        NaN,
        NaN
    ],
    "fractional_applied_params": [
        0.0,
        0.0,
        0.0
    ],
    "epoch_time": [
        258.0640721321106,
        192.03559517860413,
        193.08335256576538
    ],
    "throughput_samples_per_sec": [
        418.5007200254967,
        562.3957365797409,
        559.3439235690428
    ],
    "lr": [
        2e-05,
        2e-05,
        2e-05
    ]
}