{
    "prefix": "epoch_5",
    "retain_em_acc": 0.9333333333333333,
    "forget_em_acc": 0.6333333333333333,
    "retain_answer_nll": 0.012296800181502476,
    "forget_answer_nll": 0.5316644068807364,
    "general_ppl": 1.0853249437900945,
    "forget_minus_retain_nll": 0.5193676066992339,
    "retain_eval_n": 30,
    "forget_eval_n": 30
}