{
    "train_loss": [
        2.111437027454376,
        2.0795411801338197,
        2.02086398601532,
        1.9681561660766602,
        1.9637833952903747,
        1.9541414213180541,
        1.9439058685302735,
        1.9430233836174011,
        1.947915759086609,
        1.932598352432251
    ],
    "train_accuracy": [
        0.3356249928474426,
        0.3421874940395355,
        0.3383333384990692,
        0.34062498807907104,
        0.33906251192092896,
        0.3343749940395355,
        0.33937498927116394,
        0.3361458480358124,
        0.33656251430511475,
        0.3385416567325592
    ],
    "train_macro_precision": [
        0.04963179584545282,
        0.03421874999999999,
        0.11252503460985885,
        0.13722943286024866,
        0.13133478616247324,
        0.13224098278435997,
        0.13352512402355046,
        0.1278109106316456,
        0.13056794810966182,
        0.13749120825265687
    ],
    "train_macro_recall": [
        0.09907760670742,
        0.09999999999999998,
        0.10705347999145376,
        0.11931335480065564,
        0.11708625003740022,
        0.12007929263205792,
        0.11907887951839982,
        0.11649525729117571,
        0.11648170299350172,
        0.11856347937367036
    ],
    "train_macro_f1": [
        0.052806150738237356,
        0.050989522700776904,
        0.07064661086534085,
        0.09388507461261567,
        0.09050067146630829,
        0.09780860806500823,
        0.09390167979843597,
        0.09024218889569272,
        0.09027022214260919,
        0.09279737845809544
    ],
    "train_micro_f1": [
        0.33562499999949996,
        0.34218749999949993,
        0.3383333333328333,
        0.34062499999949997,
        0.33906249999949994,
        0.33437499999949993,
        0.33937499999949994,
        0.33614583333283327,
        0.33656249999949994,
        0.33854166666616664
    ],
    "train_weighted_f1": [
        0.17488257526918835,
        0.17447977299172096,
        0.19553598311019774,
        0.21562628172162482,
        0.21343099337063795,
        0.21987802503507942,
        0.2168586323843601,
        0.21154824554879784,
        0.21372780007188646,
        0.21571994859993884
    ],
    "train_confidence": [
        0.3436143521467845,
        0.33966232657432555,
        0.3444252161184947,
        0.346966404914856,
        0.3492435550689697,
        0.347989737590154,
        0.3465529902776082,
        0.3458241764704386,
        0.3440980839729309,
        0.34788482149442035
    ],
    "val_loss": [
        2.0687847995758055,
        2.0652447319030762,
        1.9583577632904052,
        1.95169086933136,
        1.9334974145889283,
        1.9289723682403563,
        1.9260005140304566,
        1.9324784803390502,
        1.9284130811691285,
        1.9303885316848755
    ],
    "val_accuracy": [
        0.34416666626930237,
        0.34416666626930237,
        0.34416666626930237,
        0.34375,
        0.34416666626930237,
        0.34708333015441895,
        0.3466666638851166,
        0.34416666626930237,
        0.3466666638851166,
        0.3454166650772095
    ],
    "val_macro_precision": [
        0.03441666666666665,
        0.03441666666666665,
        0.06791159602741084,
        0.03454773869346732,
        0.06370102534314068,
        0.18519729144723943,
        0.08976797886240143,
        0.0713160092664132,
        0.08191300602928134,
        0.07351550886434251
    ],
    "val_macro_recall": [
        0.09999999999999988,
        0.09999999999999988,
        0.10145278450363182,
        0.09987893462469721,
        0.131894257389556,
        0.12086482153916536,
        0.12120997801633364,
        0.12504990889524759,
        0.1059127030495353,
        0.10379694976841022
    ],
    "val_macro_f1": [
        0.051208927464314005,
        0.051208927464314005,
        0.054581368932088904,
        0.05133789670189083,
        0.08479191437879542,
        0.08130528850676874,
        0.07753155396044736,
        0.07772670008965776,
        0.06257172004218174,
        0.059501521807896154
    ],
    "val_micro_f1": [
        0.3441666666661665,
        0.3441666666661665,
        0.3441666666661665,
        0.3437499999994999,
        0.3441666666661665,
        0.3470833333328332,
        0.3466666666661665,
        0.3441666666661665,
        0.3466666666661665,
        0.34541666666616655
    ],
    "val_weighted_f1": [
        0.17624405868968068,
        0.17624405868968068,
        0.17833474904237523,
        0.17668792781567424,
        0.2157513851448418,
        0.2060311482020349,
        0.20336143996291253,
        0.21402375316927957,
        0.18694363734255465,
        0.18468246087581747
    ],
    "val_confidence": [
        0.35380078156789146,
        0.39356409072875975,
        0.3949915345509847,
        0.42682449181874593,
        0.3426347239812215,
        0.32719064156214395,
        0.32947001616160076,
        0.322745893796285,
        0.3689810593922933,
        0.38954779942830403
    ],
    "grad_norm": [
        1.3037609258350182,
        0.9483253676714921,
        1.0342801379967235,
        0.7588938550572802,
        0.7642167875730008,
        0.7237475155545158,
        0.7119552340455256,
        0.694409572472567,
        0.8557524654915576,
        0.6832884414265168
    ],
    "fractional_applied_params": [
        0.0,
        0.0,
        0.0,
        42.0,
        42.0,
        42.0,
        42.0,
        42.0,
        42.0,
        42.0
    ],
    "epoch_time": [
        7.362261533737183,
        3.846071481704712,
        3.902243137359619,
        3.0863471031188965,
        3.005574941635132,
        3.2871158123016357,
        3.28226637840271,
        3.8718957901000977,
        3.4521546363830566,
        3.512619733810425
    ],
    "throughput_samples_per_sec": [
        1303.9471575423524,
        2496.05345237758,
        2460.1234884855644,
        3110.473216152116,
        3194.064425749199,
        2920.493389394178,
        2924.8083163413958,
        2479.405572987236,
        2780.871951338268,
        2733.0029230309246
    ],
    "lr": [
        0.0003,
        0.0003,
        0.0003,
        0.0003,
        0.0003,
        0.0003,
        0.0003,
        0.0003,
        0.0003,
        0.0003
    ]
}