{
    "train_loss": [
        2.4089576454162596,
        2.5313332500457766,
        2.4078745613098143,
        2.275652978897095,
        2.2661146316528322,
        2.23502675819397,
        2.202565097808838,
        2.1781590576171874,
        2.138691345214844,
        2.1778435096740725
    ],
    "train_accuracy": [
        0.1837500035762787,
        0.1289999932050705,
        0.21175000071525574,
        0.17225000262260437,
        0.23600000143051147,
        0.1965000033378601,
        0.24025000631809235,
        0.2342499941587448,
        0.2567499876022339,
        0.18799999356269836
    ],
    "train_macro_precision": [
        0.10879385434604052,
        0.13814662358456622,
        0.13076117853613933,
        0.15047727175838127,
        0.17931460900841412,
        0.14068091826340215,
        0.1635157912903912,
        0.10465100161622412,
        0.13386403126140076,
        0.2245658880007467
    ],
    "train_macro_recall": [
        0.11037650702600417,
        0.11899782296985743,
        0.11100930388889978,
        0.15286103459710726,
        0.16430267117307498,
        0.13733425126163756,
        0.13557064747847777,
        0.1550594438333912,
        0.17187907651918918,
        0.17547718622164796
    ],
    "train_macro_f1": [
        0.0870128908803366,
        0.10093980706123154,
        0.06067470092903003,
        0.1356553240791642,
        0.10169862972774424,
        0.11632296700297269,
        0.08927309805372871,
        0.11355416063635385,
        0.13799564667093328,
        0.15587678222596926
    ],
    "train_micro_f1": [
        0.18374999999949998,
        0.1289999999995,
        0.21174999999949998,
        0.17224999999949997,
        0.23599999999949997,
        0.19649999999949996,
        0.24024999999949995,
        0.23424999999949997,
        0.25674999999949993,
        0.18799999999949996
    ],
    "train_weighted_f1": [
        0.12304765535086519,
        0.11687798664135557,
        0.10149044794004723,
        0.1674269157474842,
        0.15275091802296886,
        0.15654967062939995,
        0.13072649531809083,
        0.1624221893288304,
        0.19406491503396647,
        0.18173634601569919
    ],
    "train_confidence": [
        0.32477416038513185,
        0.23080251216888428,
        0.3671262273788452,
        0.2279446430206299,
        0.3338193473815918,
        0.21020935916900635,
        0.31595008754730225,
        0.26929306602478026,
        0.3672496700286865,
        0.21748074913024903
    ],
    "val_loss": [
        2.4435620727539065,
        2.3143095722198486,
        2.298301725387573,
        2.32605855178833,
        2.2325741844177247,
        2.231999509811401,
        2.241142824172974,
        2.1825986194610594,
        2.1238936004638673,
        2.1987765617370605
    ],
    "val_accuracy": [
        0.21899999678134918,
        0.12700000405311584,
        0.2240000069141388,
        0.24400000274181366,
        0.15399999916553497,
        0.2280000001192093,
        0.21799999475479126,
        0.2290000021457672,
        0.2370000034570694,
        0.20499999821186066
    ],
    "val_macro_precision": [
        0.0385982562038872,
        0.06534490296976364,
        0.11488744375188135,
        0.07272753327149709,
        0.15539287269894977,
        0.13824370841945116,
        0.02179999999999998,
        0.13731601200449278,
        0.11468794464936323,
        0.18920000552333627
    ],
    "val_macro_recall": [
        0.10114942528735585,
        0.12473833828659883,
        0.15805405833422517,
        0.15839469195435402,
        0.15823919322073454,
        0.11060681958929379,
        0.09999999999999955,
        0.1807280035767429,
        0.14607090141216605,
        0.1698574059551649
    ],
    "val_macro_f1": [
        0.03812413499410289,
        0.0503654372914233,
        0.10961144355655979,
        0.09401463999264445,
        0.10340128987394878,
        0.05610689851211228,
        0.035796387520496,
        0.1311834874834389,
        0.08809078404938095,
        0.14672416483178713
    ],
    "val_micro_f1": [
        0.21899999999949976,
        0.12699999999949987,
        0.2239999999994998,
        0.24399999999949976,
        0.15399999999949984,
        0.22799999999949977,
        0.21799999999949976,
        0.22899999999949977,
        0.2369999999994998,
        0.2049999999994998
    ],
    "val_weighted_f1": [
        0.0802934099860849,
        0.08862381378914992,
        0.1542196581136677,
        0.14893195837807352,
        0.12360953569286774,
        0.0987676525637342,
        0.07803612479468128,
        0.1887534432693049,
        0.15260423582483335,
        0.18946690697475382
    ],
    "val_confidence": [
        0.3276027965545654,
        0.2151079616546631,
        0.19113676929473877,
        0.3586075706481934,
        0.16539405012130737,
        0.2873772449493408,
        0.37229471969604494,
        0.24243150615692138,
        0.30379553413391114,
        0.2077909345626831
    ],
    "grad_norm": [
        1.0582422802518054,
        2.1224590267434515,
        2.0363172510974654,
        1.6096719318837114,
        1.5256332208208623,
        1.3152277394758278,
        1.2066675142128038,
        1.4352642785840068,
        1.263412077266575,
        1.4920054037825108
    ],
    "fractional_applied_params": [
        42.0,
        42.0,
        42.0,
        42.0,
        42.0,
        42.0,
        42.0,
        42.0,
        42.0,
        42.0
    ],
    "epoch_time": [
        4.312167167663574,
        0.3783867359161377,
        0.3953695297241211,
        0.5934069156646729,
        0.856264591217041,
        1.1793272495269775,
        1.1779837608337402,
        1.1918129920959473,
        1.170436143875122,
        1.1724035739898682
    ],
    "throughput_samples_per_sec": [
        927.6078232763149,
        10571.195077214665,
        10117.117530000603,
        6740.7370800854505,
        4671.453241240129,
        3391.7642466112616,
        3395.632548592117,
        3356.231243095879,
        3417.5294576572596,
        3411.794444115681
    ],
    "lr": [
        0.0003,
        0.0003,
        0.0003,
        0.0003,
        0.0003,
        0.0003,
        0.0003,
        0.0003,
        0.0003,
        0.0003
    ]
}