{
    "prefix": "epoch_5",
    "retain_em_acc": 1.0,
    "forget_em_acc": 0.9333333333333333,
    "retain_answer_nll": 0.003508212568704039,
    "forget_answer_nll": 0.04204607114661485,
    "general_ppl": 1.0961315980980137,
    "forget_minus_retain_nll": 0.03853785857791081,
    "retain_eval_n": 30,
    "forget_eval_n": 30
}