{
    "train_loss": [
        2.1929714946746826,
        2.1488340396881105,
        2.0759547214508056,
        2.0342189807891846,
        2.0117302465438844,
        2.0058500814437865,
        1.9942574357986451,
        1.991083399772644,
        1.9848463363647462,
        1.9794262046813964
    ],
    "train_accuracy": [
        0.2720000147819519,
        0.28025001287460327,
        0.28174999356269836,
        0.28187501430511475,
        0.29124999046325684,
        0.29100000858306885,
        0.2941249907016754,
        0.29600000381469727,
        0.2966249883174896,
        0.2941249907016754
    ],
    "train_macro_precision": [
        0.06277787588489207,
        0.05337140143831922,
        0.14175214880447679,
        0.13671658139865886,
        0.15885667576921397,
        0.1406532811571452,
        0.15869004468160863,
        0.16383416726180122,
        0.1718183269870271,
        0.16798126366800767
    ],
    "train_macro_recall": [
        0.09983336193366472,
        0.10236307293203747,
        0.12363860673211213,
        0.1317030432542964,
        0.14898565919185716,
        0.14703442763073354,
        0.1522699143429441,
        0.1555042619164653,
        0.1571055585441876,
        0.15406711077524846
    ],
    "train_macro_f1": [
        0.05013286153296961,
        0.05104589164380542,
        0.0927748829311199,
        0.10810154482933025,
        0.12878240660016524,
        0.12485148338224301,
        0.1330868464191496,
        0.13790191231629984,
        0.1423745879465685,
        0.13623710896330365
    ],
    "train_micro_f1": [
        0.2719999999995,
        0.28024999999949995,
        0.28174999999949996,
        0.2818749999995,
        0.29124999999949996,
        0.2909999999995,
        0.2941249999995,
        0.2959999999995,
        0.2966249999995,
        0.2941249999995
    ],
    "train_weighted_f1": [
        0.12751578782789938,
        0.13175889772270066,
        0.17902861849846996,
        0.19693008273099477,
        0.21460235826237856,
        0.21365675372199147,
        0.218506780921232,
        0.2271384866355898,
        0.22859830939826226,
        0.22465858113369735
    ],
    "train_confidence": [
        0.28281805419921874,
        0.28169125199317935,
        0.29480303382873535,
        0.30433102893829345,
        0.30968609142303466,
        0.30767025661468506,
        0.31020081996917725,
        0.3112994775772095,
        0.31132950401306153,
        0.30958589696884153
    ],
    "val_loss": [
        2.1511208515167235,
        2.119653087615967,
        2.0361377124786375,
        2.0332567739486693,
        2.0197481727600097,
        2.010810525894165,
        2.0057701597213744,
        2.0129252500534056,
        2.009977611541748,
        2.0135196771621704
    ],
    "val_accuracy": [
        0.2840000092983246,
        0.2840000092983246,
        0.28949999809265137,
        0.28949999809265137,
        0.2815000116825104,
        0.29600000381469727,
        0.28850001096725464,
        0.28600001335144043,
        0.2840000092983246,
        0.2874999940395355
    ],
    "val_macro_precision": [
        0.028428428428428416,
        0.04280884239416864,
        0.14227075898140937,
        0.13368883012843988,
        0.10857093301270355,
        0.14194376459748054,
        0.16544126494517564,
        0.11575367716440912,
        0.1355569831721381,
        0.13512241238580885
    ],
    "val_macro_recall": [
        0.09999999999999983,
        0.11037096898329843,
        0.131499582102708,
        0.15261494513954305,
        0.13331602829527206,
        0.1580402873730556,
        0.1469246344537114,
        0.1526131226028637,
        0.15600402090105198,
        0.15875005421426708
    ],
    "val_macro_f1": [
        0.04427123928289613,
        0.059812382739125716,
        0.10504953217372452,
        0.12501323795013194,
        0.08162863293546617,
        0.12708876115617385,
        0.12227843985163955,
        0.11647313120630909,
        0.12854251576590872,
        0.12813693732592238
    ],
    "val_micro_f1": [
        0.2839999999994999,
        0.2839999999994999,
        0.2894999999994999,
        0.2894999999994999,
        0.2814999999994999,
        0.2959999999994999,
        0.2884999999994999,
        0.2859999999994999,
        0.2839999999994999,
        0.2874999999994999
    ],
    "val_weighted_f1": [
        0.125730319563425,
        0.14357448405238304,
        0.1939347035777385,
        0.21072615301424746,
        0.175187902067918,
        0.2144051520396389,
        0.21232344109958307,
        0.21159265761860607,
        0.21776332595699308,
        0.21657285655600478
    ],
    "val_confidence": [
        0.2649681491851807,
        0.24970973014831543,
        0.31219575500488284,
        0.284068416595459,
        0.3096334924697876,
        0.29159539699554443,
        0.2910532522201538,
        0.27858342170715333,
        0.2775530700683594,
        0.284189001083374
    ],
    "grad_norm": [
        1.0288512184834204,
        0.9238850147374684,
        0.9859167136159283,
        0.9970221769076415,
        0.9315104705282768,
        0.9133033486710973,
        0.9022468907304043,
        0.916293196388523,
        0.9362026272097811,
        0.9246573672399341
    ],
    "fractional_applied_params": [
        0.0,
        0.0,
        0.0,
        2.0,
        2.0,
        2.0,
        2.0,
        2.0,
        2.0,
        2.0
    ],
    "epoch_time": [
        4.952802896499634,
        1.518615484237671,
        1.3575551509857178,
        1.391207218170166,
        1.4433581829071045,
        1.6580982208251953,
        1.3505122661590576,
        1.7340126037597656,
        1.7574753761291504,
        1.747349739074707
    ],
    "throughput_samples_per_sec": [
        1615.2469959291043,
        5267.956295082765,
        5892.946591666068,
        5750.401446681883,
        5542.629746891375,
        4824.804646384937,
        5923.678148257406,
        4613.576615679744,
        4551.984118047813,
        4578.362202541276
    ],
    "lr": [
        0.0003,
        0.0003,
        0.0003,
        0.0003,
        0.0003,
        0.0003,
        0.0003,
        0.0003,
        0.0003,
        0.0003
    ]
}