{
    "train_loss": [
        2.1652578525543213,
        1.9949716634750365,
        1.9429960613250732,
        1.9089978694915772,
        1.888763135910034,
        1.8483273773193358,
        1.8262323837280274,
        1.8026005449295044,
        1.764714204788208,
        1.7407696495056153
    ],
    "train_accuracy": [
        0.24774999916553497,
        0.30924999713897705,
        0.3230000138282776,
        0.32850000262260437,
        0.33149999380111694,
        0.34850001335144043,
        0.3529999852180481,
        0.35350000858306885,
        0.36524999141693115,
        0.37724998593330383
    ],
    "train_macro_precision": [
        0.16965400631594035,
        0.24193041297184453,
        0.2596596992501591,
        0.2712318559988618,
        0.27269967694504776,
        0.3025324263054919,
        0.30871445378511775,
        0.2999665528732569,
        0.3204354252107775,
        0.3267736484943227
    ],
    "train_macro_recall": [
        0.14803188819833202,
        0.23349256050827338,
        0.25426831845992953,
        0.26599624362297003,
        0.2706154045406522,
        0.2893362001257607,
        0.29375241456287127,
        0.2915548010471968,
        0.3046916482466489,
        0.31655742427884204
    ],
    "train_macro_f1": [
        0.12275675150961866,
        0.22440120946641243,
        0.24431606375101134,
        0.25786346045065817,
        0.2641435829083499,
        0.28622988876255123,
        0.28898994847309106,
        0.2848691673739001,
        0.29877558284587863,
        0.3129917897156581
    ],
    "train_micro_f1": [
        0.24774999999949995,
        0.3092499999994999,
        0.32299999999949996,
        0.3284999999994999,
        0.3314999999994999,
        0.34849999999949993,
        0.35299999999949994,
        0.35349999999949994,
        0.3652499999994999,
        0.37724999999949993
    ],
    "train_weighted_f1": [
        0.16733399878954433,
        0.27083215416477585,
        0.28773951767786105,
        0.30005138868346104,
        0.3074454239275779,
        0.32948096841172186,
        0.3298836289641092,
        0.32759759812580436,
        0.34113135007177486,
        0.35594356749769335
    ],
    "train_confidence": [
        0.24527919960021974,
        0.31963339805603025,
        0.333615216255188,
        0.33651435565948484,
        0.34458021736145017,
        0.3609509267807007,
        0.3631589012145996,
        0.3632741193771362,
        0.3787975301742554,
        0.38658962154388427
    ],
    "val_loss": [
        2.0316467247009276,
        1.9822412986755371,
        1.9757245121002198,
        1.9416549396514893,
        1.926805046081543,
        1.8909091415405272,
        1.8872804698944092,
        1.8574409561157226,
        1.8620074768066406,
        1.8507926788330078
    ],
    "val_accuracy": [
        0.2930000126361847,
        0.3230000138282776,
        0.31700000166893005,
        0.3240000009536743,
        0.3240000009536743,
        0.32899999618530273,
        0.32899999618530273,
        0.3269999921321869,
        0.33399999141693115,
        0.3310000002384186
    ],
    "val_macro_precision": [
        0.2928743417575039,
        0.29602072977672994,
        0.2917757628781967,
        0.2865982888832552,
        0.2914656544435855,
        0.29257255070383864,
        0.29472917461862796,
        0.28821537716447587,
        0.30351817963067546,
        0.31077265254600334
    ],
    "val_macro_recall": [
        0.1965791308381712,
        0.2385510296119075,
        0.26263275657480206,
        0.24451581926090254,
        0.2519750602556353,
        0.26372135845346806,
        0.2501534086483277,
        0.2570477296051233,
        0.2571158518534616,
        0.2713545006019584
    ],
    "val_macro_f1": [
        0.1630406664482238,
        0.22654515165574796,
        0.2377046007054861,
        0.23663402174496245,
        0.22681886732198092,
        0.24831197015789203,
        0.22704978223751454,
        0.24370613351724374,
        0.24971861260012568,
        0.26116187657050316
    ],
    "val_micro_f1": [
        0.2929999999994997,
        0.3229999999994997,
        0.3169999999994997,
        0.3239999999994997,
        0.3239999999994997,
        0.3289999999994997,
        0.3289999999994997,
        0.3269999999994997,
        0.33399999999949964,
        0.3309999999994997
    ],
    "val_weighted_f1": [
        0.21293490389691455,
        0.27880617675239255,
        0.2926156382603427,
        0.2906122808322497,
        0.2768137041001121,
        0.2994939731781367,
        0.27614754168889205,
        0.2952209573495921,
        0.3028151545941489,
        0.30593522121390077
    ],
    "val_confidence": [
        0.3072926301956177,
        0.3395537166595459,
        0.29758961296081543,
        0.3488969392776489,
        0.3869116096496582,
        0.3538088397979736,
        0.3920666961669922,
        0.37066451454162597,
        0.3885273132324219,
        0.36880685234069827
    ],
    "grad_norm": [
        1.6865485430371052,
        1.5475923559485736,
        1.5679188668304367,
        1.4082025695318203,
        1.5740176692366494,
        1.459201634976564,
        1.478465952096289,
        1.401835703444963,
        1.4134928615488893,
        1.498575508117921
    ],
    "fractional_applied_params": [
        0.0,
        0.0,
        0.0,
        2.0,
        2.0,
        2.0,
        2.0,
        2.0,
        2.0,
        2.0
    ],
    "epoch_time": [
        4.320654392242432,
        1.1695623397827148,
        1.1641478538513184,
        1.159207820892334,
        1.1725349426269531,
        0.9349095821380615,
        0.901240348815918,
        0.6418862342834473,
        0.7760200500488281,
        0.43778491020202637
    ],
    "throughput_samples_per_sec": [
        925.7856882008072,
        3420.0827642442155,
        3435.9896698403986,
        3450.63234383709,
        3411.4121930032893,
        4278.488611542871,
        4438.327694998725,
        6231.633872730257,
        5154.505994720516,
        9136.906975971611
    ],
    "lr": [
        0.0003,
        0.0003,
        0.0003,
        0.0003,
        0.0003,
        0.0003,
        0.0003,
        0.0003,
        0.0003,
        0.0003
    ]
}