{
    "train_loss": [
        2.1058914065361023,
        1.990563006401062,
        1.979861884911855,
        1.9660196320215861,
        1.9551279028256734,
        1.9499549627304078,
        1.9423883533477784,
        1.9356553951899211,
        1.9274154949188231,
        1.923459881146749
    ],
    "train_accuracy": [
        0.33520832657814026,
        0.3336458206176758,
        0.33375000953674316,
        0.33770832419395447,
        0.33802083134651184,
        0.33937498927116394,
        0.33937498927116394,
        0.3425000011920929,
        0.3385416567325592,
        0.3447916805744171
    ],
    "train_macro_precision": [
        0.0452300341883731,
        0.12445500695131237,
        0.12776148459244904,
        0.13344115338694812,
        0.13974739797506033,
        0.1383956718823659,
        0.1481594084971034,
        0.15377366836216247,
        0.14339523947600447,
        0.16512217685970865
    ],
    "train_macro_recall": [
        0.09997252713372815,
        0.1149574315374827,
        0.11921921860031208,
        0.12280947336038366,
        0.12290721613557129,
        0.12405145411207041,
        0.12623969220624115,
        0.1287211765872342,
        0.12860968026582797,
        0.1349862596776817
    ],
    "train_macro_f1": [
        0.05263801198190744,
        0.08618507138178579,
        0.09494380761711682,
        0.09924292537561111,
        0.09919938153157906,
        0.10089284903280964,
        0.10572770677004642,
        0.10870609854942144,
        0.10860431304028842,
        0.11819406746679684
    ],
    "train_micro_f1": [
        0.3352083333328333,
        0.33364583333283326,
        0.33374999999949995,
        0.3377083333328333,
        0.3380208333328333,
        0.33937499999949994,
        0.33937499999949994,
        0.3424999999994999,
        0.33854166666616664,
        0.3447916666661666
    ],
    "train_weighted_f1": [
        0.17223318640991322,
        0.20514899484295993,
        0.21441032181703748,
        0.22032273077205075,
        0.21797750658926782,
        0.22196513388496916,
        0.2255702688949224,
        0.22764966222393526,
        0.23019771853165955,
        0.237492664210113
    ],
    "train_confidence": [
        0.33991839389006295,
        0.3427517455816269,
        0.34668993333975473,
        0.346237654487292,
        0.3450608977675438,
        0.3463953560590744,
        0.3451076939702034,
        0.3457893929878871,
        0.346271205842495,
        0.3492305906613668
    ],
    "val_loss": [
        1.9694741725921632,
        1.9354154014587401,
        1.918821741739909,
        1.9139726416269938,
        1.922038296063741,
        1.924067678451538,
        1.913951252301534,
        1.9225236972173054,
        1.9269264682133993,
        1.9240255784988403
    ],
    "val_accuracy": [
        0.3579166531562805,
        0.35333332419395447,
        0.35249999165534973,
        0.3558333218097687,
        0.34375,
        0.33916667103767395,
        0.34958332777023315,
        0.3395833373069763,
        0.3474999964237213,
        0.3474999964237213
    ],
    "val_macro_precision": [
        0.03579166666666665,
        0.055181995298036954,
        0.05689571189955469,
        0.08426787293166392,
        0.076771836413467,
        0.10311954352058401,
        0.1565196544987662,
        0.06027429378531057,
        0.07738350053713455,
        0.1316176601540146
    ],
    "val_macro_recall": [
        0.09999999999999988,
        0.10603608392041537,
        0.10973942394977314,
        0.10667823379485686,
        0.1162919013818711,
        0.11961986199334824,
        0.11663097618520608,
        0.11220673929838805,
        0.10702674011949509,
        0.11776626398459396
    ],
    "val_macro_f1": [
        0.05271555691926154,
        0.0668581355458849,
        0.06517812745254968,
        0.06839575959371606,
        0.08655350394995723,
        0.09167498657863873,
        0.08457972958056274,
        0.07583116912301346,
        0.07185000779684028,
        0.09507630160963015
    ],
    "val_micro_f1": [
        0.35791666666616656,
        0.35333333333283323,
        0.3524999999994999,
        0.3558333333328332,
        0.3437499999994999,
        0.33916666666616657,
        0.3495833333328332,
        0.3395833333328332,
        0.3474999999994999,
        0.3474999999994999
    ],
    "val_weighted_f1": [
        0.18867776414019027,
        0.20724331617669084,
        0.20208983427522537,
        0.20221926067711893,
        0.2270676522143667,
        0.23542184510760047,
        0.22396797123744705,
        0.21651795169490895,
        0.20874497914302675,
        0.23010533402922537
    ],
    "val_confidence": [
        0.35389796455701195,
        0.39390623291333515,
        0.3940452440579732,
        0.35481008092562355,
        0.3284696634610494,
        0.30216026186943057,
        0.34552347898483277,
        0.3490943272908529,
        0.39002535184224446,
        0.36712530374526975
    ],
    "grad_norm": [
        1.6674281413122372,
        1.4880552624534191,
        1.4990501091353101,
        1.4330358930437248,
        1.4190347934053287,
        1.4345268745464945,
        1.4480878223422826,
        1.4270554402877809,
        1.4647380139841633,
        1.4784302022269498
    ],
    "epoch_time": [
        98.64534974098206,
        98.85376310348511,
        99.44240617752075,
        99.78296685218811,
        100.65945506095886,
        102.41586399078369,
        99.8036596775055,
        100.2007942199707,
        103.19835877418518,
        103.32912540435791
    ],
    "throughput_samples_per_sec": [
        97.31832291341854,
        97.11314671906051,
        96.53829155000986,
        96.20880499795928,
        95.37107064792163,
        93.7354783323792,
        96.1888575130449,
        95.80762382905998,
        93.02473521896181,
        92.90700915576626
    ],
    "lr": [
        0.0003,
        0.0003,
        0.0003,
        0.0003,
        0.0003,
        0.0003,
        0.0003,
        0.0003,
        0.0003,
        0.0003
    ]
}