{
    "train_loss": [
        2.1725002021789552,
        2.1088606748580934,
        2.0438235578536985,
        2.0164732294082643,
        2.004816451072693,
        1.9960103855133056,
        1.9943090324401855,
        1.9837884759902955,
        1.9846835708618165,
        1.9747967329025269
    ],
    "train_accuracy": [
        0.27900001406669617,
        0.2851249873638153,
        0.2840000092983246,
        0.2901250123977661,
        0.2926250100135803,
        0.29512500762939453,
        0.29350000619888306,
        0.29862499237060547,
        0.2971250116825104,
        0.29587501287460327
    ],
    "train_macro_precision": [
        0.09719950408134878,
        0.10161111360587786,
        0.1395282804754806,
        0.15079256867266963,
        0.15764268488592964,
        0.16086198620806094,
        0.16258383481318392,
        0.1628405935430621,
        0.16030115194172267,
        0.15319587833989207
    ],
    "train_macro_recall": [
        0.10004069192684353,
        0.10937178601019473,
        0.13321002424905398,
        0.14310893329720958,
        0.1471228154375178,
        0.15541908932762669,
        0.1519128788498115,
        0.15733553208184697,
        0.1566150145483175,
        0.15731460315659307
    ],
    "train_macro_f1": [
        0.048386090664374284,
        0.06759425639820853,
        0.11148748223965368,
        0.12454152854917504,
        0.12909877697655706,
        0.13759037705776525,
        0.1384469002630436,
        0.1401809473591757,
        0.14009837751683155,
        0.1386478394232576
    ],
    "train_micro_f1": [
        0.2789999999995,
        0.2851249999995,
        0.2839999999995,
        0.2901249999995,
        0.2926249999995,
        0.2951249999995,
        0.2934999999995,
        0.2986249999995,
        0.2971249999995,
        0.29587499999949995
    ],
    "train_weighted_f1": [
        0.12874717604077038,
        0.1508618170253543,
        0.19874624333801336,
        0.20975402473074656,
        0.21413058541535676,
        0.22314043269959896,
        0.22492152420404307,
        0.22825669214598812,
        0.2283972244090185,
        0.22686392163596256
    ],
    "train_confidence": [
        0.28283166694641115,
        0.2898650097846985,
        0.30159356784820557,
        0.30366304063796995,
        0.3057668242454529,
        0.30876052093505857,
        0.3062136216163635,
        0.31313965940475463,
        0.3098870077133179,
        0.307514545917511
    ],
    "val_loss": [
        2.138734607696533,
        2.055556262969971,
        2.025301784515381,
        2.010632797241211,
        2.0115214729309083,
        2.006791524887085,
        2.000765884399414,
        1.99630863571167,
        1.9936206607818603,
        2.029819143295288
    ],
    "val_accuracy": [
        0.2750000059604645,
        0.29249998927116394,
        0.2919999957084656,
        0.29750001430511475,
        0.2874999940395355,
        0.2955000102519989,
        0.296999990940094,
        0.30149999260902405,
        0.29249998927116394,
        0.2930000126361847
    ],
    "val_macro_precision": [
        0.027499999999999986,
        0.10708118830702071,
        0.12622768670527973,
        0.15175967086531117,
        0.14991450644586116,
        0.21045583377404933,
        0.14721623195629002,
        0.16142887966806047,
        0.13764520454046814,
        0.14295487481975586
    ],
    "val_macro_recall": [
        0.09999999999999981,
        0.13734005750123882,
        0.13597603984775028,
        0.14186750289695554,
        0.1424972802816081,
        0.14862706006036794,
        0.16007728506716787,
        0.16394113837977128,
        0.1504220948632605,
        0.14019293308884545
    ],
    "val_macro_f1": [
        0.04313725490192692,
        0.10649677295252961,
        0.10364205578440285,
        0.11053912806459873,
        0.12148710564976757,
        0.12400541305583238,
        0.13041553925096094,
        0.13762185283391778,
        0.1265302300751539,
        0.10473099565274124
    ],
    "val_micro_f1": [
        0.27499999999949987,
        0.2924999999994999,
        0.2919999999994999,
        0.2974999999994999,
        0.2874999999994999,
        0.2954999999994999,
        0.2969999999994999,
        0.3014999999994999,
        0.2924999999994999,
        0.2929999999994999
    ],
    "val_weighted_f1": [
        0.11862745098029903,
        0.19390724432310502,
        0.19132352741565845,
        0.19622526631646045,
        0.20449389327702028,
        0.20362604347728203,
        0.21063875023512227,
        0.2242987392617142,
        0.21275124548917407,
        0.1842537669949102
    ],
    "val_confidence": [
        0.3020396337509155,
        0.26855448722839353,
        0.28276801109313965,
        0.31392479610443114,
        0.30014790725708007,
        0.3055949306488037,
        0.30417073249816895,
        0.28877720832824705,
        0.2905049543380737,
        0.36772905921936033
    ],
    "grad_norm": [
        0.957070572970578,
        0.8368603600329829,
        0.995754163190217,
        0.875668413160987,
        0.9705805430174311,
        0.9452938734480695,
        0.957157006792591,
        0.9136586546947439,
        0.9825807447194818,
        0.8723581168008482
    ],
    "fractional_applied_params": [
        2.0,
        2.0,
        2.0,
        2.0,
        2.0,
        2.0,
        2.0,
        2.0,
        2.0,
        2.0
    ],
    "epoch_time": [
        5.497817277908325,
        1.7712442874908447,
        1.4577677249908447,
        1.3372032642364502,
        1.6270453929901123,
        0.5411248207092285,
        0.5456948280334473,
        0.48745298385620117,
        0.6120688915252686,
        1.5832815170288086
    ],
    "throughput_samples_per_sec": [
        1455.1229325401741,
        4516.598899710693,
        5487.8427220291505,
        5982.63570988816,
        4916.888019514903,
        14784.01968239925,
        14660.208580004457,
        16411.839223370112,
        13070.424115272535,
        5052.796937219874
    ],
    "lr": [
        0.0003,
        0.0003,
        0.0003,
        0.0003,
        0.0003,
        0.0003,
        0.0003,
        0.0003,
        0.0003,
        0.0003
    ]
}