{
    "train_loss": [
        0.4391215135079843,
        0.22487294532634594,
        0.17684580132696365,
        0.14391217365529801,
        0.11871774860885408
    ],
    "train_accuracy": [
        0.8758888840675354,
        0.9291666746139526,
        0.9431852102279663,
        0.9539907574653625,
        0.9630277752876282
    ],
    "train_macro_precision": [
        0.8754418393923628,
        0.9293131904697127,
        0.9433327193186856,
        0.9541104376375419,
        0.9630874758502825
    ],
    "train_macro_recall": [
        0.8758433754650952,
        0.9291423592949027,
        0.9431646133926195,
        0.9539709867940617,
        0.963010624003682
    ],
    "train_macro_f1": [
        0.8751337336679705,
        0.9290773920872994,
        0.9431386420273117,
        0.9539690173959676,
        0.9630147519430255
    ],
    "train_micro_f1": [
        0.8758888888883889,
        0.9291666666661667,
        0.9431851851846852,
        0.9539907407402407,
        0.9630277777772778
    ],
    "train_weighted_f1": [
        0.8751708453324262,
        0.9291053801734692,
        0.9431614080409276,
        0.9539894200640257,
        0.9630322699029693
    ],
    "train_confidence": [
        0.7830194584351999,
        0.9322063931535791,
        0.9496949106322394,
        0.9613800378375583,
        0.9705706237157186
    ],
    "val_loss": [
        0.2763521436055501,
        0.248814715385437,
        0.25369147332509356,
        0.2554134493668874,
        0.2812295904159546
    ],
    "val_accuracy": [
        0.9136666655540466,
        0.9192500114440918,
        0.921999990940094,
        0.9254999756813049,
        0.9225833415985107
    ],
    "val_macro_precision": [
        0.9137878741002516,
        0.9198198764982334,
        0.9226858946134638,
        0.9258878729467999,
        0.9231363239886863
    ],
    "val_macro_recall": [
        0.9138968498351262,
        0.9195487729282432,
        0.9221429332729835,
        0.9257230196440801,
        0.922882254254791
    ],
    "val_macro_f1": [
        0.9138083317022007,
        0.9193836583361092,
        0.9221320995651445,
        0.9256437682717256,
        0.9227842968252471
    ],
    "val_micro_f1": [
        0.9136666666661665,
        0.9192499999994999,
        0.9219999999994998,
        0.9254999999994998,
        0.9225833333328332
    ],
    "val_weighted_f1": [
        0.9135567204356784,
        0.9191301982245497,
        0.9218759608431151,
        0.9254128602231392,
        0.9225321289076088
    ],
    "val_confidence": [
        0.9187558600107829,
        0.9383254316647848,
        0.9480762077967326,
        0.9609902127583821,
        0.9682093764940898
    ],
    "test_loss": [
        0.26786115545975536,
        0.24073546509993704,
        0.2535729448418868,
        0.24910197621897648,
        0.2716525323767411
    ],
    "test_accuracy": [
        0.9167105555534363,
        0.9235526323318481,
        0.9198684096336365,
        0.9247368574142456,
        0.9230263233184814
    ],
    "test_macro_precision": [
        0.9165158087008431,
        0.9236346344481082,
        0.9204537309130898,
        0.9247753897851841,
        0.9232499003519408
    ],
    "test_macro_recall": [
        0.9167105263157891,
        0.923552631578947,
        0.9198684210526311,
        0.9247368421052626,
        0.9230263157894733
    ],
    "test_macro_f1": [
        0.9165496707456093,
        0.923416898773514,
        0.91980255506492,
        0.9246684369783134,
        0.9229168935860833
    ],
    "test_micro_f1": [
        0.9167105263152892,
        0.9235526315784472,
        0.9198684210521314,
        0.9247368421047631,
        0.9230263157889735
    ],
    "test_weighted_f1": [
        0.9165496707456093,
        0.923416898773514,
        0.91980255506492,
        0.9246684369783134,
        0.9229168935860834
    ],
    "test_confidence": [
        0.9182545769842048,
        0.9386382337620384,
        0.9482359221107082,
        0.9616882565146998,
        0.9680101826316432
    ],
    "grad_norm": [
        0.5873928720398259,
        0.5000504919612512,
        0.4816853261778466,
        0.47517974374469824,
        0.4677834392063611
    ],
    "nonfinite_grad_tensors": [
        0.0002962962962962963,
        0.0005925925925925926,
        0.0005925925925925926,
        0.0005925925925925926,
        0.0
    ],
    "nonfinite_train_loss_batches": [
        0,
        0,
        0,
        0,
        0
    ],
    "nonfinite_val_loss_batches": [
        0,
        0,
        0,
        0,
        0
    ],
    "nonfinite_test_loss_batches": [
        0,
        0,
        0,
        0,
        0
    ],
    "fractional_applied_params": [
        5.0,
        5.0,
        5.0,
        5.0,
        5.0
    ],
    "epoch_time": [
        230.36217379570007,
        221.53401923179626,
        231.7771098613739,
        231.88949728012085,
        232.0055763721466
    ],
    "throughput_samples_per_sec": [
        468.82697024634484,
        487.50977558438575,
        465.9649094105751,
        465.7390751489567,
        465.50605243541
    ],
    "lr": [
        2e-05,
        2e-05,
        2e-05,
        2e-05,
        2e-05
    ]
}