{
    "train_loss": [
        2.1201487135887147,
        2.0845577931404113,
        2.033034679889679,
        1.9630240392684937,
        1.951829090118408,
        1.944694151878357,
        1.9421724152565003,
        1.935723373889923,
        1.935965325832367,
        1.933792073726654
    ],
    "train_accuracy": [
        0.3329166769981384,
        0.34031251072883606,
        0.33812499046325684,
        0.33645832538604736,
        0.3344791531562805,
        0.33635416626930237,
        0.3408333361148834,
        0.3373958468437195,
        0.34052082896232605,
        0.33500000834465027
    ],
    "train_macro_precision": [
        0.11896226415091209,
        0.03404188809002813,
        0.15511177528037706,
        0.12980196259644267,
        0.12336741966023627,
        0.14049594996674736,
        0.14801877853980375,
        0.13490206895285733,
        0.14036487749841603,
        0.12778890729038958
    ],
    "train_macro_recall": [
        0.10016611079695029,
        0.09993881921076779,
        0.1076225238742566,
        0.11986035720837689,
        0.11962401910663226,
        0.12496020475746603,
        0.12402534075675793,
        0.12246825716907887,
        0.12431998683242995,
        0.12028255273591845
    ],
    "train_macro_f1": [
        0.055442901431821366,
        0.050785014767566625,
        0.07102726336761825,
        0.09584285373073909,
        0.09571535377891124,
        0.10476013586849556,
        0.10185807870498445,
        0.10111947211016543,
        0.10162397653109179,
        0.09777051489384293
    ],
    "train_micro_f1": [
        0.3329166666661666,
        0.3403124999995,
        0.33812499999949996,
        0.33645833333283326,
        0.3344791666661666,
        0.33635416666616663,
        0.3408333333328333,
        0.3373958333328333,
        0.3405208333328333,
        0.3349999999994999
    ],
    "train_weighted_f1": [
        0.1758638864294503,
        0.17293355549497427,
        0.19389829182915921,
        0.21958554107728134,
        0.21794558255454216,
        0.22567847938882507,
        0.2242702795271705,
        0.22573444833398223,
        0.22258999765765988,
        0.22290648719332623
    ],
    "train_confidence": [
        0.3440501443545024,
        0.34073228875796,
        0.3445329968134562,
        0.34941546320915223,
        0.34600432713826496,
        0.3455262021223704,
        0.3481640183925629,
        0.34596628427505494,
        0.3477239000797272,
        0.3458119781812032
    ],
    "val_loss": [
        2.0553715133666994,
        2.0532578516006468,
        1.9687646579742433,
        1.9576300573349,
        1.951606774330139,
        1.9469502782821655,
        1.9430576181411743,
        1.9434408330917359,
        1.952687373161316,
        1.9435237836837769
    ],
    "val_accuracy": [
        0.35083332657814026,
        0.35083332657814026,
        0.3479166626930237,
        0.34333333373069763,
        0.3387500047683716,
        0.34333333373069763,
        0.3479166626930237,
        0.3408333361148834,
        0.3345833420753479,
        0.3491666615009308
    ],
    "val_macro_precision": [
        0.03508333333333332,
        0.03508333333333332,
        0.16765643139798622,
        0.08704837932838616,
        0.10908561533862764,
        0.08797804513896675,
        0.10544216762119032,
        0.1705380045550148,
        0.06604529697773402,
        0.18636424922702596
    ],
    "val_macro_recall": [
        0.09999999999999988,
        0.09999999999999988,
        0.11580428712511284,
        0.1218999129843324,
        0.12472762888482591,
        0.1153892754872798,
        0.11559948599540278,
        0.11908343046745595,
        0.11779801589266077,
        0.11848088132635066
    ],
    "val_macro_f1": [
        0.051943244910510555,
        0.051943244910510555,
        0.07782280806204948,
        0.08937770781840162,
        0.09636998159671287,
        0.07410861057756878,
        0.07746303648629752,
        0.0806188532953476,
        0.07968398643712349,
        0.08010026725978725
    ],
    "val_micro_f1": [
        0.35083333333283323,
        0.35083333333283323,
        0.34791666666616655,
        0.3433333333328332,
        0.3387499999994999,
        0.3433333333328332,
        0.34791666666616655,
        0.3408333333328332,
        0.33458333333283324,
        0.3491666666661665
    ],
    "val_weighted_f1": [
        0.1822342175610412,
        0.1822342175610412,
        0.21341360684698168,
        0.2256282858054917,
        0.22903111947543275,
        0.20754458659163644,
        0.20806266539951562,
        0.21194603603352405,
        0.2157976579126625,
        0.21348671299640615
    ],
    "val_confidence": [
        0.3610257863998413,
        0.3809296973546346,
        0.3675722599029541,
        0.3119493412971497,
        0.3156489864985148,
        0.33146965503692627,
        0.36037071386973063,
        0.3422945523262024,
        0.3322028398513794,
        0.3083628257115682
    ],
    "grad_norm": [
        1.3666020870308393,
        0.9726374103084069,
        1.0048106112317008,
        1.0001065818084711,
        0.9687843147815672,
        1.0378364758475278,
        0.9914694137229393,
        0.9697402940613016,
        0.9469948863145211,
        1.0853987089779893
    ],
    "fractional_applied_params": [
        2.0,
        2.0,
        2.0,
        2.0,
        2.0,
        2.0,
        2.0,
        2.0,
        2.0,
        2.0
    ],
    "epoch_time": [
        6.375300168991089,
        3.231175184249878,
        3.8692378997802734,
        3.8318941593170166,
        3.846501350402832,
        3.8348026275634766,
        3.7993624210357666,
        3.8481321334838867,
        3.833488941192627,
        3.6085875034332275
    ],
    "throughput_samples_per_sec": [
        1505.8114513091593,
        2971.0552515983914,
        2481.1087476800444,
        2505.2884032974102,
        2495.7745040163895,
        2503.3882920069773,
        2526.73973581675,
        2494.716830658486,
        2504.246170334163,
        2660.3206908150387
    ],
    "lr": [
        0.0003,
        0.0003,
        0.0003,
        0.0003,
        0.0003,
        0.0003,
        0.0003,
        0.0003,
        0.0003,
        0.0003
    ]
}