{
    "train_loss": [
        2.13574182510376,
        2.0825035047531126,
        2.0643125867843626,
        1.9910071969032288,
        1.9654516553878785,
        1.960591802597046,
        1.9550444889068603,
        1.9477765560150146,
        1.9457396721839906,
        1.9473198056221008
    ],
    "train_accuracy": [
        0.3187499940395355,
        0.34062498807907104,
        0.3408333361148834,
        0.33677083253860474,
        0.3376041650772095,
        0.3398958444595337,
        0.3371874988079071,
        0.3387500047683716,
        0.33802083134651184,
        0.33791667222976685
    ],
    "train_macro_precision": [
        0.06850055519288892,
        0.03406604854672361,
        0.08407669862441433,
        0.11264709522750634,
        0.13438532217123939,
        0.15104090234137146,
        0.13230982074325687,
        0.1355004926587864,
        0.13050123654598822,
        0.14639440887420563
    ],
    "train_macro_recall": [
        0.09756960310477872,
        0.09999999999999996,
        0.10022075055187633,
        0.11130448595453216,
        0.11797845069095292,
        0.12636843159879046,
        0.1225970835271123,
        0.11972751189980273,
        0.11974793731958647,
        0.12529344733569192
    ],
    "train_macro_f1": [
        0.056708440254993144,
        0.05081979951818416,
        0.05127120974777595,
        0.07919735279636,
        0.09209029039996718,
        0.10683462736732205,
        0.09945388438010029,
        0.09459154768286564,
        0.09592333235990991,
        0.10523680025680329
    ],
    "train_micro_f1": [
        0.31874999999949993,
        0.34062499999949997,
        0.3408333333328333,
        0.3367708333328333,
        0.3376041666661666,
        0.3398958333328333,
        0.33718749999949993,
        0.33874999999949995,
        0.3380208333328333,
        0.3379166666661666
    ],
    "train_weighted_f1": [
        0.17456526118205257,
        0.1731049421088148,
        0.1735601406209464,
        0.2030640568414547,
        0.21338103966650956,
        0.22744608636461797,
        0.22425050110637382,
        0.21724519438468343,
        0.2198736764303142,
        0.2265943935702281
    ],
    "train_confidence": [
        0.3393705590565999,
        0.33991717259089155,
        0.3408983397483826,
        0.3410522929827372,
        0.34898752689361573,
        0.3430549661318461,
        0.3451073249181112,
        0.3494567275047302,
        0.3429604574044545,
        0.34903552134831745
    ],
    "val_loss": [
        2.0635081195831297,
        2.05182213306427,
        1.9920568752288819,
        1.9456829690933228,
        1.9449663305282592,
        1.9313453340530395,
        1.930247197151184,
        1.932162413597107,
        1.9232376670837403,
        1.9231877946853637
    ],
    "val_accuracy": [
        0.3504166603088379,
        0.3504166603088379,
        0.35083332657814026,
        0.35208332538604736,
        0.3362500071525574,
        0.34291666746139526,
        0.34833332896232605,
        0.34833332896232605,
        0.34833332896232605,
        0.34375
    ],
    "val_macro_precision": [
        0.03504166666666665,
        0.03504166666666665,
        0.06841885690445279,
        0.08732461090618482,
        0.06934765619195914,
        0.07339418418901289,
        0.09377574455600857,
        0.1604082375507783,
        0.17039235968515476,
        0.09602505467478675
    ],
    "val_macro_recall": [
        0.09999999999999988,
        0.09999999999999988,
        0.1005319148936169,
        0.11460777128538877,
        0.11940075225876193,
        0.11134381876142885,
        0.11175517813782351,
        0.12019478006800577,
        0.116397954949791,
        0.1119823975383339
    ],
    "val_macro_f1": [
        0.05189756248067736,
        0.05189756248067736,
        0.05299276587896716,
        0.07777360942366371,
        0.07391918975767113,
        0.07592924473027851,
        0.07716325366854412,
        0.08699823555037905,
        0.08691247838921692,
        0.07727398124571684
    ],
    "val_micro_f1": [
        0.35041666666616655,
        0.35041666666616655,
        0.35083333333283323,
        0.3520833333328332,
        0.3362499999994999,
        0.34291666666616655,
        0.34833333333283323,
        0.34833333333283323,
        0.34833333333283323,
        0.3437499999994999
    ],
    "val_weighted_f1": [
        0.18185770852604025,
        0.18185770852604025,
        0.18284644362793984,
        0.20633459079141012,
        0.21481323014893353,
        0.20596718815774206,
        0.20350679798514557,
        0.21755579793657295,
        0.21794409460871325,
        0.20806302179079647
    ],
    "val_confidence": [
        0.34815125465393065,
        0.35080609798431395,
        0.3589753786722819,
        0.3677783743540446,
        0.31619426250457766,
        0.3507167975107829,
        0.3619241682688395,
        0.3298523998260498,
        0.3616149107615153,
        0.3459314473470052
    ],
    "grad_norm": [
        1.2393219162004696,
        0.7604004492145997,
        0.8020344601598504,
        0.891459216399981,
        0.8562702302245229,
        0.8884830703842205,
        0.853359769820879,
        0.8758738641431529,
        0.8105733632954294,
        0.9700705758276135
    ],
    "fractional_applied_params": [
        30.0,
        30.0,
        30.0,
        30.0,
        30.0,
        30.0,
        30.0,
        30.0,
        30.0,
        30.0
    ],
    "epoch_time": [
        5.197246551513672,
        1.7135376930236816,
        1.9164376258850098,
        1.9152796268463135,
        1.9141755104064941,
        1.9147765636444092,
        1.9245142936706543,
        1.3437647819519043,
        1.3189427852630615,
        1.8960988521575928
    ],
    "throughput_samples_per_sec": [
        1847.1319197285432,
        5602.444602814655,
        5009.294260525033,
        5012.322934697162,
        5015.214094950647,
        5013.6398064786445,
        4988.271602644104,
        7144.107457597888,
        7278.556816310491,
        5063.027167110011
    ],
    "lr": [
        0.0003,
        0.0003,
        0.0003,
        0.0003,
        0.0003,
        0.0003,
        0.0003,
        0.0003,
        0.0003,
        0.0003
    ]
}