{
    "train_loss": [
        2.1969923305511476,
        2.1054891309738157,
        2.049880379676819,
        2.030742676734924,
        2.0189192094802855,
        2.012534333229065,
        1.9981164312362671,
        1.9835373077392577,
        1.9817501840591432,
        1.968656238555908
    ],
    "train_accuracy": [
        0.27300000190734863,
        0.2737500071525574,
        0.28700000047683716,
        0.2862499952316284,
        0.2902500033378601,
        0.2861250042915344,
        0.28850001096725464,
        0.29374998807907104,
        0.2955000102519989,
        0.30000001192092896
    ],
    "train_macro_precision": [
        0.06890208769591841,
        0.08477750426167867,
        0.1372542587133257,
        0.1467868941942871,
        0.1418011451866846,
        0.1435347302404833,
        0.14681746421114739,
        0.15506744000397113,
        0.1613297136281089,
        0.1717182031117478
    ],
    "train_macro_recall": [
        0.10053273674374823,
        0.10867551695714324,
        0.1369336017740606,
        0.13770993961639552,
        0.14062294647144807,
        0.14382280984696233,
        0.14386909289532962,
        0.15433640900730544,
        0.1579680053872325,
        0.1625434607557746
    ],
    "train_macro_f1": [
        0.05043156021236163,
        0.07097238579858138,
        0.11150335734047079,
        0.11433672276074258,
        0.11682038602488869,
        0.12347711744391869,
        0.12068531789835764,
        0.13648406716282904,
        0.13781081957678676,
        0.14414095690985657
    ],
    "train_micro_f1": [
        0.2729999999995,
        0.2737499999995,
        0.2869999999995,
        0.28624999999949996,
        0.29024999999949996,
        0.2861249999995,
        0.2884999999995,
        0.29374999999949997,
        0.2954999999995,
        0.2999999999995
    ],
    "train_weighted_f1": [
        0.12637060940362504,
        0.1549729961127807,
        0.19456316946159433,
        0.20097154673595907,
        0.20313234521906265,
        0.2113788544063975,
        0.2080078340037923,
        0.22357648422309984,
        0.22406375676947715,
        0.2307288553795324
    ],
    "train_confidence": [
        0.27916336250305174,
        0.28964744091033934,
        0.29888486099243167,
        0.3002815465927124,
        0.3066929612159729,
        0.3014725432395935,
        0.3076437335014343,
        0.3069227476119995,
        0.30358812761306764,
        0.31065074300765994
    ],
    "val_loss": [
        2.1331918964385985,
        2.032127201080322,
        2.013718334197998,
        2.0037211151123047,
        1.995226972579956,
        2.004940217971802,
        1.995055311203003,
        1.9981523189544679,
        1.9883156795501709,
        1.997579339981079
    ],
    "val_accuracy": [
        0.2865000069141388,
        0.2879999876022339,
        0.2849999964237213,
        0.2865000069141388,
        0.2955000102519989,
        0.29100000858306885,
        0.28349998593330383,
        0.2904999852180481,
        0.2930000126361847,
        0.29350000619888306
    ],
    "val_macro_precision": [
        0.028649999999999988,
        0.06593335111067958,
        0.052388971323901856,
        0.07961226197058169,
        0.15098678966636322,
        0.10792026665426242,
        0.0982174960723881,
        0.11006302025963562,
        0.1396417125872849,
        0.14132509620898254
    ],
    "val_macro_recall": [
        0.09999999999999983,
        0.1214412471312463,
        0.11511092631330913,
        0.12678874599970175,
        0.1476189209992132,
        0.12804038934677425,
        0.1311679465798766,
        0.13178566275467285,
        0.146492642092579,
        0.14296706511413151
    ],
    "val_macro_f1": [
        0.04453944811500616,
        0.07585956978688559,
        0.06636045890457609,
        0.08816777370736313,
        0.10485482799744679,
        0.0961384346115305,
        0.09471392199395086,
        0.09898528966744914,
        0.10930651878346924,
        0.10819903336422551
    ],
    "val_micro_f1": [
        0.2864999999994999,
        0.2879999999994999,
        0.2849999999994999,
        0.2864999999994999,
        0.2954999999994999,
        0.2909999999994999,
        0.2834999999994999,
        0.2904999999994999,
        0.2929999999994999,
        0.2934999999994999
    ],
    "val_weighted_f1": [
        0.12760551884949264,
        0.16701761408634827,
        0.1584766510011725,
        0.18033665627847564,
        0.19702031471849518,
        0.18398491455280902,
        0.1903569225969738,
        0.1910710282389641,
        0.20400418055379918,
        0.20060299200043719
    ],
    "val_confidence": [
        0.2824789791107178,
        0.2803119029998779,
        0.3063826713562012,
        0.32330395698547365,
        0.31597093200683596,
        0.35176255798339845,
        0.2943380117416382,
        0.2786453094482422,
        0.3142524757385254,
        0.3195720090866089
    ],
    "grad_norm": [
        1.1124006464262952,
        0.9116338574595708,
        0.9228024078662723,
        0.9218335530346997,
        0.9153313544292054,
        1.0275957515436571,
        0.8688375199655098,
        0.8765732630437655,
        0.9341360435996132,
        0.9500799762828219
    ],
    "fractional_applied_params": [
        42.0,
        42.0,
        42.0,
        42.0,
        42.0,
        42.0,
        42.0,
        42.0,
        42.0,
        42.0
    ],
    "epoch_time": [
        6.4034669399261475,
        2.3130130767822266,
        2.2189958095550537,
        1.6368820667266846,
        2.8320395946502686,
        2.2664072513580322,
        2.869863748550415,
        2.863236665725708,
        2.865870475769043,
        2.849003314971924
    ],
    "throughput_samples_per_sec": [
        1249.32322990837,
        3458.692075848221,
        3605.2343882542687,
        4887.340488736496,
        2824.819262806927,
        3529.8157448121456,
        2787.5887850218837,
        2794.0407776149873,
        2791.4729809459504,
        2807.999540737227
    ],
    "lr": [
        0.0003,
        0.0003,
        0.0003,
        0.0003,
        0.0003,
        0.0003,
        0.0003,
        0.0003,
        0.0003,
        0.0003
    ]
}