{
    "train_loss": [
        2.101216278076172,
        2.078146815299988,
        2.0377269196510315,
        1.9703983306884765,
        1.9616734337806703,
        1.952811326980591,
        1.9455490398406983,
        1.9401151323318482,
        1.9363617753982545,
        1.9384381079673767
    ],
    "train_accuracy": [
        0.3400000035762787,
        0.34156250953674316,
        0.3400000035762787,
        0.33677083253860474,
        0.33531248569488525,
        0.335833340883255,
        0.33677083253860474,
        0.3387500047683716,
        0.3384374976158142,
        0.3361458480358124
    ],
    "train_macro_precision": [
        0.05399605942307295,
        0.05918143899895099,
        0.12215510350796968,
        0.1458335763371245,
        0.13353674764542545,
        0.13087280151642444,
        0.12546667815904058,
        0.13664279082425515,
        0.1436671307736738,
        0.13089115515290622
    ],
    "train_macro_recall": [
        0.10027485409555219,
        0.10008224246881436,
        0.10118737003831088,
        0.11876732353419461,
        0.12019507743804995,
        0.11921868583422261,
        0.11816215581744716,
        0.12182608616415509,
        0.12204166051053773,
        0.1217436010713158
    ],
    "train_macro_f1": [
        0.05270573038348122,
        0.051168596194070826,
        0.05546651912723677,
        0.09398400907422605,
        0.09619752936376874,
        0.0948835570596017,
        0.0931833587062153,
        0.09982708106730029,
        0.09924459597773025,
        0.09915761175912242
    ],
    "train_micro_f1": [
        0.3399999999994999,
        0.34156249999949995,
        0.3399999999994999,
        0.3367708333328333,
        0.33531249999949997,
        0.3358333333328333,
        0.3367708333328333,
        0.33874999999949995,
        0.33843749999949996,
        0.33614583333283327
    ],
    "train_weighted_f1": [
        0.17529738003123557,
        0.17421343970496758,
        0.1789195052396161,
        0.21659032785628848,
        0.21819788263439718,
        0.2166082367413768,
        0.21712383747773675,
        0.22350153581988091,
        0.2219949039531907,
        0.22344354012457368
    ],
    "train_confidence": [
        0.3400104975700378,
        0.34154957175254824,
        0.3414564263820648,
        0.3488683191935221,
        0.34535088737805686,
        0.3459000579516093,
        0.3461338257789612,
        0.3490003832181295,
        0.34833377520243325,
        0.34622590740521747
    ],
    "val_loss": [
        2.0603232860565184,
        2.0501824760437013,
        1.9498273229599,
        1.9453538370132446,
        1.942158007621765,
        1.9364564609527588,
        1.933593134880066,
        1.93178231716156,
        1.9357780075073243,
        1.9389905977249144
    ],
    "val_accuracy": [
        0.3466666638851166,
        0.3466666638851166,
        0.3387500047683716,
        0.3400000035762787,
        0.34458333253860474,
        0.3449999988079071,
        0.3412500023841858,
        0.3400000035762787,
        0.34041666984558105,
        0.34291666746139526
    ],
    "val_macro_precision": [
        0.03466666666666665,
        0.03466666666666665,
        0.12436489528250819,
        0.09681518701469928,
        0.07459766543711241,
        0.10205286776934511,
        0.11905281850707092,
        0.12590959551069497,
        0.11295308900578853,
        0.22469307924426696
    ],
    "val_macro_recall": [
        0.09999999999999988,
        0.09999999999999988,
        0.10659544159544143,
        0.11514319930023904,
        0.11284690760019685,
        0.11381447059265352,
        0.12356290755811287,
        0.11256653845023587,
        0.12457192648227362,
        0.11641934278086866
    ],
    "val_macro_f1": [
        0.051485148514813214,
        0.051485148514813214,
        0.06796216330353493,
        0.08396449989325855,
        0.07372160747683798,
        0.08004311216665214,
        0.09074108558088104,
        0.0832577256519441,
        0.0994336373632052,
        0.08588764313273739
    ],
    "val_micro_f1": [
        0.3466666666661665,
        0.3466666666661665,
        0.3387499999994999,
        0.33999999999949987,
        0.3445833333328332,
        0.3449999999994999,
        0.3412499999994999,
        0.33999999999949987,
        0.34041666666616655,
        0.34291666666616655
    ],
    "val_weighted_f1": [
        0.17848184818468582,
        0.17848184818468582,
        0.20068004243122944,
        0.20918964292359987,
        0.1986629323874653,
        0.2056113900156889,
        0.21604305260695686,
        0.20978670327539753,
        0.226961392977726,
        0.21552954106384362
    ],
    "val_confidence": [
        0.388415740331014,
        0.32172937552134195,
        0.3368969217936198,
        0.3566788895924886,
        0.3655492941538493,
        0.3658342440923055,
        0.34035866260528563,
        0.3552274513244629,
        0.3289842716852824,
        0.351591747601827
    ],
    "grad_norm": [
        1.060044145121944,
        0.8915771639880886,
        0.8398583656518877,
        0.9104396058470405,
        0.8566446072088745,
        0.8406621338728516,
        0.7525102278026087,
        0.7744154978373031,
        0.7625973332115743,
        0.7888199301589567
    ],
    "fractional_applied_params": [
        0.0,
        0.0,
        0.0,
        2.0,
        2.0,
        2.0,
        2.0,
        2.0,
        2.0,
        2.0
    ],
    "epoch_time": [
        5.802305221557617,
        2.346621513366699,
        2.4134185314178467,
        2.4208295345306396,
        2.250553607940674,
        1.8612027168273926,
        2.381727695465088,
        1.8655200004577637,
        2.420823097229004,
        2.416053295135498
    ],
    "throughput_samples_per_sec": [
        1654.5148235795323,
        4090.9878074998446,
        3977.7601253273488,
        3965.582814925995,
        4265.617120217944,
        5157.955075610553,
        4030.687478790633,
        5146.018267102117,
        3965.5933599562245,
        3973.4222830798976
    ],
    "lr": [
        0.0003,
        0.0003,
        0.0003,
        0.0003,
        0.0003,
        0.0003,
        0.0003,
        0.0003,
        0.0003,
        0.0003
    ]
}