{
    "prefix": "epoch_3",
    "retain_em_acc": 0.8,
    "forget_em_acc": 0.5666666666666667,
    "retain_answer_nll": 0.06330467015504837,
    "forget_answer_nll": 0.08135795965790749,
    "general_ppl": 1.1395293917235159,
    "forget_minus_retain_nll": 0.018053289502859116,
    "retain_eval_n": 30,
    "forget_eval_n": 30
}