{
    "prefix": "epoch_1",
    "retain_em_acc": 0.7333333333333333,
    "forget_em_acc": 0.6666666666666666,
    "retain_answer_nll": 0.07924787607043982,
    "forget_answer_nll": 0.06891701649874449,
    "general_ppl": 1.1445339252669038,
    "forget_minus_retain_nll": -0.010330859571695328,
    "retain_eval_n": 30,
    "forget_eval_n": 30
}