{
    "train_loss": [
        0.3566183770073785,
        0.19038541683620877,
        0.08562249219682481,
        0.047875165632036,
        0.028124668974346585
    ],
    "train_accuracy": [
        0.8416000008583069,
        0.9280444383621216,
        0.9739999771118164,
        0.9876000285148621,
        0.9925777912139893
    ],
    "train_macro_precision": [
        0.8416583525376777,
        0.9280468994019073,
        0.9739997006529733,
        0.9875995212193112,
        0.9925775314211462
    ],
    "train_macro_recall": [
        0.841587052469202,
        0.9280475589137264,
        0.9740001613122217,
        0.9876007348049827,
        0.9925780101353631
    ],
    "train_macro_f1": [
        0.841589174555713,
        0.9280444408905832,
        0.9739999136663737,
        0.987599969994489,
        0.9925777531317528
    ],
    "train_micro_f1": [
        0.8415999999995,
        0.9280444444439443,
        0.9739999999994999,
        0.9875999999995,
        0.9925777777772777
    ],
    "train_weighted_f1": [
        0.8415917354133831,
        0.9280444721601596,
        0.9740000063165579,
        0.987600007715074,
        0.9925777795806088
    ],
    "train_confidence": [
        0.8450893246968587,
        0.9392621898227268,
        0.9835975189844767,
        0.9937085896597968,
        0.9968006964259677
    ],
    "val_loss": [
        0.3368129959106445,
        0.33934750289916993,
        0.5257348253250123,
        0.6404915555000306,
        0.7966015197753906
    ],
    "val_accuracy": [
        0.8560000061988831,
        0.8727999925613403,
        0.8651999831199646,
        0.8672000169754028,
        0.8644000291824341
    ],
    "val_macro_precision": [
        0.8622442977583158,
        0.8731843689889833,
        0.8663622372954163,
        0.8672713634350457,
        0.8645580963658761
    ],
    "val_macro_recall": [
        0.8548427160797323,
        0.8731126953885229,
        0.8647004896236652,
        0.8673701165673073,
        0.8646185442402632
    ],
    "val_macro_f1": [
        0.8550536977729329,
        0.8727992673232793,
        0.864943262543866,
        0.8671958352608933,
        0.8643989368871646
    ],
    "val_micro_f1": [
        0.8559999999994996,
        0.8727999999994996,
        0.8651999999994996,
        0.8671999999994996,
        0.8643999999994997
    ],
    "val_weighted_f1": [
        0.8552598230104033,
        0.8727938943643312,
        0.86504689968192,
        0.8672089244393699,
        0.8644056193075547
    ],
    "val_confidence": [
        0.8991328304290771,
        0.9258866735458374,
        0.9700856727600098,
        0.9829229219436646,
        0.9897189558029175
    ],
    "test_loss": [
        0.3212073892211914,
        0.32857155952453615,
        0.5161392826461793,
        0.6293972633075714,
        0.7857012955188751
    ],
    "test_accuracy": [
        0.8637999892234802,
        0.8724799752235413,
        0.8652399778366089,
        0.8648399710655212,
        0.8624799847602844
    ],
    "test_macro_precision": [
        0.8710307057587391,
        0.8727525423452651,
        0.8661849916368175,
        0.8649756681714115,
        0.8627389805421654
    ],
    "test_macro_recall": [
        0.8637999999999999,
        0.8724799999999999,
        0.8652399999999999,
        0.8648399999999998,
        0.8624799999999999
    ],
    "test_macro_f1": [
        0.8631331793747457,
        0.8724566863061726,
        0.865153002110342,
        0.8648274384674257,
        0.8624554497277398
    ],
    "test_micro_f1": [
        0.8637999999994999,
        0.8724799999995,
        0.8652399999995,
        0.8648399999995,
        0.8624799999995
    ],
    "test_weighted_f1": [
        0.8631331793747455,
        0.8724566863061727,
        0.865153002110342,
        0.8648274384674258,
        0.8624554497277399
    ],
    "test_confidence": [
        0.9023960503387451,
        0.9272754458618164,
        0.9698932665252685,
        0.9807507646179199,
        0.988729465007782
    ],
    "grad_norm": [
        0.9524187977154795,
        0.9377170545215889,
        0.8161976809868499,
        0.604950793761832,
        0.4212669594571738
    ],
    "nonfinite_grad_tensors": [
        0.0014204545454545455,
        0.0,
        0.007102272727272727,
        0.0,
        0.0
    ],
    "nonfinite_train_loss_batches": [
        0,
        0,
        0,
        0,
        0
    ],
    "nonfinite_val_loss_batches": [
        0,
        0,
        0,
        0,
        0
    ],
    "nonfinite_test_loss_batches": [
        0,
        0,
        0,
        0,
        0
    ],
    "fractional_applied_params": [
        4.0,
        4.0,
        4.0,
        4.0,
        4.0
    ],
    "epoch_time": [
        142.66614651679993,
        163.38256001472473,
        174.97919535636902,
        174.536372423172,
        174.26198434829712
    ],
    "throughput_samples_per_sec": [
        157.7108553734608,
        137.71359683660364,
        128.58671543308722,
        128.91295772692953,
        129.11594048550077
    ],
    "lr": [
        2e-05,
        2e-05,
        2e-05,
        2e-05,
        2e-05
    ]
}