{
    "train_loss": [
        2.3133797645568848,
        2.2010541086196898,
        2.15036740398407,
        2.0884833135604857,
        2.0745123367309573,
        2.0536828575134276,
        2.0544091482162474,
        2.0465643949508667,
        2.0411103439331053,
        2.0271397104263307
    ],
    "train_accuracy": [
        0.21799999475479126,
        0.2761250138282776,
        0.25737500190734863,
        0.2786250114440918,
        0.27687498927116394,
        0.27687498927116394,
        0.27524998784065247,
        0.2771250009536743,
        0.27512499690055847,
        0.28712499141693115
    ],
    "train_macro_precision": [
        0.11048801108996953,
        0.08028880759935375,
        0.13255402131906657,
        0.1011711550442401,
        0.20479145297707185,
        0.11414716403414353,
        0.1229284570691233,
        0.13118099266575883,
        0.13789825596278568,
        0.1330791428983618
    ],
    "train_macro_recall": [
        0.1019660122694955,
        0.1010586116387091,
        0.11510904287248831,
        0.12433347751712161,
        0.13191969906420403,
        0.1251178106095705,
        0.12677322047000208,
        0.1360274052799558,
        0.1295343309625559,
        0.14270802632884833
    ],
    "train_macro_f1": [
        0.08143536318738241,
        0.05016263314278764,
        0.09120280902670627,
        0.09335655396706352,
        0.10196147584816981,
        0.09462387448975164,
        0.10114306140421654,
        0.1035882542671227,
        0.10013117842196473,
        0.11213605355277019
    ],
    "train_micro_f1": [
        0.21799999999949998,
        0.27612499999949996,
        0.2573749999995,
        0.27862499999949997,
        0.2768749999995,
        0.2768749999995,
        0.2752499999995,
        0.27712499999949997,
        0.27512499999949996,
        0.2871249999995
    ],
    "train_weighted_f1": [
        0.1510128109748394,
        0.13024278892721758,
        0.1679132184264077,
        0.17816033857597893,
        0.18879357579228973,
        0.18089054813298583,
        0.18427884436755446,
        0.19027448122078522,
        0.18208695896044358,
        0.2019589777511262
    ],
    "train_confidence": [
        0.31661576390266416,
        0.2839593263864517,
        0.2974848144054413,
        0.28530968391895295,
        0.2880915380716324,
        0.2945481414794922,
        0.30029808974266053,
        0.2829541839361191,
        0.3006326159238815,
        0.29961337661743165
    ],
    "val_loss": [
        2.2527434406280515,
        2.083698534011841,
        2.0862196426391604,
        2.061717586517334,
        2.0646957511901856,
        2.069231716156006,
        2.0399811725616455,
        2.0267763938903807,
        2.0306772422790527,
        2.0422037658691408
    ],
    "val_accuracy": [
        0.28850001096725464,
        0.28949999809265137,
        0.28850001096725464,
        0.2849999964237213,
        0.2775000035762787,
        0.28949999809265137,
        0.2939999997615814,
        0.29499998688697815,
        0.2879999876022339,
        0.2904999852180481
    ],
    "val_macro_precision": [
        0.028849999999999987,
        0.04285216237340931,
        0.028849999999999987,
        0.05165916911421473,
        0.06348959487547497,
        0.057386456100691416,
        0.09372453492969715,
        0.07770250161042372,
        0.05892750632283585,
        0.06184658541635905
    ],
    "val_macro_recall": [
        0.09999999999999983,
        0.11155045993867459,
        0.09999999999999983,
        0.12786221837088352,
        0.13973107485039676,
        0.11995446451888574,
        0.1419007314429136,
        0.13650265741669038,
        0.11153291906627968,
        0.13037069131523166
    ],
    "val_macro_f1": [
        0.04478075281331406,
        0.06120920907071118,
        0.04478075281331406,
        0.07223164456033597,
        0.08617076814792426,
        0.07496052441873066,
        0.0884422271843979,
        0.08749531522780854,
        0.06766859792014028,
        0.08085439020251425
    ],
    "val_micro_f1": [
        0.2884999999994999,
        0.2894999999994999,
        0.2884999999994999,
        0.2849999999994999,
        0.27749999999949987,
        0.2894999999994999,
        0.2939999999994999,
        0.2949999999994999,
        0.2879999999994999,
        0.2904999999994999
    ],
    "val_weighted_f1": [
        0.12919247186641106,
        0.15196747441909192,
        0.12919247186641106,
        0.1755575704861786,
        0.185440151706001,
        0.16455577389859655,
        0.1844167974075258,
        0.17988558895163712,
        0.15475272547168792,
        0.17752233704058334
    ],
    "val_confidence": [
        0.4165157203674316,
        0.3557391529083252,
        0.29203719973564146,
        0.2972670855522156,
        0.23076951575279236,
        0.3635403146743774,
        0.2589542405605316,
        0.2877441804409027,
        0.31679998397827147,
        0.33515200614929197
    ],
    "grad_norm": [
        1.3518920166509176,
        0.9132152664678437,
        1.0222811323947316,
        0.6199350277561122,
        0.6612523612523067,
        0.5536694210418854,
        0.6088436984924351,
        0.5822661853194907,
        0.5780553814832393,
        0.5065368728200287
    ],
    "epoch_time": [
        124.68730926513672,
        126.31212854385376,
        126.74914193153381,
        128.99740195274353,
        127.56168508529663,
        127.5174765586853,
        125.9772436618805,
        125.73418831825256,
        126.18579936027527,
        131.33149981498718
    ],
    "throughput_samples_per_sec": [
        64.16049914902483,
        63.33516893607342,
        63.11679809494384,
        62.01675288724569,
        62.71475635219653,
        62.73649868156142,
        63.503532602060915,
        63.626290565862405,
        63.398576072407806,
        60.91455599966477
    ],
    "lr": [
        0.0003,
        0.0003,
        0.0003,
        0.0003,
        0.0003,
        0.0003,
        0.0003,
        0.0003,
        0.0003,
        0.0003
    ]
}