{
    "train_loss": [
        2.188453140258789,
        2.086918141365051,
        2.0419539136886597,
        2.020187650680542,
        2.0055652561187745,
        1.9949381818771363,
        1.9845983200073243,
        1.9831675176620482,
        1.9683852920532225,
        1.9568853425979613
    ],
    "train_accuracy": [
        0.2706249952316284,
        0.2797499895095825,
        0.2826249897480011,
        0.2836250066757202,
        0.2867499887943268,
        0.2877500057220459,
        0.2867499887943268,
        0.2904999852180481,
        0.29737499356269836,
        0.2992500066757202
    ],
    "train_macro_precision": [
        0.10629156501031045,
        0.15567589523065925,
        0.1385307754334175,
        0.14334295532807373,
        0.14149231668009485,
        0.16028616481480096,
        0.15859048849042778,
        0.1734318150695323,
        0.1696108247569496,
        0.17695947168965942
    ],
    "train_macro_recall": [
        0.1017901961033151,
        0.13107421140480444,
        0.1410704147833252,
        0.14525823939461727,
        0.14982903513839554,
        0.15596489116806936,
        0.1539781785947418,
        0.1636985774493936,
        0.1653365051289089,
        0.17247250191080493
    ],
    "train_macro_f1": [
        0.055795190934138685,
        0.10692927545855094,
        0.1158112155963273,
        0.12478893755844707,
        0.12827330332864706,
        0.1378724157742687,
        0.13405585315619584,
        0.14792766313960992,
        0.14423755634425445,
        0.15561691989104845
    ],
    "train_micro_f1": [
        0.27062499999949996,
        0.27974999999949995,
        0.28262499999949997,
        0.28362499999949997,
        0.28674999999949996,
        0.28774999999949996,
        0.28674999999949996,
        0.2904999999995,
        0.29737499999949996,
        0.29924999999949997
    ],
    "train_weighted_f1": [
        0.13238767910768223,
        0.1881146130584658,
        0.20096994837182605,
        0.21070237473165573,
        0.21296607671840298,
        0.22193873642659093,
        0.2192782061137896,
        0.23156984054238414,
        0.2291165635380242,
        0.23949971643647452
    ],
    "train_confidence": [
        0.27863345766067504,
        0.3003517723083496,
        0.2970279893875122,
        0.30133260536193845,
        0.3046550216674805,
        0.30492698431015014,
        0.30235275077819823,
        0.30544061088562013,
        0.3104773230552673,
        0.306790961265564
    ],
    "val_loss": [
        2.093557619094849,
        2.0144182214736936,
        1.9875561456680297,
        1.9781719589233397,
        1.980427924156189,
        1.978862066268921,
        1.9770753383636475,
        1.976351279258728,
        1.992450442314148,
        1.9777363376617432
    ],
    "val_accuracy": [
        0.2915000021457672,
        0.3070000112056732,
        0.3019999861717224,
        0.3095000088214874,
        0.3019999861717224,
        0.3089999854564667,
        0.2955000102519989,
        0.3059999942779541,
        0.30399999022483826,
        0.3034999966621399
    ],
    "val_macro_precision": [
        0.06586361204337612,
        0.06993464052287508,
        0.10817118646097054,
        0.10240407997988392,
        0.11004226947675336,
        0.14914120939788905,
        0.1637485223234702,
        0.14030944321554556,
        0.175508353142926,
        0.11698838527934545
    ],
    "val_macro_recall": [
        0.10055716819867747,
        0.14906725364568948,
        0.1385361984827173,
        0.15069686371814142,
        0.14920504021886727,
        0.16203034186222617,
        0.15553169803282438,
        0.15812090774783966,
        0.1692188318901209,
        0.15767163638725906
    ],
    "val_macro_f1": [
        0.047836415901530024,
        0.08015156373238486,
        0.09426620899649253,
        0.09891867673923074,
        0.11188010717666959,
        0.12384936831943502,
        0.12285146278845234,
        0.11889553780555462,
        0.14687962203133628,
        0.12780911018268573
    ],
    "val_micro_f1": [
        0.2914999999994999,
        0.3069999999994999,
        0.3019999999994999,
        0.3094999999994999,
        0.3019999999994999,
        0.3089999999994999,
        0.2954999999994999,
        0.3059999999994999,
        0.3039999999994999,
        0.3034999999994999
    ],
    "val_weighted_f1": [
        0.13542905703355054,
        0.18227307220107858,
        0.1972852364493241,
        0.20156683295476915,
        0.21309298713109606,
        0.22279164209477606,
        0.22693629762895048,
        0.21739125946312668,
        0.24793031685096267,
        0.22707230475907206
    ],
    "val_confidence": [
        0.2861144886016846,
        0.28065320968627927,
        0.2846328144073486,
        0.31267745304107664,
        0.3110730323791504,
        0.28723386764526365,
        0.3083787403106689,
        0.2881401596069336,
        0.26049725246429445,
        0.31673206710815427
    ],
    "grad_norm": [
        1.3119990008790663,
        1.1682624710441953,
        1.1716893161206532,
        1.1074494218787687,
        1.094014743695432,
        1.1059563834702648,
        1.035720042193732,
        1.131856732469883,
        0.993787091600977,
        1.0123110954569616
    ],
    "fractional_applied_params": [
        0.0,
        0.0,
        0.0,
        2.0,
        2.0,
        2.0,
        2.0,
        2.0,
        2.0,
        2.0
    ],
    "epoch_time": [
        7.568766117095947,
        4.230626821517944,
        3.724125385284424,
        4.270262002944946,
        4.26865553855896,
        4.259491920471191,
        3.488166093826294,
        4.0107526779174805,
        4.014373540878296,
        4.263815641403198
    ],
    "throughput_samples_per_sec": [
        1056.9754536251296,
        1890.972741748375,
        2148.1553847814425,
        1873.4213484987279,
        1874.1263912573024,
        1878.1582755332538,
        2293.4687697811187,
        1994.6380748049198,
        1992.8389619292125,
        1876.253729715022
    ],
    "lr": [
        0.0003,
        0.0003,
        0.0003,
        0.0003,
        0.0003,
        0.0003,
        0.0003,
        0.0003,
        0.0003,
        0.0003
    ]
}