{
    "train_loss": [
        0.44480464816623266,
        0.3185940599229601,
        0.26568380126953123,
        0.22232834693060982,
        0.18334879048665365
    ],
    "train_accuracy": [
        0.8005333542823792,
        0.867377758026123,
        0.894266664981842,
        0.9156444668769836,
        0.9341777563095093
    ],
    "train_macro_precision": [
        0.8008155489087122,
        0.8674549397138072,
        0.8942803816441829,
        0.915722789554138,
        0.9341973753978345
    ],
    "train_macro_recall": [
        0.8005099089174412,
        0.867366863557717,
        0.8942623284291389,
        0.9156343120459549,
        0.9341729933905784
    ],
    "train_macro_f1": [
        0.8004776144651251,
        0.8673681198185003,
        0.89426478170746,
        0.9156389246883718,
        0.9341763983746314
    ],
    "train_micro_f1": [
        0.8005333333328333,
        0.8673777777772778,
        0.8942666666661666,
        0.9156444444439444,
        0.9341777777772777
    ],
    "train_weighted_f1": [
        0.8004826528733753,
        0.8673698300820337,
        0.8942654563242602,
        0.9156399558515007,
        0.9341768537114274
    ],
    "train_confidence": [
        0.7633596163431804,
        0.8717242759916517,
        0.899646025244395,
        0.9234240074687534,
        0.9433316817495558
    ],
    "val_loss": [
        0.3319133056640625,
        0.36489111022949217,
        0.33066638793945313,
        0.38611365661621094,
        0.3966809143066406
    ],
    "val_accuracy": [
        0.8547999858856201,
        0.8411999940872192,
        0.8615999817848206,
        0.8600000143051147,
        0.8676000237464905
    ],
    "val_macro_precision": [
        0.8549996799180584,
        0.8477682347582791,
        0.8620318417123993,
        0.8648540177406809,
        0.8687760600423369
    ],
    "val_macro_recall": [
        0.8549744560753951,
        0.8421336810456457,
        0.8618464471188585,
        0.8607902517649658,
        0.8679944642561082
    ],
    "val_macro_f1": [
        0.8547997909111984,
        0.8406787262833063,
        0.8615943309032934,
        0.8596979352662131,
        0.8675608191922497
    ],
    "val_micro_f1": [
        0.8547999999994996,
        0.8411999999994996,
        0.8615999999994997,
        0.8599999999994996,
        0.8675999999994997
    ],
    "val_weighted_f1": [
        0.8547974212437861,
        0.8405547870780571,
        0.8615822840738554,
        0.8596093990512836,
        0.8675298390190753
    ],
    "val_confidence": [
        0.8759351579666138,
        0.898287978553772,
        0.914335541343689,
        0.9338929795265197,
        0.9431493947982789
    ],
    "test_loss": [
        0.33177058349609373,
        0.3476147329711914,
        0.31589222595214844,
        0.35410292938232424,
        0.3627211248779297
    ],
    "test_accuracy": [
        0.8590400218963623,
        0.8544399738311768,
        0.8725600242614746,
        0.8651999831199646,
        0.8715999722480774
    ],
    "test_macro_precision": [
        0.8591003150634784,
        0.8602616460519105,
        0.8726631865606613,
        0.8696270653513476,
        0.8720652041378635
    ],
    "test_macro_recall": [
        0.8590399999999998,
        0.8544399999999999,
        0.8725599999999999,
        0.8651999999999999,
        0.8715999999999999
    ],
    "test_macro_f1": [
        0.8590340807841657,
        0.8538495707387025,
        0.8725511776861422,
        0.8647951590647148,
        0.8715598518697412
    ],
    "test_micro_f1": [
        0.8590399999995,
        0.8544399999994999,
        0.8725599999995,
        0.8651999999994999,
        0.8715999999995001
    ],
    "test_weighted_f1": [
        0.8590340807841657,
        0.8538495707387025,
        0.8725511776861422,
        0.8647951590647148,
        0.8715598518697413
    ],
    "test_confidence": [
        0.8719427143859864,
        0.8935009493255616,
        0.9089248190689087,
        0.9314640112686158,
        0.9412976940155029
    ],
    "grad_norm": [
        0.9619351515244268,
        0.9966597326030932,
        0.9981090764595166,
        0.9981858941422707,
        0.9963105058382591
    ],
    "nonfinite_grad_tensors": [
        0.0,
        0.0014204545454545455,
        0.0,
        0.0,
        0.0014204545454545455
    ],
    "nonfinite_train_loss_batches": [
        0,
        0,
        0,
        0,
        0
    ],
    "nonfinite_val_loss_batches": [
        0,
        0,
        0,
        0,
        0
    ],
    "nonfinite_test_loss_batches": [
        0,
        0,
        0,
        0,
        0
    ],
    "fractional_applied_params": [
        7.0,
        7.0,
        7.0,
        7.0,
        7.0
    ],
    "epoch_time": [
        244.7861316204071,
        240.8413281440735,
        241.5830934047699,
        241.46090817451477,
        228.79239773750305
    ],
    "throughput_samples_per_sec": [
        91.91697197491168,
        93.42250424121683,
        93.13565648528844,
        93.18278544590841,
        98.34242843074964
    ],
    "lr": [
        2e-05,
        2e-05,
        2e-05,
        2e-05,
        2e-05
    ]
}