{
    "train_loss": [
        2.8368924847171755,
        2.40188591742251,
        2.0143146052243934,
        1.6773235340033184,
        1.415465151761424
    ],
    "train_accuracy": [
        0.16959638893604279,
        0.35775312781333923,
        0.47117745876312256,
        0.5572031736373901,
        0.6131788492202759
    ],
    "train_macro_precision": [
        0.16482439103539265,
        0.34564220173800847,
        0.44703087908519795,
        0.5242089869153908,
        0.5887700425277924
    ],
    "train_macro_recall": [
        0.16345410983830408,
        0.34592867688259327,
        0.45630171784703466,
        0.5399186078634834,
        0.5948537607434393
    ],
    "train_macro_f1": [
        0.1328056526566664,
        0.2928054969282725,
        0.411757909895586,
        0.49905881023099996,
        0.5665860485121077
    ],
    "train_micro_f1": [
        0.1695963861332523,
        0.3577531179411674,
        0.4711774526166069,
        0.557203181773044,
        0.6131788274570271
    ],
    "train_weighted_f1": [
        0.13730518705248065,
        0.30192673357734834,
        0.4239046690156292,
        0.5136280725567252,
        0.5822781193888837
    ],
    "train_confidence": [
        0.06736413414979582,
        0.11217737866913677,
        0.17450755275584715,
        0.25239685149999636,
        0.3346907765647816
    ],
    "val_loss": [
        2.5950693519214525,
        2.2099229467326196,
        1.8830015960781055,
        1.660685977294949,
        1.5087035805856517
    ],
    "val_accuracy": [
        0.29354554414749146,
        0.43147656321525574,
        0.5190097093582153,
        0.5526083111763,
        0.5729442834854126
    ],
    "val_macro_precision": [
        0.24378901691732513,
        0.41758270763421557,
        0.4783894314294329,
        0.484327237682267,
        0.5080771998036274
    ],
    "val_macro_recall": [
        0.27998653626482667,
        0.41281252377840183,
        0.4888567725720197,
        0.5217113664421981,
        0.5421607060299192
    ],
    "val_macro_f1": [
        0.208929880962045,
        0.3635029054910031,
        0.442334473977881,
        0.4742398461248281,
        0.5101130578046987
    ],
    "val_micro_f1": [
        0.29354553492434504,
        0.43147656940710355,
        0.5190097259057772,
        0.5526083112285004,
        0.5729442970817276
    ],
    "val_weighted_f1": [
        0.2188380541996341,
        0.3806625745562528,
        0.4715911860571031,
        0.5021460829194316,
        0.5389907859086013
    ],
    "val_confidence": [
        0.08967312714570819,
        0.14603715950572102,
        0.22378597082446677,
        0.3131044549714349,
        0.39819017160687165
    ],
    "test_loss": [
        2.587588787965172,
        2.2137364949942016,
        1.907174570852939,
        1.722811512091156,
        1.577283538217185
    ],
    "test_accuracy": [
        0.2914232611656189,
        0.422198623418808,
        0.48327139019966125,
        0.5184546113014221,
        0.5428836941719055
    ],
    "test_macro_precision": [
        0.2430284541466409,
        0.3977495470084965,
        0.4421746228127841,
        0.485889374640486,
        0.5059188739351548
    ],
    "test_macro_recall": [
        0.27958939268874783,
        0.40791295126008376,
        0.4643624451798905,
        0.498957933688278,
        0.5242630354974341
    ],
    "test_macro_f1": [
        0.19961022212349916,
        0.3525091951855056,
        0.41208081869149227,
        0.4487521441333824,
        0.49019618645773166
    ],
    "test_micro_f1": [
        0.29142326075361574,
        0.4221986192241415,
        0.48327137546418397,
        0.518454593732904,
        0.5428836962289211
    ],
    "test_weighted_f1": [
        0.2075455504263217,
        0.3644035902147984,
        0.4288865591006441,
        0.466338150888039,
        0.5070300491684059
    ],
    "test_confidence": [
        0.09025666736505542,
        0.14720089813527185,
        0.2245210067616836,
        0.31399527291826157,
        0.39284412511409245
    ],
    "grad_norm": [
        0.8415482273777305,
        0.7553924582048095,
        0.7368751270847039,
        0.7174434293839214,
        0.6996845240454419
    ],
    "nonfinite_grad_tensors": [
        0.0,
        0.003134796238244514,
        0.0,
        0.0,
        0.0
    ],
    "nonfinite_train_loss_batches": [
        0,
        0,
        0,
        0,
        0
    ],
    "nonfinite_val_loss_batches": [
        0,
        0,
        0,
        0,
        0
    ],
    "nonfinite_test_loss_batches": [
        0,
        0,
        0,
        0,
        0
    ],
    "fractional_applied_params": [
        7.0,
        7.0,
        7.0,
        7.0,
        7.0
    ],
    "epoch_time": [
        114.12048363685608,
        155.00475358963013,
        155.89047193527222,
        157.36241173744202,
        154.31126523017883
    ],
    "throughput_samples_per_sec": [
        89.2302562649789,
        65.69475944563062,
        65.32150344780608,
        64.71049780928789,
        65.98999745618377
    ],
    "lr": [
        2e-05,
        2e-05,
        2e-05,
        2e-05,
        2e-05
    ]
}