{
    "train_loss": [
        0.4457947998046875,
        0.3015162085639106,
        0.23206856570773654,
        0.17047730814615886,
        0.1250018797132704
    ],
    "train_accuracy": [
        0.7997778058052063,
        0.8763111233711243,
        0.9101777672767639,
        0.9408888816833496,
        0.9599999785423279
    ],
    "train_macro_precision": [
        0.8000026475565172,
        0.8763185572661465,
        0.9101849647384832,
        0.9408922098309127,
        0.9600084637352576
    ],
    "train_macro_recall": [
        0.7997517763202635,
        0.876315574954418,
        0.9101821937015104,
        0.9408866918007392,
        0.9599965420916546
    ],
    "train_macro_f1": [
        0.799730144605884,
        0.8763110405010122,
        0.9101777378562722,
        0.9408883802657406,
        0.9599994687134309
    ],
    "train_micro_f1": [
        0.7997777777772779,
        0.8763111111106111,
        0.9101777777772777,
        0.9408888888883888,
        0.9599999999994999
    ],
    "train_weighted_f1": [
        0.7997359100041507,
        0.8763108660537685,
        0.9101776260774571,
        0.9408887039346985,
        0.9599997408355638
    ],
    "train_confidence": [
        0.7626169995625813,
        0.8803893239763048,
        0.9180945864783393,
        0.9503314016554091,
        0.9732786183039347
    ],
    "val_loss": [
        0.3075470458984375,
        0.3068184783935547,
        0.3220206024169922,
        0.40180088653564455,
        0.45319066009521486
    ],
    "val_accuracy": [
        0.8695999979972839,
        0.8784000277519226,
        0.8748000264167786,
        0.8748000264167786,
        0.8691999912261963
    ],
    "val_macro_precision": [
        0.8696190104762027,
        0.880752207963833,
        0.8750995567005815,
        0.8813364898198079,
        0.8754606522653245
    ],
    "val_macro_recall": [
        0.869495966541596,
        0.8777472553853594,
        0.8750671389492964,
        0.8737093157172674,
        0.8681211785214253
    ],
    "val_macro_f1": [
        0.8695435593250059,
        0.8780496414975383,
        0.8747998197112399,
        0.8740016543215505,
        0.8683827304613403
    ],
    "val_micro_f1": [
        0.8695999999994997,
        0.8783999999994996,
        0.8747999999994996,
        0.8747999999994996,
        0.8691999999994996
    ],
    "val_weighted_f1": [
        0.8695891460236351,
        0.878159455356362,
        0.8747972956756054,
        0.8741701493892587,
        0.8685569706674457
    ],
    "val_confidence": [
        0.8618903676986694,
        0.912898230266571,
        0.9288897592544556,
        0.9531913934707642,
        0.9644700490951538
    ],
    "test_loss": [
        0.3279899682617187,
        0.3328386804199219,
        0.3428388870239258,
        0.43886079833984376,
        0.4901433773803711
    ],
    "test_accuracy": [
        0.8595600128173828,
        0.8658400177955627,
        0.8672800064086914,
        0.858519971370697,
        0.8543599843978882
    ],
    "test_macro_precision": [
        0.8595600023011839,
        0.86764558334184,
        0.8681741176190414,
        0.8640820671769799,
        0.8597711632204906
    ],
    "test_macro_recall": [
        0.8595599999999999,
        0.8658399999999999,
        0.8672799999999998,
        0.85852,
        0.8543599999999998
    ],
    "test_macro_f1": [
        0.8595599997747958,
        0.8656750756424549,
        0.8671993728078335,
        0.8579775823009307,
        0.8538103059323969
    ],
    "test_micro_f1": [
        0.8595599999995,
        0.8658399999995,
        0.8672799999995,
        0.8585199999994999,
        0.8543599999995
    ],
    "test_weighted_f1": [
        0.8595599997747959,
        0.8656750756424549,
        0.8671993728078334,
        0.8579775823009307,
        0.853810305932397
    ],
    "test_confidence": [
        0.8573840201568603,
        0.9075801490211487,
        0.9248730190086365,
        0.94888029920578,
        0.9597769260215759
    ],
    "grad_norm": [
        0.8276307264429869,
        0.8473755014411348,
        0.8243889674760235,
        0.7850597674696853,
        0.7402892653891768
    ],
    "nonfinite_grad_tensors": [
        0.0014204545454545455,
        0.0,
        0.0,
        0.002840909090909091,
        0.0
    ],
    "nonfinite_train_loss_batches": [
        0,
        0,
        0,
        0,
        0
    ],
    "nonfinite_val_loss_batches": [
        0,
        0,
        0,
        0,
        0
    ],
    "nonfinite_test_loss_batches": [
        0,
        0,
        0,
        0,
        0
    ],
    "fractional_applied_params": [
        7.0,
        7.0,
        7.0,
        7.0,
        7.0
    ],
    "epoch_time": [
        248.20732808113098,
        240.64333963394165,
        241.25953912734985,
        242.89250445365906,
        223.0944676399231
    ],
    "throughput_samples_per_sec": [
        90.65002300272728,
        93.49936729695584,
        93.26056114251003,
        92.63357076666286,
        100.85413698521312
    ],
    "lr": [
        2e-05,
        2e-05,
        2e-05,
        2e-05,
        2e-05
    ]
}