{
    "train_loss": [
        2.1078565454483034,
        2.08421071767807,
        2.0002822566032408,
        1.9732804679870606,
        1.9560173964500427,
        1.9540686440467834,
        1.9498390316963197,
        1.9404531049728393,
        1.9350058293342591,
        1.9289445757865906
    ],
    "train_accuracy": [
        0.33635416626930237,
        0.34333333373069763,
        0.3401041626930237,
        0.33687499165534973,
        0.3409374952316284,
        0.3408333361148834,
        0.3411458432674408,
        0.3410416543483734,
        0.3427083194255829,
        0.3477083444595337
    ],
    "train_macro_precision": [
        0.06804927298644212,
        0.03434764485202167,
        0.1320374916351088,
        0.12028728377154978,
        0.12923188167654426,
        0.1418097176289267,
        0.14707277001924574,
        0.14014367916325404,
        0.15362428100248265,
        0.15843058156970627
    ],
    "train_macro_recall": [
        0.10074177802986865,
        0.09996966939642096,
        0.10884179709943136,
        0.11432734309272781,
        0.12066721066413086,
        0.1206967212143133,
        0.1255568652998032,
        0.12098901464015828,
        0.1270024095325964,
        0.12968181079442265
    ],
    "train_macro_f1": [
        0.05658614638078123,
        0.05112851935154805,
        0.07396453918335594,
        0.08775495926039714,
        0.09568523393675461,
        0.09745087210936672,
        0.10591564288352587,
        0.09757101578198796,
        0.10783776670775076,
        0.11128784689241752
    ],
    "train_micro_f1": [
        0.33635416666616663,
        0.3433333333328333,
        0.3401041666661666,
        0.33687499999949994,
        0.34093749999949996,
        0.3408333333328333,
        0.34114583333283327,
        0.3410416666661666,
        0.3427083333328333,
        0.3477083333328333
    ],
    "train_weighted_f1": [
        0.17937445145952005,
        0.17559450864797285,
        0.19751423485703165,
        0.21327707785195965,
        0.21778583437340474,
        0.22022241796727524,
        0.2293121489291121,
        0.22188738819931164,
        0.23413183176118588,
        0.23499811370743462
    ],
    "train_confidence": [
        0.34345234751701353,
        0.34597241282463076,
        0.3478611203034719,
        0.34668696761131285,
        0.34960888544718427,
        0.3515425511201223,
        0.34897217869758607,
        0.3513818760712942,
        0.35026623209317526,
        0.35494104504585267
    ],
    "val_loss": [
        2.080429277420044,
        2.063011474609375,
        1.9963521337509156,
        1.9598498487472533,
        1.9578872728347778,
        1.9611476755142212,
        1.9537678480148315,
        1.9551840543746948,
        1.9625900459289551,
        1.965522789955139
    ],
    "val_accuracy": [
        0.33916667103767395,
        0.33916667103767395,
        0.32875001430511475,
        0.3375000059604645,
        0.34041666984558105,
        0.3383333384990692,
        0.3370833396911621,
        0.3283333480358124,
        0.34041666984558105,
        0.33125001192092896
    ],
    "val_macro_precision": [
        0.03391666666666666,
        0.03391666666666666,
        0.05327276427629775,
        0.08047947071541214,
        0.07004300874485496,
        0.06311434848433403,
        0.07024949577464343,
        0.08089943552123002,
        0.09207592017487641,
        0.0963968105824385
    ],
    "val_macro_recall": [
        0.09999999999999988,
        0.09999999999999988,
        0.1204208308905758,
        0.10377358008947227,
        0.114202473740485,
        0.12264072403391262,
        0.10792109106260517,
        0.11430453458995074,
        0.11689417671763351,
        0.1334494661313543
    ],
    "val_macro_f1": [
        0.05065339141253215,
        0.05065339141253215,
        0.06976352142031376,
        0.0612076641997323,
        0.07156173056819935,
        0.08137009189626801,
        0.06855074775109857,
        0.08097699734478427,
        0.07951648887940607,
        0.09719557349776974
    ],
    "val_micro_f1": [
        0.33916666666616657,
        0.33916666666616657,
        0.3287499999994999,
        0.33749999999949987,
        0.34041666666616655,
        0.3383333333328332,
        0.3370833333328332,
        0.3283333333328332,
        0.34041666666616655,
        0.3312499999994999
    ],
    "val_weighted_f1": [
        0.17179941920750488,
        0.17179941920750488,
        0.19615238239839505,
        0.18294066783269797,
        0.189699143292819,
        0.20743660366171715,
        0.19085711372404557,
        0.2074656288668316,
        0.2064786097657894,
        0.2266525469981361
    ],
    "val_confidence": [
        0.33693867683410644,
        0.35277164618174234,
        0.281912256081899,
        0.349586288134257,
        0.3590635935465495,
        0.33851147651672364,
        0.345250981648763,
        0.32287880420684817,
        0.3747320747375488,
        0.2975556755065918
    ],
    "grad_norm": [
        1.1812777527684135,
        0.9526649875117699,
        0.9607049904153261,
        0.9947047575943843,
        0.8813539584267319,
        0.9751730504479477,
        0.917451853683615,
        0.8665556395924738,
        0.9458212141234348,
        0.9049552581347471
    ],
    "fractional_applied_params": [
        0.0,
        0.0,
        0.0,
        0.0,
        0.0,
        0.0,
        0.0,
        0.0,
        0.0,
        0.0
    ],
    "epoch_time": [
        6.5549702644348145,
        2.8760430812835693,
        2.0957930088043213,
        2.4086251258850098,
        2.3812453746795654,
        2.599186658859253,
        2.8936514854431152,
        2.8563239574432373,
        2.878857374191284,
        2.8707528114318848
    ],
    "throughput_samples_per_sec": [
        1464.5375360566545,
        3337.9194013031088,
        4580.605030969605,
        3985.676266858936,
        4031.5038937521645,
        3693.4630944178925,
        3317.607544755832,
        3360.9633021434956,
        3334.656341805328,
        3344.0705733252166
    ],
    "lr": [
        0.0003,
        0.0003,
        0.0003,
        0.0003,
        0.0003,
        0.0003,
        0.0003,
        0.0003,
        0.0003,
        0.0003
    ]
}