{
    "train_loss": [
        2.821863223278814,
        2.3580949099981914,
        1.982066560854533,
        1.6821255976683402,
        1.4184070187386228
    ],
    "train_accuracy": [
        0.18501423299312592,
        0.36010998487472534,
        0.4472159445285797,
        0.521162748336792,
        0.6101345419883728
    ],
    "train_macro_precision": [
        0.16649220216040733,
        0.31755371004067506,
        0.41670592557559794,
        0.504980241322636,
        0.5958565177914348
    ],
    "train_macro_recall": [
        0.17667057201529268,
        0.3451685321131226,
        0.4323051873693049,
        0.5053355734346076,
        0.594885079858712
    ],
    "train_macro_f1": [
        0.14293284417601684,
        0.2781946994694272,
        0.37423075848006493,
        0.4515617940859359,
        0.5652408238401454
    ],
    "train_micro_f1": [
        0.18501423941813888,
        0.36010998723312454,
        0.4472159481483755,
        0.5211627221835321,
        0.6101345379549158
    ],
    "train_weighted_f1": [
        0.14905013280633164,
        0.28840792975457563,
        0.38506622860640166,
        0.46392217569207717,
        0.5780066470010515
    ],
    "train_confidence": [
        0.06926807481694945,
        0.12396181062877992,
        0.189533010957799,
        0.25877575629424526,
        0.3351592350764697
    ],
    "val_loss": [
        2.5549448078233095,
        2.171747208906422,
        1.8831367248143904,
        1.678080617801791,
        1.5118625138735582
    ],
    "val_accuracy": [
        0.33244916796684265,
        0.4137931168079376,
        0.4350132644176483,
        0.5207780599594116,
        0.5800176858901978
    ],
    "val_macro_precision": [
        0.268740945618848,
        0.33185029171873925,
        0.44050112735549873,
        0.4978603126682327,
        0.5553831417559418
    ],
    "val_macro_recall": [
        0.32767397474802085,
        0.40082765582471946,
        0.42409676745016667,
        0.5060695376506951,
        0.567343328318663
    ],
    "val_macro_f1": [
        0.24740714518570578,
        0.32617462949625387,
        0.36077101369342945,
        0.46759308189785953,
        0.5416397377039766
    ],
    "val_micro_f1": [
        0.3324491600348667,
        0.41379310344777553,
        0.43501326259896916,
        0.5207780725017099,
        0.5800176834654588
    ],
    "val_weighted_f1": [
        0.2563429426118491,
        0.3361781181113002,
        0.36946152213804456,
        0.48025431175130356,
        0.5537652416377058
    ],
    "val_confidence": [
        0.09432390261075857,
        0.16090071854814822,
        0.23158776201472464,
        0.3075036774895868,
        0.3922836704658893
    ],
    "test_loss": [
        2.551092551986524,
        2.182415184794875,
        1.9085114448550402,
        1.7212977235265317,
        1.590862807034813
    ],
    "test_accuracy": [
        0.32992565631866455,
        0.40215080976486206,
        0.42326074838638306,
        0.5062400698661804,
        0.5572225451469421
    ],
    "test_macro_precision": [
        0.26184049099805845,
        0.3405149666597389,
        0.38155151507875396,
        0.47232886914506683,
        0.5232178128696547
    ],
    "test_macro_recall": [
        0.31559742126230605,
        0.38678830865932823,
        0.4081527661801859,
        0.4896266211179193,
        0.5417269840369278
    ],
    "test_macro_f1": [
        0.2387629903050216,
        0.3154710031901121,
        0.3376352159344184,
        0.44512772119861027,
        0.5159193625399008
    ],
    "test_micro_f1": [
        0.3299256505571208,
        0.4021508231540406,
        0.42326075411527264,
        0.5062400424848955,
        0.5572225172591919
    ],
    "test_weighted_f1": [
        0.2491781907771728,
        0.3266253996330364,
        0.3483878024539551,
        0.4592458159588977,
        0.5296844455962776
    ],
    "test_confidence": [
        0.09592925625409589,
        0.16431548360555145,
        0.23559570030778632,
        0.3104806930159104,
        0.3929754630467136
    ],
    "grad_norm": [
        0.8571992351211573,
        0.7811631310217102,
        0.742395399926054,
        0.7306402669866428,
        0.7240310076606578
    ],
    "nonfinite_grad_tensors": [
        0.0,
        0.003134796238244514,
        0.0,
        0.003134796238244514,
        0.0
    ],
    "nonfinite_train_loss_batches": [
        0,
        0,
        0,
        0,
        0
    ],
    "nonfinite_val_loss_batches": [
        0,
        0,
        0,
        0,
        0
    ],
    "nonfinite_test_loss_batches": [
        0,
        0,
        0,
        0,
        0
    ],
    "fractional_applied_params": [
        7.0,
        7.0,
        7.0,
        7.0,
        7.0
    ],
    "epoch_time": [
        114.23808670043945,
        151.81802892684937,
        154.46626830101013,
        158.81458687782288,
        157.4679319858551
    ],
    "throughput_samples_per_sec": [
        89.13839765806256,
        67.07372024245214,
        65.92377812970969,
        64.11879538391426,
        64.66713489902637
    ],
    "lr": [
        2e-05,
        2e-05,
        2e-05,
        2e-05,
        2e-05
    ]
}