{
    "train_loss": [
        2.9090342478709177,
        NaN,
        NaN,
        NaN,
        NaN
    ],
    "train_accuracy": [
        0.15357545018196106,
        0.0,
        0.0,
        0.0,
        0.0
    ],
    "train_macro_precision": [
        0.13117588100069072,
        0.0,
        0.0,
        0.0,
        0.0
    ],
    "train_macro_recall": [
        0.14472624992361682,
        0.0,
        0.0,
        0.0,
        0.0
    ],
    "train_macro_f1": [
        0.10969569811288196,
        0.0,
        0.0,
        0.0,
        0.0
    ],
    "train_micro_f1": [
        0.15357545044995044,
        0.0,
        0.0,
        0.0,
        0.0
    ],
    "train_weighted_f1": [
        0.1156125776808562,
        0.0,
        0.0,
        0.0,
        0.0
    ],
    "train_confidence": [
        0.06140381836139404,
        NaN,
        NaN,
        NaN,
        NaN
    ],
    "val_loss": [
        0.0,
        0.0,
        0.0,
        0.0,
        0.0
    ],
    "val_accuracy": [
        0.04597701132297516,
        0.04597701132297516,
        0.04597701132297516,
        0.04597701132297516,
        0.04597701132297516
    ],
    "val_macro_precision": [
        0.002298850574712642,
        0.002298850574712642,
        0.002298850574712642,
        0.002298850574712642,
        0.002298850574712642
    ],
    "val_macro_recall": [
        0.04999999999999903,
        0.04999999999999903,
        0.04999999999999903,
        0.04999999999999903,
        0.04999999999999903
    ],
    "val_macro_f1": [
        0.004395604395600186,
        0.004395604395600186,
        0.004395604395600186,
        0.004395604395600186,
        0.004395604395600186
    ],
    "val_micro_f1": [
        0.045977011493752835,
        0.045977011493752835,
        0.045977011493752835,
        0.045977011493752835,
        0.045977011493752835
    ],
    "val_weighted_f1": [
        0.004041935076413964,
        0.004041935076413964,
        0.004041935076413964,
        0.004041935076413964,
        0.004041935076413964
    ],
    "val_confidence": [
        NaN,
        NaN,
        NaN,
        NaN,
        NaN
    ],
    "test_loss": [
        0.0,
        0.0,
        0.0,
        0.0,
        0.0
    ],
    "test_accuracy": [
        0.04235262796282768,
        0.04235262796282768,
        0.04235262796282768,
        0.04235262796282768,
        0.04235262796282768
    ],
    "test_macro_precision": [
        0.0021176314391927772,
        0.0021176314391927772,
        0.0021176314391927772,
        0.0021176314391927772,
        0.0021176314391927772
    ],
    "test_macro_recall": [
        0.049999999999999836,
        0.049999999999999836,
        0.049999999999999836,
        0.049999999999999836,
        0.049999999999999836
    ],
    "test_macro_f1": [
        0.004063176665389044,
        0.004063176665389044,
        0.004063176665389044,
        0.004063176665389044,
        0.004063176665389044
    ],
    "test_micro_f1": [
        0.04235262878335554,
        0.04235262878335554,
        0.04235262878335554,
        0.04235262878335554,
        0.04235262878335554
    ],
    "test_weighted_f1": [
        0.0034417242598489247,
        0.0034417242598489247,
        0.0034417242598489247,
        0.0034417242598489247,
        0.0034417242598489247
    ],
    "test_confidence": [
        NaN,
        NaN,
        NaN,
        NaN,
        NaN
    ],
    "grad_norm": [
        0.7993418277916196,
        0.0,
        0.0,
        0.0,
        0.0
    ],
    "nonfinite_grad_tensors": [
        0.009009009009009009,
        0.0,
        0.0,
        0.0,
        0.0
    ],
    "nonfinite_train_loss_batches": [
        97,
        319,
        319,
        319,
        319
    ],
    "nonfinite_val_loss_batches": [
        36,
        36,
        36,
        36,
        36
    ],
    "nonfinite_test_loss_batches": [
        236,
        236,
        236,
        236,
        236
    ],
    "fractional_applied_params": [
        23.0,
        0.0,
        0.0,
        0.0,
        0.0
    ],
    "epoch_time": [
        85.70463824272156,
        9.714046955108643,
        9.853089809417725,
        8.84454345703125,
        9.142435312271118
    ],
    "throughput_samples_per_sec": [
        82.8893295119101,
        0.0,
        0.0,
        0.0,
        0.0
    ],
    "lr": [
        2e-05,
        2e-05,
        2e-05,
        2e-05,
        2e-05
    ]
}