{
    "train_loss": [
        2.115194900035858,
        2.070158839225769,
        1.9825709104537963,
        1.967866780757904,
        1.9587779998779298,
        1.9573355865478517,
        1.949820806980133,
        1.9454036593437194,
        1.9467085218429565,
        1.9418606185913085
    ],
    "train_accuracy": [
        0.3306249976158142,
        0.34052082896232605,
        0.33687499165534973,
        0.3343749940395355,
        0.3372916579246521,
        0.336041659116745,
        0.33770832419395447,
        0.34031251072883606,
        0.33927083015441895,
        0.33906251192092896
    ],
    "train_macro_precision": [
        0.07729048754592963,
        0.11570704054586671,
        0.13317173285276324,
        0.12419029248871635,
        0.1357267935826701,
        0.12415056614063073,
        0.13042400107271904,
        0.1400733194307333,
        0.13599204438251242,
        0.13075067070656668
    ],
    "train_macro_recall": [
        0.10021158276099754,
        0.10393615143603341,
        0.1169822836506486,
        0.11566547240154504,
        0.11998366175863348,
        0.11519700795235188,
        0.11810072788407826,
        0.12241029675701101,
        0.11840742689569725,
        0.11610531859979334
    ],
    "train_macro_f1": [
        0.05797859083775022,
        0.06130230183299242,
        0.09078615719915142,
        0.08995306776365886,
        0.0949117841735704,
        0.08758238458682145,
        0.09199686404993403,
        0.09771057777758961,
        0.09166501505114522,
        0.0879462895952671
    ],
    "train_micro_f1": [
        0.33062499999949996,
        0.3405208333328333,
        0.33687499999949994,
        0.33437499999949993,
        0.3372916666661666,
        0.33604166666616664,
        0.3377083333328333,
        0.3403124999995,
        0.33927083333283325,
        0.33906249999949994
    ],
    "train_weighted_f1": [
        0.17853184924387963,
        0.1828526917502455,
        0.2127403647714184,
        0.21262233816903314,
        0.21619659578319972,
        0.20886296785796238,
        0.2146710234348868,
        0.2168063311024821,
        0.2134553713446385,
        0.21071832529373324
    ],
    "train_confidence": [
        0.3400453833738963,
        0.34362774054209394,
        0.3497010676066081,
        0.342831772963206,
        0.34740019679069517,
        0.34507075866063436,
        0.3435888981819153,
        0.3480239943663279,
        0.3468371605873108,
        0.3465607035160065
    ],
    "val_loss": [
        2.058263750076294,
        1.9479432821273803,
        1.9296448040008545,
        1.923478503227234,
        1.9196907567977906,
        1.9276949739456177,
        1.9155072641372681,
        1.9253969478607178,
        1.9347793579101562,
        1.9086008882522583
    ],
    "val_accuracy": [
        0.3479166626930237,
        0.34708333015441895,
        0.3504166603088379,
        0.3462499976158142,
        0.3449999988079071,
        0.34958332777023315,
        0.351666659116745,
        0.3462499976158142,
        0.34166666865348816,
        0.3466666638851166
    ],
    "val_macro_precision": [
        0.03479166666666665,
        0.05026166643813681,
        0.07858843170362594,
        0.05144868939523689,
        0.06679915792136401,
        0.10276504253226967,
        0.09706987734990055,
        0.0577475477662575,
        0.1352592600061689,
        0.10059453780990853
    ],
    "val_macro_recall": [
        0.09999999999999988,
        0.10388910763253185,
        0.1321408801867422,
        0.10576311662389488,
        0.10701212787180774,
        0.11669407353348427,
        0.11436974983154866,
        0.10977356301467882,
        0.12904897371755913,
        0.11276968022427056
    ],
    "val_macro_f1": [
        0.05162287480676229,
        0.06089221154295245,
        0.0767809890853109,
        0.06164563177964549,
        0.06496666517585489,
        0.08203704534138753,
        0.07314696060943501,
        0.06424092850975105,
        0.10232770757585104,
        0.07790912429495332
    ],
    "val_micro_f1": [
        0.34791666666616655,
        0.3470833333328332,
        0.35041666666616655,
        0.3462499999994999,
        0.3449999999994999,
        0.3495833333328332,
        0.3516666666661665,
        0.3462499999994999,
        0.3416666666661666,
        0.3466666666661665
    ],
    "val_weighted_f1": [
        0.1796045852651938,
        0.19234772171184175,
        0.21159279963706573,
        0.19057441437708464,
        0.19295689338045086,
        0.21714339225459892,
        0.19920237827141926,
        0.19317671374753412,
        0.23933534346796528,
        0.2075764069729302
    ],
    "val_confidence": [
        0.338011360168457,
        0.4117733383178711,
        0.32807862440745034,
        0.3578636852900187,
        0.3631954526901245,
        0.2924678548177083,
        0.3895605754852295,
        0.40438454469045004,
        0.2670678949356079,
        0.3629155460993449
    ],
    "grad_norm": [
        1.2359179451001423,
        1.0800164199383249,
        1.0500435173368563,
        0.9572794455366903,
        0.9499072263477767,
        0.9998518433503324,
        0.9513411790522908,
        0.9268038873636948,
        1.0094490025105036,
        1.039953053880239
    ],
    "fractional_applied_params": [
        2.0,
        2.0,
        2.0,
        2.0,
        2.0,
        2.0,
        2.0,
        2.0,
        2.0,
        2.0
    ],
    "epoch_time": [
        9.049088716506958,
        6.0909600257873535,
        6.063777446746826,
        5.202068567276001,
        5.597387790679932,
        5.989770889282227,
        6.082207918167114,
        6.099391460418701,
        5.274342060089111,
        5.317991256713867
    ],
    "throughput_samples_per_sec": [
        1060.880305271855,
        1576.106222887097,
        1583.1715600232544,
        1845.4197356008558,
        1715.0857433863555,
        1602.73242123129,
        1578.3741906167818,
        1573.9275077355003,
        1820.1322346237448,
        1805.1928889277835
    ],
    "lr": [
        0.0003,
        0.0003,
        0.0003,
        0.0003,
        0.0003,
        0.0003,
        0.0003,
        0.0003,
        0.0003,
        0.0003
    ]
}