{
    "prefix": "epoch_3",
    "retain_em_acc": 1.0,
    "forget_em_acc": 0.9333333333333333,
    "retain_answer_nll": 0.0024303707759827375,
    "forget_answer_nll": 0.015120084572117776,
    "general_ppl": 1.0927006721866557,
    "forget_minus_retain_nll": 0.012689713796135038,
    "retain_eval_n": 30,
    "forget_eval_n": 30
}