{
    "train_loss": [
        2.204705877304077,
        2.1536200656890867,
        2.091640042304993,
        2.031253685951233,
        2.0180480365753173,
        2.004634599685669,
        1.9950674333572387,
        1.9976785869598388,
        1.985030403137207,
        1.9816345157623292
    ],
    "train_accuracy": [
        0.2671250104904175,
        0.28025001287460327,
        0.2847500145435333,
        0.2848750054836273,
        0.288875013589859,
        0.2942500114440918,
        0.2993749976158142,
        0.29087498784065247,
        0.296750009059906,
        0.2953749895095825
    ],
    "train_macro_precision": [
        0.10700850043327714,
        0.05838574877016171,
        0.12913442338840792,
        0.14497299696228996,
        0.14270499584493831,
        0.15668514649268678,
        0.1723280991539985,
        0.16513662425235356,
        0.17330219697454957,
        0.16070604020766546
    ],
    "train_macro_recall": [
        0.09916445763000907,
        0.10066285416033535,
        0.11874465001941045,
        0.13868711877887666,
        0.14653235176042975,
        0.15199058613224775,
        0.15986865034027237,
        0.15418744876261742,
        0.15931535681067105,
        0.15695517729081604
    ],
    "train_macro_f1": [
        0.05261749452233259,
        0.04712014297857284,
        0.0852610945964948,
        0.12032007964524824,
        0.12786647708867915,
        0.13365419764994896,
        0.14382328748878098,
        0.1387004478609547,
        0.1450091103762265,
        0.13924052291376504
    ],
    "train_micro_f1": [
        0.26712499999949996,
        0.28024999999949995,
        0.28474999999949996,
        0.2848749999995,
        0.2888749999995,
        0.29424999999949997,
        0.29937499999949996,
        0.2908749999995,
        0.29674999999949997,
        0.29537499999949995
    ],
    "train_weighted_f1": [
        0.12914675410737672,
        0.12711966001554084,
        0.1684295008379118,
        0.20687557455424482,
        0.21483316302392544,
        0.21895204049330472,
        0.22666542791672317,
        0.22129779558738885,
        0.22883730794372667,
        0.2260381968855842
    ],
    "train_confidence": [
        0.2842909474372864,
        0.2785605802536011,
        0.2896381192207336,
        0.30809951734542845,
        0.3057139058113098,
        0.3061357479095459,
        0.3047904353141785,
        0.31079931640625,
        0.3102325701713562,
        0.3082815012931824
    ],
    "val_loss": [
        2.1464028129577635,
        2.1284684715270994,
        2.041963108062744,
        2.019805898666382,
        2.0150427293777464,
        2.0021471061706544,
        2.006535231590271,
        1.997903678894043,
        2.006564500808716,
        1.9963318157196044
    ],
    "val_accuracy": [
        0.28299999237060547,
        0.28450000286102295,
        0.2854999899864197,
        0.29100000858306885,
        0.29350000619888306,
        0.2955000102519989,
        0.29649999737739563,
        0.3005000054836273,
        0.2840000092983246,
        0.29750001430511475
    ],
    "val_macro_precision": [
        0.028299999999999985,
        0.1534279256653916,
        0.10838890406421545,
        0.11579831040923379,
        0.16097156430610898,
        0.13165951676786408,
        0.11206269288096952,
        0.13911653743505545,
        0.1457353220562296,
        0.1068309018613562
    ],
    "val_macro_recall": [
        0.09999999999999983,
        0.10150471028519789,
        0.1351302469534314,
        0.13947330204632294,
        0.15256670001837852,
        0.15003385745021214,
        0.1466077284613702,
        0.15099510395584495,
        0.15808827521677363,
        0.14187025900889944
    ],
    "val_macro_f1": [
        0.04411535463753378,
        0.04720119549531922,
        0.10104815670036091,
        0.10081084699973879,
        0.12512521771146756,
        0.11311624029965298,
        0.11137931850789037,
        0.12293600354430503,
        0.12523878032042168,
        0.10826574724383353
    ],
    "val_micro_f1": [
        0.2829999999994999,
        0.2844999999994999,
        0.2854999999994999,
        0.2909999999994999,
        0.2934999999994999,
        0.2954999999994999,
        0.2964999999994999,
        0.3004999999994999,
        0.2839999999994999,
        0.2974999999994999
    ],
    "val_weighted_f1": [
        0.12484645362422059,
        0.12820550136395034,
        0.20051104798757793,
        0.19102236224865832,
        0.2084611926237807,
        0.20459941678608087,
        0.20366700919588332,
        0.213154317794926,
        0.22010816272887834,
        0.20104936619215358
    ],
    "val_confidence": [
        0.26867057609558104,
        0.3049179649353027,
        0.27724548149108885,
        0.29747737884521486,
        0.29354751205444335,
        0.30395812797546384,
        0.33549453353881836,
        0.3184269618988037,
        0.2733322353363037,
        0.3291078624725342
    ],
    "grad_norm": [
        1.1475328527344413,
        0.8848713595171086,
        0.9167414237142385,
        1.0018066463992736,
        0.966678343093721,
        0.9097484009568042,
        0.9026832478271519,
        1.1175282143898042,
        0.9214107302609756,
        0.9868419290919169
    ],
    "fractional_applied_params": [
        0.0,
        0.0,
        0.0,
        2.0,
        2.0,
        2.0,
        2.0,
        2.0,
        2.0,
        2.0
    ],
    "epoch_time": [
        4.471254110336304,
        1.6162691116333008,
        1.3382718563079834,
        1.6614320278167725,
        1.755415678024292,
        1.761216163635254,
        1.7176239490509033,
        1.409837007522583,
        1.4302787780761719,
        1.640371322631836
    ],
    "throughput_samples_per_sec": [
        1789.2071894339915,
        4949.6707834227545,
        5977.858655766963,
        4815.123258766421,
        4557.325139652361,
        4542.315795857522,
        4657.596911373127,
        5674.414813424349,
        5593.3151792691615,
        4876.944561042851
    ],
    "lr": [
        0.0003,
        0.0003,
        0.0003,
        0.0003,
        0.0003,
        0.0003,
        0.0003,
        0.0003,
        0.0003,
        0.0003
    ]
}