{
    "train_loss": [
        2.2381492328643797,
        2.0420719289779665,
        1.9715519008636475,
        1.922858853340149,
        1.9056961259841918,
        1.8633250665664673,
        1.8351315326690674,
        1.8002640342712402,
        1.7735401306152343,
        1.7419126873016357
    ],
    "train_accuracy": [
        0.22374999523162842,
        0.29100000858306885,
        0.31850001215934753,
        0.3227500021457672,
        0.32774999737739563,
        0.3434999883174896,
        0.34174999594688416,
        0.35850000381469727,
        0.36500000953674316,
        0.3747499883174896
    ],
    "train_macro_precision": [
        0.14168686311749124,
        0.22074987103629215,
        0.25007526344682124,
        0.26324735134381844,
        0.26916070033969597,
        0.2839411821949901,
        0.28339390274536813,
        0.3184927192452149,
        0.3127385692485257,
        0.32482300378767454
    ],
    "train_macro_recall": [
        0.12237357715620138,
        0.20411325978425196,
        0.24775618713588626,
        0.2556266304969549,
        0.26759032353380163,
        0.275762709791955,
        0.27968235507199396,
        0.297474720417819,
        0.3039091735937806,
        0.31253896226170763
    ],
    "train_macro_f1": [
        0.09069046780936865,
        0.19039905807253998,
        0.23691056060038482,
        0.24807411498709123,
        0.2603532422390686,
        0.2673651302246705,
        0.27356239315994235,
        0.2947800407406815,
        0.29817462820489243,
        0.3107394788345926
    ],
    "train_micro_f1": [
        0.22374999999949996,
        0.29099999999949994,
        0.31849999999949996,
        0.32274999999949994,
        0.32774999999949994,
        0.3434999999994999,
        0.34174999999949995,
        0.35849999999949994,
        0.36499999999949995,
        0.3747499999994999
    ],
    "train_weighted_f1": [
        0.13742748277924616,
        0.23808081105758458,
        0.2809774338969498,
        0.2947899460974906,
        0.30309009978846296,
        0.3144743868829478,
        0.31943650901756454,
        0.3354940929685882,
        0.34021944978189,
        0.352772094825951
    ],
    "train_confidence": [
        0.24500280570983887,
        0.28670448398590087,
        0.3299112854003906,
        0.33189422130584717,
        0.34809246730804444,
        0.3455237503051758,
        0.36008313751220705,
        0.3655182657241821,
        0.37744756031036375,
        0.37771727752685547
    ],
    "val_loss": [
        2.0843422679901122,
        1.980170991897583,
        1.9467456951141358,
        1.946909013748169,
        1.939329384803772,
        1.9110131607055665,
        1.853611940383911,
        1.8404944515228272,
        1.8321630325317382,
        1.8265818929672242
    ],
    "val_accuracy": [
        0.28700000047683716,
        0.33000001311302185,
        0.33399999141693115,
        0.32100000977516174,
        0.32100000977516174,
        0.3230000138282776,
        0.3370000123977661,
        0.3400000035762787,
        0.33799999952316284,
        0.3479999899864197
    ],
    "val_macro_precision": [
        0.23462970683443585,
        0.2820096387930122,
        0.28652388662655426,
        0.2727483883182197,
        0.33772580447894185,
        0.29527118898131777,
        0.33406328089037396,
        0.2761093369917897,
        0.3094283402654533,
        0.341365497214345
    ],
    "val_macro_recall": [
        0.18458528922567305,
        0.2723824736103277,
        0.27089960083068815,
        0.2515277543098655,
        0.2452691614723923,
        0.270796666845984,
        0.2615300139751376,
        0.2767516024797227,
        0.2749946489017054,
        0.28640126770450525
    ],
    "val_macro_f1": [
        0.15697211587164453,
        0.2585569852335631,
        0.2599905287711375,
        0.22205762139691415,
        0.22872313051941692,
        0.25202075077232267,
        0.2556341788216391,
        0.2530938798574881,
        0.27314697720581815,
        0.27297934304666527
    ],
    "val_micro_f1": [
        0.2869999999994997,
        0.3299999999994997,
        0.33399999999949964,
        0.3209999999994997,
        0.3209999999994997,
        0.3229999999994997,
        0.33699999999949964,
        0.33999999999949965,
        0.33799999999949965,
        0.34799999999949965
    ],
    "val_weighted_f1": [
        0.20660452054727402,
        0.3038212812614374,
        0.3069190099736446,
        0.2649961824385471,
        0.2767193847623205,
        0.30049334924753696,
        0.30572077134688275,
        0.29800871540301266,
        0.31876480280420294,
        0.3210422166382233
    ],
    "val_confidence": [
        0.20546219635009766,
        0.28567698001861574,
        0.30678954124450686,
        0.38546522426605223,
        0.3530955934524536,
        0.36790683746337893,
        0.35932560539245606,
        0.35572210311889646,
        0.34545795440673827,
        0.36777845001220705
    ],
    "grad_norm": [
        2.0920645435985215,
        1.5355343192804642,
        1.5874330570450985,
        1.405750055876453,
        1.5147210919677878,
        1.409470114898053,
        1.3723420612112358,
        1.3013853067339183,
        1.3942841599126767,
        1.3340303128897641
    ],
    "fractional_applied_params": [
        2.0,
        2.0,
        2.0,
        2.0,
        2.0,
        2.0,
        2.0,
        2.0,
        2.0,
        2.0
    ],
    "epoch_time": [
        4.756134510040283,
        1.052809715270996,
        1.1741693019866943,
        0.9184958934783936,
        0.9165277481079102,
        0.8946526050567627,
        1.0518267154693604,
        0.6376338005065918,
        0.6164638996124268,
        0.66806960105896
    ],
    "throughput_samples_per_sec": [
        841.0191073351542,
        3799.35703668007,
        3406.66375217952,
        4354.945981142914,
        4364.297762132836,
        4471.009168688682,
        3802.9077805036222,
        6273.193166394334,
        6488.6200189740475,
        5987.4001057069245
    ],
    "lr": [
        0.0003,
        0.0003,
        0.0003,
        0.0003,
        0.0003,
        0.0003,
        0.0003,
        0.0003,
        0.0003,
        0.0003
    ]
}