{
    "train_loss": [
        2.113437752723694,
        2.0836860489845277,
        2.0667440843582154,
        1.994535777568817,
        1.963454120159149,
        1.9497659611701965,
        1.9503064250946045,
        1.939701838493347,
        1.9385044264793396,
        1.931652615070343
    ],
    "train_accuracy": [
        0.3397916555404663,
        0.343645840883255,
        0.34333333373069763,
        0.3407291769981384,
        0.3386458456516266,
        0.3386458456516266,
        0.34197917580604553,
        0.3411458432674408,
        0.343645840883255,
        0.3449999988079071
    ],
    "train_macro_precision": [
        0.11005667722227726,
        0.1010211524434497,
        0.0926744509313143,
        0.086338579859368,
        0.12035085718430752,
        0.12230989434775812,
        0.1390920010911396,
        0.14842177090061784,
        0.13919972425871843,
        0.14838934354221922
    ],
    "train_macro_recall": [
        0.10079685082721188,
        0.10022962112514348,
        0.10013592637515308,
        0.10591565466849255,
        0.11389916274696629,
        0.11836675974292506,
        0.12176734466196688,
        0.116402122005605,
        0.1222326609163011,
        0.11986145116733538
    ],
    "train_macro_f1": [
        0.05566664032610994,
        0.051597731050431195,
        0.051565399708719095,
        0.06703607465389691,
        0.08502266554165691,
        0.09109783381774635,
        0.09726546451360721,
        0.0892921962685521,
        0.09748442362960882,
        0.0938264072317534
    ],
    "train_micro_f1": [
        0.3397916666661666,
        0.3436458333328333,
        0.3433333333328333,
        0.3407291666661666,
        0.33864583333283327,
        0.33864583333283327,
        0.3419791666661666,
        0.34114583333283327,
        0.3436458333328333,
        0.34499999999949993
    ],
    "train_weighted_f1": [
        0.1789507133273189,
        0.1760493976983706,
        0.17595744139696773,
        0.193797014893782,
        0.2113472152078141,
        0.21479556883537607,
        0.21988984704495976,
        0.21402853677579917,
        0.2212161690635015,
        0.21760074585831451
    ],
    "train_confidence": [
        0.3361697336037954,
        0.3499270792802175,
        0.3434198824564616,
        0.3441803510983785,
        0.34636449416478476,
        0.34743088960647583,
        0.3517594635486603,
        0.3480050520102183,
        0.34610589941342673,
        0.3457019054889679
    ],
    "val_loss": [
        2.0947808837890625,
        2.0778273487091066,
        2.046454892158508,
        1.9634384059906005,
        1.9562758016586304,
        1.9819200611114502,
        1.9561901712417602,
        1.9487232398986816,
        1.9529652452468873,
        1.9595682764053344
    ],
    "val_accuracy": [
        0.33916667103767395,
        0.33916667103767395,
        0.33916667103767395,
        0.33916667103767395,
        0.3362500071525574,
        0.33916667103767395,
        0.3375000059604645,
        0.3329166769981384,
        0.3308333456516266,
        0.3241666555404663
    ],
    "val_macro_precision": [
        0.03391666666666666,
        0.03391666666666666,
        0.03391666666666666,
        0.06944438811410783,
        0.14727948064209206,
        0.0491886855572481,
        0.05728158281956517,
        0.0859595009997893,
        0.07476949609835981,
        0.06320327857570998
    ],
    "val_macro_recall": [
        0.09999999999999988,
        0.09999999999999988,
        0.09999999999999988,
        0.10465107087043683,
        0.11489046567527557,
        0.11323932628280431,
        0.10508939978977841,
        0.11739187855280937,
        0.11775631801207223,
        0.11977960289980724
    ],
    "val_macro_f1": [
        0.05065339141253215,
        0.05065339141253215,
        0.05065339141253215,
        0.06133626533086626,
        0.06779180027720819,
        0.06684345948708031,
        0.0627503841254467,
        0.0791971864034327,
        0.07993302918725251,
        0.07531118571578542
    ],
    "val_micro_f1": [
        0.33916666666616657,
        0.33916666666616657,
        0.33916666666616657,
        0.33916666666616657,
        0.3362499999994999,
        0.33916666666616657,
        0.33749999999949987,
        0.33291666666616654,
        0.3308333333328332,
        0.32416666666616656
    ],
    "val_weighted_f1": [
        0.17179941920750488,
        0.17179941920750488,
        0.17179941920750488,
        0.1813584651261897,
        0.19053798472820418,
        0.18553686853235907,
        0.1852108850058747,
        0.20263694009595756,
        0.20819816540621752,
        0.20696032361120134
    ],
    "val_confidence": [
        0.3872176376978556,
        0.3459441391626994,
        0.35610380172729494,
        0.361868626276652,
        0.35498337745666503,
        0.4306812540690104,
        0.3841625658671061,
        0.3373072369893392,
        0.32981449445088706,
        0.33647539615631106
    ],
    "grad_norm": [
        0.728806273243499,
        0.4483832923803602,
        0.41685451340595586,
        0.44266151649121,
        0.5209407404349434,
        0.4680279093618108,
        0.5496029750480642,
        0.451842528763564,
        0.49116848809986363,
        0.48290148363113283
    ],
    "fractional_applied_params": [
        2.0,
        2.0,
        2.0,
        2.0,
        2.0,
        2.0,
        2.0,
        2.0,
        2.0,
        2.0
    ],
    "epoch_time": [
        5.728151321411133,
        1.8552093505859375,
        2.1486775875091553,
        2.116558074951172,
        2.1517879962921143,
        2.410426378250122,
        2.4484429359436035,
        2.4412033557891846,
        2.0150742530822754,
        1.9387493133544922
    ],
    "throughput_samples_per_sec": [
        1675.933379084517,
        5174.61816207858,
        4467.864353315453,
        4535.665764910073,
        4461.406056982558,
        3982.6978689841735,
        3920.859195478968,
        3932.486811159795,
        4764.092432482701,
        4951.645854300648
    ],
    "lr": [
        0.0003,
        0.0003,
        0.0003,
        0.0003,
        0.0003,
        0.0003,
        0.0003,
        0.0003,
        0.0003,
        0.0003
    ]
}