{
    "train_loss": [
        2.2245136070251466,
        2.079347957611084,
        1.9881780910491944,
        1.9531808338165284,
        1.9145787572860717,
        1.8874105882644654,
        1.8593414907455443,
        1.8252727880477906,
        1.8081574001312255,
        1.7877836656570434
    ],
    "train_accuracy": [
        0.21875,
        0.27024999260902405,
        0.31349998712539673,
        0.31725001335144043,
        0.3375000059604645,
        0.33375000953674316,
        0.34599998593330383,
        0.3542500138282776,
        0.35199999809265137,
        0.35749998688697815
    ],
    "train_macro_precision": [
        0.14028384473070327,
        0.21815700160127555,
        0.2445459598838108,
        0.25091514302739226,
        0.279356619081037,
        0.2765370175517088,
        0.29602610915396466,
        0.3023666224533793,
        0.2954697351770392,
        0.32003951701057526
    ],
    "train_macro_recall": [
        0.11850504479756982,
        0.18096713673635212,
        0.236304088209735,
        0.24531825826170298,
        0.2706564284751248,
        0.2671292286864328,
        0.2842298098446846,
        0.2886148621920432,
        0.28593653454372336,
        0.290588600075533
    ],
    "train_macro_f1": [
        0.08625899082501882,
        0.16626318388011604,
        0.22616733547984125,
        0.2358238064990647,
        0.2634378882451851,
        0.2594604608799421,
        0.2803776450662053,
        0.28470144010293225,
        0.28062570913123097,
        0.28952191982917397
    ],
    "train_micro_f1": [
        0.21874999999949998,
        0.27024999999949995,
        0.31349999999949996,
        0.31724999999949993,
        0.3374999999994999,
        0.33374999999949995,
        0.34599999999949993,
        0.3542499999994999,
        0.35199999999949994,
        0.35749999999949994
    ],
    "train_weighted_f1": [
        0.1301151880062725,
        0.21429453153143285,
        0.2741044374799979,
        0.28242687285067264,
        0.31116023568273576,
        0.3053429682114805,
        0.32505476888368945,
        0.3284270694593734,
        0.32617117012609886,
        0.3332366286800487
    ],
    "train_confidence": [
        0.2333424482345581,
        0.28570102977752687,
        0.3093287115097046,
        0.31766798400878904,
        0.3356563205718994,
        0.33846420574188235,
        0.3441209125518799,
        0.35775657749176026,
        0.3584930553436279,
        0.3648287982940674
    ],
    "val_loss": [
        2.114106414794922,
        2.018521255493164,
        1.9604668884277343,
        1.9332404155731202,
        1.9053096475601197,
        1.8983839626312256,
        1.8630483770370483,
        1.860398187637329,
        1.8584190292358398,
        1.8421881113052367
    ],
    "val_accuracy": [
        0.24699999392032623,
        0.3089999854564667,
        0.3190000057220459,
        0.3269999921321869,
        0.32199999690055847,
        0.31700000166893005,
        0.33500000834465027,
        0.3409999907016754,
        0.3310000002384186,
        0.3409999907016754
    ],
    "val_macro_precision": [
        0.2242095359025203,
        0.31198775812498886,
        0.2747979835361277,
        0.27997796982742096,
        0.2845269279694194,
        0.2832330949664541,
        0.3114592680666267,
        0.33654141490226663,
        0.2996510972397206,
        0.3077646966576881
    ],
    "val_macro_recall": [
        0.1286967472671579,
        0.24872005400004257,
        0.26487714417645425,
        0.2707275560260001,
        0.2594356991924484,
        0.2576926888376044,
        0.27538559546641184,
        0.2744485862002048,
        0.2732572378627485,
        0.2708336242779983
    ],
    "val_macro_f1": [
        0.0821084536377396,
        0.24543471622747645,
        0.2504928985137291,
        0.25012153844915275,
        0.25544177877524843,
        0.2503004788092992,
        0.2671419052606112,
        0.27045839628712764,
        0.2616724760373874,
        0.2608649987098886
    ],
    "val_micro_f1": [
        0.24699999999949976,
        0.3089999999994997,
        0.3189999999994997,
        0.3269999999994997,
        0.3219999999994997,
        0.3169999999994997,
        0.33499999999949964,
        0.34099999999949965,
        0.3309999999994997,
        0.34099999999949965
    ],
    "val_weighted_f1": [
        0.12747478416991778,
        0.282749826985774,
        0.28202006287449394,
        0.2875263932823306,
        0.29428142141444175,
        0.28991141830383016,
        0.30420803819950404,
        0.3082587986025983,
        0.29134431573653585,
        0.2950878966313295
    ],
    "val_confidence": [
        0.2884233570098877,
        0.26091064262390135,
        0.29233878326416013,
        0.3281983003616333,
        0.3314907360076904,
        0.3293855628967285,
        0.3418788166046143,
        0.3357591753005981,
        0.38360793113708497,
        0.3891346206665039
    ],
    "grad_norm": [
        1.3489594759699863,
        1.5638202706188888,
        1.3175843641462825,
        1.2278529871384876,
        1.292804674636933,
        1.3092221867030238,
        1.2751421700434964,
        1.1944884661226818,
        1.2926848355785017,
        1.3443962162456553
    ],
    "fractional_applied_params": [
        2.0,
        2.0,
        2.0,
        2.0,
        2.0,
        2.0,
        2.0,
        2.0,
        2.0,
        2.0
    ],
    "epoch_time": [
        5.233917951583862,
        1.5890865325927734,
        1.5830552577972412,
        1.5861709117889404,
        1.2527170181274414,
        1.2181484699249268,
        1.0188915729522705,
        0.5158743858337402,
        0.4860970973968506,
        0.44596338272094727
    ],
    "throughput_samples_per_sec": [
        764.2458359114207,
        2517.1694039049908,
        2526.759555800877,
        2521.796340022814,
        3193.0595195227656,
        3283.671981500347,
        3925.8348053756827,
        7753.825562661584,
        8228.808650413299,
        8969.346262455187
    ],
    "lr": [
        0.0003,
        0.0003,
        0.0003,
        0.0003,
        0.0003,
        0.0003,
        0.0003,
        0.0003,
        0.0003,
        0.0003
    ]
}