{
    "train_loss": [
        2.0956030750274657,
        2.075966897010803,
        2.0433594036102294,
        1.9646123480796813,
        1.9476089787483215,
        1.9470247793197633,
        1.9442552876472474,
        1.9368007373809815,
        1.9341769313812256,
        1.931776580810547
    ],
    "train_accuracy": [
        0.3388541638851166,
        0.34375,
        0.34416666626930237,
        0.33520832657814026,
        0.3423958420753479,
        0.3426041603088379,
        0.34062498807907104,
        0.34291666746139526,
        0.34437501430511475,
        0.3401041626930237
    ],
    "train_macro_precision": [
        0.08316253527760925,
        0.03440008339414156,
        0.09436383326320964,
        0.13288882709670954,
        0.1486538916911079,
        0.14814616528243543,
        0.13879725955868905,
        0.14500507821675582,
        0.15067570332411326,
        0.1422801207604971
    ],
    "train_macro_recall": [
        0.10033837582514889,
        0.09990917347865574,
        0.10282473362272315,
        0.11797361425894222,
        0.12721286938316992,
        0.12439695170876049,
        0.12451733274631813,
        0.1251298035206751,
        0.1255564018066001,
        0.12316966248391792
    ],
    "train_macro_f1": [
        0.05533620342152664,
        0.05117866004958967,
        0.05879319426536293,
        0.09469580012114985,
        0.10761950268599244,
        0.10382592799530203,
        0.10398622738564615,
        0.10440663734149733,
        0.1052242051301894,
        0.10172051607374706
    ],
    "train_micro_f1": [
        0.33885416666616663,
        0.34374999999949996,
        0.34416666666616663,
        0.3352083333328333,
        0.3423958333328333,
        0.3426041666661666,
        0.34062499999949997,
        0.3429166666661666,
        0.34437499999949994,
        0.3401041666661666
    ],
    "train_weighted_f1": [
        0.17931495829016786,
        0.17608657723311946,
        0.18450108782465993,
        0.22037495177688812,
        0.23087430814561183,
        0.227804913504113,
        0.22847287400493452,
        0.22790661067485127,
        0.22901344246356553,
        0.22514571625682162
    ],
    "train_confidence": [
        0.34679508169492085,
        0.340741396745046,
        0.3408612859249115,
        0.3530630779266357,
        0.3492669169108073,
        0.351830689907074,
        0.34990623672803245,
        0.3445499058564504,
        0.3536922486623128,
        0.3496189455191294
    ],
    "val_loss": [
        2.0776153564453126,
        2.06121844291687,
        1.9753927993774414,
        1.9603984022140504,
        1.9579378175735473,
        1.9509316062927247,
        1.9530641508102418,
        1.9510212278366088,
        1.9500191020965576,
        1.944548683166504
    ],
    "val_accuracy": [
        0.33666667342185974,
        0.33666667342185974,
        0.33000001311302185,
        0.3345833420753479,
        0.3383333384990692,
        0.32624998688697815,
        0.3345833420753479,
        0.33375000953674316,
        0.3266666531562805,
        0.33375000953674316
    ],
    "val_macro_precision": [
        0.03366666666666666,
        0.03366666666666666,
        0.09260710859962668,
        0.11450655055556909,
        0.1120253201868755,
        0.10417987751408771,
        0.10381395346508057,
        0.09019929998695865,
        0.12247695977286159,
        0.20388759649149782
    ],
    "val_macro_recall": [
        0.09999999999999988,
        0.09999999999999988,
        0.11058179217581651,
        0.11280792634935437,
        0.1173631313442319,
        0.11478239799643437,
        0.11181771172585961,
        0.11748698033077928,
        0.12465629433359034,
        0.11963278039744633
    ],
    "val_macro_f1": [
        0.05037406483786753,
        0.05037406483786753,
        0.07449666958600948,
        0.07166630869559897,
        0.07847604387173725,
        0.0781441232672802,
        0.07492625185158613,
        0.0801260309570342,
        0.09596827387480597,
        0.08840575988194851
    ],
    "val_micro_f1": [
        0.33666666666616657,
        0.33666666666616657,
        0.32999999999949986,
        0.33458333333283324,
        0.3383333333328332,
        0.3262499999994999,
        0.33458333333283324,
        0.3337499999994999,
        0.32666666666616656,
        0.3337499999994999
    ],
    "val_weighted_f1": [
        0.169592684954154,
        0.169592684954154,
        0.19849521611887777,
        0.19576249381556135,
        0.19431211589854944,
        0.20365358655255072,
        0.19070716936654586,
        0.19969820873079663,
        0.21556926368181953,
        0.21348088417394123
    ],
    "val_confidence": [
        0.34357112407684326,
        0.36282620747884115,
        0.3331745195388794,
        0.3612947463989258,
        0.37409177780151365,
        0.32215276241302493,
        0.3509113311767578,
        0.3541697835922241,
        0.3178644514083862,
        0.3295271364847819
    ],
    "grad_norm": [
        0.9443021522658179,
        0.7667767876297225,
        0.7806869701871273,
        0.8211728394209643,
        0.8185348514862278,
        0.7970696320044647,
        0.8461581817311877,
        0.7858365658447739,
        0.7388502478811284,
        0.772237961307466
    ],
    "fractional_applied_params": [
        2.0,
        2.0,
        2.0,
        2.0,
        2.0,
        2.0,
        2.0,
        2.0,
        2.0,
        2.0
    ],
    "epoch_time": [
        6.111187219619751,
        0.6750164031982422,
        0.8416314125061035,
        2.082699775695801,
        0.6551244258880615,
        0.6467044353485107,
        1.8359448909759521,
        2.4093945026397705,
        2.4111568927764893,
        2.426845073699951
    ],
    "throughput_samples_per_sec": [
        1570.889526863052,
        14221.87661590888,
        11406.418364797406,
        4609.401754409262,
        14653.704885124087,
        14844.493829436216,
        5228.915120048527,
        3984.4035459872134,
        3981.491220567332,
        3955.7531315189835
    ],
    "lr": [
        0.0003,
        0.0003,
        0.0003,
        0.0003,
        0.0003,
        0.0003,
        0.0003,
        0.0003,
        0.0003,
        0.0003
    ]
}