{
    "train_loss": [
        2.2876125297546386,
        2.2235869007110596,
        2.1200313339233396,
        2.0395189247131347,
        1.9769066982269288,
        1.9484431228637695,
        1.9056924686431884,
        1.868962279319763,
        1.8350379238128662,
        1.8176139068603516
    ],
    "train_accuracy": [
        0.20149999856948853,
        0.21875,
        0.24950000643730164,
        0.2720000147819519,
        0.30774998664855957,
        0.3127500116825104,
        0.32199999690055847,
        0.335750013589859,
        0.3477500081062317,
        0.3504999876022339
    ],
    "train_macro_precision": [
        0.08538092676708672,
        0.12845801653927255,
        0.1428056137735641,
        0.19184121557604583,
        0.23989037990196413,
        0.24295383689495464,
        0.2640690438850818,
        0.2771338064312001,
        0.2971056483995374,
        0.29763450984992335
    ],
    "train_macro_recall": [
        0.10071230219699305,
        0.10342990149952999,
        0.1440886405780087,
        0.19274254200720797,
        0.23624682096343513,
        0.2444068201146941,
        0.2617072749844199,
        0.27164344151493797,
        0.2912773139064707,
        0.291635595046354
    ],
    "train_macro_f1": [
        0.057013813407959954,
        0.05034883857240895,
        0.1103450838328833,
        0.17703074628749277,
        0.2255603934896122,
        0.22997331303270566,
        0.2557092866570714,
        0.2632757098219714,
        0.28387669313754316,
        0.2872423391694942
    ],
    "train_micro_f1": [
        0.2014999999995,
        0.21874999999949998,
        0.24949999999949996,
        0.2719999999995,
        0.3077499999994999,
        0.31274999999949993,
        0.32199999999949996,
        0.33574999999949995,
        0.34774999999949996,
        0.35049999999949993
    ],
    "train_weighted_f1": [
        0.09745325180057084,
        0.09430845396524658,
        0.15940328212925825,
        0.22492171917082748,
        0.26963786837940307,
        0.27730319056035985,
        0.2981329946676754,
        0.30711027548403347,
        0.32508958034909985,
        0.3283175806131198
    ],
    "train_confidence": [
        0.23645018386840821,
        0.21915528106689453,
        0.24215410614013672,
        0.28785228538513186,
        0.3011932907104492,
        0.3221025524139404,
        0.32803997802734375,
        0.341603814125061,
        0.35377235794067385,
        0.3679151668548584
    ],
    "val_loss": [
        2.2148750133514405,
        2.1652724895477293,
        2.029057243347168,
        1.9891843852996827,
        1.932890067100525,
        1.907197587966919,
        1.8733821878433228,
        1.8881855869293214,
        1.8425999975204468,
        1.8602448635101319
    ],
    "val_accuracy": [
        0.22499999403953552,
        0.2329999953508377,
        0.2840000092983246,
        0.30000001192092896,
        0.31700000166893005,
        0.3140000104904175,
        0.33000001311302185,
        0.32499998807907104,
        0.328000009059906,
        0.3269999921321869
    ],
    "val_macro_precision": [
        0.02249999999999998,
        0.1577569676699096,
        0.19835176233153834,
        0.21265724373649492,
        0.25645965403121773,
        0.25860832013831925,
        0.26038705200296813,
        0.2788223790794281,
        0.2452091573267027,
        0.2513567980619653
    ],
    "val_macro_recall": [
        0.09999999999999956,
        0.10767149758454056,
        0.1916584302458446,
        0.21120805348737068,
        0.2293211861429192,
        0.22723131833105045,
        0.25580650458281556,
        0.25908828075619056,
        0.2598073279204723,
        0.2587586605983858
    ],
    "val_macro_f1": [
        0.03673469387752097,
        0.0513792873792268,
        0.16255809658391335,
        0.17951280625011973,
        0.2083691099801474,
        0.20856653040270196,
        0.24409575923592652,
        0.23316574632694914,
        0.2361386970570894,
        0.23552298809911396
    ],
    "val_micro_f1": [
        0.22499999999949977,
        0.2329999999994998,
        0.2839999999994997,
        0.2999999999994997,
        0.3169999999994997,
        0.3139999999994997,
        0.3299999999994997,
        0.3249999999994997,
        0.3279999999994997,
        0.3269999999994997
    ],
    "val_weighted_f1": [
        0.08265306122442218,
        0.09939800199789874,
        0.2232888376761275,
        0.22809229421235552,
        0.2639979841138039,
        0.26479719228941884,
        0.294327877646063,
        0.28622515498540496,
        0.2906023715651748,
        0.2904862422895008
    ],
    "val_confidence": [
        0.20741079711914062,
        0.20601027870178223,
        0.2803363275527954,
        0.31631821060180665,
        0.31413975143432615,
        0.32879582500457766,
        0.3326047611236572,
        0.34206587982177733,
        0.35829575538635255,
        0.3404326200485229
    ],
    "grad_norm": [
        1.3569827250257258,
        0.9396455992660833,
        1.0088574480557848,
        1.1275694036451316,
        1.0684411357234476,
        1.18752591793597,
        1.1872421342613388,
        1.18334301154545,
        1.1980233854350375,
        1.3755847126429699
    ],
    "fractional_applied_params": [
        2.0,
        2.0,
        2.0,
        2.0,
        2.0,
        2.0,
        2.0,
        2.0,
        2.0,
        2.0
    ],
    "epoch_time": [
        4.779723167419434,
        0.37311840057373047,
        0.45636892318725586,
        0.30503177642822266,
        0.3462653160095215,
        0.33856678009033203,
        0.3370208740234375,
        0.5494606494903564,
        0.8356509208679199,
        0.31452083587646484
    ],
    "throughput_samples_per_sec": [
        836.8685507281366,
        10720.457618411065,
        8764.838701251208,
        13113.387879905831,
        11551.835586934758,
        11814.508201108129,
        11868.701045864083,
        7279.866180972444,
        4786.687718653548,
        12717.758392232845
    ],
    "lr": [
        0.0003,
        0.0003,
        0.0003,
        0.0003,
        0.0003,
        0.0003,
        0.0003,
        0.0003,
        0.0003,
        0.0003
    ]
}