{
    "train_loss": [
        2.240493879318237,
        2.1643546085357666,
        2.076052215576172,
        2.0174844284057616,
        1.9792664585113526,
        1.956432476043701,
        1.941568437576294,
        1.9266181755065919,
        1.914179087638855,
        1.9008867502212525
    ],
    "train_accuracy": [
        0.21649999916553497,
        0.23725000023841858,
        0.2682499885559082,
        0.3007499873638153,
        0.30274999141693115,
        0.3154999911785126,
        0.31825000047683716,
        0.31450000405311584,
        0.3310000002384186,
        0.32624998688697815
    ],
    "train_macro_precision": [
        0.11560794437679225,
        0.19469267906058543,
        0.19092979324943782,
        0.2375114161071359,
        0.23209356410868734,
        0.24605685519569306,
        0.2569657149592936,
        0.24920778174790933,
        0.27012749144281856,
        0.2634088178119554
    ],
    "train_macro_recall": [
        0.11169095642658844,
        0.12713029847110047,
        0.17008915021022697,
        0.2214145505620039,
        0.22743653390981403,
        0.24373052855001887,
        0.24415232918240254,
        0.24479051875674887,
        0.26347356430785596,
        0.25876849136978375
    ],
    "train_macro_f1": [
        0.07332769028981088,
        0.09060902252319002,
        0.14905767542214815,
        0.21059479769123507,
        0.21279920320729517,
        0.23286586563429088,
        0.2346115066180511,
        0.23524105252976418,
        0.2541492910367316,
        0.2520612089644055
    ],
    "train_micro_f1": [
        0.21649999999949995,
        0.23724999999949994,
        0.26824999999949994,
        0.3007499999994999,
        0.3027499999994999,
        0.31549999999949996,
        0.31824999999949993,
        0.31449999999949996,
        0.3309999999994999,
        0.32624999999949994
    ],
    "train_weighted_f1": [
        0.11769246797707816,
        0.13727895451071156,
        0.19661050048575407,
        0.25908894805837557,
        0.2601390037221566,
        0.2801854522209953,
        0.28209822316071986,
        0.28410935531228954,
        0.29994489456814677,
        0.2982962648214865
    ],
    "train_confidence": [
        0.22289746952056885,
        0.23558181858062743,
        0.2632197542190552,
        0.29438254165649413,
        0.3114088716506958,
        0.30692683219909667,
        0.3202847023010254,
        0.32197645664215085,
        0.3290639743804932,
        0.32962001514434813
    ],
    "val_loss": [
        2.199541944503784,
        2.103420177459717,
        2.004046615600586,
        1.9768365287780763,
        1.963223014831543,
        1.9361246433258057,
        1.923045108795166,
        1.9195092544555663,
        1.912858959197998,
        1.89724365234375
    ],
    "val_accuracy": [
        0.22200000286102295,
        0.2529999911785126,
        0.3109999895095825,
        0.30799999833106995,
        0.3269999921321869,
        0.32899999618530273,
        0.3310000002384186,
        0.34599998593330383,
        0.33500000834465027,
        0.3490000069141388
    ],
    "val_macro_precision": [
        0.027312889252849925,
        0.2860163264839929,
        0.26864007119025324,
        0.29164745217477234,
        0.28111512668792404,
        0.28908491586746365,
        0.262985581125975,
        0.2732354412545187,
        0.28285163281053033,
        0.3031208126938506
    ],
    "val_macro_recall": [
        0.10017507002801074,
        0.1407451385233091,
        0.2334390819401429,
        0.22746473527701175,
        0.25451554778981894,
        0.25684657099832264,
        0.2578123437177275,
        0.2758527834825647,
        0.2650634006184122,
        0.2800407437535334
    ],
    "val_macro_f1": [
        0.04022372908187806,
        0.09807574008168934,
        0.21543894773884284,
        0.20660713336135045,
        0.24585677839401895,
        0.24712362053748604,
        0.2452625644889908,
        0.2610199734238833,
        0.2539269047632421,
        0.2665889678450934
    ],
    "val_micro_f1": [
        0.2219999999994998,
        0.25299999999949974,
        0.3109999999994997,
        0.3079999999994997,
        0.3269999999994997,
        0.3289999999994997,
        0.3309999999994997,
        0.34599999999949965,
        0.33499999999949964,
        0.34899999999949965
    ],
    "val_weighted_f1": [
        0.08686936506399018,
        0.14669893843353973,
        0.26776699376413526,
        0.25332638991176676,
        0.3016139982982414,
        0.2941983615045857,
        0.29219258212364685,
        0.3138080761000807,
        0.30502233707277693,
        0.31595706180622946
    ],
    "val_confidence": [
        0.25993805503845213,
        0.24195111656188964,
        0.25613606834411623,
        0.3268392353057861,
        0.2862810878753662,
        0.31327773666381836,
        0.3305749588012695,
        0.3130731449127197,
        0.3289909725189209,
        0.340515477180481
    ],
    "grad_norm": [
        1.0231606630506491,
        1.0450573042943117,
        1.0126797312821594,
        1.1329469877446838,
        0.988164928449911,
        1.1113491295670876,
        1.10363584585781,
        1.0288687862926778,
        1.0074134406604813,
        1.0402941085329291
    ],
    "fractional_applied_params": [
        2.0,
        2.0,
        2.0,
        2.0,
        2.0,
        2.0,
        2.0,
        2.0,
        2.0,
        2.0
    ],
    "epoch_time": [
        4.192776441574097,
        0.7333583831787109,
        0.6564581394195557,
        0.5935714244842529,
        0.6108160018920898,
        0.5457170009613037,
        0.2503511905670166,
        0.31026601791381836,
        0.3723311424255371,
        0.23323607444763184
    ],
    "throughput_samples_per_sec": [
        954.0217695218392,
        5454.359139745794,
        6093.305513032141,
        6738.8688791337145,
        6548.616911818663,
        7329.806461872784,
        15977.555333132073,
        12892.162754063089,
        10743.124987993622,
        17150.00567332098
    ],
    "lr": [
        0.0003,
        0.0003,
        0.0003,
        0.0003,
        0.0003,
        0.0003,
        0.0003,
        0.0003,
        0.0003,
        0.0003
    ]
}