{
    "train_loss": [
        1.8573894364232342,
        0.9199184390611901,
        0.5689105082826063,
        0.3587357518109968,
        0.23557022785497012
    ],
    "train_accuracy": [
        0.5158597826957703,
        0.7456545233726501,
        0.8407149314880371,
        0.8987528085708618,
        0.935971736907959
    ],
    "train_macro_precision": [
        0.5122700885071797,
        0.7253713987747826,
        0.8331510050670168,
        0.8979050473737449,
        0.9360995507268575
    ],
    "train_macro_recall": [
        0.49798115629767725,
        0.728908628181912,
        0.8270302873672091,
        0.8895222766405473,
        0.9298622254534636
    ],
    "train_macro_f1": [
        0.4782476669457294,
        0.717877519301515,
        0.8226607211829563,
        0.8908130739621015,
        0.9315478624803324
    ],
    "train_micro_f1": [
        0.5158597662766284,
        0.7456545222424538,
        0.84071491701806,
        0.8987528233325058,
        0.9359717175679964
    ],
    "train_weighted_f1": [
        0.49264478521781757,
        0.734167605852144,
        0.8348450946577448,
        0.8984640874224626,
        0.9362785012772004
    ],
    "train_confidence": [
        0.2811575468801907,
        0.6238012171021077,
        0.774333801998156,
        0.8575489733854352,
        0.9111349430250932
    ],
    "val_loss": [
        1.2726004930010526,
        1.0315008595598998,
        0.9457372637790036,
        0.9937111734816925,
        1.109558483755346
    ],
    "val_accuracy": [
        0.6286472082138062,
        0.6896551847457886,
        0.7285587787628174,
        0.7223696112632751,
        0.7117595076560974
    ],
    "val_macro_precision": [
        0.619384928986615,
        0.6765539737813768,
        0.7361013404160774,
        0.7278150446685038,
        0.7194081382888671
    ],
    "val_macro_recall": [
        0.6231124131703882,
        0.6800032358797378,
        0.7223037249952908,
        0.71286938379359,
        0.7059819952636543
    ],
    "val_macro_f1": [
        0.6041243633103622,
        0.6704671045673282,
        0.7191623277537557,
        0.7158111493422249,
        0.7059781358144674
    ],
    "val_micro_f1": [
        0.6286472148536109,
        0.6896551724132925,
        0.7285587975238141,
        0.7223695844380493,
        0.7117595048624525
    ],
    "val_weighted_f1": [
        0.6201788557982786,
        0.6838245272099988,
        0.7263890027161364,
        0.7244222339239211,
        0.7138841888398924
    ],
    "val_confidence": [
        0.5074560901530542,
        0.6833470839509702,
        0.7686542929220157,
        0.8257936465856146,
        0.8589788887165586
    ],
    "test_loss": [
        1.261757314331786,
        1.1149861867353121,
        1.09697097201203,
        1.193854069114681,
        1.3222297597172028
    ],
    "test_accuracy": [
        0.6415295004844666,
        0.6714020371437073,
        0.6882634162902832,
        0.6890600323677063,
        0.6850770115852356
    ],
    "test_macro_precision": [
        0.624413585969951,
        0.6842350084838642,
        0.6825800933161332,
        0.6946488445941285,
        0.6933710547044398
    ],
    "test_macro_recall": [
        0.6248248913060477,
        0.6533592836052874,
        0.674069818952556,
        0.6780593191994704,
        0.676029327413249
    ],
    "test_macro_f1": [
        0.6142596798989557,
        0.647194476472053,
        0.6740805626495452,
        0.6816658921862893,
        0.6794176465834125
    ],
    "test_micro_f1": [
        0.6415294742427288,
        0.671402018055793,
        0.6882634094525004,
        0.6890600106208488,
        0.6850770047791069
    ],
    "test_weighted_f1": [
        0.6318199676093601,
        0.6645548527942478,
        0.687357838564223,
        0.6928171766033511,
        0.690231138239634
    ],
    "test_confidence": [
        0.5107457483314923,
        0.6828092538607735,
        0.7695432242344367,
        0.8244012491030701,
        0.8561520401746494
    ],
    "grad_norm": [
        0.9478637305466919,
        0.9248214136882391,
        0.9191097180307503,
        0.9131520158332292,
        0.9102754281415766
    ],
    "nonfinite_grad_tensors": [
        0.003134796238244514,
        0.0,
        0.0,
        0.0,
        0.0
    ],
    "nonfinite_train_loss_batches": [
        0,
        0,
        0,
        0,
        0
    ],
    "nonfinite_val_loss_batches": [
        0,
        0,
        0,
        0,
        0
    ],
    "nonfinite_test_loss_batches": [
        0,
        0,
        0,
        0,
        0
    ],
    "fractional_applied_params": [
        4.0,
        4.0,
        4.0,
        4.0,
        4.0
    ],
    "epoch_time": [
        81.13187313079834,
        77.06499147415161,
        76.84581136703491,
        76.87599897384644,
        59.250298500061035
    ],
    "throughput_samples_per_sec": [
        125.51170837117586,
        132.1352251549328,
        132.5121020762398,
        132.4600673282217,
        171.86411305572597
    ],
    "lr": [
        2e-05,
        2e-05,
        2e-05,
        2e-05,
        2e-05
    ]
}