{
    "prefix": "epoch_10",
    "retain_em_acc": 0.8333333333333334,
    "forget_em_acc": 0.2,
    "retain_answer_nll": 0.043080782517790794,
    "forget_answer_nll": 0.24485261738300323,
    "general_ppl": 1.1351608929015509,
    "forget_minus_retain_nll": 0.20177183486521244,
    "retain_eval_n": 30,
    "forget_eval_n": 30
}