{
    "train_loss": [
        2.2163468742370607,
        2.1464612369537353,
        2.0916285314559935,
        2.0313313274383544,
        2.0087481060028076,
        2.0034723014831544,
        1.9992706289291382,
        1.989197211265564,
        1.9815600328445435,
        1.9764749698638917
    ],
    "train_accuracy": [
        0.265749990940094,
        0.28299999237060547,
        0.2877500057220459,
        0.28725001215934753,
        0.2996250092983246,
        0.29512500762939453,
        0.2957499921321869,
        0.29787498712539673,
        0.30024999380111694,
        0.29912498593330383
    ],
    "train_macro_precision": [
        0.1428799673686673,
        0.07018948158973576,
        0.11025419806696524,
        0.16001503083716623,
        0.15825949687723925,
        0.1496177916198397,
        0.1619982765258728,
        0.1700850187057924,
        0.16917348441642352,
        0.1626037498890676
    ],
    "train_macro_recall": [
        0.09924230197776866,
        0.10108754344971098,
        0.11593370362914199,
        0.13627705686570557,
        0.15241947616175924,
        0.14928170123415366,
        0.15294916085345145,
        0.15624980913695924,
        0.15963987151853443,
        0.15839328611294978
    ],
    "train_macro_f1": [
        0.05383285732948946,
        0.048814972496979796,
        0.07854918225232879,
        0.11301791055488979,
        0.1307036588888683,
        0.12831709128284743,
        0.13579039088524783,
        0.1406765310102665,
        0.1409787751374359,
        0.14240161386937228
    ],
    "train_micro_f1": [
        0.2657499999995,
        0.2829999999995,
        0.28774999999949996,
        0.28724999999949996,
        0.2996249999995,
        0.2951249999995,
        0.29574999999949997,
        0.29787499999949996,
        0.3002499999995,
        0.2991249999995
    ],
    "train_weighted_f1": [
        0.13121601257905108,
        0.13068197280975877,
        0.16592401781142263,
        0.20275968595998,
        0.2185475461427341,
        0.21698038686452736,
        0.22432072212368973,
        0.2280668887973764,
        0.22795949677929003,
        0.22948926925199467
    ],
    "train_confidence": [
        0.2909148006439209,
        0.2873029923439026,
        0.2948161177635193,
        0.3057282385826111,
        0.30851977586746215,
        0.30914523887634276,
        0.3086446967124939,
        0.3096280946731567,
        0.311759015083313,
        0.3099730172157288
    ],
    "val_loss": [
        2.158350587844849,
        2.1293210678100585,
        2.051696636199951,
        2.02351704788208,
        2.014548616409302,
        2.010848836898804,
        2.0109091310501097,
        2.0068587799072266,
        2.002517191886902,
        2.001507990837097
    ],
    "val_accuracy": [
        0.2709999978542328,
        0.27549999952316284,
        0.28200000524520874,
        0.2849999964237213,
        0.29350000619888306,
        0.289000004529953,
        0.2904999852180481,
        0.28999999165534973,
        0.2849999964237213,
        0.27950000762939453
    ],
    "val_macro_precision": [
        0.027099999999999985,
        0.08868384157027272,
        0.17514420094132296,
        0.1392017237196878,
        0.22751375050764128,
        0.1658261834439504,
        0.1302391226537413,
        0.23480327404016355,
        0.16003920425313484,
        0.1375860672488835
    ],
    "val_macro_recall": [
        0.09999999999999981,
        0.10652901662706445,
        0.14473309301226506,
        0.14409008888779323,
        0.15385135270632466,
        0.14962603863355564,
        0.14489777302412482,
        0.1593093400216366,
        0.14924820007445969,
        0.1512706913989196
    ],
    "val_macro_f1": [
        0.042643587726166256,
        0.05698038401971126,
        0.10920445604521947,
        0.11328673506204798,
        0.11826078444362495,
        0.12214416793461653,
        0.11583913359238578,
        0.13338347080137297,
        0.12862432107573868,
        0.12400722591378113
    ],
    "val_micro_f1": [
        0.27099999999949986,
        0.27549999999949987,
        0.2819999999994999,
        0.2849999999994999,
        0.2934999999994999,
        0.2889999999994999,
        0.2904999999994999,
        0.2899999999994999,
        0.2849999999994999,
        0.27949999999949987
    ],
    "val_weighted_f1": [
        0.11556412273791056,
        0.13209925041665954,
        0.19976486838407698,
        0.20128959389012224,
        0.20251738653868,
        0.20499432515961197,
        0.19707387267189283,
        0.21571164211151703,
        0.20970743925777666,
        0.21567050073195787
    ],
    "val_confidence": [
        0.263617280960083,
        0.24273204231262208,
        0.26579301261901855,
        0.2848044357299805,
        0.3101825180053711,
        0.3058476810455322,
        0.31714146995544434,
        0.2952827777862549,
        0.2908127784729004,
        0.2890602111816406
    ],
    "grad_norm": [
        1.290151391570862,
        0.9393774547079325,
        0.8481517412046742,
        0.8804718800010121,
        0.8262171934853545,
        0.8417676425012056,
        0.966472835958866,
        0.8608331340591506,
        0.8367934381590058,
        0.9243500774045447
    ],
    "fractional_applied_params": [
        2.0,
        2.0,
        2.0,
        2.0,
        2.0,
        2.0,
        2.0,
        2.0,
        2.0,
        2.0
    ],
    "epoch_time": [
        4.866007566452026,
        1.7507860660552979,
        1.7497920989990234,
        1.7397079467773438,
        1.7489211559295654,
        1.7359075546264648,
        1.3654379844665527,
        1.371361494064331,
        1.4937763214111328,
        0.9888327121734619
    ],
    "throughput_samples_per_sec": [
        1644.058273800235,
        4569.3760963181685,
        4571.971724284523,
        4598.47298784793,
        4574.248514792502,
        4608.540344604613,
        5858.925920480693,
        5833.618658994313,
        5355.554165192953,
        8090.347236203319
    ],
    "lr": [
        0.0003,
        0.0003,
        0.0003,
        0.0003,
        0.0003,
        0.0003,
        0.0003,
        0.0003,
        0.0003,
        0.0003
    ]
}