{
    "train_loss": [
        2.2446385765075685,
        2.0513873291015625,
        1.9494541110992432,
        1.9156410493850708,
        1.8782774772644042,
        1.8314099712371825,
        1.7945678157806397,
        1.757160496711731,
        1.7281718864440918,
        1.6934273958206176
    ],
    "train_accuracy": [
        0.2094999998807907,
        0.2877500057220459,
        0.32749998569488525,
        0.3255000114440918,
        0.3370000123977661,
        0.34325000643730164,
        0.36000001430511475,
        0.3737500011920929,
        0.37575000524520874,
        0.38075000047683716
    ],
    "train_macro_precision": [
        0.15227052536057184,
        0.2369547182667986,
        0.2722547156112687,
        0.27588522076525773,
        0.28625203954209333,
        0.2955075687864107,
        0.3196279800869122,
        0.3330253295359439,
        0.33674032766253825,
        0.3347374360417447
    ],
    "train_macro_recall": [
        0.11437668577031435,
        0.1985586296854105,
        0.2594217641881399,
        0.26340717790124607,
        0.2797833273273146,
        0.2850528429478578,
        0.302142461220176,
        0.31232068167559335,
        0.3164174184007258,
        0.32214978038408437
    ],
    "train_macro_f1": [
        0.08340569201151081,
        0.1848627741031818,
        0.25227805597739394,
        0.25703685279921784,
        0.27302369038504415,
        0.2787867801335111,
        0.3014594516238841,
        0.3093226428678961,
        0.316628016017919,
        0.3155542389317366
    ],
    "train_micro_f1": [
        0.20949999999949998,
        0.28774999999949996,
        0.3274999999994999,
        0.3254999999994999,
        0.3369999999994999,
        0.34324999999949996,
        0.3599999999994999,
        0.3737499999994999,
        0.37574999999949993,
        0.3807499999994999
    ],
    "train_weighted_f1": [
        0.12543722468023705,
        0.22964432215369643,
        0.294864288677749,
        0.29831882684125227,
        0.3126676236170422,
        0.3199319403538756,
        0.3405697216440488,
        0.3518337126753024,
        0.3537507435859479,
        0.3577130024755546
    ],
    "train_confidence": [
        0.2363971300125122,
        0.28236892890930176,
        0.3345468454360962,
        0.32973332691192625,
        0.35132426738739014,
        0.35857266902923585,
        0.36649720096588134,
        0.37623951053619387,
        0.3850124959945679,
        0.3969858913421631
    ],
    "val_loss": [
        2.117719211578369,
        2.0032322883605955,
        1.9668452606201172,
        1.9529894485473633,
        1.902357292175293,
        1.8796081409454346,
        1.8877686548233032,
        1.8499926748275757,
        1.839941514968872,
        1.846032829284668
    ],
    "val_accuracy": [
        0.2529999911785126,
        0.32100000977516174,
        0.30300000309944153,
        0.32100000977516174,
        0.3190000057220459,
        0.33399999141693115,
        0.31700000166893005,
        0.3310000002384186,
        0.3409999907016754,
        0.32899999618530273
    ],
    "val_macro_precision": [
        0.16240573717897822,
        0.26883101329431913,
        0.2476546191251639,
        0.28772339324893237,
        0.29778343253195544,
        0.27428763603135115,
        0.297059177865986,
        0.28547402798086857,
        0.3131808226745282,
        0.2934351603523107
    ],
    "val_macro_recall": [
        0.13313439587949055,
        0.26049914617861464,
        0.258431022872475,
        0.26735193609900443,
        0.24389059427700258,
        0.2618815800779411,
        0.26001487226553605,
        0.24864195382572923,
        0.2681030413362555,
        0.273275843545418
    ],
    "val_macro_f1": [
        0.09030827137294037,
        0.24269283332765537,
        0.2378977470384077,
        0.2599695007017776,
        0.2261399226369178,
        0.2522963073112911,
        0.25711437560081535,
        0.24300937338775735,
        0.24628208284062345,
        0.26201399636372974
    ],
    "val_micro_f1": [
        0.25299999999949974,
        0.3209999999994997,
        0.3029999999994997,
        0.3209999999994997,
        0.3189999999994997,
        0.33399999999949964,
        0.3169999999994997,
        0.3309999999994997,
        0.34099999999949965,
        0.3289999999994997
    ],
    "val_weighted_f1": [
        0.14199044795913807,
        0.2909910174714169,
        0.28698924701624773,
        0.31334300497738365,
        0.28024206535891333,
        0.30169966840359225,
        0.3029517164657222,
        0.29306450247113414,
        0.2965072713016116,
        0.3130087691723435
    ],
    "val_confidence": [
        0.23013510227203368,
        0.3166088819503784,
        0.27641934776306154,
        0.3153921995162964,
        0.3541725101470947,
        0.33813661575317383,
        0.3399841833114624,
        0.38205098724365233,
        0.4047470989227295,
        0.37378710556030276
    ],
    "grad_norm": [
        1.602491274132633,
        1.3193560784227503,
        1.259806665525063,
        1.3779986581562493,
        1.3295043247197884,
        1.1279202440133855,
        1.094020147714972,
        1.1641514837285167,
        1.2646772192473774,
        1.1695506824564454
    ],
    "fractional_applied_params": [
        42.0,
        42.0,
        42.0,
        42.0,
        42.0,
        42.0,
        42.0,
        42.0,
        42.0,
        42.0
    ],
    "epoch_time": [
        4.588086843490601,
        1.2135562896728516,
        1.2159488201141357,
        1.2280182838439941,
        0.9558253288269043,
        0.9282329082489014,
        0.9035263061523438,
        0.9042723178863525,
        0.703904390335083,
        0.5480279922485352
    ],
    "throughput_samples_per_sec": [
        871.8230793026606,
        3296.0976215436312,
        3289.612139781128,
        3257.280492175599,
        4184.865036909251,
        4309.263294215613,
        4427.098550161703,
        4423.446257151392,
        5682.589929714546,
        7298.897239880344
    ],
    "lr": [
        0.0003,
        0.0003,
        0.0003,
        0.0003,
        0.0003,
        0.0003,
        0.0003,
        0.0003,
        0.0003,
        0.0003
    ]
}