{
    "train_loss": [
        2.2847114067077636,
        2.1884670639038086,
        2.1102938861846923,
        2.022328611373901,
        1.98161270904541,
        1.9477017784118653,
        1.9281855792999267,
        1.8973511772155762,
        1.878444230079651,
        1.8655704984664916
    ],
    "train_accuracy": [
        0.19550000131130219,
        0.23375000059604645,
        0.2565000057220459,
        0.2930000126361847,
        0.31025001406669617,
        0.32199999690055847,
        0.3199999928474426,
        0.3330000042915344,
        0.3362500071525574,
        0.3395000100135803
    ],
    "train_macro_precision": [
        0.09274327472368576,
        0.17402618316692114,
        0.20197747323981394,
        0.24127260975322412,
        0.2564657605233801,
        0.27805906007246634,
        0.25867858187858045,
        0.2708580803390113,
        0.28147613755949824,
        0.2845980759898037
    ],
    "train_macro_recall": [
        0.09841322531759142,
        0.11174417433216091,
        0.14627718839377174,
        0.20097209905028063,
        0.23443896539995784,
        0.24626468653718797,
        0.2465481102212646,
        0.2643006784424909,
        0.2675278459757523,
        0.2735889060960761
    ],
    "train_macro_f1": [
        0.06212948787869941,
        0.06167289605363711,
        0.11737570950559122,
        0.18042335533781553,
        0.22156356673733776,
        0.23380296542664575,
        0.23501088409530785,
        0.25717976488635247,
        0.25940280774450836,
        0.2666673481002928
    ],
    "train_micro_f1": [
        0.19549999999949996,
        0.23374999999949997,
        0.25649999999949996,
        0.29299999999949994,
        0.3102499999994999,
        0.32199999999949996,
        0.31999999999949996,
        0.3329999999994999,
        0.33624999999949995,
        0.3394999999994999
    ],
    "train_weighted_f1": [
        0.10206271985676053,
        0.10885967879874785,
        0.1646119036608907,
        0.2335214656489622,
        0.27020843266588224,
        0.2811637134424644,
        0.28456106578083046,
        0.3044539426591929,
        0.30673570167329617,
        0.31265595443365457
    ],
    "train_confidence": [
        0.23034940433502196,
        0.23101158618927,
        0.24316786861419679,
        0.2859580669403076,
        0.3016417665481567,
        0.3156171474456787,
        0.32003247261047363,
        0.32509665870666504,
        0.33500115299224853,
        0.3352056369781494
    ],
    "val_loss": [
        2.221959001541138,
        2.1575395164489746,
        2.06204984664917,
        2.0034326210021973,
        2.0014970531463625,
        1.9707012176513672,
        1.9504341878890992,
        1.9388038625717163,
        1.923160888671875,
        1.9116305446624755
    ],
    "val_accuracy": [
        0.20800000429153442,
        0.2199999988079071,
        0.2680000066757202,
        0.30300000309944153,
        0.2939999997615814,
        0.2930000126361847,
        0.3019999861717224,
        0.296999990940094,
        0.3149999976158142,
        0.3160000145435333
    ],
    "val_macro_precision": [
        0.020799999999999978,
        0.12806722689073663,
        0.2856648361059834,
        0.2482988893585135,
        0.24903612021356497,
        0.2568325651391939,
        0.24630505585020407,
        0.26700172998475724,
        0.27047788038565246,
        0.28778702009225243
    ],
    "val_macro_recall": [
        0.09999999999999952,
        0.11291293645815452,
        0.17480030480843894,
        0.23372193967483662,
        0.21046539453690363,
        0.2213414268529808,
        0.2421964099334822,
        0.23315035164641382,
        0.26010533247439904,
        0.24970759286726735
    ],
    "val_macro_f1": [
        0.03443708609268666,
        0.05828234205037534,
        0.1318801865731521,
        0.21827925477158078,
        0.18714222500320876,
        0.21207205330080886,
        0.2349319189835836,
        0.2242170432334784,
        0.25111561009473105,
        0.244945780128148
    ],
    "val_micro_f1": [
        0.2079999999994998,
        0.2199999999994998,
        0.26799999999949975,
        0.3029999999994997,
        0.2939999999994997,
        0.2929999999994997,
        0.3019999999994997,
        0.2969999999994997,
        0.3149999999994997,
        0.3159999999994997
    ],
    "val_weighted_f1": [
        0.07162913907278826,
        0.09638807683395631,
        0.18263315492648316,
        0.26265387554098973,
        0.2345537336380944,
        0.25663326408752074,
        0.2751800862678908,
        0.27015676863725163,
        0.2922943280209913,
        0.2861546664571017
    ],
    "val_confidence": [
        0.2293100633621216,
        0.23574586486816407,
        0.2465144453048706,
        0.2703836040496826,
        0.3141759624481201,
        0.29447323417663573,
        0.3065155544281006,
        0.3109938383102417,
        0.312335259437561,
        0.32751927280426024
    ],
    "grad_norm": [
        1.1267146321562977,
        0.8567774762484622,
        0.831332640312518,
        0.9440613188779894,
        1.0313203046220774,
        0.9569748290280496,
        0.9250752504997437,
        0.9847514852147561,
        0.9965128197651195,
        0.9979565782063428
    ],
    "fractional_applied_params": [
        2.0,
        2.0,
        2.0,
        2.0,
        2.0,
        2.0,
        2.0,
        2.0,
        2.0,
        2.0
    ],
    "epoch_time": [
        4.406219482421875,
        0.6033523082733154,
        0.4980275630950928,
        0.25312113761901855,
        0.2649562358856201,
        0.28363513946533203,
        0.24337005615234375,
        0.3984229564666748,
        0.2832927703857422,
        0.2535390853881836
    ],
    "throughput_samples_per_sec": [
        907.807705893353,
        6629.625751241878,
        8031.683979780542,
        15802.710266025035,
        15096.832828372359,
        14102.624969318758,
        16435.87573278159,
        10039.582145248629,
        14119.668477785184,
        15776.660209512704
    ],
    "lr": [
        0.0003,
        0.0003,
        0.0003,
        0.0003,
        0.0003,
        0.0003,
        0.0003,
        0.0003,
        0.0003,
        0.0003
    ]
}