{
    "train_loss": [
        2.202229248046875,
        2.132767370223999,
        2.0472535991668703,
        2.0225980434417723,
        2.0033668422698976,
        1.9921790151596068,
        1.9834396228790283,
        1.9747704467773437,
        1.9671543321609497,
        1.9560769233703614
    ],
    "train_accuracy": [
        0.273499995470047,
        0.28062498569488525,
        0.28812500834465027,
        0.2901250123977661,
        0.2893750071525574,
        0.29612499475479126,
        0.2944999933242798,
        0.2993749976158142,
        0.3061249852180481,
        0.304874986410141
    ],
    "train_macro_precision": [
        0.09128215208401026,
        0.11941016286146952,
        0.14063422713395152,
        0.15516549171947341,
        0.15022670419007217,
        0.16403504428590113,
        0.16204342294728594,
        0.15974495707983224,
        0.17335148100695347,
        0.17781584399305772
    ],
    "train_macro_recall": [
        0.09928894356198623,
        0.10996994698767606,
        0.14207775918071447,
        0.1492170043708635,
        0.1480602192536314,
        0.16001192018287388,
        0.1569570664604168,
        0.16510675094961597,
        0.17115858120189795,
        0.17208559191044867
    ],
    "train_macro_f1": [
        0.049643240237300844,
        0.07090181277224775,
        0.11928760743221878,
        0.1308643380826886,
        0.12750004835779152,
        0.14336398636130282,
        0.14051782410727037,
        0.14647115246108453,
        0.15364364718584586,
        0.1584065369283338
    ],
    "train_micro_f1": [
        0.2734999999995,
        0.28062499999949997,
        0.2881249999995,
        0.2901249999995,
        0.2893749999995,
        0.2961249999995,
        0.2944999999995,
        0.29937499999949996,
        0.3061249999995,
        0.30487499999949996
    ],
    "train_weighted_f1": [
        0.12877595075699955,
        0.15072223429836623,
        0.20843208898358684,
        0.21585788325901278,
        0.21827386171896487,
        0.2291820959196594,
        0.22837129729632494,
        0.23670281236873578,
        0.24471803889613616,
        0.24623861253941368
    ],
    "train_confidence": [
        0.28518248558044434,
        0.2859430665969849,
        0.30592224216461184,
        0.31104278659820556,
        0.3066247444152832,
        0.30640311050415037,
        0.30930334281921384,
        0.310880259513855,
        0.3159106407165527,
        0.3156358370780945
    ],
    "val_loss": [
        2.1486919288635256,
        2.0741655893325808,
        2.033557024002075,
        2.0222797899246214,
        2.019744623184204,
        2.0213148527145384,
        2.0173570308685305,
        2.024713523864746,
        2.0113180942535402,
        2.0263991985321046
    ],
    "val_accuracy": [
        0.2809999883174896,
        0.2800000011920929,
        0.2815000116825104,
        0.28949999809265137,
        0.2775000035762787,
        0.2800000011920929,
        0.28200000524520874,
        0.28450000286102295,
        0.28949999809265137,
        0.28600001335144043
    ],
    "val_macro_precision": [
        0.028099999999999986,
        0.08300800193494252,
        0.09169138050977431,
        0.1106581157466564,
        0.14501470238311237,
        0.10110523856718553,
        0.1539422946398232,
        0.15589319620594883,
        0.15218962284646356,
        0.13699750904338465
    ],
    "val_macro_recall": [
        0.09999999999999983,
        0.12316333755547013,
        0.12889158112705906,
        0.12877872008900104,
        0.14349488640908445,
        0.1319706079686121,
        0.15603205874171927,
        0.16040310708105582,
        0.1530818209442521,
        0.14350598278660573
    ],
    "val_macro_f1": [
        0.043871975019481715,
        0.0889192301642469,
        0.0930612190996181,
        0.089817630021321,
        0.0947268978442825,
        0.09694089446772777,
        0.12501882997829927,
        0.11551813260980918,
        0.13279117168546656,
        0.12270806695164378
    ],
    "val_micro_f1": [
        0.28099999999949987,
        0.27999999999949987,
        0.2814999999994999,
        0.2894999999994999,
        0.27749999999949987,
        0.27999999999949987,
        0.2819999999994999,
        0.2844999999994999,
        0.2894999999994999,
        0.2859999999994999
    ],
    "val_weighted_f1": [
        0.12328024980474363,
        0.17724269808286827,
        0.1794824758143042,
        0.1800669055654542,
        0.19281285321968514,
        0.18387991372577536,
        0.21445287947804575,
        0.20556401672283423,
        0.21674557983297518,
        0.20557659081948737
    ],
    "val_confidence": [
        0.272292067527771,
        0.32814501857757566,
        0.32097124099731444,
        0.29965829467773436,
        0.28680188369750975,
        0.319680811882019,
        0.2749385986328125,
        0.318075382232666,
        0.2881278495788574,
        0.34537003898620605
    ],
    "grad_norm": [
        1.2653127227423986,
        1.1175412644100815,
        1.1029311576923322,
        1.152740212309657,
        1.0229656703145604,
        1.0810252378250051,
        1.0438882027963001,
        1.044790496514677,
        1.0830708256097965,
        1.003429870896501
    ],
    "fractional_applied_params": [
        0.0,
        0.0,
        0.0,
        2.0,
        2.0,
        2.0,
        2.0,
        2.0,
        2.0,
        2.0
    ],
    "epoch_time": [
        7.638086318969727,
        4.237183570861816,
        3.7170815467834473,
        4.269744396209717,
        4.280493974685669,
        4.259480714797974,
        3.48809552192688,
        3.99459171295166,
        4.018775463104248,
        4.273699998855591
    ],
    "throughput_samples_per_sec": [
        1047.3827691802114,
        1888.0465918480022,
        2152.226121302813,
        1873.6484570602536,
        1868.9431750893814,
        1878.1632165176827,
        2293.515171734939,
        2002.707804670402,
        1990.656127332008,
        1871.9142668278625
    ],
    "lr": [
        0.0003,
        0.0003,
        0.0003,
        0.0003,
        0.0003,
        0.0003,
        0.0003,
        0.0003,
        0.0003,
        0.0003
    ]
}