{
    "train_loss": [
        1.9203197573276232,
        1.0462707381585392,
        0.7389486972720007,
        0.5402984768927805,
        0.39354693298283416
    ],
    "train_accuracy": [
        0.49572816491127014,
        0.6991063356399536,
        0.7808111310005188,
        0.8417951464653015,
        0.8879504799842834
    ],
    "train_macro_precision": [
        0.4979215157692022,
        0.6767021257486046,
        0.7680881577176684,
        0.8337266090960345,
        0.8862303668152747
    ],
    "train_macro_recall": [
        0.47985245112320696,
        0.6826141313167782,
        0.7659133855522364,
        0.8306014459338094,
        0.8793551867431763
    ],
    "train_macro_f1": [
        0.4664912400473916,
        0.6705871730043766,
        0.75967889928826,
        0.8292261232272213,
        0.8804482351030817
    ],
    "train_micro_f1": [
        0.4957281744078275,
        0.6991063537262994,
        0.7808111558474817,
        0.8417951487768739,
        0.8879505057443687
    ],
    "train_weighted_f1": [
        0.4805282361875473,
        0.6860379777126223,
        0.7734058168854855,
        0.8387327739987563,
        0.8876466200479503
    ],
    "train_confidence": [
        0.25755739748202827,
        0.5749100690551536,
        0.7125457715721246,
        0.7893821512518423,
        0.8496819420950967
    ],
    "val_loss": [
        1.2290654265701402,
        0.9886713404238066,
        0.8800103064662688,
        0.9196397359659986,
        0.8938430768530734
    ],
    "val_accuracy": [
        0.6604774594306946,
        0.6878868341445923,
        0.7267904281616211,
        0.7197170853614807,
        0.7329796552658081
    ],
    "val_macro_precision": [
        0.6442792039028218,
        0.7096815204956564,
        0.7393272708187284,
        0.7179974991085645,
        0.7438545724322876
    ],
    "val_macro_recall": [
        0.6513850772975964,
        0.6783105596516819,
        0.7223683408521804,
        0.7109806402947778,
        0.7286291384481172
    ],
    "val_macro_f1": [
        0.6330540094913326,
        0.6619392882899104,
        0.7194035778226203,
        0.7020311033014032,
        0.7276467561981732
    ],
    "val_micro_f1": [
        0.6604774535804013,
        0.6878868258173597,
        0.7267904509278813,
        0.7197170645441502,
        0.7329796640136462
    ],
    "val_weighted_f1": [
        0.6444229185165463,
        0.672372906057759,
        0.725353164377787,
        0.7124968869969919,
        0.734093391649889
    ],
    "val_confidence": [
        0.48150150423867843,
        0.6697918329483423,
        0.7451448305637619,
        0.8051169839820221,
        0.8285812087864289
    ],
    "test_loss": [
        1.3263483356429235,
        1.1372580464634563,
        1.0832388477950925,
        1.1535665184908324,
        1.1667835865322098
    ],
    "test_accuracy": [
        0.632766842842102,
        0.6570631861686707,
        0.6838821172714233,
        0.6780403852462769,
        0.6917153596878052
    ],
    "test_macro_precision": [
        0.6053037458020183,
        0.6457997757495063,
        0.6762331368805214,
        0.6720801723625475,
        0.687197531242066
    ],
    "test_macro_recall": [
        0.6152572106583121,
        0.6397034326011711,
        0.6701614786728001,
        0.6625626444226984,
        0.679413203765467
    ],
    "test_macro_f1": [
        0.601522647565414,
        0.629673605150258,
        0.6692794777574149,
        0.6593401332875526,
        0.6802674032802664
    ],
    "test_micro_f1": [
        0.6327668613908966,
        0.6570631970255222,
        0.6838821030265844,
        0.6780403611253628,
        0.6917153478486767
    ],
    "test_weighted_f1": [
        0.6177053282159107,
        0.6455311917357237,
        0.6824392302883086,
        0.6740830297099819,
        0.6919952481994361
    ],
    "test_confidence": [
        0.47441003288414907,
        0.6616154423560225,
        0.7340224471677191,
        0.7933458677961417,
        0.8118825827389402
    ],
    "grad_norm": [
        0.9968649505915378,
        0.9999998490196221,
        0.999999857498023,
        0.9968650643736958,
        0.9999998519068222
    ],
    "nonfinite_grad_tensors": [
        0.003134796238244514,
        0.0,
        0.0,
        0.003134796238244514,
        0.0
    ],
    "nonfinite_train_loss_batches": [
        0,
        0,
        0,
        0,
        0
    ],
    "nonfinite_val_loss_batches": [
        0,
        0,
        0,
        0,
        0
    ],
    "nonfinite_test_loss_batches": [
        0,
        0,
        0,
        0,
        0
    ],
    "fractional_applied_params": [
        0.0,
        0.0,
        0.0,
        0.0,
        0.0
    ],
    "epoch_time": [
        62.134061098098755,
        64.43579578399658,
        75.8779809474945,
        75.78469443321228,
        76.18093347549438
    ],
    "throughput_samples_per_sec": [
        163.88756537131596,
        158.03327756105827,
        134.20230576570506,
        134.36750093350443,
        133.66861674483985
    ],
    "lr": [
        2e-05,
        2e-05,
        2e-05,
        2e-05,
        2e-05
    ]
}