{
    "train_loss": [
        2.2018146953582765,
        2.116098928451538,
        2.0399420413970946,
        2.0208109302520754,
        2.0089850730895997,
        1.9981757946014405,
        2.0032490816116333,
        1.9819903078079224,
        1.9715132608413697,
        1.96217627620697
    ],
    "train_accuracy": [
        0.27287501096725464,
        0.2815000116825104,
        0.2787500023841858,
        0.2874999940395355,
        0.28575000166893005,
        0.2919999957084656,
        0.29237499833106995,
        0.29487499594688416,
        0.3006249964237213,
        0.30399999022483826
    ],
    "train_macro_precision": [
        0.06803903865338029,
        0.10576594300073403,
        0.12364605849890258,
        0.15027730264627484,
        0.13962550881934466,
        0.1522246966028613,
        0.17352436599044682,
        0.16656593969547556,
        0.1720142374316905,
        0.19278177238172656
    ],
    "train_macro_recall": [
        0.09978183968033891,
        0.11526553237699692,
        0.13461962969538036,
        0.1452237286145304,
        0.14626621999439354,
        0.15578725618747177,
        0.15703102055901444,
        0.1579969187271522,
        0.1637054058844271,
        0.17496505376207339
    ],
    "train_macro_f1": [
        0.050358428614392756,
        0.08090414209055453,
        0.1116048750304142,
        0.1213310900639591,
        0.12715859038417304,
        0.1340475089070976,
        0.13819414972700403,
        0.13962185082276254,
        0.1477341876141846,
        0.16129288268532394
    ],
    "train_micro_f1": [
        0.2728749999995,
        0.2814999999995,
        0.27874999999949995,
        0.2874999999995,
        0.28574999999949996,
        0.2919999999995,
        0.29237499999949995,
        0.29487499999949995,
        0.3006249999995,
        0.3039999999995
    ],
    "train_weighted_f1": [
        0.12871992988651104,
        0.16231056927318266,
        0.1998453027710454,
        0.20700054610152002,
        0.2142563649769871,
        0.22111668491823963,
        0.22224500690197202,
        0.2283509804926141,
        0.2334458856755424,
        0.24566706035885905
    ],
    "train_confidence": [
        0.28604707002639773,
        0.2907894768714905,
        0.3019972257614136,
        0.30660362672805785,
        0.3026529655456543,
        0.30487244367599486,
        0.30656680154800414,
        0.3070728826522827,
        0.3068901324272156,
        0.3065901746749878
    ],
    "val_loss": [
        2.1401955642700194,
        2.02425145149231,
        2.0084859266281128,
        1.9808258571624755,
        1.9767884378433227,
        1.986542025566101,
        1.9853232908248901,
        1.965683138847351,
        1.9583485107421874,
        1.9754330949783325
    ],
    "val_accuracy": [
        0.28299999237060547,
        0.2955000102519989,
        0.28949999809265137,
        0.30300000309944153,
        0.30550000071525574,
        0.29100000858306885,
        0.30250000953674316,
        0.3075000047683716,
        0.30399999022483826,
        0.2955000102519989
    ],
    "val_macro_precision": [
        0.028299999999999985,
        0.07573599318307019,
        0.09236477349976116,
        0.15587791863923278,
        0.1917246586042558,
        0.08609157379480252,
        0.1412824785906604,
        0.12228603351371474,
        0.16604738790256385,
        0.21945540887116524
    ],
    "val_macro_recall": [
        0.09999999999999983,
        0.13786030874124802,
        0.13169113214955327,
        0.1585585478878742,
        0.15929118772737935,
        0.1294749296681318,
        0.16591237586637192,
        0.15352320980099238,
        0.16249510191533795,
        0.16717950903007997
    ],
    "val_macro_f1": [
        0.04411535463753378,
        0.08636834423301665,
        0.0784721811888375,
        0.12537365116204974,
        0.1134260419052491,
        0.0903757593335626,
        0.12306391612840846,
        0.11625468073338838,
        0.14294295223549908,
        0.1306639044076618
    ],
    "val_micro_f1": [
        0.2829999999994999,
        0.2954999999994999,
        0.2894999999994999,
        0.3029999999994999,
        0.3054999999994999,
        0.2909999999994999,
        0.3024999999994999,
        0.3074999999994999,
        0.3039999999994999,
        0.2954999999994999
    ],
    "val_weighted_f1": [
        0.12484645362422059,
        0.18934654561619332,
        0.16561660948650125,
        0.22564102872006792,
        0.21332755801060257,
        0.17914676130762433,
        0.22276417288782926,
        0.21561402180829378,
        0.24088968395322014,
        0.22056390494120412
    ],
    "val_confidence": [
        0.3274033374786377,
        0.3331718692779541,
        0.3244530820846558,
        0.2780022621154785,
        0.3292958154678345,
        0.3460255212783813,
        0.27079527854919433,
        0.296778226852417,
        0.2851610298156738,
        0.28513627624511717
    ],
    "grad_norm": [
        1.3126503044251285,
        1.0515557595003693,
        1.0759594404116815,
        1.0746916577590897,
        1.0515532668248457,
        1.0137112559703805,
        1.2363824378140864,
        1.0406884693373983,
        0.9580218812396407,
        1.0254651118398845
    ],
    "fractional_applied_params": [
        2.0,
        2.0,
        2.0,
        2.0,
        2.0,
        2.0,
        2.0,
        2.0,
        2.0,
        2.0
    ],
    "epoch_time": [
        6.457457780838013,
        3.160806655883789,
        4.266760349273682,
        4.300007581710815,
        4.259429454803467,
        4.289180278778076,
        4.276425123214722,
        4.28706169128418,
        4.284838676452637,
        3.657515048980713
    ],
    "throughput_samples_per_sec": [
        1238.8776313395897,
        2530.9994792336106,
        1874.9588317895139,
        1860.4618359340411,
        1878.1858192247314,
        1865.1582540333513,
        1870.721401521033,
        1866.079981135895,
        1867.0481210795776,
        2187.27739814207
    ],
    "lr": [
        0.0003,
        0.0003,
        0.0003,
        0.0003,
        0.0003,
        0.0003,
        0.0003,
        0.0003,
        0.0003,
        0.0003
    ]
}