{
    "train_loss": [
        2.188356897354126,
        2.0838294019699095,
        2.0335986976623537,
        2.013111782073975,
        1.9999636211395264,
        2.0068726291656493,
        1.9797013053894044,
        1.9780842609405518,
        1.9665011262893677,
        1.95698113822937
    ],
    "train_accuracy": [
        0.2696250081062317,
        0.2788749933242798,
        0.2874999940395355,
        0.28850001096725464,
        0.29112499952316284,
        0.28949999809265137,
        0.29875001311302185,
        0.2943750023841858,
        0.2992500066757202,
        0.304500013589859
    ],
    "train_macro_precision": [
        0.10126514666929295,
        0.13926503116237404,
        0.15566926196509406,
        0.1594207357747635,
        0.15543224545904624,
        0.16143167575499118,
        0.16724161387718608,
        0.15870682708814526,
        0.17233882444131698,
        0.18299823656872732
    ],
    "train_macro_recall": [
        0.10267983315703917,
        0.1293044965430638,
        0.14890608592665583,
        0.1501185410402986,
        0.15227318254708005,
        0.15604591956690742,
        0.16516699780784852,
        0.15987018333647723,
        0.16918971573947986,
        0.17177905597317505
    ],
    "train_macro_f1": [
        0.05959145097350309,
        0.1054104061086519,
        0.1304324334075243,
        0.1327956791098418,
        0.13564585159620698,
        0.14006096173799767,
        0.14815365533801664,
        0.14256509549235055,
        0.15486251965072875,
        0.15637453906479937
    ],
    "train_micro_f1": [
        0.26962499999949996,
        0.2788749999995,
        0.2874999999995,
        0.2884999999995,
        0.2911249999995,
        0.2894999999995,
        0.29874999999949997,
        0.29437499999949995,
        0.29924999999949997,
        0.3044999999995
    ],
    "train_weighted_f1": [
        0.13587827010939413,
        0.18899556837582193,
        0.21406234482535694,
        0.2181688145912135,
        0.22202860865347993,
        0.2227787264567972,
        0.23302688882751293,
        0.2284355016345183,
        0.2398000652597001,
        0.2423798578518076
    ],
    "train_confidence": [
        0.28293820810317993,
        0.2989857249259949,
        0.30830194234848024,
        0.3032881422042847,
        0.3087171211242676,
        0.3026388669013977,
        0.3112053961753845,
        0.30828391122817994,
        0.3141800470352173,
        0.3139756078720093
    ],
    "val_loss": [
        2.094815814971924,
        2.0248363819122313,
        2.00406383895874,
        2.0006802577972413,
        1.9893737125396729,
        1.9966657886505126,
        1.989771276473999,
        1.9936401672363282,
        2.0024608402252198,
        1.9878692512512206
    ],
    "val_accuracy": [
        0.2874999940395355,
        0.2904999852180481,
        0.2915000021457672,
        0.296999990940094,
        0.2919999957084656,
        0.29249998927116394,
        0.28999999165534973,
        0.28999999165534973,
        0.29899999499320984,
        0.2919999957084656
    ],
    "val_macro_precision": [
        0.058921733028874546,
        0.1345815698226847,
        0.15005394428367805,
        0.12074113984776742,
        0.10102695684593639,
        0.10649085756704935,
        0.10445164287903766,
        0.11870287072910177,
        0.14578704955830574,
        0.17078673501712943
    ],
    "val_macro_recall": [
        0.1038125821106231,
        0.1379324455383297,
        0.12182707333890963,
        0.14241835639811146,
        0.14266150994442273,
        0.12951109443759157,
        0.13677854950232185,
        0.13149330749123414,
        0.14890852088136247,
        0.15270617588152655
    ],
    "val_macro_f1": [
        0.053363840074985916,
        0.08865850044106516,
        0.08374612412791313,
        0.09441681969456885,
        0.10199978108945021,
        0.08422117889363087,
        0.10210047912515285,
        0.0963522574500528,
        0.11978860605429872,
        0.12251431116083208
    ],
    "val_micro_f1": [
        0.2874999999994999,
        0.2904999999994999,
        0.2914999999994999,
        0.2969999999994999,
        0.2919999999994999,
        0.2924999999994999,
        0.2899999999994999,
        0.2899999999994999,
        0.2989999999994999,
        0.2919999999994999
    ],
    "val_weighted_f1": [
        0.1380538710252115,
        0.18591178249446108,
        0.17184505636049807,
        0.18678365634606192,
        0.2047950327123523,
        0.17782823531851377,
        0.1993183494961707,
        0.18156208035314256,
        0.21180652119014845,
        0.2119403657976972
    ],
    "val_confidence": [
        0.29550617027282716,
        0.3008203773498535,
        0.349616849899292,
        0.3327412223815918,
        0.3128312911987305,
        0.3565582790374756,
        0.3313027057647705,
        0.34476194763183593,
        0.34253357887268066,
        0.2852302894592285
    ],
    "grad_norm": [
        1.2901275670965415,
        1.228012989662262,
        1.2452718145584956,
        1.0964210363894775,
        1.0442473032278856,
        1.2259219083163326,
        0.9730455147441388,
        1.0276505737971442,
        0.9917233720895156,
        0.9590639755507191
    ],
    "fractional_applied_params": [
        0.0,
        0.0,
        0.0,
        2.0,
        2.0,
        2.0,
        2.0,
        2.0,
        2.0,
        2.0
    ],
    "epoch_time": [
        7.844876766204834,
        4.28910756111145,
        4.291574478149414,
        3.94874906539917,
        3.787177085876465,
        3.752220392227173,
        4.290747404098511,
        4.276428461074829,
        2.9146580696105957,
        3.2433807849884033
    ],
    "throughput_samples_per_sec": [
        1019.7738267175115,
        1865.1898759859812,
        1864.117712679126,
        2025.9580610223704,
        2112.391319073627,
        2132.070924344481,
        1864.4770354830073,
        1870.7199413758685,
        2744.747345635921,
        2466.5620629643718
    ],
    "lr": [
        0.0003,
        0.0003,
        0.0003,
        0.0003,
        0.0003,
        0.0003,
        0.0003,
        0.0003,
        0.0003,
        0.0003
    ]
}