{
    "train_loss": [
        0.35971524200439453,
        0.23942797300550672,
        0.14599709237416586
    ],
    "train_accuracy": [
        0.8389777541160583,
        0.905644416809082,
        0.9473778009414673
    ],
    "train_macro_precision": [
        0.8392325575855983,
        0.9056497346474122,
        0.947382281837303
    ],
    "train_macro_recall": [
        0.8389396916230608,
        0.9056396864769476,
        0.9473741939879539
    ],
    "train_macro_f1": [
        0.838935855285851,
        0.9056427623223244,
        0.947376972813875
    ],
    "train_micro_f1": [
        0.8389777777772778,
        0.9056444444439444,
        0.9473777777772777
    ],
    "train_weighted_f1": [
        0.838943015601191,
        0.9056438601280132,
        0.9473775399471814
    ],
    "train_confidence": [
        0.8438119207700093,
        0.9156351988686455,
        0.9570977481842041
    ],
    "val_loss": [
        0.30870627593994143,
        0.3087654891967773,
        0.39117123489379885
    ],
    "val_accuracy": [
        0.8655999898910522,
        0.8812000155448914,
        0.8564000129699707
    ],
    "val_macro_precision": [
        0.8687829624922165,
        0.8812860691861786,
        0.8631168831168825
    ],
    "val_macro_recall": [
        0.8667878291864622,
        0.8809581444971909,
        0.8581082508986321
    ],
    "val_macro_f1": [
        0.8655062632447321,
        0.8810812524949913,
        0.8560738979946234
    ],
    "val_micro_f1": [
        0.8655999999994997,
        0.8811999999994995,
        0.8563999999994998
    ],
    "val_weighted_f1": [
        0.8654182075054041,
        0.8811744467390356,
        0.8559039961097286
    ],
    "val_confidence": [
        0.8819607811927795,
        0.9247110069274902,
        0.9377656687736511
    ],
    "test_loss": [
        0.2974850166320801,
        0.313590163192749,
        0.39201781326293944
    ],
    "test_accuracy": [
        0.8695999979972839,
        0.8754799962043762,
        0.8619199991226196
    ],
    "test_macro_precision": [
        0.8731899704836781,
        0.8757371340544466,
        0.8681027120479918
    ],
    "test_macro_recall": [
        0.8695999999999999,
        0.8754799999999998,
        0.8619199999999998
    ],
    "test_macro_f1": [
        0.8692856422170399,
        0.8754586926755786,
        0.861337751672286
    ],
    "test_micro_f1": [
        0.8695999999994999,
        0.8754799999995,
        0.8619199999995
    ],
    "test_weighted_f1": [
        0.86928564221704,
        0.8754586926755786,
        0.861337751672286
    ],
    "test_confidence": [
        0.8858740891647339,
        0.9235398873710632,
        0.9388367192840577
    ],
    "grad_norm": [
        NaN,
        NaN,
        0.9952598501114459
    ],
    "fractional_applied_params": [
        4.0,
        4.0,
        4.0
    ],
    "epoch_time": [
        129.72234678268433,
        125.22218990325928,
        114.9941987991333
    ],
    "throughput_samples_per_sec": [
        173.44737092748431,
        179.68061425361137,
        195.66204412886938
    ],
    "lr": [
        2e-05,
        2e-05,
        2e-05
    ]
}