{
    "train_loss": [
        2.627014405973461,
        2.006333079235523,
        1.5516824341002937,
        1.2106433468811828,
        0.949684482490362
    ],
    "train_accuracy": [
        0.2514975965023041,
        0.5381518006324768,
        0.6577629446983337,
        0.7308259010314941,
        0.7945595383644104
    ],
    "train_macro_precision": [
        0.27278853323092206,
        0.5171679396845474,
        0.6255457940639133,
        0.7239506580124171,
        0.761495036668772
    ],
    "train_macro_recall": [
        0.24065108182618838,
        0.5207553811671288,
        0.6389008410128599,
        0.7113953227441853,
        0.7763740643399156
    ],
    "train_macro_f1": [
        0.20326792953728826,
        0.4881832991087708,
        0.6157634233841591,
        0.6937166184685536,
        0.7639128929106891
    ],
    "train_micro_f1": [
        0.2514975940287644,
        0.5381518216630568,
        0.6577629382298839,
        0.7308258862805564,
        0.7945595600505653
    ],
    "train_weighted_f1": [
        0.21090465279166415,
        0.5022152062871015,
        0.6324321061625818,
        0.710909069421959,
        0.7803609866480982
    ],
    "train_confidence": [
        0.0991166645097063,
        0.18007648734555642,
        0.28976358150342446,
        0.40193468454625625,
        0.5048075589053841
    ],
    "val_loss": [
        2.258138885127033,
        1.7869962638295087,
        1.4969494297481236,
        1.3321162993458917,
        1.2281291230814737
    ],
    "val_accuracy": [
        0.4208664894104004,
        0.5809018611907959,
        0.6180371642112732,
        0.6357206106185913,
        0.6622458100318909
    ],
    "val_macro_precision": [
        0.431075957515367,
        0.5564145417548179,
        0.5927034154259818,
        0.597649581193572,
        0.6400815049621094
    ],
    "val_macro_recall": [
        0.4142782661214198,
        0.5689685302429515,
        0.6010457811975191,
        0.6153141560387249,
        0.6435173586600765
    ],
    "val_macro_f1": [
        0.37107280705392004,
        0.5342823627106318,
        0.5788799204176617,
        0.5957963167005313,
        0.6303318711614312
    ],
    "val_micro_f1": [
        0.42086648983150676,
        0.5809018567634252,
        0.6180371352780141,
        0.6357206012373421,
        0.662245800176334
    ],
    "val_weighted_f1": [
        0.37540071575335343,
        0.5482198142544543,
        0.5981047940021238,
        0.6175070372145804,
        0.651012972284219
    ],
    "val_confidence": [
        0.13929654253361817,
        0.2412361493688258,
        0.3584083456786516,
        0.45835288745127983,
        0.537136233875332
    ],
    "test_loss": [
        2.27919392869375,
        1.8201812890635738,
        1.5476260274506224,
        1.3991997750338505,
        1.315984627634556
    ],
    "test_accuracy": [
        0.40626659989356995,
        0.568109393119812,
        0.6071428656578064,
        0.6255974769592285,
        0.6386085748672485
    ],
    "test_macro_precision": [
        0.3896322913422719,
        0.5491106692331342,
        0.5867376441970006,
        0.6016732748230182,
        0.63404800027749
    ],
    "test_macro_recall": [
        0.3913043942106912,
        0.5497560803350232,
        0.5874611522457923,
        0.6067602194019425,
        0.6206810315874415
    ],
    "test_macro_f1": [
        0.3441104225814127,
        0.5201903271306672,
        0.5682757522114082,
        0.5926280571509498,
        0.6126216067981931
    ],
    "test_micro_f1": [
        0.4062665958571739,
        0.5681093998932863,
        0.607142857142357,
        0.6255974508757611,
        0.638608603292118
    ],
    "test_weighted_f1": [
        0.35535238837697936,
        0.5359049563866688,
        0.5855692020694435,
        0.6100997338105986,
        0.6286223654321013
    ],
    "test_confidence": [
        0.13711184487973385,
        0.23670722886848752,
        0.3500305764294025,
        0.44953452762111473,
        0.527478327854985
    ],
    "grad_norm": [
        0.8064876393331369,
        0.7121695673406966,
        0.652576105653388,
        0.5842065563378476,
        0.5635040185852104
    ],
    "nonfinite_grad_tensors": [
        0.0,
        0.0,
        0.0,
        0.0,
        0.0
    ],
    "nonfinite_train_loss_batches": [
        0,
        0,
        0,
        0,
        0
    ],
    "nonfinite_val_loss_batches": [
        0,
        0,
        0,
        0,
        0
    ],
    "nonfinite_test_loss_batches": [
        0,
        0,
        0,
        0,
        0
    ],
    "fractional_applied_params": [
        21.0,
        21.0,
        21.0,
        21.0,
        21.0
    ],
    "epoch_time": [
        48.87915754318237,
        39.780253887176514,
        41.9591965675354,
        41.615423917770386,
        31.6351101398468
    ],
    "throughput_samples_per_sec": [
        208.33010452366761,
        255.98127223824915,
        242.6881549938631,
        244.6929297205047,
        321.8891906803809
    ],
    "lr": [
        2e-05,
        2e-05,
        2e-05,
        2e-05,
        2e-05
    ]
}