{
    "train_loss": [
        0.474309799335621,
        0.2812290994149667,
        0.2452466774693242
    ],
    "train_accuracy": [
        0.860620379447937,
        0.9081944227218628,
        0.9200555682182312
    ],
    "train_macro_precision": [
        0.8608232869055898,
        0.9084228403875371,
        0.9202414369410907
    ],
    "train_macro_recall": [
        0.8605491002301344,
        0.908131942727895,
        0.9199984035791868
    ],
    "train_macro_f1": [
        0.860339038357006,
        0.9080760244738935,
        0.9199346847604151
    ],
    "train_micro_f1": [
        0.8606203703698704,
        0.9081944444439444,
        0.9200555555550555
    ],
    "train_weighted_f1": [
        0.8603948572767187,
        0.9081227777436325,
        0.9199765245905297
    ],
    "train_confidence": [
        0.7623924720905445,
        0.9114205271049782,
        0.9265933768484328
    ],
    "val_loss": [
        0.2835886535644531,
        0.25301163546244304,
        0.2345234177907308
    ],
    "val_accuracy": [
        0.9096666574478149,
        0.9175833463668823,
        0.9243333339691162
    ],
    "val_macro_precision": [
        0.9106343990473107,
        0.9188083303964782,
        0.9244857707625296
    ],
    "val_macro_recall": [
        0.9102494529213322,
        0.9179918910772245,
        0.9247699387180577
    ],
    "val_macro_f1": [
        0.9100050578429242,
        0.9180764696280383,
        0.9245196632937963
    ],
    "val_micro_f1": [
        0.9096666666661665,
        0.9175833333328332,
        0.9243333333328332
    ],
    "val_weighted_f1": [
        0.9096123571120466,
        0.9177212230129147,
        0.9242026620855383
    ],
    "val_confidence": [
        0.9085479358037313,
        0.9216966733932496,
        0.9358958161671956
    ],
    "test_loss": [
        0.30064992804276314,
        0.26849795190911546,
        0.25892076241342643
    ],
    "test_accuracy": [
        0.9036841988563538,
        0.914078950881958,
        0.9153947234153748
    ],
    "test_macro_precision": [
        0.9042168040809089,
        0.9146453243124022,
        0.9151694894043899
    ],
    "test_macro_recall": [
        0.9036842105263154,
        0.9140789473684207,
        0.9153947368421048
    ],
    "test_macro_f1": [
        0.9036203553770654,
        0.9141630164192353,
        0.915207090751135
    ],
    "test_micro_f1": [
        0.9036842105258156,
        0.914078947367921,
        0.9153947368416051
    ],
    "test_weighted_f1": [
        0.9036203553770654,
        0.9141630164192353,
        0.915207090751135
    ],
    "test_confidence": [
        0.9076483934804013,
        0.9209688711166382,
        0.9354506329486244
    ],
    "grad_norm": [
        0.999901747236583,
        NaN,
        NaN
    ],
    "fractional_applied_params": [
        0.0,
        2.0,
        2.0
    ],
    "epoch_time": [
        153.73439955711365,
        143.13206028938293,
        128.22842073440552
    ],
    "throughput_samples_per_sec": [
        702.5103055082807,
        754.5479313414947,
        842.2469791131261
    ],
    "lr": [
        2e-05,
        2e-05,
        2e-05
    ]
}