{
    "train_loss": [
        2.23298645401001,
        2.0753797760009767,
        2.005781072616577,
        1.9490312595367432,
        1.8997115526199342,
        1.8590200815200806,
        1.8482888698577882,
        1.797851746559143,
        1.778101993560791,
        1.7544435262680054
    ],
    "train_accuracy": [
        0.21699999272823334,
        0.27900001406669617,
        0.3017500042915344,
        0.3192499876022339,
        0.3307499885559082,
        0.3425000011920929,
        0.34825000166893005,
        0.36000001430511475,
        0.3657500147819519,
        0.3774999976158142
    ],
    "train_macro_precision": [
        0.12008578337613252,
        0.2008585703897495,
        0.22734411084337505,
        0.2525325536846124,
        0.26631755541415697,
        0.28489030193971354,
        0.2912621050317766,
        0.30429793473681754,
        0.31360383813403025,
        0.3258652197249837
    ],
    "train_macro_recall": [
        0.12103397461858575,
        0.19154379540009583,
        0.22526346243231146,
        0.25045837241905766,
        0.2675819805777516,
        0.2782062004845854,
        0.28441900341402626,
        0.29847300561926404,
        0.3004955328639378,
        0.3115998178151973
    ],
    "train_macro_f1": [
        0.09295169159770042,
        0.16883940093474498,
        0.21409594088851636,
        0.23852409684003711,
        0.25703356139860956,
        0.2725185280863464,
        0.2783331641268253,
        0.2914150435004826,
        0.29658000351080593,
        0.3058526652330718
    ],
    "train_micro_f1": [
        0.21699999999949995,
        0.2789999999994999,
        0.3017499999994999,
        0.31924999999949993,
        0.33074999999949994,
        0.3424999999994999,
        0.34824999999949996,
        0.3599999999994999,
        0.3657499999994999,
        0.3774999999994999
    ],
    "train_weighted_f1": [
        0.136595376051209,
        0.2179172354946523,
        0.2627289668700196,
        0.2851052441903286,
        0.30433985468782615,
        0.3176222929782758,
        0.3217170110850158,
        0.33595317260385443,
        0.3405004344095796,
        0.3508797795644554
    ],
    "train_confidence": [
        0.23092226123809814,
        0.2959180507659912,
        0.3053260278701782,
        0.32987413120269776,
        0.34000439548492434,
        0.3418184928894043,
        0.35180288982391356,
        0.36394480991363526,
        0.3678260698318481,
        0.37790580558776854
    ],
    "val_loss": [
        2.1399560737609864,
        2.0395786304473877,
        2.0048479833602904,
        1.9619527902603149,
        1.9174939661026,
        1.8926166925430299,
        1.8630033702850342,
        1.8499487285614014,
        1.8402463064193726,
        1.8299383792877197
    ],
    "val_accuracy": [
        0.24699999392032623,
        0.29899999499320984,
        0.3070000112056732,
        0.3149999976158142,
        0.3330000042915344,
        0.3330000042915344,
        0.3230000138282776,
        0.32600000500679016,
        0.32899999618530273,
        0.3310000002384186
    ],
    "val_macro_precision": [
        0.08924506098418633,
        0.26465273305041903,
        0.234748149300197,
        0.25465139145664056,
        0.29645980990855764,
        0.2875978038691853,
        0.2884964223868727,
        0.25762131187680776,
        0.2718543968819541,
        0.27396878940546576
    ],
    "val_macro_recall": [
        0.13948177477420698,
        0.22910430927778477,
        0.2329347543764601,
        0.2540581459841768,
        0.2757375701453509,
        0.26806755258663034,
        0.2601127127875619,
        0.24915298428398236,
        0.2719054142682668,
        0.2611069068114439
    ],
    "val_macro_f1": [
        0.07679891535513268,
        0.19375308884808043,
        0.1874073832685771,
        0.21838116588315507,
        0.2547890900250695,
        0.24724375847390268,
        0.25144940946986705,
        0.2356670030826503,
        0.25130481809202526,
        0.24288484706200175
    ],
    "val_micro_f1": [
        0.24699999999949976,
        0.2989999999994997,
        0.3069999999994997,
        0.3149999999994997,
        0.3329999999994997,
        0.3329999999994997,
        0.3229999999994997,
        0.3259999999994997,
        0.3289999999994997,
        0.3309999999994997
    ],
    "val_weighted_f1": [
        0.11948764067086523,
        0.24873898457473906,
        0.2356057301247622,
        0.2650480278923816,
        0.29772250961064856,
        0.29564695679228603,
        0.30140318250532483,
        0.28151563553727327,
        0.30187593240222954,
        0.28912979962532653
    ],
    "val_confidence": [
        0.26369055938720704,
        0.2738927230834961,
        0.35732274436950684,
        0.3350450820922852,
        0.33283392143249513,
        0.3490700912475586,
        0.32722002029418945,
        0.3631589336395264,
        0.36828154945373537,
        0.3648700189590454
    ],
    "grad_norm": [
        1.3125958856140165,
        1.2651930525096742,
        1.2096705470701306,
        1.2032318593377762,
        1.17888686072252,
        1.0937016206272987,
        1.2133624503339497,
        1.0804108598455284,
        1.1474741390606984,
        1.1695293866104979
    ],
    "fractional_applied_params": [
        66.0,
        66.0,
        66.0,
        66.0,
        66.0,
        66.0,
        66.0,
        66.0,
        66.0,
        66.0
    ],
    "epoch_time": [
        4.940531253814697,
        1.1601219177246094,
        1.4125185012817383,
        1.5338249206542969,
        1.2905631065368652,
        1.6703007221221924,
        1.6762306690216064,
        1.6791977882385254,
        1.6820509433746338,
        1.421581745147705
    ],
    "throughput_samples_per_sec": [
        809.6295306120184,
        3447.9134812359634,
        2831.8213151688606,
        2607.8595712825463,
        3099.4222442432256,
        2394.77834561301,
        2386.306415891285,
        2382.0898455303413,
        2378.049259301835,
        2813.7671390711284
    ],
    "lr": [
        0.0003,
        0.0003,
        0.0003,
        0.0003,
        0.0003,
        0.0003,
        0.0003,
        0.0003,
        0.0003,
        0.0003
    ]
}