{
    "train_loss": [
        0.3548798039754232,
        0.23413482369316949,
        0.14512103932698567
    ],
    "train_accuracy": [
        0.8411999940872192,
        0.9047555327415466,
        0.949733316898346
    ],
    "train_macro_precision": [
        0.8411998068048386,
        0.9047567271898761,
        0.9497340348284697
    ],
    "train_macro_recall": [
        0.8411995399102931,
        0.9047569862346421,
        0.9497346069355974
    ],
    "train_macro_f1": [
        0.8411996584023206,
        0.9047555538618208,
        0.9497333284675158
    ],
    "train_micro_f1": [
        0.8411999999994999,
        0.9047555555550555,
        0.9497333333328333
    ],
    "train_weighted_f1": [
        0.8411999689452108,
        0.9047555707941668,
        0.9497333493188758
    ],
    "train_confidence": [
        0.8448992639223735,
        0.9150492394341363,
        0.956938887723287
    ],
    "val_loss": [
        0.36190126647949217,
        0.32477624588012693,
        0.4292407241821289
    ],
    "val_accuracy": [
        0.8519999980926514,
        0.8651999831199646,
        0.8695999979972839
    ],
    "val_macro_precision": [
        0.8599958915554394,
        0.8656761063896832,
        0.8699710686396998
    ],
    "val_macro_recall": [
        0.8511049591141118,
        0.8654254212606609,
        0.8694083948088518
    ],
    "val_macro_f1": [
        0.8509280174098204,
        0.8651904878403216,
        0.869509053029099
    ],
    "val_micro_f1": [
        0.8519999999994996,
        0.8651999999994996,
        0.8695999999994997
    ],
    "val_weighted_f1": [
        0.8510797130593036,
        0.865176899041496,
        0.8695503925610992
    ],
    "val_confidence": [
        0.904515488243103,
        0.9112144717216492,
        0.9548001394271851
    ],
    "test_loss": [
        0.3305927349853516,
        0.30459902183532717,
        0.41649434051513673
    ],
    "test_accuracy": [
        0.8612800240516663,
        0.8726800084114075,
        0.8699600100517273
    ],
    "test_macro_precision": [
        0.8694603849456508,
        0.8732098768146075,
        0.8703112921041416
    ],
    "test_macro_recall": [
        0.8612799999999998,
        0.8726799999999999,
        0.8699599999999998
    ],
    "test_macro_f1": [
        0.860507860791818,
        0.8726347922794266,
        0.8699291523972825
    ],
    "test_micro_f1": [
        0.8612799999995,
        0.8726799999994999,
        0.8699599999994999
    ],
    "test_weighted_f1": [
        0.860507860791818,
        0.8726347922794268,
        0.8699291523972826
    ],
    "test_confidence": [
        0.904931224155426,
        0.9102809547805786,
        0.9573870830917358
    ],
    "grad_norm": [
        NaN,
        NaN,
        0.9951677379087683
    ],
    "fractional_applied_params": [
        0.0,
        4.0,
        4.0
    ],
    "epoch_time": [
        127.13817572593689,
        121.9267725944519,
        106.63685131072998
    ],
    "throughput_samples_per_sec": [
        176.97280829718463,
        184.5369931576769,
        210.9964775163613
    ],
    "lr": [
        2e-05,
        2e-05,
        2e-05
    ]
}