{
    "train_loss": [
        2.281535654067993,
        2.190312992095947,
        2.089257635116577,
        2.0128784942626954,
        1.9812154054641724,
        1.9404094734191895,
        1.9226675643920899,
        1.8973160104751587,
        1.8569467639923096,
        1.829851324081421
    ],
    "train_accuracy": [
        0.2017499953508377,
        0.22750000655651093,
        0.26875001192092896,
        0.2874999940395355,
        0.30250000953674316,
        0.31575000286102295,
        0.328249990940094,
        0.3345000147819519,
        0.3395000100135803,
        0.3492499887943268
    ],
    "train_macro_precision": [
        0.1118802987756256,
        0.10338957046771029,
        0.18541107067032755,
        0.2007609639544427,
        0.22881549775867827,
        0.2442282491445341,
        0.26230728593615993,
        0.2700571981288199,
        0.27978124981128016,
        0.29115320455763893
    ],
    "train_macro_recall": [
        0.10180705781363412,
        0.11425146604810817,
        0.17988795728283896,
        0.20694438770877918,
        0.22998361935737738,
        0.2451671611456681,
        0.2637254107575859,
        0.2688016282313026,
        0.2753803278796587,
        0.29062758476932343
    ],
    "train_macro_f1": [
        0.060998121856267885,
        0.06666952290647968,
        0.14734381954722262,
        0.17949479396612242,
        0.21110258650862143,
        0.22797699913914413,
        0.24983339545309882,
        0.25874252875554293,
        0.26708260059899547,
        0.28181742267946225
    ],
    "train_micro_f1": [
        0.20174999999949997,
        0.22749999999949996,
        0.26874999999949994,
        0.28749999999949993,
        0.30249999999949995,
        0.31574999999949993,
        0.32824999999949994,
        0.3344999999994999,
        0.3394999999994999,
        0.3492499999994999
    ],
    "train_weighted_f1": [
        0.10120609525229321,
        0.11079690606075226,
        0.1977803919174634,
        0.2288286237685732,
        0.26114751344603854,
        0.2766673969075905,
        0.29506046669042896,
        0.30992916693844774,
        0.31256920279010203,
        0.32687812569556085
    ],
    "train_confidence": [
        0.22960822296142577,
        0.22381141567230226,
        0.2719418706893921,
        0.2901033430099487,
        0.3066651201248169,
        0.32273729038238524,
        0.325257061958313,
        0.33463555526733396,
        0.35008609771728516,
        0.36580226707458496
    ],
    "val_loss": [
        2.1948848304748534,
        2.0780522003173827,
        2.0035896234512327,
        1.9702752828598022,
        1.9443265085220336,
        1.9062906646728515,
        1.917741949081421,
        1.8787976064682006,
        1.8703400421142578,
        1.8728113346099853
    ],
    "val_accuracy": [
        0.23100000619888306,
        0.2709999978542328,
        0.31299999356269836,
        0.3190000057220459,
        0.3310000002384186,
        0.3449999988079071,
        0.31700000166893005,
        0.3400000035762787,
        0.3400000035762787,
        0.32899999618530273
    ],
    "val_macro_precision": [
        0.023099999999999975,
        0.12989168117329325,
        0.29506581231967455,
        0.3691744329052011,
        0.31585761315420696,
        0.28538979717808405,
        0.29120279444135067,
        0.30358212219738234,
        0.2867984983476255,
        0.2854290127428375
    ],
    "val_macro_recall": [
        0.09999999999999956,
        0.15667829582425744,
        0.22059280001906312,
        0.23107588623013608,
        0.24444433128222176,
        0.27230256917299944,
        0.258181954029709,
        0.2613932850047868,
        0.278198845173518,
        0.24316130089159177
    ],
    "val_macro_f1": [
        0.03753046303814979,
        0.0963989288867523,
        0.20324494509299357,
        0.20344967678729894,
        0.21172166200677728,
        0.26165456815109267,
        0.23806397398985032,
        0.24975389687057667,
        0.26692745421874203,
        0.22984176727135264
    ],
    "val_micro_f1": [
        0.23099999999949977,
        0.27099999999949975,
        0.3129999999994997,
        0.3189999999994997,
        0.3309999999994997,
        0.34499999999949965,
        0.3169999999994997,
        0.33999999999949965,
        0.33999999999949965,
        0.3289999999994997
    ],
    "val_weighted_f1": [
        0.086695369618126,
        0.15120562377769525,
        0.25354859535074653,
        0.2617344474714097,
        0.264607133027308,
        0.31065433306702334,
        0.2914953051143473,
        0.295201467272439,
        0.30764195272749784,
        0.2749705379882914
    ],
    "val_confidence": [
        0.20949194431304932,
        0.2656801643371582,
        0.26184079456329346,
        0.29830121326446535,
        0.32583663654327394,
        0.2985154552459717,
        0.30370306968688965,
        0.3418248634338379,
        0.3597991714477539,
        0.41230227279663084
    ],
    "grad_norm": [
        1.3961317571269003,
        0.9991962529138153,
        1.018054244156118,
        1.0532353246202992,
        1.1687863279727622,
        1.1692497022625137,
        1.315694457024933,
        1.2861580378152921,
        1.2446788908246824,
        1.429262728783098
    ],
    "fractional_applied_params": [
        2.0,
        2.0,
        2.0,
        2.0,
        2.0,
        2.0,
        2.0,
        2.0,
        2.0,
        2.0
    ],
    "epoch_time": [
        4.440758228302002,
        0.8047194480895996,
        0.6272380352020264,
        0.7009050846099854,
        0.8733780384063721,
        1.035132646560669,
        1.032538652420044,
        1.032949686050415,
        1.0295751094818115,
        1.0245165824890137
    ],
    "throughput_samples_per_sec": [
        900.7470783946432,
        4970.676438224505,
        6377.164290924488,
        5706.906809251894,
        4579.918230253059,
        3864.2390550528935,
        3873.946985543716,
        3872.405455966006,
        3885.0978070101296,
        3904.2803878119694
    ],
    "lr": [
        0.0003,
        0.0003,
        0.0003,
        0.0003,
        0.0003,
        0.0003,
        0.0003,
        0.0003,
        0.0003,
        0.0003
    ]
}