{
    "train_loss": [
        2.2752903900146486,
        2.1926843280792236,
        2.121058671951294,
        2.0407469387054444,
        1.9888457927703858,
        1.9551928873062134,
        1.9308551692962646,
        1.9117870111465454,
        1.8949361000061036,
        1.8696183586120605
    ],
    "train_accuracy": [
        0.20475000143051147,
        0.22550000250339508,
        0.24525000154972076,
        0.2879999876022339,
        0.2982499897480011,
        0.31700000166893005,
        0.32199999690055847,
        0.3257499933242798,
        0.3372499942779541,
        0.33774998784065247
    ],
    "train_macro_precision": [
        0.09728431150835556,
        0.13830557490129655,
        0.1613745232451602,
        0.22754610992479396,
        0.22297191514828088,
        0.2597538023666043,
        0.2601183534680965,
        0.2708651984898136,
        0.2800808211382838,
        0.29042947418864234
    ],
    "train_macro_recall": [
        0.10280622893994722,
        0.11173074126478184,
        0.13610699613566593,
        0.20105744582934118,
        0.21703401342729758,
        0.24500454658019297,
        0.2545245365444851,
        0.2602926467040517,
        0.2695959592535093,
        0.27108213664785763
    ],
    "train_macro_f1": [
        0.06169103895027148,
        0.06655623050535159,
        0.1024073639013127,
        0.18814392344235414,
        0.2051835701025891,
        0.23496341125113007,
        0.24602103325068322,
        0.25577943774611855,
        0.26228302849178514,
        0.2666360435332261
    ],
    "train_micro_f1": [
        0.20474999999949997,
        0.22549999999949996,
        0.24524999999949995,
        0.28799999999949993,
        0.29824999999949997,
        0.31699999999949996,
        0.32199999999949996,
        0.32574999999949994,
        0.33724999999949995,
        0.33774999999949995
    ],
    "train_weighted_f1": [
        0.10542901339798046,
        0.11302405065927988,
        0.15278772965457907,
        0.23804940340884448,
        0.25446152408085587,
        0.2805618674056815,
        0.2916871714475156,
        0.3005940166941226,
        0.3081864297002666,
        0.3102444221890921
    ],
    "train_confidence": [
        0.2311284761428833,
        0.21687977600097658,
        0.25012275886535645,
        0.2722222318649292,
        0.3008604907989502,
        0.318506160736084,
        0.3204712915420532,
        0.329841872215271,
        0.3309959135055542,
        0.34016794776916504
    ],
    "val_loss": [
        2.2022226524353026,
        2.1481591072082518,
        2.0650778846740723,
        2.00503281211853,
        1.982663776397705,
        1.9610855102539062,
        1.9322326431274415,
        1.9349846801757813,
        1.918464539527893,
        1.898601990699768
    ],
    "val_accuracy": [
        0.22499999403953552,
        0.23199999332427979,
        0.27300000190734863,
        0.30799999833106995,
        0.3109999895095825,
        0.31299999356269836,
        0.3190000057220459,
        0.3230000138282776,
        0.32499998807907104,
        0.3330000042915344
    ],
    "val_macro_precision": [
        0.05105126728110189,
        0.09912256779482329,
        0.2249545364939424,
        0.22259564626173045,
        0.259847002820622,
        0.2507198299849036,
        0.2696757643706951,
        0.2753242719673599,
        0.26709482062883255,
        0.26955022188356786
    ],
    "val_macro_recall": [
        0.10235294117647012,
        0.11235935106583753,
        0.17219081706217726,
        0.21346456142869247,
        0.22336577529237484,
        0.24990423332809217,
        0.24864606520131033,
        0.2658623004695862,
        0.25194130041539486,
        0.27033733408808824
    ],
    "val_macro_f1": [
        0.04105564501695348,
        0.062118986345197066,
        0.14177340435453345,
        0.19482127942473107,
        0.20693514217868061,
        0.23715560852354106,
        0.2447243927219241,
        0.24839999520357395,
        0.24145132550685888,
        0.26149319789276126
    ],
    "val_micro_f1": [
        0.22499999999949977,
        0.23199999999949977,
        0.27299999999949975,
        0.3079999999994997,
        0.3109999999994997,
        0.3129999999994997,
        0.3189999999994997,
        0.3229999999994997,
        0.3249999999994997,
        0.3329999999994997
    ],
    "val_weighted_f1": [
        0.0855540883878258,
        0.10879294643619947,
        0.1947565791497948,
        0.25227762829791694,
        0.2550914047358879,
        0.29101800012610685,
        0.2906354925660071,
        0.2967666243832269,
        0.28470887297594155,
        0.3105291121088309
    ],
    "val_confidence": [
        0.22686711883544922,
        0.2273650903701782,
        0.25142671489715573,
        0.29470956230163575,
        0.32789833068847657,
        0.2940509796142578,
        0.31794109630584716,
        0.3181904726028442,
        0.3419452466964722,
        0.32517399787902834
    ],
    "grad_norm": [
        1.0522528482824989,
        0.8259055149045599,
        0.9340362424782404,
        0.8754438353449369,
        0.840573297502056,
        0.9373776851172513,
        1.0026977370465797,
        1.0248754429012128,
        0.9568225308580313,
        0.8954827359108721
    ],
    "fractional_applied_params": [
        0.0,
        0.0,
        0.0,
        30.0,
        30.0,
        30.0,
        30.0,
        30.0,
        30.0,
        30.0
    ],
    "epoch_time": [
        4.4767210483551025,
        0.5932042598724365,
        0.5964958667755127,
        0.6063930988311768,
        0.7075088024139404,
        0.6783106327056885,
        0.6220598220825195,
        0.6632215976715088,
        0.7737648487091064,
        0.5521101951599121
    ],
    "throughput_samples_per_sec": [
        893.5111115466384,
        6743.0399115140635,
        6705.830204026164,
        6596.381139082888,
        5653.639907167869,
        5897.00324178105,
        6430.249725193437,
        6031.166677990462,
        5169.5292267066825,
        7244.930513991772
    ],
    "lr": [
        0.0003,
        0.0003,
        0.0003,
        0.0003,
        0.0003,
        0.0003,
        0.0003,
        0.0003,
        0.0003,
        0.0003
    ]
}