{
    "train_loss": [
        2.0990145659446715,
        2.0721521472930906,
        1.9972551369667053,
        1.9467005252838134,
        1.9396280360221863,
        1.9349151921272278,
        1.931195819377899,
        1.925053608417511,
        1.9211869025230408,
        1.918140389919281
    ],
    "train_accuracy": [
        0.3411458432674408,
        0.34687501192092896,
        0.3447916805744171,
        0.3411458432674408,
        0.3451041579246521,
        0.3414583206176758,
        0.34416666626930237,
        0.34718748927116394,
        0.34468749165534973,
        0.3477083444595337
    ],
    "train_macro_precision": [
        0.07886496544391017,
        0.034687499999999996,
        0.21886934219925722,
        0.12921862990770291,
        0.13966293607144883,
        0.13287257290151042,
        0.14794307573332227,
        0.1454341389446903,
        0.14436849815447186,
        0.1415182923086919
    ],
    "train_macro_recall": [
        0.10013887237011299,
        0.09999999999999998,
        0.11169980562878853,
        0.1206081680893996,
        0.1213974249406817,
        0.12025403309178884,
        0.12309881213683241,
        0.12329222987152966,
        0.12275885865615699,
        0.12186854951488586
    ],
    "train_macro_f1": [
        0.055065553009607617,
        0.05150812064961372,
        0.0793095482844801,
        0.09847536143958026,
        0.09906003666982749,
        0.0983834551431316,
        0.10229262928310723,
        0.10116038466947774,
        0.10198557399495725,
        0.09834688162175965
    ],
    "train_micro_f1": [
        0.34114583333283327,
        0.34687499999949994,
        0.3447916666661666,
        0.34114583333283327,
        0.3451041666661666,
        0.34145833333283326,
        0.34416666666616663,
        0.34718749999949994,
        0.34468749999949994,
        0.3477083333328333
    ],
    "train_weighted_f1": [
        0.1802483619358397,
        0.17866879350334758,
        0.20722411957028103,
        0.22705708962941054,
        0.22702849215809698,
        0.2264675554362107,
        0.2287038853612619,
        0.22797301048675617,
        0.22809773212232656,
        0.2261789677771508
    ],
    "train_confidence": [
        0.34791186889012654,
        0.3442474667231242,
        0.3549394226074219,
        0.352156697511673,
        0.3523474963506063,
        0.3517201364040375,
        0.35245245138804115,
        0.3513638571898143,
        0.3532632915178935,
        0.353232851823171
    ],
    "val_loss": [
        2.0957489013671875,
        2.0809045124053953,
        1.9905497646331787,
        1.9854876613616943,
        1.9834278392791749,
        1.9910879230499268,
        1.9790828609466553,
        1.9814731216430663,
        1.9844463920593263,
        1.9747233390808105
    ],
    "val_accuracy": [
        0.3254166543483734,
        0.3254166543483734,
        0.31708332896232605,
        0.32083332538604736,
        0.3254166543483734,
        0.3266666531562805,
        0.32124999165534973,
        0.3216666579246521,
        0.32499998807907104,
        0.3270833194255829
    ],
    "val_macro_precision": [
        0.03254166666666665,
        0.03254166666666665,
        0.05753432115710801,
        0.05271335895928686,
        0.06121955624889175,
        0.10943934114664933,
        0.11360363453099234,
        0.10790572061028092,
        0.08000184240840301,
        0.14876639840646033
    ],
    "val_macro_recall": [
        0.09999999999999987,
        0.09999999999999987,
        0.10968141120873351,
        0.10987152603809044,
        0.12078992375881595,
        0.10679892063637456,
        0.1206163675375617,
        0.11635797931893666,
        0.11146708966349086,
        0.123109646861242
    ],
    "val_macro_f1": [
        0.04910405532847596,
        0.04910405532847596,
        0.06480703625734693,
        0.0672886534578524,
        0.06996270479530656,
        0.06367648315457534,
        0.09286423752242137,
        0.07700923734844663,
        0.07333958388166846,
        0.09480992805798133
    ],
    "val_micro_f1": [
        0.32541666666616653,
        0.32541666666616653,
        0.31708333333283323,
        0.3208333333328332,
        0.32541666666616653,
        0.32666666666616656,
        0.3212499999994999,
        0.32166666666616656,
        0.3249999999994999,
        0.32708333333283324
    ],
    "val_weighted_f1": [
        0.1597927800480822,
        0.1597927800480822,
        0.181157480227047,
        0.18340582620040768,
        0.17979229353278783,
        0.17164112890482983,
        0.2067285072162802,
        0.18693870241882343,
        0.18327179130743815,
        0.2014947751535394
    ],
    "val_confidence": [
        0.36445405006408693,
        0.3427894973754883,
        0.33256730953852337,
        0.35730766773223877,
        0.34047641754150393,
        0.39315443674723305,
        0.29680555979410805,
        0.35181773026784263,
        0.3705486917495728,
        0.3291193254788717
    ],
    "grad_norm": [
        1.3058925257256209,
        0.9611714832499362,
        1.0383536384092154,
        0.9785929986118586,
        0.9766645680795024,
        0.9469858744034491,
        0.9926096339340554,
        0.9296443156102423,
        1.0182507320117518,
        0.9550497711332792
    ],
    "fractional_applied_params": [
        2.0,
        2.0,
        2.0,
        2.0,
        2.0,
        2.0,
        2.0,
        2.0,
        2.0,
        2.0
    ],
    "epoch_time": [
        6.24271821975708,
        2.8873894214630127,
        2.910217523574829,
        2.9173386096954346,
        2.900853395462036,
        2.9109385013580322,
        2.918555498123169,
        2.9079582691192627,
        2.9130496978759766,
        2.751260280609131
    ],
    "throughput_samples_per_sec": [
        1537.791657745776,
        3324.802649978461,
        3298.722491440307,
        3290.6704652300286,
        3309.3709647711967,
        3297.905467780009,
        3289.298423885877,
        3301.285338908101,
        3295.5153518320512,
        3489.3099964626226
    ],
    "lr": [
        0.0003,
        0.0003,
        0.0003,
        0.0003,
        0.0003,
        0.0003,
        0.0003,
        0.0003,
        0.0003,
        0.0003
    ]
}