{
    "train_loss": [
        2.2333028602600096,
        2.09426642036438,
        2.0172295799255373,
        1.967935326576233,
        1.9348530836105347,
        1.8999219055175782,
        1.87692671585083,
        1.8609999074935912,
        1.8387407999038696,
        1.8154819049835205
    ],
    "train_accuracy": [
        0.22075000405311584,
        0.2682499885559082,
        0.30300000309944153,
        0.31325000524520874,
        0.32225000858306885,
        0.33675000071525574,
        0.3412500023841858,
        0.34700000286102295,
        0.34049999713897705,
        0.35199999809265137
    ],
    "train_macro_precision": [
        0.1380323285682992,
        0.20730920110578915,
        0.2458930148194615,
        0.2478639154020313,
        0.25589100784305746,
        0.28156037615841106,
        0.27876344385772256,
        0.2957515777370338,
        0.2851969710632123,
        0.30639245289504935
    ],
    "train_macro_recall": [
        0.11388522392030379,
        0.17068477329069717,
        0.22930749082607377,
        0.2381839866081581,
        0.2524940387564666,
        0.27118440653747194,
        0.2756948941023821,
        0.2849468857542636,
        0.2781672422704009,
        0.28993790039784473
    ],
    "train_macro_f1": [
        0.07513709449148266,
        0.14920702338136405,
        0.21641101764178078,
        0.2242926024045011,
        0.2399837605868012,
        0.2618183483363201,
        0.26691741070791486,
        0.27760913537111476,
        0.27350269673885175,
        0.2863048300665431
    ],
    "train_micro_f1": [
        0.22074999999949996,
        0.26824999999949994,
        0.30299999999949995,
        0.31324999999949993,
        0.32224999999949994,
        0.33674999999949995,
        0.34124999999949995,
        0.34699999999949993,
        0.3404999999994999,
        0.35199999999949994
    ],
    "train_weighted_f1": [
        0.11834327808809457,
        0.19621067394372782,
        0.2629526942251379,
        0.2728684009334672,
        0.2866521131231226,
        0.3061343586599667,
        0.31353814174389516,
        0.3209975334524396,
        0.3161563109218885,
        0.3283888220126756
    ],
    "train_confidence": [
        0.22549888610839844,
        0.2549195318222046,
        0.31421179008483885,
        0.3113093090057373,
        0.3317759609222412,
        0.3276416501998901,
        0.3447827129364014,
        0.34928896045684815,
        0.34867836475372316,
        0.3551877393722534
    ],
    "val_loss": [
        2.12074609375,
        2.0105899982452393,
        1.9649986629486085,
        1.9352421941757203,
        1.9194287557601928,
        1.8900949163436889,
        1.8845807037353515,
        1.8917786197662354,
        1.8527765655517578,
        1.8480936212539674
    ],
    "val_accuracy": [
        0.25,
        0.3149999976158142,
        0.30000001192092896,
        0.32600000500679016,
        0.328000009059906,
        0.3400000035762787,
        0.3330000042915344,
        0.3160000145435333,
        0.34299999475479126,
        0.32499998807907104
    ],
    "val_macro_precision": [
        0.1884334517940846,
        0.2874755061889205,
        0.3244824541887662,
        0.2699774660427487,
        0.2801802322059256,
        0.2884342370995387,
        0.2902683002393839,
        0.2626996850039179,
        0.2989528771736831,
        0.26095790718771467
    ],
    "val_macro_recall": [
        0.12923698797611763,
        0.24170338960242557,
        0.21483407672315114,
        0.25340959939536767,
        0.264571920145093,
        0.27429581989178997,
        0.2811405210774009,
        0.2590924418292953,
        0.283591639298779,
        0.25973194816433626
    ],
    "val_macro_f1": [
        0.0916797183603945,
        0.21141515843145725,
        0.1884680675137736,
        0.23141242551889266,
        0.23439607590100314,
        0.2616099740971288,
        0.2663643421587821,
        0.2512564921943529,
        0.28102535440151494,
        0.2401960105785374
    ],
    "val_micro_f1": [
        0.24999999999949973,
        0.3149999999994997,
        0.2999999999994997,
        0.3259999999994997,
        0.3279999999994997,
        0.33999999999949965,
        0.3329999999994997,
        0.3159999999994997,
        0.34299999999949965,
        0.3249999999994997
    ],
    "val_weighted_f1": [
        0.13997562380633644,
        0.25796644564718174,
        0.23812927389658345,
        0.2816115030221694,
        0.28409269898788136,
        0.3062817557071117,
        0.31044905872545514,
        0.30373335777088734,
        0.3294060214017678,
        0.28871745402594806
    ],
    "val_confidence": [
        0.2261631383895874,
        0.299153678894043,
        0.33122420024871824,
        0.3127926788330078,
        0.34061608982086183,
        0.3481395969390869,
        0.342802848815918,
        0.3323693380355835,
        0.35016498851776123,
        0.3671500873565674
    ],
    "grad_norm": [
        1.3258221018791225,
        1.2245443139538588,
        1.5162734285556678,
        1.3122700655124548,
        1.3192718054084205,
        1.1181153683277034,
        1.1343968459379008,
        1.2863979896698654,
        1.217148399986419,
        1.1795517172694534
    ],
    "fractional_applied_params": [
        0.0,
        0.0,
        0.0,
        2.0,
        2.0,
        2.0,
        2.0,
        2.0,
        2.0,
        2.0
    ],
    "epoch_time": [
        4.63503360748291,
        0.8750576972961426,
        0.7444930076599121,
        0.6329851150512695,
        0.603496789932251,
        0.7761719226837158,
        0.9493489265441895,
        0.8194324970245361,
        0.8473596572875977,
        1.0725533962249756
    ],
    "throughput_samples_per_sec": [
        862.9926638595033,
        4571.127152369125,
        5372.783839263698,
        6319.263920883849,
        6628.038569101657,
        5153.4974186768795,
        4213.413938919972,
        4881.427102933445,
        4720.545715858151,
        3729.4180542233553
    ],
    "lr": [
        0.0003,
        0.0003,
        0.0003,
        0.0003,
        0.0003,
        0.0003,
        0.0003,
        0.0003,
        0.0003,
        0.0003
    ]
}