{
    "train_loss": [
        2.107067964076996,
        2.073505551815033,
        1.9940493559837342,
        1.9581278491020202,
        1.9431286215782166,
        1.939511511325836,
        1.9321189403533936,
        1.9341736078262328,
        1.929501051902771,
        1.9241202759742737
    ],
    "train_accuracy": [
        0.3375000059604645,
        0.3448958396911621,
        0.3420833349227905,
        0.3396874964237213,
        0.3427083194255829,
        0.3411458432674408,
        0.3398958444595337,
        0.3410416543483734,
        0.3413541615009308,
        0.34281250834465027
    ],
    "train_macro_precision": [
        0.05428952647669969,
        0.03449677016045009,
        0.13084063373035335,
        0.1322781684353675,
        0.14753005616642584,
        0.14224494741058835,
        0.13230481025365043,
        0.13664259538324036,
        0.13730856634227193,
        0.13727541678077346
    ],
    "train_macro_recall": [
        0.09883704184132312,
        0.099969806763285,
        0.11281846601001647,
        0.11796585759704922,
        0.12549606204705588,
        0.12135723914447313,
        0.1190324782180108,
        0.11980973850459742,
        0.11964973553832428,
        0.11863438733363998
    ],
    "train_macro_f1": [
        0.05324730000853577,
        0.05129357087525231,
        0.08162851489062375,
        0.09392308892782648,
        0.10385350530944362,
        0.09823776491279282,
        0.09485506641834736,
        0.09694521620669137,
        0.09481145650685854,
        0.09307158744673208
    ],
    "train_micro_f1": [
        0.3374999999994999,
        0.3448958333328333,
        0.3420833333328333,
        0.33968749999949993,
        0.3427083333328333,
        0.34114583333283327,
        0.3398958333328333,
        0.3410416666661666,
        0.34135416666616664,
        0.3428124999994999
    ],
    "train_weighted_f1": [
        0.17722401142957972,
        0.1769628195196205,
        0.20563835548032544,
        0.2190962202647215,
        0.22841694596927875,
        0.2243644511384621,
        0.22260490245529516,
        0.22354146931654492,
        0.2201892855018005,
        0.21819397971330068
    ],
    "train_confidence": [
        0.3455150230725606,
        0.34409056981404623,
        0.351175905863444,
        0.3458186896642049,
        0.3500573178132375,
        0.35421799778938295,
        0.3463115378220876,
        0.34803657134373983,
        0.35297173221906025,
        0.34990857203801473
    ],
    "val_loss": [
        2.0830794048309325,
        2.0726513671875,
        1.9728124141693115,
        1.9669789028167726,
        1.9776532363891601,
        1.9673062992095947,
        1.9585978889465332,
        1.9710383892059327,
        1.9571204710006713,
        1.9618738555908204
    ],
    "val_accuracy": [
        0.3329166769981384,
        0.3329166769981384,
        0.33541667461395264,
        0.3254166543483734,
        0.3316666781902313,
        0.3216666579246521,
        0.32624998688697815,
        0.3329166769981384,
        0.32875001430511475,
        0.3254166543483734
    ],
    "val_macro_precision": [
        0.03329166666666665,
        0.03329166666666665,
        0.07635578774938237,
        0.056313709720820095,
        0.07035907199468902,
        0.09832956372597806,
        0.07304475117771,
        0.0703787100838846,
        0.09613856129730539,
        0.10767243226376992
    ],
    "val_macro_recall": [
        0.09999999999999987,
        0.09999999999999987,
        0.11675861152231307,
        0.11348853899542236,
        0.10749955467373962,
        0.12016353314628207,
        0.10488217702991723,
        0.10454020170197224,
        0.1181065097312484,
        0.12461396961532707
    ],
    "val_macro_f1": [
        0.049953110346945925,
        0.049953110346945925,
        0.07507112832301349,
        0.0717447896406889,
        0.06329840406373519,
        0.07837542158086594,
        0.06282794531467611,
        0.05925294694641836,
        0.08208601614423039,
        0.08968845937585355
    ],
    "val_micro_f1": [
        0.33291666666616654,
        0.33291666666616654,
        0.33541666666616654,
        0.32541666666616653,
        0.33166666666616657,
        0.32166666666616656,
        0.3262499999994999,
        0.33291666666616654,
        0.3287499999994999,
        0.32541666666616653
    ],
    "val_weighted_f1": [
        0.16630222986337412,
        0.16630222986337412,
        0.19493970855560774,
        0.19287458402683258,
        0.18123063497361155,
        0.20372218583095242,
        0.18045764508492557,
        0.17424534823484253,
        0.1990297270627738,
        0.21166525454733576
    ],
    "val_confidence": [
        0.30861114025115965,
        0.331764973004659,
        0.3052346388498942,
        0.3491630840301514,
        0.4046384382247925,
        0.2904448668162028,
        0.3483304770787557,
        0.4011338710784912,
        0.3267200994491577,
        0.3476809215545654
    ],
    "grad_norm": [
        1.324975902010326,
        0.9773373659789477,
        1.0306379864463644,
        1.0305385472178739,
        0.999923067620923,
        0.9732390611073133,
        0.9147563526773633,
        0.9356000607155625,
        0.898371029854979,
        0.9104062335872288
    ],
    "fractional_applied_params": [
        0.0,
        0.0,
        0.0,
        2.0,
        2.0,
        2.0,
        2.0,
        2.0,
        2.0,
        2.0
    ],
    "epoch_time": [
        6.446956634521484,
        2.882077932357788,
        2.9028005599975586,
        2.9118473529815674,
        2.9176888465881348,
        2.8970067501068115,
        2.8856217861175537,
        2.887495279312134,
        2.891110897064209,
        2.8818230628967285
    ],
    "throughput_samples_per_sec": [
        1489.0746974463782,
        3330.930053007405,
        3307.151077581463,
        3296.8761189250326,
        3290.2754559404016,
        3313.765147301107,
        3326.8393128249404,
        3324.6807600970124,
        3320.522920704412,
        3331.2246416510898
    ],
    "lr": [
        0.0003,
        0.0003,
        0.0003,
        0.0003,
        0.0003,
        0.0003,
        0.0003,
        0.0003,
        0.0003,
        0.0003
    ]
}