{
    "train_loss": [
        0.44963691948784723,
        0.3216460408528646,
        0.26596952175564237
    ],
    "train_accuracy": [
        0.7972444295883179,
        0.865244448184967,
        0.8927555680274963
    ],
    "train_macro_precision": [
        0.7976268396954524,
        0.8652748701326778,
        0.8927692464814286
    ],
    "train_macro_recall": [
        0.7972852698456683,
        0.8652338638861587,
        0.892748922455479
    ],
    "train_macro_f1": [
        0.7971936733573008,
        0.865238613701415,
        0.8927529454000731
    ],
    "train_micro_f1": [
        0.7972444444439444,
        0.8652444444439444,
        0.8927555555550555
    ],
    "train_weighted_f1": [
        0.7971862573558811,
        0.8652406623406819,
        0.8927541681753801
    ],
    "train_confidence": [
        0.7594224081887139,
        0.8697384483125474,
        0.9013071041107178
    ],
    "val_loss": [
        0.367922607421875,
        0.3579492431640625,
        0.34035904541015627
    ],
    "val_accuracy": [
        0.8443999886512756,
        0.8543999791145325,
        0.864799976348877
    ],
    "val_macro_precision": [
        0.846354904466291,
        0.857306197707566,
        0.8659321973038958
    ],
    "val_macro_recall": [
        0.845189982994242,
        0.8553524596881589,
        0.8654073698444888
    ],
    "val_macro_f1": [
        0.8443352185440496,
        0.8542857600353686,
        0.8647830383838349
    ],
    "val_micro_f1": [
        0.8443999999994997,
        0.8543999999994997,
        0.8647999999994997
    ],
    "val_weighted_f1": [
        0.8442691668639826,
        0.8542008960620137,
        0.8647515382404568
    ],
    "val_confidence": [
        0.8804917066574097,
        0.9032075504302979,
        0.9190701061248779
    ],
    "test_loss": [
        0.34504774536132815,
        0.33387158813476564,
        0.3240247756958008
    ],
    "test_accuracy": [
        0.8563200235366821,
        0.8610399961471558,
        0.8692399859428406
    ],
    "test_macro_precision": [
        0.8581934169048917,
        0.8636352174195994,
        0.8702074462377936
    ],
    "test_macro_recall": [
        0.8563199999999999,
        0.8610399999999998,
        0.8692399999999998
    ],
    "test_macro_f1": [
        0.856131885879903,
        0.8607916219613376,
        0.8691545168658703
    ],
    "test_micro_f1": [
        0.8563199999994999,
        0.8610399999995,
        0.8692399999995
    ],
    "test_weighted_f1": [
        0.856131885879903,
        0.8607916219613375,
        0.8691545168658704
    ],
    "test_confidence": [
        0.8795468562889099,
        0.9045330442047119,
        0.9180150291061402
    ],
    "grad_norm": [
        0.9516834261902136,
        NaN,
        0.9978972820584535
    ],
    "fractional_applied_params": [
        7.0,
        7.0,
        7.0
    ],
    "epoch_time": [
        149.27593612670898,
        146.10806965827942,
        140.90680623054504
    ],
    "throughput_samples_per_sec": [
        150.72757594969266,
        153.9956010138486,
        159.6800083821825
    ],
    "lr": [
        2e-05,
        2e-05,
        2e-05
    ]
}