{
    "train_loss": [
        2.109279980659485,
        2.0813292598724367,
        1.989364013671875,
        1.9621153593063354,
        1.952835373878479,
        1.9484088015556336,
        1.9465413188934326,
        1.9360855650901794,
        1.9341990971565246,
        1.9271637177467347
    ],
    "train_accuracy": [
        0.3330208361148834,
        0.3395833373069763,
        0.3372916579246521,
        0.3362500071525574,
        0.33906251192092896,
        0.3383333384990692,
        0.3396874964237213,
        0.33687499165534973,
        0.33645832538604736,
        0.34166666865348816
    ],
    "train_macro_precision": [
        0.0556415464921922,
        0.0339618710282321,
        0.14490867474076544,
        0.14224239664366886,
        0.1514551001682954,
        0.1417207562105111,
        0.14275305757502652,
        0.12944563186888852,
        0.13852310579536292,
        0.1622853350436675
    ],
    "train_macro_recall": [
        0.09901822459804914,
        0.09996933455995091,
        0.1136506118949296,
        0.11877887761184938,
        0.12728506544825838,
        0.12418976585894206,
        0.12350154528113311,
        0.12028462434910465,
        0.12191789266849176,
        0.12730151455716768
    ],
    "train_macro_f1": [
        0.052413307016956144,
        0.05069984447896679,
        0.08291253016968578,
        0.09383020940349304,
        0.10656516612679028,
        0.10276753601823667,
        0.10087015393651286,
        0.09546063942239265,
        0.09953089353679143,
        0.10736792219160969
    ],
    "train_micro_f1": [
        0.3330208333328333,
        0.3395833333328333,
        0.3372916666661666,
        0.33624999999949995,
        0.33906249999949994,
        0.3383333333328333,
        0.33968749999949993,
        0.33687499999949994,
        0.33645833333283326,
        0.34166666666616663
    ],
    "train_weighted_f1": [
        0.17257221081456978,
        0.1722210342144903,
        0.20335135999226162,
        0.213217996313693,
        0.2266388594526338,
        0.2243927972610607,
        0.2212700849942732,
        0.2183631699397565,
        0.22096547987520282,
        0.22863304437420154
    ],
    "train_confidence": [
        0.3397124683856964,
        0.33827441255251567,
        0.3438341351350149,
        0.3490446372826894,
        0.3442228662967682,
        0.3456831443309784,
        0.34406436800956725,
        0.3460925968488057,
        0.34395732005437213,
        0.3448316546281179
    ],
    "val_loss": [
        2.0526426315307615,
        2.019287519454956,
        1.9419002914428711,
        1.9434611988067627,
        1.936416072845459,
        1.925911865234375,
        1.9343735122680663,
        1.9531252193450928,
        1.933263339996338,
        1.9374525547027588
    ],
    "val_accuracy": [
        0.3541666567325592,
        0.3541666567325592,
        0.3558333218097687,
        0.34416666626930237,
        0.3479166626930237,
        0.35333332419395447,
        0.3504166603088379,
        0.33375000953674316,
        0.35374999046325684,
        0.3504166603088379
    ],
    "val_macro_precision": [
        0.03541666666666665,
        0.03541666666666665,
        0.08628017281862899,
        0.16107083193697064,
        0.05633702132932562,
        0.10264260928710323,
        0.1037706166053765,
        0.10128645046502734,
        0.10307123725221949,
        0.11987286859823805
    ],
    "val_macro_recall": [
        0.09999999999999988,
        0.09999999999999988,
        0.1035382853381159,
        0.12306673320669233,
        0.11522315592903802,
        0.10766427472336806,
        0.11419010714087494,
        0.12399986350945433,
        0.11418686270875529,
        0.11176441953966802
    ],
    "val_macro_f1": [
        0.05230769230765364,
        0.05230769230765364,
        0.05960098663351184,
        0.0820278626074701,
        0.07355376063591777,
        0.07054942407433903,
        0.07447709710621266,
        0.08926893501790314,
        0.07807192455516157,
        0.074401470131136
    ],
    "val_micro_f1": [
        0.35416666666616653,
        0.35416666666616653,
        0.3558333333328332,
        0.3441666666661665,
        0.34791666666616655,
        0.35333333333283323,
        0.35041666666616655,
        0.3337499999994999,
        0.35374999999949985,
        0.35041666666616655
    ],
    "val_weighted_f1": [
        0.18525641025627332,
        0.18525641025627332,
        0.19086947685100558,
        0.22018679458164434,
        0.20929688997335352,
        0.20690328256242807,
        0.2094206469909312,
        0.23639430317081245,
        0.21094519377462465,
        0.2076218346102043
    ],
    "val_confidence": [
        0.343629576365153,
        0.32996676842371625,
        0.4054206911722819,
        0.3145956707000732,
        0.349707727432251,
        0.34352772156397504,
        0.37245933055877684,
        0.27410243431727094,
        0.3647940476735433,
        0.38776172320048014
    ],
    "grad_norm": [
        1.1831492753535213,
        0.9778630802721886,
        1.0370965900786246,
        1.0666718714950498,
        1.0429973243483253,
        0.9651199577615006,
        1.040073039701093,
        0.9308525078084319,
        0.9722212690028879,
        0.9037869064332802
    ],
    "fractional_applied_params": [
        2.0,
        2.0,
        2.0,
        2.0,
        2.0,
        2.0,
        2.0,
        2.0,
        2.0,
        2.0
    ],
    "epoch_time": [
        7.560305118560791,
        3.8524410724639893,
        3.8274154663085938,
        3.8098843097686768,
        3.335433006286621,
        3.4545795917510986,
        3.2977027893066406,
        3.842515468597412,
        3.833235502243042,
        3.803020715713501
    ],
    "throughput_samples_per_sec": [
        1269.7900216264675,
        2491.926500477247,
        2508.2199945382094,
        2519.7615516527007,
        2878.1870245650052,
        2778.9199076272657,
        2911.117409103581,
        2498.363397221189,
        2504.411741564665,
        2524.309152546623
    ],
    "lr": [
        0.0003,
        0.0003,
        0.0003,
        0.0003,
        0.0003,
        0.0003,
        0.0003,
        0.0003,
        0.0003,
        0.0003
    ]
}