{
    "train_loss": [
        2.238856803894043,
        2.092573432922363,
        1.992234956741333,
        1.945774317741394,
        1.8987848091125488,
        1.867103943824768,
        1.844303722381592,
        1.8391281719207764,
        1.8058909406661987,
        1.7886692562103272
    ],
    "train_accuracy": [
        0.22374999523162842,
        0.2642500102519989,
        0.3059999942779541,
        0.3177500069141388,
        0.33250001072883606,
        0.33500000834465027,
        0.34049999713897705,
        0.3477500081062317,
        0.3582499921321869,
        0.36125001311302185
    ],
    "train_macro_precision": [
        0.11092465958315731,
        0.18327822035644725,
        0.22704620755223992,
        0.2503812333441131,
        0.2730619931023107,
        0.27408696133668253,
        0.27744963845302356,
        0.30060048624073304,
        0.29827555439902187,
        0.3096085583768916
    ],
    "train_macro_recall": [
        0.11468704850626048,
        0.16140285582610286,
        0.22205814849344016,
        0.24319294348571105,
        0.26277212117111404,
        0.2669520092194139,
        0.27096066091933824,
        0.2805357494595627,
        0.29084357160580165,
        0.29308071047345907
    ],
    "train_macro_f1": [
        0.08054023646593936,
        0.14105527982586746,
        0.20735533682011836,
        0.23531742467637673,
        0.2570276593796562,
        0.2620376595474563,
        0.26350412093100944,
        0.27874135031870684,
        0.2852366413578552,
        0.2902728497456864
    ],
    "train_micro_f1": [
        0.22374999999949996,
        0.26424999999949994,
        0.30599999999949995,
        0.31774999999949993,
        0.3324999999994999,
        0.3349999999994999,
        0.3404999999994999,
        0.34774999999949996,
        0.3582499999994999,
        0.36124999999949986
    ],
    "train_weighted_f1": [
        0.13007789070430323,
        0.19413602292663096,
        0.2596414566204277,
        0.28603787939566677,
        0.305530613399962,
        0.3123836929783678,
        0.3133959687582661,
        0.32566393102312957,
        0.33397894774850656,
        0.3386085163987163
    ],
    "train_confidence": [
        0.23323818778991698,
        0.28506032180786134,
        0.3136813726425171,
        0.32567858028411867,
        0.3355102491378784,
        0.34066962337493895,
        0.35538969612121585,
        0.359092041015625,
        0.3639169683456421,
        0.3716485290527344
    ],
    "val_loss": [
        2.221190906524658,
        2.0654658203125,
        2.0020833568573,
        1.969358018875122,
        1.9465935707092286,
        1.9290208702087401,
        1.9310114135742187,
        1.916627227783203,
        1.896588677406311,
        1.8867341575622558
    ],
    "val_accuracy": [
        0.20200000703334808,
        0.28700000047683716,
        0.3019999861717224,
        0.32100000977516174,
        0.3160000145435333,
        0.30799999833106995,
        0.296999990940094,
        0.3100000023841858,
        0.3179999887943268,
        0.3149999976158142
    ],
    "val_macro_precision": [
        0.0819703466329632,
        0.25157836927155947,
        0.284477534084863,
        0.30448490102171527,
        0.29360696080253795,
        0.3049631777453497,
        0.27980238347714537,
        0.3215290282502709,
        0.31978919483955937,
        0.3099500366090287
    ],
    "val_macro_recall": [
        0.11265549998636273,
        0.2309637110523192,
        0.2527508010718639,
        0.274610961997798,
        0.2698814256063195,
        0.26314298689214455,
        0.24635703516250307,
        0.2640125438536838,
        0.27131588922719246,
        0.27681451028975934
    ],
    "val_macro_f1": [
        0.05409729159720844,
        0.19921944314547496,
        0.23134600418954632,
        0.26036552354397346,
        0.2578589422488686,
        0.2504452875087998,
        0.24241307851104357,
        0.2442359765439494,
        0.2665896186402038,
        0.2671699210955624
    ],
    "val_micro_f1": [
        0.2019999999994998,
        0.2869999999994997,
        0.3019999999994997,
        0.3209999999994997,
        0.3159999999994997,
        0.3079999999994997,
        0.2969999999994997,
        0.3099999999994997,
        0.3179999999994997,
        0.3149999999994997
    ],
    "val_weighted_f1": [
        0.08486491286480062,
        0.23214709094374195,
        0.2672510268510996,
        0.29079327044840325,
        0.28884550187822683,
        0.2817948984304348,
        0.2750187362769309,
        0.27835517565694734,
        0.2971173981727273,
        0.2992522037694929
    ],
    "val_confidence": [
        0.32655877494812013,
        0.27861719131469725,
        0.2676405048370361,
        0.28624883651733396,
        0.3085272598266602,
        0.3121057567596436,
        0.3383738842010498,
        0.3354345226287842,
        0.32160076904296875,
        0.32539792251586913
    ],
    "grad_norm": [
        1.4172367062467275,
        1.2325788096562478,
        1.3200575237425318,
        1.3477259883177966,
        1.4349986251363833,
        1.3345377135294023,
        1.2626303538164334,
        1.3749732892934046,
        1.2968282095976538,
        1.3924073985685137
    ],
    "fractional_applied_params": [
        0.0,
        0.0,
        0.0,
        2.0,
        2.0,
        2.0,
        2.0,
        2.0,
        2.0,
        2.0
    ],
    "epoch_time": [
        4.511369705200195,
        1.252023458480835,
        0.9017343521118164,
        1.166914701461792,
        1.2783524990081787,
        1.378577470779419,
        1.4380207061767578,
        1.2414329051971436,
        1.5476243495941162,
        1.5817663669586182
    ],
    "throughput_samples_per_sec": [
        886.6486813060907,
        3194.8283180360468,
        4435.89621558966,
        3427.8426649259,
        3129.027402929502,
        2901.5416868364196,
        2781.6011152125443,
        3222.0831131947375,
        2584.6065300336286,
        2528.8184674776608
    ],
    "lr": [
        0.0003,
        0.0003,
        0.0003,
        0.0003,
        0.0003,
        0.0003,
        0.0003,
        0.0003,
        0.0003,
        0.0003
    ]
}