{
    "train_loss": [
        2.1123841619491577,
        2.069491386413574,
        1.9772540354728698,
        1.9518581438064575,
        1.9478065967559814,
        1.9391551256179809,
        1.9354217767715454,
        1.9292906522750854,
        1.9237141299247742,
        1.9157947659492494
    ],
    "train_accuracy": [
        0.3395833373069763,
        0.34593749046325684,
        0.34062498807907104,
        0.34375,
        0.34312498569488525,
        0.3463541567325592,
        0.3423958420753479,
        0.343854159116745,
        0.34458333253860474,
        0.34312498569488525
    ],
    "train_macro_precision": [
        0.14390798127523435,
        0.034629822732012504,
        0.12581232270703635,
        0.14622246116674445,
        0.13550532197723097,
        0.15104297124678853,
        0.13672648330132575,
        0.13686643646020913,
        0.14872930477851126,
        0.14224840516617912
    ],
    "train_macro_recall": [
        0.09945111695356372,
        0.09996989765201683,
        0.11504395471420155,
        0.1234020646653862,
        0.12013163861974363,
        0.12853527960717176,
        0.11995488562183323,
        0.12374888203542656,
        0.12453297567164963,
        0.12603044354016607
    ],
    "train_macro_f1": [
        0.053548851678530206,
        0.05144052044605842,
        0.0879268195914483,
        0.10102455118454405,
        0.09704433845344419,
        0.11017580887313058,
        0.09647217393394891,
        0.10191588020525329,
        0.10430033798291634,
        0.10684580120815071
    ],
    "train_micro_f1": [
        0.3395833333328333,
        0.34593749999949996,
        0.34062499999949997,
        0.34374999999949996,
        0.34312499999949997,
        0.3463541666661666,
        0.3423958333328333,
        0.34385416666616664,
        0.34458333333283325,
        0.34312499999949997
    ],
    "train_weighted_f1": [
        0.17816942985953363,
        0.17800563429354802,
        0.2155333660814685,
        0.2260401849800463,
        0.2224875509871521,
        0.23474158119028038,
        0.22147494156642675,
        0.22741482783744293,
        0.23024785639310333,
        0.234050150689924
    ],
    "train_confidence": [
        0.34640687266985576,
        0.34396968563397723,
        0.35367842475573225,
        0.35330461343129477,
        0.3518788540363312,
        0.3570625992616018,
        0.3461749704678853,
        0.3549318790435791,
        0.35221535166104634,
        0.35105588754018147
    ],
    "val_loss": [
        2.1002579402923582,
        2.0364179468154906,
        1.9882985353469849,
        1.9715893507003783,
        1.9671397733688354,
        1.9712757444381714,
        1.9645192861557006,
        1.968412675857544,
        1.9763096475601196,
        1.971020107269287
    ],
    "val_accuracy": [
        0.32875001430511475,
        0.32875001430511475,
        0.3279166519641876,
        0.3241666555404663,
        0.3254166543483734,
        0.3266666531562805,
        0.33000001311302185,
        0.3245833218097687,
        0.3258333206176758,
        0.32374998927116394
    ],
    "val_macro_precision": [
        0.03287499999999999,
        0.03287499999999999,
        0.04787301300578026,
        0.13448870882176847,
        0.07764313573123152,
        0.0646624511880321,
        0.07632200562543293,
        0.09462213226458692,
        0.0971551555181571,
        0.12392171705358934
    ],
    "val_macro_recall": [
        0.09999999999999987,
        0.09999999999999987,
        0.1121305886980462,
        0.13027269800130012,
        0.11883588396169886,
        0.10816840444371101,
        0.12793849241955185,
        0.12877527668416952,
        0.11447952686398226,
        0.11704126907817577
    ],
    "val_macro_f1": [
        0.04948259642517439,
        0.04948259642517439,
        0.06543850159610157,
        0.087083665299481,
        0.08343963125491759,
        0.06785771680924105,
        0.09016456794657293,
        0.09318408661784819,
        0.0715041698586745,
        0.08015362585155036
    ],
    "val_micro_f1": [
        0.3287499999994999,
        0.3287499999994999,
        0.32791666666616653,
        0.32416666666616656,
        0.32541666666616653,
        0.32666666666616656,
        0.32999999999949986,
        0.32458333333283323,
        0.3258333333328332,
        0.3237499999994999
    ],
    "val_weighted_f1": [
        0.1626740357477608,
        0.1626740357477608,
        0.1780011913977365,
        0.20719505986180842,
        0.2020263430010029,
        0.18218024771556868,
        0.20402496743952392,
        0.209703844118142,
        0.1905679265928133,
        0.19357242700126245
    ],
    "val_confidence": [
        0.39240976333618166,
        0.3580967124303182,
        0.39504898866017657,
        0.2936918346087138,
        0.3418829615910848,
        0.38038038889567055,
        0.3465741634368896,
        0.2949926201502482,
        0.37260648409525554,
        0.3628831768035889
    ],
    "grad_norm": [
        1.6481675600296213,
        1.369778676583347,
        1.3199812869024554,
        1.228607069782293,
        1.2582309595738361,
        1.1687942946001852,
        1.192607746368399,
        1.2187666008377902,
        1.1527140945270118,
        1.1460163153239689
    ],
    "fractional_applied_params": [
        0.0,
        0.0,
        0.0,
        0.0,
        0.0,
        0.0,
        0.0,
        0.0,
        0.0,
        0.0
    ],
    "epoch_time": [
        7.737882375717163,
        3.330397129058838,
        4.068571090698242,
        4.114680290222168,
        4.413043260574341,
        4.441955327987671,
        4.4090142250061035,
        4.395749568939209,
        4.43462610244751,
        4.451310157775879
    ],
    "throughput_samples_per_sec": [
        1240.649512859809,
        2882.5391171031115,
        2359.550757745875,
        2333.1095790875306,
        2175.3695654346693,
        2161.2103884775147,
        2177.3574568103622,
        2183.927871559046,
        2164.782278871645,
        2156.6684099129798
    ],
    "lr": [
        0.0003,
        0.0003,
        0.0003,
        0.0003,
        0.0003,
        0.0003,
        0.0003,
        0.0003,
        0.0003,
        0.0003
    ]
}