{
    "train_loss": [
        2.1120529174804688,
        2.0842980432510374,
        2.0246744894981386,
        1.9659141159057618,
        1.9630509614944458,
        1.9551797795295716,
        1.9500653433799744,
        1.9493811058998107,
        1.9436431241035461,
        1.9413665175437926
    ],
    "train_accuracy": [
        0.3318749964237213,
        0.3389583230018616,
        0.33552083373069763,
        0.33645832538604736,
        0.3359375,
        0.33395832777023315,
        0.3359375,
        0.3369791805744171,
        0.3357291519641876,
        0.3376041650772095
    ],
    "train_macro_precision": [
        0.16073157373196179,
        0.07058760126559593,
        0.14200613022129538,
        0.13383554213390017,
        0.13944363467050763,
        0.11945438256643912,
        0.1371239613056355,
        0.14726268542444712,
        0.1465751894299378,
        0.1491405272547515
    ],
    "train_macro_recall": [
        0.10056694366376633,
        0.10019842187456693,
        0.1090263745293707,
        0.12141979405339969,
        0.12487366799167288,
        0.11798063159737275,
        0.11978596353943345,
        0.12340784266771251,
        0.12351045880584996,
        0.12512092599709612
    ],
    "train_macro_f1": [
        0.05559604382713197,
        0.051109668964281596,
        0.07342411037997722,
        0.09796384379444502,
        0.10450310394164672,
        0.09124764358641733,
        0.09578941171987417,
        0.10134612163031716,
        0.10173082831197644,
        0.10430805577767557
    ],
    "train_micro_f1": [
        0.33187499999949993,
        0.33895833333283326,
        0.3355208333328333,
        0.33645833333283326,
        0.33593749999949996,
        0.33395833333283326,
        0.33593749999949996,
        0.3369791666661666,
        0.3357291666661666,
        0.3376041666661666
    ],
    "train_weighted_f1": [
        0.17354264322528606,
        0.172057947719339,
        0.19504329088478362,
        0.2191556495186703,
        0.22579553721578596,
        0.21333091802984216,
        0.21555767688954333,
        0.2196775090037618,
        0.21893627806745083,
        0.2228398900033128
    ],
    "train_confidence": [
        0.3390544287363688,
        0.3391185875733693,
        0.343723193804423,
        0.34472524126370746,
        0.34537116090456643,
        0.34962939222653705,
        0.3406538693110148,
        0.3447122085094452,
        0.34354451179504397,
        0.34527140418688457
    ],
    "val_loss": [
        2.037269287109375,
        2.029914960861206,
        1.9424579286575316,
        1.9226340675354003,
        1.919218282699585,
        1.912780327796936,
        1.9065660810470582,
        1.9167021751403808,
        1.9109793376922608,
        1.9082736730575562
    ],
    "val_accuracy": [
        0.35749998688697815,
        0.35749998688697815,
        0.35499998927116394,
        0.3541666567325592,
        0.35624998807907104,
        0.3529166579246521,
        0.35624998807907104,
        0.35749998688697815,
        0.3487499952316284,
        0.34958332777023315
    ],
    "val_macro_precision": [
        0.03574999999999999,
        0.03574999999999999,
        0.07479798316410044,
        0.06704973980144185,
        0.0731451235410657,
        0.0954209121815065,
        0.0838824417746579,
        0.17364492669793885,
        0.07625917669163629,
        0.11163932332438882
    ],
    "val_macro_recall": [
        0.09999999999999988,
        0.09999999999999988,
        0.1180680278270652,
        0.12420469217746202,
        0.10433555698486971,
        0.12110443679198031,
        0.1228756545965447,
        0.1181994293594844,
        0.12139059998729781,
        0.12039919340380315
    ],
    "val_macro_f1": [
        0.05267034990788013,
        0.05267034990788013,
        0.07853559293090581,
        0.08253941321210886,
        0.06338362628501445,
        0.08630939137563658,
        0.0823812300016295,
        0.07744400209659599,
        0.08594004961112843,
        0.09180736196952716
    ],
    "val_micro_f1": [
        0.35749999999949983,
        0.35749999999949983,
        0.3549999999994999,
        0.35416666666616653,
        0.35624999999949986,
        0.35291666666616656,
        0.35624999999949986,
        0.35749999999949983,
        0.3487499999994999,
        0.3495833333328332
    ],
    "val_weighted_f1": [
        0.1882965009206715,
        0.1882965009206715,
        0.21359298934683962,
        0.2231463929860385,
        0.19939210797100337,
        0.22437309661624696,
        0.22060444596568904,
        0.2140770534525757,
        0.22957212628943832,
        0.2304471875750851
    ],
    "val_confidence": [
        0.36400779406229655,
        0.2989864842096965,
        0.310491844813029,
        0.33733894348144533,
        0.3937828000386556,
        0.32522250334421793,
        0.34642846743265787,
        0.3935814380645752,
        0.3173197921117147,
        0.32079640388488767
    ],
    "grad_norm": [
        1.3844867113297736,
        0.960165826509285,
        1.0902583411653148,
        1.0264724778962708,
        0.9600405234961085,
        1.0245578541816733,
        0.9425786786159475,
        1.0393267776534096,
        0.9883856949193316,
        0.9978647426259074
    ],
    "fractional_applied_params": [
        2.0,
        2.0,
        2.0,
        2.0,
        2.0,
        2.0,
        2.0,
        2.0,
        2.0,
        2.0
    ],
    "epoch_time": [
        7.3405601978302,
        3.8365533351898193,
        3.8408422470092773,
        3.83237624168396,
        1.066467523574829,
        0.8416421413421631,
        0.9968390464782715,
        3.5733602046966553,
        0.8680720329284668,
        1.7349960803985596
    ],
    "throughput_samples_per_sec": [
        1307.802094292159,
        2502.245938286956,
        2499.451782346741,
        2504.973257996643,
        9001.680583596704,
        11406.272961440502,
        9630.441377588288,
        2686.5469614236526,
        11058.990078984707,
        5533.153710522913
    ],
    "lr": [
        0.0003,
        0.0003,
        0.0003,
        0.0003,
        0.0003,
        0.0003,
        0.0003,
        0.0003,
        0.0003,
        0.0003
    ]
}