{
    "train_loss": [
        2.4164399490356447,
        NaN,
        NaN,
        NaN,
        NaN,
        NaN,
        NaN,
        NaN,
        NaN,
        NaN
    ],
    "train_accuracy": [
        0.1928749978542328,
        0.2809999883174896,
        0.2809999883174896,
        0.2809999883174896,
        0.2809999883174896,
        0.2809999883174896,
        0.2809999883174896,
        0.2809999883174896,
        0.2809999883174896,
        0.2809999883174896
    ],
    "train_macro_precision": [
        0.0919062491084203,
        0.028099999999999997,
        0.028099999999999997,
        0.028099999999999997,
        0.028099999999999997,
        0.028099999999999997,
        0.028099999999999997,
        0.028099999999999997,
        0.028099999999999997,
        0.028099999999999997
    ],
    "train_macro_recall": [
        0.09898427737521155,
        0.09999999999999995,
        0.09999999999999995,
        0.09999999999999995,
        0.09999999999999995,
        0.09999999999999995,
        0.09999999999999995,
        0.09999999999999995,
        0.09999999999999995,
        0.09999999999999995
    ],
    "train_macro_f1": [
        0.07933916544482222,
        0.04387197501948174,
        0.04387197501948174,
        0.04387197501948174,
        0.04387197501948174,
        0.04387197501948174,
        0.04387197501948174,
        0.04387197501948174,
        0.04387197501948174,
        0.04387197501948174
    ],
    "train_micro_f1": [
        0.19287499999950003,
        0.2809999999995,
        0.2809999999995,
        0.2809999999995,
        0.2809999999995,
        0.2809999999995,
        0.2809999999995,
        0.2809999999995,
        0.2809999999995,
        0.2809999999995
    ],
    "train_weighted_f1": [
        0.1442834390275498,
        0.12328024980474371,
        0.12328024980474371,
        0.12328024980474371,
        0.12328024980474371,
        0.12328024980474371,
        0.12328024980474371,
        0.12328024980474371,
        0.12328024980474371,
        0.12328024980474371
    ],
    "train_confidence": [
        0.33525929260253906,
        NaN,
        NaN,
        NaN,
        NaN,
        NaN,
        NaN,
        NaN,
        NaN,
        NaN
    ],
    "val_loss": [
        2.434247428894043,
        NaN,
        NaN,
        NaN,
        NaN,
        NaN,
        NaN,
        NaN,
        NaN,
        NaN
    ],
    "val_accuracy": [
        0.2840000092983246,
        0.2840000092983246,
        0.2840000092983246,
        0.2840000092983246,
        0.2840000092983246,
        0.2840000092983246,
        0.2840000092983246,
        0.2840000092983246,
        0.2840000092983246,
        0.2840000092983246
    ],
    "val_macro_precision": [
        0.028399999999999988,
        0.028399999999999988,
        0.028399999999999988,
        0.028399999999999988,
        0.028399999999999988,
        0.028399999999999988,
        0.028399999999999988,
        0.028399999999999988,
        0.028399999999999988,
        0.028399999999999988
    ],
    "val_macro_recall": [
        0.09999999999999983,
        0.09999999999999983,
        0.09999999999999983,
        0.09999999999999983,
        0.09999999999999983,
        0.09999999999999983,
        0.09999999999999983,
        0.09999999999999983,
        0.09999999999999983,
        0.09999999999999983
    ],
    "val_macro_f1": [
        0.044236760124576106,
        0.044236760124576106,
        0.044236760124576106,
        0.044236760124576106,
        0.044236760124576106,
        0.044236760124576106,
        0.044236760124576106,
        0.044236760124576106,
        0.044236760124576106,
        0.044236760124576106
    ],
    "val_micro_f1": [
        0.2839999999994999,
        0.2839999999994999,
        0.2839999999994999,
        0.2839999999994999,
        0.2839999999994999,
        0.2839999999994999,
        0.2839999999994999,
        0.2839999999994999,
        0.2839999999994999,
        0.2839999999994999
    ],
    "val_weighted_f1": [
        0.12563239875379614,
        0.12563239875379614,
        0.12563239875379614,
        0.12563239875379614,
        0.12563239875379614,
        0.12563239875379614,
        0.12563239875379614,
        0.12563239875379614,
        0.12563239875379614,
        0.12563239875379614
    ],
    "val_confidence": [
        0.6012533264160156,
        NaN,
        NaN,
        NaN,
        NaN,
        NaN,
        NaN,
        NaN,
        NaN,
        NaN
    ],
    "grad_norm": [
        1.636434318868788,
        NaN,
        NaN,
        NaN,
        NaN,
        NaN,
        NaN,
        NaN,
        NaN,
        NaN
    ],
    "fractional_applied_params": [
        42.0,
        42.0,
        42.0,
        42.0,
        42.0,
        42.0,
        42.0,
        42.0,
        42.0,
        42.0
    ],
    "epoch_time": [
        6.304939031600952,
        2.886456251144409,
        3.2022712230682373,
        3.285012722015381,
        2.477701187133789,
        3.2810840606689453,
        2.781970977783203,
        3.3310818672180176,
        3.3355467319488525,
        3.29321026802063
    ],
    "throughput_samples_per_sec": [
        1268.8465280795328,
        2771.5646120838296,
        2498.2268654729523,
        2435.302593011554,
        3228.7993570582335,
        2438.218543650773,
        2875.6590431345016,
        2401.622151268612,
        2398.4074105074396,
        2429.240573456722
    ],
    "lr": [
        0.0003,
        0.0003,
        0.0003,
        0.0003,
        0.0003,
        0.0003,
        0.0003,
        0.0003,
        0.0003,
        0.0003
    ]
}