{
    "train_loss": [
        0.3317992710635021,
        NaN,
        NaN,
        NaN,
        NaN
    ],
    "train_accuracy": [
        0.8976703882217407,
        0.0,
        0.0,
        0.0,
        0.0
    ],
    "train_macro_precision": [
        0.8980389951912392,
        0.0,
        0.0,
        0.0,
        0.0
    ],
    "train_macro_recall": [
        0.897655279988411,
        0.0,
        0.0,
        0.0,
        0.0
    ],
    "train_macro_f1": [
        0.8975902334337489,
        0.0,
        0.0,
        0.0,
        0.0
    ],
    "train_micro_f1": [
        0.8976704116309199,
        0.0,
        0.0,
        0.0,
        0.0
    ],
    "train_weighted_f1": [
        0.8975807314820489,
        0.0,
        0.0,
        0.0,
        0.0
    ],
    "train_confidence": [
        0.8659247934840777,
        NaN,
        NaN,
        NaN,
        NaN
    ],
    "val_loss": [
        0.0,
        0.0,
        0.0,
        0.0,
        0.0
    ],
    "val_accuracy": [
        0.24983333051204681,
        0.24983333051204681,
        0.24983333051204681,
        0.24983333051204681,
        0.24983333051204681
    ],
    "val_macro_precision": [
        0.062458333333333324,
        0.062458333333333324,
        0.062458333333333324,
        0.062458333333333324,
        0.062458333333333324
    ],
    "val_macro_recall": [
        0.24999999999999992,
        0.24999999999999992,
        0.24999999999999992,
        0.24999999999999992,
        0.24999999999999992
    ],
    "val_macro_f1": [
        0.09994665955452729,
        0.09994665955452729,
        0.09994665955452729,
        0.09994665955452729,
        0.09994665955452729
    ],
    "val_micro_f1": [
        0.2498333333328333,
        0.2498333333328333,
        0.2498333333328333,
        0.2498333333328333,
        0.2498333333328333
    ],
    "val_weighted_f1": [
        0.0998800284481576,
        0.0998800284481576,
        0.0998800284481576,
        0.0998800284481576,
        0.0998800284481576
    ],
    "val_confidence": [
        NaN,
        NaN,
        NaN,
        NaN,
        NaN
    ],
    "test_loss": [
        0.0,
        0.0,
        0.0,
        0.0,
        0.0
    ],
    "test_accuracy": [
        0.25,
        0.25,
        0.25,
        0.25,
        0.25
    ],
    "test_macro_precision": [
        0.06249999999999999,
        0.06249999999999999,
        0.06249999999999999,
        0.06249999999999999,
        0.06249999999999999
    ],
    "test_macro_recall": [
        0.2499999999999999,
        0.2499999999999999,
        0.2499999999999999,
        0.2499999999999999,
        0.2499999999999999
    ],
    "test_macro_f1": [
        0.09999999999991997,
        0.09999999999991997,
        0.09999999999991997,
        0.09999999999991997,
        0.09999999999991997
    ],
    "test_micro_f1": [
        0.24999999999949996,
        0.24999999999949996,
        0.24999999999949996,
        0.24999999999949996,
        0.24999999999949996
    ],
    "test_weighted_f1": [
        0.09999999999991997,
        0.09999999999991997,
        0.09999999999991997,
        0.09999999999991997,
        0.09999999999991997
    ],
    "test_confidence": [
        NaN,
        NaN,
        NaN,
        NaN,
        NaN
    ],
    "grad_norm": [
        0.5327290365183622,
        0.0,
        0.0,
        0.0,
        0.0
    ],
    "nonfinite_grad_tensors": [
        0.0007552870090634441,
        0.0,
        0.0,
        0.0,
        0.0
    ],
    "nonfinite_train_loss_batches": [
        727,
        3375,
        3375,
        3375,
        3375
    ],
    "nonfinite_val_loss_batches": [
        375,
        375,
        375,
        375,
        375
    ],
    "nonfinite_test_loss_batches": [
        238,
        238,
        238,
        238,
        238
    ],
    "fractional_applied_params": [
        21.0,
        0.0,
        0.0,
        0.0,
        0.0
    ],
    "epoch_time": [
        417.50493812561035,
        30.760891914367676,
        30.67190456390381,
        28.978721141815186,
        28.589380502700806
    ],
    "throughput_samples_per_sec": [
        202.9580784850654,
        0.0,
        0.0,
        0.0,
        0.0
    ],
    "lr": [
        2e-05,
        2e-05,
        2e-05,
        2e-05,
        2e-05
    ]
}