{
    "train_loss": [
        NaN,
        NaN,
        NaN
    ],
    "train_accuracy": [
        0.6437592506408691,
        0.25059258937835693,
        0.25059258937835693
    ],
    "train_macro_precision": [
        0.7681664044929074,
        0.06264814814814815,
        0.06264814814814815
    ],
    "train_macro_recall": [
        0.643542728184411,
        0.25,
        0.25
    ],
    "train_macro_f1": [
        0.6556105473272631,
        0.10018953977365679,
        0.10018953977365679
    ],
    "train_micro_f1": [
        0.6437592592587592,
        0.2505925925920926,
        0.2505925925920926
    ],
    "train_weighted_f1": [
        0.6555421918006012,
        0.10042702609015731,
        0.10042702609015731
    ],
    "train_confidence": [
        NaN,
        NaN,
        NaN
    ],
    "val_loss": [
        NaN,
        NaN,
        NaN
    ],
    "val_accuracy": [
        0.2446666657924652,
        0.2446666657924652,
        0.2446666657924652
    ],
    "val_macro_precision": [
        0.06116666666666666,
        0.06116666666666666,
        0.06116666666666666
    ],
    "val_macro_recall": [
        0.24999999999999992,
        0.24999999999999992,
        0.24999999999999992
    ],
    "val_macro_f1": [
        0.09828602035342932,
        0.09828602035342932,
        0.09828602035342932
    ],
    "val_micro_f1": [
        0.24466666666616665,
        0.24466666666616665,
        0.24466666666616665
    ],
    "val_weighted_f1": [
        0.09618925191922283,
        0.09618925191922283,
        0.09618925191922283
    ],
    "val_confidence": [
        NaN,
        NaN,
        NaN
    ],
    "test_loss": [
        NaN,
        NaN,
        NaN
    ],
    "test_accuracy": [
        0.25,
        0.25,
        0.25
    ],
    "test_macro_precision": [
        0.06249999999999999,
        0.06249999999999999,
        0.06249999999999999
    ],
    "test_macro_recall": [
        0.2499999999999999,
        0.2499999999999999,
        0.2499999999999999
    ],
    "test_macro_f1": [
        0.09999999999991997,
        0.09999999999991997,
        0.09999999999991997
    ],
    "test_micro_f1": [
        0.24999999999949996,
        0.24999999999949996,
        0.24999999999949996
    ],
    "test_weighted_f1": [
        0.09999999999991997,
        0.09999999999991997,
        0.09999999999991997
    ],
    "test_confidence": [
        NaN,
        NaN,
        NaN
    ],
    "grad_norm": [
        NaN,
        NaN,
        NaN
    ],
    "fractional_applied_params": [
        73.0,
        73.0,
        73.0
    ],
    "epoch_time": [
        262.2121915817261,
        192.40922260284424,
        186.09559845924377
    ],
    "throughput_samples_per_sec": [
        411.8801622019114,
        561.3036555057705,
        580.3468802818179
    ],
    "lr": [
        2e-05,
        2e-05,
        2e-05
    ]
}