{
    "train_loss": [
        2.184998458226522,
        2.1230182385444643,
        2.0944325868288676,
        2.0637463243802388,
        2.0159705678621926,
        1.9816989175478616,
        1.9788632210095722,
        1.9702588200569153,
        1.963433447678884,
        1.96189000527064
    ],
    "train_accuracy": [
        0.31166666746139526,
        0.3409374952316284,
        0.3421874940395355,
        0.3389583230018616,
        0.3291666805744171,
        0.3386458456516266,
        0.3373958468437195,
        0.33781251311302185,
        0.3386458456516266,
        0.33916667103767395
    ],
    "train_macro_precision": [
        0.07990366093811449,
        0.06162288704440907,
        0.03421874999999999,
        0.07692588112085232,
        0.13161931491185125,
        0.09893583078888972,
        0.12409937812157398,
        0.11015222960206397,
        0.11849803795219542,
        0.15541803177898345
    ],
    "train_macro_recall": [
        0.09937307800709083,
        0.09996897642570177,
        0.09999999999999998,
        0.1012563547857851,
        0.11256046707382095,
        0.10769398209688372,
        0.1100107719286526,
        0.10973048996924362,
        0.11197002001768216,
        0.10919216058623049
    ],
    "train_macro_f1": [
        0.06612286209696272,
        0.051799506325552344,
        0.050989522700776904,
        0.05683775667424494,
        0.08313383709776563,
        0.06954711197858524,
        0.07676050595851683,
        0.07370247147054436,
        0.07821145763949686,
        0.07327340783286071
    ],
    "train_micro_f1": [
        0.3116666666661666,
        0.34093749999949996,
        0.34218749999949993,
        0.33895833333283326,
        0.3291666666661666,
        0.33864583333283327,
        0.3373958333328333,
        0.33781249999949997,
        0.33864583333283327,
        0.3391666666661666
    ],
    "train_weighted_f1": [
        0.1827932684242291,
        0.17500312895014491,
        0.17447977299172096,
        0.18060540657377935,
        0.20533977421134664,
        0.1914208452684675,
        0.19973951109274438,
        0.19758509033362429,
        0.19896988707905766,
        0.19492248424687053
    ],
    "train_confidence": [
        0.3434688830375671,
        0.3459854519367218,
        0.3363851946592331,
        0.3538922149936358,
        0.3290780724088351,
        0.3476520446936289,
        0.3388077587882678,
        0.34874219258626304,
        0.3410520547628403,
        0.34110133022069933
    ],
    "val_loss": [
        2.102632710138957,
        2.0849551073710124,
        2.0787753534317015,
        2.0154697291056314,
        1.9841215324401855,
        1.9840179189046223,
        1.9630535586675009,
        1.9702376222610474,
        1.9710363213221231,
        1.973357629776001
    ],
    "val_accuracy": [
        0.34416666626930237,
        0.34416666626930237,
        0.34416666626930237,
        0.3462499976158142,
        0.34416666626930237,
        0.34416666626930237,
        0.34416666626930237,
        0.34416666626930237,
        0.34291666746139526,
        0.3420833349227905
    ],
    "val_macro_precision": [
        0.03441666666666665,
        0.03441666666666665,
        0.03441666666666665,
        0.0516999015276549,
        0.03441666666666665,
        0.03441666666666665,
        0.03443101292205084,
        0.03441666666666665,
        0.04676933424302264,
        0.06266263324169799
    ],
    "val_macro_recall": [
        0.09999999999999988,
        0.09999999999999988,
        0.09999999999999988,
        0.11775200713648507,
        0.09999999999999988,
        0.09999999999999988,
        0.09999999999999988,
        0.09999999999999988,
        0.12038490440009988,
        0.12906178508808513
    ],
    "val_macro_f1": [
        0.051208927464314005,
        0.051208927464314005,
        0.051208927464314005,
        0.07183987510575157,
        0.051208927464314005,
        0.051208927464314005,
        0.05122480620151224,
        0.051208927464314005,
        0.06728314570543521,
        0.08347043241011269
    ],
    "val_micro_f1": [
        0.3441666666661665,
        0.3441666666661665,
        0.3441666666661665,
        0.3462499999994999,
        0.3441666666661665,
        0.3441666666661665,
        0.3441666666661665,
        0.3441666666661665,
        0.34291666666616655,
        0.3420833333328332
    ],
    "val_weighted_f1": [
        0.17624405868968068,
        0.17624405868968068,
        0.17624405868968068,
        0.20982192156973728,
        0.17624405868968068,
        0.17624405868968068,
        0.17629870801020464,
        0.17624405868968068,
        0.196242776718406,
        0.2160323539734063
    ],
    "val_confidence": [
        0.27371528347333274,
        0.30135315616925556,
        0.40310670852661135,
        0.2936386032899221,
        0.34415627280871075,
        0.40019164482752484,
        0.3157389259338379,
        0.3519585120677948,
        0.3256185082594554,
        0.27335609396298727
    ],
    "grad_norm": [
        1.1708556286542704,
        0.8795974133042033,
        0.5013793752031093,
        0.7127802028121231,
        0.7989449307883508,
        0.44128133277330905,
        0.5514473053151127,
        0.5227061099178485,
        0.4023440248183803,
        0.472877668838839
    ],
    "epoch_time": [
        176.2519679069519,
        175.79342699050903,
        175.68864631652832,
        176.82178568840027,
        180.11207962036133,
        176.46964693069458,
        178.86311864852905,
        178.5097713470459,
        179.3660011291504,
        182.3677625656128
    ],
    "throughput_samples_per_sec": [
        54.46747695360823,
        54.609550336135705,
        54.642119461175774,
        54.29195255904359,
        53.30014522199064,
        54.40029017437902,
        53.67232816097915,
        53.778568688749075,
        53.521848842956764,
        52.64088271382989
    ],
    "lr": [
        0.0003,
        0.0003,
        0.0003,
        0.0003,
        0.0003,
        0.0003,
        0.0003,
        0.0003,
        0.0003,
        0.0003
    ]
}