{
    "train_loss": [
        2.2595865440368654,
        2.1328206520080566,
        2.0354232387542726,
        1.9966722602844238,
        1.9387853384017943,
        1.9069770030975342,
        1.8616595363616943,
        1.8196150798797608,
        1.7870074634552002,
        1.7629450731277465
    ],
    "train_accuracy": [
        0.2094999998807907,
        0.24799999594688416,
        0.2800000011920929,
        0.2955000102519989,
        0.3255000114440918,
        0.3269999921321869,
        0.3412500023841858,
        0.35874998569488525,
        0.3644999861717224,
        0.36675000190734863
    ],
    "train_macro_precision": [
        0.06447024495835839,
        0.145053920110282,
        0.1875385456175703,
        0.2083002487682167,
        0.2617945588770208,
        0.24725718602374708,
        0.2788325195217683,
        0.2982009948651422,
        0.3051800847273282,
        0.30576433909370376
    ],
    "train_macro_recall": [
        0.10171537221857863,
        0.14120285850016545,
        0.1914021437053109,
        0.21442545556795062,
        0.2539474751914041,
        0.2556775910277556,
        0.2740280569185031,
        0.2950208956428932,
        0.3020478342153406,
        0.3040293858261852
    ],
    "train_macro_f1": [
        0.05581586372845413,
        0.10901084212902526,
        0.16531699485688733,
        0.19620137893210957,
        0.24020797102159558,
        0.24023289263719289,
        0.2655163644773038,
        0.28547755782455964,
        0.29861971638566265,
        0.2953011939299658
    ],
    "train_micro_f1": [
        0.20949999999949998,
        0.24799999999949995,
        0.2799999999994999,
        0.29549999999949994,
        0.3254999999994999,
        0.3269999999994999,
        0.34124999999949995,
        0.3587499999994999,
        0.36449999999949995,
        0.3667499999994999
    ],
    "train_weighted_f1": [
        0.10012374652138603,
        0.15812231565916418,
        0.2201728398320291,
        0.24678434347955672,
        0.29002698858154236,
        0.2907727184821094,
        0.31443045830935124,
        0.33417182953389774,
        0.34584865936822184,
        0.34404123040611984
    ],
    "train_confidence": [
        0.23496525621414185,
        0.2448501615524292,
        0.28983957767486573,
        0.29664412879943847,
        0.3151505308151245,
        0.3330864448547363,
        0.34668868827819826,
        0.36785584545135497,
        0.380102689743042,
        0.38418615531921385
    ],
    "val_loss": [
        2.1989424018859864,
        2.1042374420166015,
        2.0710369720458983,
        2.032971625328064,
        1.9972334823608398,
        1.9721473140716552,
        1.9541141967773437,
        1.947405023574829,
        1.9373206415176392,
        1.9302148838043214
    ],
    "val_accuracy": [
        0.22300000488758087,
        0.2619999945163727,
        0.26600000262260437,
        0.2680000066757202,
        0.28200000524520874,
        0.296999990940094,
        0.28299999237060547,
        0.29600000381469727,
        0.30399999022483826,
        0.31200000643730164
    ],
    "val_macro_precision": [
        0.05088832920686297,
        0.15604641325490906,
        0.21452305212318662,
        0.19673740877147256,
        0.20796168936020215,
        0.24240873358388054,
        0.23964259307663655,
        0.2578944368544262,
        0.273970247248673,
        0.2713570526884599
    ],
    "val_macro_recall": [
        0.11129408211487497,
        0.18252614845242754,
        0.199091623797017,
        0.1981522306496094,
        0.20930002502308373,
        0.24492475007754883,
        0.2270732243950265,
        0.24275892648227018,
        0.25085057317354126,
        0.2595147124443319
    ],
    "val_macro_f1": [
        0.055498230714694397,
        0.1341437058541649,
        0.14265119604075407,
        0.1604930840762424,
        0.1735287588635809,
        0.22394981978470993,
        0.22014822643313964,
        0.23371642505755746,
        0.2431398266830492,
        0.2511777791620522
    ],
    "val_micro_f1": [
        0.2229999999994998,
        0.26199999999949974,
        0.26599999999949975,
        0.26799999999949975,
        0.2819999999994997,
        0.2969999999994997,
        0.2829999999994997,
        0.2959999999994997,
        0.3039999999994997,
        0.3119999999994997
    ],
    "val_weighted_f1": [
        0.10135786270332366,
        0.18293033777229906,
        0.18817185972358627,
        0.21321281264822753,
        0.22140440928198662,
        0.2660768670032132,
        0.26617433025402765,
        0.28518028418728486,
        0.2868299846488489,
        0.2986847413281407
    ],
    "val_confidence": [
        0.18541838645935058,
        0.29050085639953616,
        0.2970272979736328,
        0.2815092639923096,
        0.32810708522796633,
        0.31756096363067626,
        0.34074455738067627,
        0.3510412635803223,
        0.3654142608642578,
        0.36978930473327637
    ],
    "grad_norm": [
        1.3315576505637314,
        1.0613445522266711,
        1.161205978731656,
        0.9220257153441829,
        0.8706902663507418,
        0.9642072342693297,
        0.9513515270883701,
        0.9935927231341667,
        1.0398545490266216,
        1.049308921233187
    ],
    "fractional_applied_params": [
        0.0,
        0.0,
        0.0,
        42.0,
        42.0,
        42.0,
        42.0,
        42.0,
        42.0,
        42.0
    ],
    "epoch_time": [
        4.173077821731567,
        0.3015570640563965,
        0.8509383201599121,
        1.0363755226135254,
        1.039940595626831,
        1.0625245571136475,
        1.0558078289031982,
        1.0628421306610107,
        1.049274206161499,
        1.0655426979064941
    ],
    "throughput_samples_per_sec": [
        958.525139207744,
        13264.48780935183,
        4700.693229150031,
        3859.6048562714263,
        3846.3735494323823,
        3764.618872307307,
        3788.5682323035135,
        3763.4940172274596,
        3812.158896608138,
        3753.9556207920414
    ],
    "lr": [
        0.0003,
        0.0003,
        0.0003,
        0.0003,
        0.0003,
        0.0003,
        0.0003,
        0.0003,
        0.0003,
        0.0003
    ]
}