{
    "prefix": "after",
    "retain_em_acc": 0.8666666666666667,
    "forget_em_acc": 0.4666666666666667,
    "retain_answer_nll": 0.053246271796524525,
    "forget_answer_nll": 0.11372197046875954,
    "general_ppl": 1.1362377819738922,
    "forget_minus_retain_nll": 0.06047569867223501,
    "retain_eval_n": 30,
    "forget_eval_n": 30
}