{
    "train_loss": [
        2.2591114687919616,
        2.2082794070243836,
        2.1534988832473756,
        2.106048336029053,
        2.093495979309082,
        2.0854210805892945,
        2.069035496711731,
        2.007058997154236,
        2.0262462282180786,
        2.018220863342285
    ],
    "train_accuracy": [
        0.25437501072883606,
        0.3152083456516266,
        0.34041666984558105,
        0.3435416519641876,
        0.34333333373069763,
        0.3434374928474426,
        0.3434374928474426,
        0.3400000035762787,
        0.33812499046325684,
        0.33416667580604553
    ],
    "train_macro_precision": [
        0.1849963454809867,
        0.09313273159312276,
        0.06487666861320911,
        0.13435090643874142,
        0.03434048760158366,
        0.03434374999999999,
        0.03434374999999999,
        0.13778197485427643,
        0.13249079143024695,
        0.1267653810768941
    ],
    "train_macro_recall": [
        0.09918033491926039,
        0.1000422077977682,
        0.1002162518709508,
        0.10011198208286672,
        0.09996966939642096,
        0.09999999999999998,
        0.09999999999999998,
        0.10824258661894293,
        0.11419067127635954,
        0.1104438780798342
    ],
    "train_macro_f1": [
        0.07700636115126405,
        0.06515680398395679,
        0.0536911226329488,
        0.05135981290977448,
        0.05112058937568895,
        0.051128169341669305,
        0.051128169341669305,
        0.07147328442608672,
        0.08449831645433689,
        0.07963907419839142
    ],
    "train_micro_f1": [
        0.2543749999995,
        0.31520833333283327,
        0.3404166666661666,
        0.3435416666661666,
        0.3433333333328333,
        0.34343749999949996,
        0.34343749999949996,
        0.3399999999994999,
        0.33812499999949996,
        0.3341666666661666
    ],
    "train_weighted_f1": [
        0.1814924375734318,
        0.18144056856120142,
        0.17753350277794772,
        0.1758286412054823,
        0.17556727413713175,
        0.1755933065827955,
        0.1755933065827955,
        0.1976063929423937,
        0.20875958622512447,
        0.20357255777001504
    ],
    "train_confidence": [
        0.3287609533468882,
        0.34640750447909036,
        0.36017077843348183,
        0.3559580477078756,
        0.3466937041282654,
        0.35078351259231566,
        0.3459615381558736,
        0.3428392652670542,
        0.3413018802801768,
        0.35996957937876384
    ],
    "val_loss": [
        2.1884704303741453,
        2.1440846729278564,
        2.1247404193878174,
        2.0980692672729493,
        2.088743085861206,
        2.087473134994507,
        2.0216915082931517,
        2.0071451568603518,
        2.077261972427368,
        2.011339325904846
    ],
    "val_accuracy": [
        0.33916667103767395,
        0.33916667103767395,
        0.33916667103767395,
        0.33916667103767395,
        0.33916667103767395,
        0.33916667103767395,
        0.33916667103767395,
        0.3395833373069763,
        0.28125,
        0.3370833396911621
    ],
    "val_macro_precision": [
        0.03391666666666666,
        0.03391666666666666,
        0.03391666666666666,
        0.03391666666666666,
        0.03391666666666666,
        0.03391666666666666,
        0.03391666666666666,
        0.06721229566453414,
        0.06594556214393837,
        0.05055238095238092
    ],
    "val_macro_recall": [
        0.09999999999999988,
        0.09999999999999988,
        0.09999999999999988,
        0.09999999999999988,
        0.09999999999999988,
        0.09999999999999988,
        0.09999999999999988,
        0.12336547911547883,
        0.13761056511056466,
        0.12999322206218722
    ],
    "val_macro_f1": [
        0.05065339141253215,
        0.05065339141253215,
        0.05065339141253215,
        0.05065339141253215,
        0.05065339141253215,
        0.05065339141253215,
        0.05065339141253215,
        0.07915996181189458,
        0.07773693176716642,
        0.07227410733605828
    ],
    "val_micro_f1": [
        0.33916666666616657,
        0.33916666666616657,
        0.33916666666616657,
        0.33916666666616657,
        0.33916666666616657,
        0.33916666666616657,
        0.33916666666616657,
        0.3395833333328332,
        0.2812499999994999,
        0.3370833333328332
    ],
    "val_weighted_f1": [
        0.17179941920750488,
        0.17179941920750488,
        0.17179941920750488,
        0.17179941920750488,
        0.17179941920750488,
        0.17179941920750488,
        0.17179941920750488,
        0.20885322473897036,
        0.21877471930802145,
        0.2001968448939968
    ],
    "val_confidence": [
        0.4134939702351888,
        0.407971617380778,
        0.2687634015083313,
        0.29964778582255047,
        0.3115983438491821,
        0.3195913219451904,
        0.3733632342020671,
        0.25566205342610676,
        0.18802096048990885,
        0.2386250098546346
    ],
    "grad_norm": [
        1.4363877363539967,
        1.518709397061784,
        1.1995320968538747,
        0.7401990640620759,
        0.503632841007829,
        0.42419948653594586,
        0.5151579660018281,
        0.5168228174576083,
        0.7969044646418029,
        1.0012853291536856
    ],
    "fractional_applied_params": [
        42.0,
        42.0,
        42.0,
        42.0,
        42.0,
        42.0,
        42.0,
        42.0,
        42.0,
        42.0
    ],
    "epoch_time": [
        7.553765773773193,
        3.8388571739196777,
        3.84078049659729,
        3.851930618286133,
        3.818726062774658,
        3.857619524002075,
        3.862218141555786,
        2.699134588241577,
        1.0125811100006104,
        0.95857834815979
    ],
    "throughput_samples_per_sec": [
        1270.8892872123952,
        2500.7442488926695,
        2499.4919674542834,
        2492.2567282043615,
        2513.927378447437,
        2488.58134926705,
        2485.618276375479,
        3556.695557835882,
        9480.721993711904,
        10014.830836132896
    ],
    "lr": [
        0.0003,
        0.0003,
        0.0003,
        0.0003,
        0.0003,
        0.0003,
        0.0003,
        0.0003,
        0.0003,
        0.0003
    ]
}