{
    "train_loss": [
        2.25393115234375,
        2.1500403537750246,
        2.05331441116333,
        1.996016396522522,
        1.9627912464141846,
        1.9196175289154054,
        1.8930107622146606,
        1.8591687431335449,
        1.8327769536972045,
        1.8187532415390015
    ],
    "train_accuracy": [
        0.20074999332427979,
        0.24699999392032623,
        0.27149999141693115,
        0.29649999737739563,
        0.31174999475479126,
        0.32624998688697815,
        0.33500000834465027,
        0.3409999907016754,
        0.35899999737739563,
        0.35499998927116394
    ],
    "train_macro_precision": [
        0.11516554486150579,
        0.14332205560273206,
        0.18297748038195463,
        0.21944252733428216,
        0.2433629293032129,
        0.2652020850413054,
        0.2734014923463857,
        0.28212511023200615,
        0.3066523483899723,
        0.3071226343660495
    ],
    "train_macro_recall": [
        0.10142890897603371,
        0.15029952688604245,
        0.18674955604681165,
        0.2207110207191743,
        0.24228503995169132,
        0.26264907328432324,
        0.27345753434683795,
        0.28215873407882625,
        0.3035741861421673,
        0.29958236680166594
    ],
    "train_macro_f1": [
        0.058477218303641366,
        0.11569329584929464,
        0.16182149749614927,
        0.1974946920541632,
        0.2294806884613556,
        0.25247260867756505,
        0.2614445240783586,
        0.27202580925899056,
        0.2963706058964074,
        0.2940520934565989
    ],
    "train_micro_f1": [
        0.20074999999949997,
        0.24699999999949995,
        0.2714999999995,
        0.29649999999949994,
        0.3117499999994999,
        0.32624999999949994,
        0.3349999999994999,
        0.3409999999994999,
        0.35899999999949994,
        0.35499999999949994
    ],
    "train_weighted_f1": [
        0.09954276046758359,
        0.15768558279566056,
        0.2116242272752767,
        0.2438809446473626,
        0.27488567142715914,
        0.2972328783649855,
        0.30720146688046657,
        0.31634194066137905,
        0.3372636408652627,
        0.33395088883217067
    ],
    "train_confidence": [
        0.21486360502243043,
        0.2472819004058838,
        0.2798877954483032,
        0.2966835536956787,
        0.3119406461715698,
        0.32543752098083495,
        0.344109808921814,
        0.3479334716796875,
        0.3595755128860474,
        0.36172697925567626
    ],
    "val_loss": [
        2.1641113243103027,
        2.0443410530090333,
        1.9963908424377441,
        1.96361270904541,
        1.9454726800918578,
        1.9293799533843994,
        1.905217908859253,
        1.8878440532684326,
        1.8772982234954834,
        1.8623432607650756
    ],
    "val_accuracy": [
        0.24500000476837158,
        0.2809999883174896,
        0.3019999861717224,
        0.3070000112056732,
        0.3179999887943268,
        0.3089999854564667,
        0.32100000977516174,
        0.3179999887943268,
        0.31700000166893005,
        0.3409999907016754
    ],
    "val_macro_precision": [
        0.024499999999999973,
        0.16275014503753243,
        0.16512795223483173,
        0.21804986772839294,
        0.24517895465284073,
        0.21054479837357007,
        0.23539259935135837,
        0.22835949286742255,
        0.25866483397959794,
        0.2634142721519559
    ],
    "val_macro_recall": [
        0.09999999999999959,
        0.18142565336859512,
        0.20425056714601672,
        0.21987096089316932,
        0.24543108904925992,
        0.23939637572270195,
        0.24929015004382887,
        0.25796514308763435,
        0.22823351916584045,
        0.24647950834190874
    ],
    "val_macro_f1": [
        0.039357429718843824,
        0.14449636381981162,
        0.16321854412696493,
        0.19352980691735086,
        0.22323074109257987,
        0.2119541632701672,
        0.2226865937027668,
        0.2387006969562734,
        0.21926423035506906,
        0.2351750404691891
    ],
    "val_micro_f1": [
        0.24499999999949976,
        0.2809999999994997,
        0.3019999999994997,
        0.3069999999994997,
        0.3179999999994997,
        0.3089999999994997,
        0.3209999999994997,
        0.3179999999994997,
        0.3169999999994997,
        0.34099999999949965
    ],
    "val_weighted_f1": [
        0.09642570281116737,
        0.20935203813509884,
        0.22191912251482443,
        0.2581391517360443,
        0.2852977022714902,
        0.2763327305798499,
        0.28217422141468074,
        0.297782976441369,
        0.27928472168510105,
        0.29998763738314843
    ],
    "val_confidence": [
        0.2643848648071289,
        0.2656717357635498,
        0.2762958335876465,
        0.30914822578430173,
        0.29844429016113283,
        0.336602484703064,
        0.3571570987701416,
        0.33995481300354,
        0.39245145416259763,
        0.4072781810760498
    ],
    "grad_norm": [
        1.2867465115625911,
        1.0927320624438448,
        1.1080736130566409,
        1.122463111252773,
        1.1652639672728033,
        1.2498982486024912,
        1.2414677552468563,
        1.2347610499020454,
        1.3278622220523155,
        1.3564689356950783
    ],
    "fractional_applied_params": [
        2.0,
        2.0,
        2.0,
        2.0,
        2.0,
        2.0,
        2.0,
        2.0,
        2.0,
        2.0
    ],
    "epoch_time": [
        3.828618288040161,
        0.890388011932373,
        1.0237207412719727,
        1.0300064086914062,
        1.0349183082580566,
        1.0270373821258545,
        1.0353472232818604,
        0.9811599254608154,
        0.6157753467559814,
        0.5990509986877441
    ],
    "throughput_samples_per_sec": [
        1044.76333211258,
        4492.423467516102,
        3907.3155781038504,
        3883.4709825562018,
        3865.039364056357,
        3894.697573442205,
        3863.43818774221,
        4076.8073544395365,
        6495.875518681839,
        6677.227829954764
    ],
    "lr": [
        0.0003,
        0.0003,
        0.0003,
        0.0003,
        0.0003,
        0.0003,
        0.0003,
        0.0003,
        0.0003,
        0.0003
    ]
}