{
    "prefix": "epoch_5",
    "retain_em_acc": 0.9,
    "forget_em_acc": 0.3333333333333333,
    "retain_answer_nll": 0.04805625695735216,
    "forget_answer_nll": 0.14618842490017414,
    "general_ppl": 1.144414116710636,
    "forget_minus_retain_nll": 0.09813216794282198,
    "retain_eval_n": 30,
    "forget_eval_n": 30
}