{
    "train_loss": [
        2.1043189430236815,
        2.0357519364356995,
        1.9748328924179077,
        1.9642262029647828,
        1.957301893234253,
        1.9537068319320678,
        1.9573891377449035,
        1.9426148653030395,
        1.943703329563141,
        1.937853217124939
    ],
    "train_accuracy": [
        0.34062498807907104,
        0.33645832538604736,
        0.33510416746139526,
        0.335833340883255,
        0.3371874988079071,
        0.33552083373069763,
        0.33385416865348816,
        0.3397916555404663,
        0.3422916531562805,
        0.34062498807907104
    ],
    "train_macro_precision": [
        0.03408735536328572,
        0.11928722288256917,
        0.1285590062299367,
        0.13004791002879265,
        0.13758920834712302,
        0.12471325046431876,
        0.12767195736537498,
        0.13127626347886961,
        0.1508888995546161,
        0.15712842168662539
    ],
    "train_macro_recall": [
        0.09984732824427478,
        0.10896449996406507,
        0.11972748108557765,
        0.11981312575101918,
        0.1187516824253851,
        0.1198610122647988,
        0.11828176001543082,
        0.11991703378495952,
        0.12418585963289201,
        0.121944624626658
    ],
    "train_macro_f1": [
        0.05082374883427972,
        0.07523771267262089,
        0.09686052061974908,
        0.09671296937719058,
        0.09421979747449603,
        0.09659391445842634,
        0.09389869649620756,
        0.0958192407910344,
        0.10256135852916673,
        0.09802014866132897
    ],
    "train_micro_f1": [
        0.34062499999949997,
        0.33645833333283326,
        0.3351041666661666,
        0.3358333333328333,
        0.33718749999949993,
        0.3355208333328333,
        0.33385416666616663,
        0.3397916666661666,
        0.3422916666661666,
        0.34062499999949997
    ],
    "train_weighted_f1": [
        0.17338310149194383,
        0.19953396945852678,
        0.21991591574244163,
        0.2190336189353421,
        0.2167901113469956,
        0.22116572214379077,
        0.21585384740911934,
        0.2197639302975532,
        0.22423007285868574,
        0.2207650379717436
    ],
    "train_confidence": [
        0.3387597008546193,
        0.34446479320526124,
        0.3482596774895986,
        0.35035293181737265,
        0.3476150151093801,
        0.34662851293881736,
        0.34650654196739195,
        0.34768240809440615,
        0.34735950350761413,
        0.3467605110009511
    ],
    "val_loss": [
        2.0593556785583496,
        1.9515965747833253,
        1.9368512010574341,
        1.9260004758834839,
        1.9272605228424071,
        1.924323124885559,
        1.930964331626892,
        1.9266569185256959,
        1.926206727027893,
        1.930376682281494
    ],
    "val_accuracy": [
        0.34833332896232605,
        0.3479166626930237,
        0.3400000035762787,
        0.34375,
        0.3462499976158142,
        0.3425000011920929,
        0.3449999988079071,
        0.3504166603088379,
        0.3449999988079071,
        0.34708333015441895
    ],
    "val_macro_precision": [
        0.03483333333333332,
        0.06738742236024635,
        0.10055933077908596,
        0.04607142857142852,
        0.06078759827273457,
        0.053823949586793166,
        0.05343464761667364,
        0.10255981421786924,
        0.09311608402924133,
        0.12083610478104818
    ],
    "val_macro_recall": [
        0.09999999999999988,
        0.10580381091216988,
        0.11513114955220197,
        0.11196172248803804,
        0.11138107678355336,
        0.10547640241550886,
        0.10127651815697292,
        0.11649147028725979,
        0.11305296017567883,
        0.12296646294262437
    ],
    "val_macro_f1": [
        0.05166872682320021,
        0.06375244649902256,
        0.07143443023133597,
        0.06507084265464919,
        0.07105719080541134,
        0.0635529761727484,
        0.05673842265537388,
        0.08192790071316702,
        0.07588818314824011,
        0.09058083068150244
    ],
    "val_micro_f1": [
        0.34833333333283323,
        0.34791666666616655,
        0.33999999999949987,
        0.3437499999994999,
        0.3462499999994999,
        0.34249999999949987,
        0.3449999999994999,
        0.35041666666616655,
        0.3449999999994999,
        0.3470833333328332
    ],
    "val_weighted_f1": [
        0.1799793984341474,
        0.1945339843647239,
        0.21067751969189846,
        0.1941171389508655,
        0.20448202158173023,
        0.1957788097226789,
        0.18655535815773103,
        0.2054016543220284,
        0.21064204336614611,
        0.21584739387181623
    ],
    "val_confidence": [
        0.3915782642364502,
        0.3386649839083354,
        0.3424170716603597,
        0.358806410630544,
        0.3605321153004964,
        0.3425442695617676,
        0.36518366972605387,
        0.33443787733713787,
        0.3294651786486308,
        0.32434969584147133
    ],
    "grad_norm": [
        1.1247828178488088,
        1.048142827168082,
        0.9669317636847705,
        0.9304423171934793,
        0.9214844391835219,
        0.8735857856296427,
        1.0133865644993731,
        0.8463801354855899,
        0.9403085989000596,
        0.9384246069608382
    ],
    "fractional_applied_params": [
        2.0,
        2.0,
        2.0,
        2.0,
        2.0,
        2.0,
        2.0,
        2.0,
        2.0,
        2.0
    ],
    "epoch_time": [
        4.86764931678772,
        2.690889835357666,
        3.2681260108947754,
        3.7797727584838867,
        3.828430414199829,
        3.8125076293945312,
        3.80104398727417,
        3.8244292736053467,
        3.806765556335449,
        2.9915952682495117
    ],
    "throughput_samples_per_sec": [
        1972.2045232164082,
        3567.5930964762047,
        2937.4632336687746,
        2539.835226457021,
        2507.5550451153945,
        2518.0277479273104,
        2525.6219165420434,
        2510.178464079671,
        2521.8259065161237,
        3208.990234035669
    ],
    "lr": [
        0.0003,
        0.0003,
        0.0003,
        0.0003,
        0.0003,
        0.0003,
        0.0003,
        0.0003,
        0.0003,
        0.0003
    ]
}