{
    "train_loss": [
        2.1773103656768797,
        2.1337065362930296,
        2.054569674491882,
        2.019091987609863,
        2.0074699001312255,
        1.9949471111297608,
        1.9915855655670165,
        1.981869990348816,
        1.97848300075531,
        1.971514422416687
    ],
    "train_accuracy": [
        0.2787500023841858,
        0.2826249897480011,
        0.28999999165534973,
        0.2928749918937683,
        0.29112499952316284,
        0.29374998807907104,
        0.3005000054836273,
        0.2931250035762787,
        0.2980000078678131,
        0.3023749887943268
    ],
    "train_macro_precision": [
        0.11037026272958735,
        0.10060858499665185,
        0.13632361542448565,
        0.1528218096983302,
        0.14706843384941365,
        0.15352396859332548,
        0.16596382326384002,
        0.15441594216075055,
        0.17984172483260172,
        0.16954586064336727
    ],
    "train_macro_recall": [
        0.10029025977915818,
        0.10530076253558258,
        0.1359064240564304,
        0.14750637491107332,
        0.14841231114935757,
        0.15456917281614452,
        0.16052571632397938,
        0.1545970484785842,
        0.16091629330927734,
        0.16442279370368396
    ],
    "train_macro_f1": [
        0.04783384419383454,
        0.058120548529390303,
        0.11079238276691536,
        0.1271978590542219,
        0.12847731585387104,
        0.13259840284599117,
        0.14069350587938417,
        0.13596604489023803,
        0.1414715240373517,
        0.14800551836722423
    ],
    "train_micro_f1": [
        0.27874999999949995,
        0.28262499999949997,
        0.2899999999995,
        0.29287499999949995,
        0.2911249999995,
        0.29374999999949997,
        0.3004999999995,
        0.2931249999995,
        0.2979999999995,
        0.30237499999949996
    ],
    "train_weighted_f1": [
        0.12746855568583865,
        0.13920361835024597,
        0.19740651582444396,
        0.21326667398253085,
        0.21387311432356018,
        0.22005259107297076,
        0.226331242338049,
        0.22349679413831192,
        0.2264267937571612,
        0.23411931812986048
    ],
    "train_confidence": [
        0.2800488119125366,
        0.2824655346870422,
        0.30594180202484134,
        0.30552954149246214,
        0.308850811958313,
        0.30990097522735593,
        0.3089567604064941,
        0.3113311676979065,
        0.3143651156425476,
        0.308777916431427
    ],
    "val_loss": [
        2.1392524242401123,
        2.112863126754761,
        2.0328257961273195,
        2.023073663711548,
        2.010185989379883,
        2.021484926223755,
        2.0095433578491213,
        2.008543020248413,
        2.0101081314086913,
        2.012668924331665
    ],
    "val_accuracy": [
        0.2809999883174896,
        0.2849999964237213,
        0.2915000021457672,
        0.2939999997615814,
        0.29649999737739563,
        0.28700000047683716,
        0.2985000014305115,
        0.29600000381469727,
        0.29499998688697815,
        0.2955000102519989
    ],
    "val_macro_precision": [
        0.028099999999999986,
        0.1560052211225017,
        0.17324143408936948,
        0.11600543121558018,
        0.14290653969974648,
        0.1213985013735579,
        0.1264391663502708,
        0.11304792637980932,
        0.1799707211356481,
        0.1337896352408154
    ],
    "val_macro_recall": [
        0.09999999999999983,
        0.10997926012804124,
        0.14766800930842927,
        0.1465776820400351,
        0.15120988378239736,
        0.13016479767684314,
        0.1462712974508674,
        0.14799980264221432,
        0.16127565196967647,
        0.15882672755032895
    ],
    "val_macro_f1": [
        0.043871975019481715,
        0.06106165091355901,
        0.12163078048176146,
        0.10467216114991444,
        0.11587585794916369,
        0.1023714907319003,
        0.11555985638786889,
        0.11652484777646503,
        0.1289365507019821,
        0.13116244699886004
    ],
    "val_micro_f1": [
        0.28099999999949987,
        0.2849999999994999,
        0.2914999999994999,
        0.2939999999994999,
        0.2964999999994999,
        0.2869999999994999,
        0.2984999999994999,
        0.2959999999994999,
        0.2949999999994999,
        0.2954999999994999
    ],
    "val_weighted_f1": [
        0.12328024980474363,
        0.14350874012854237,
        0.2146124059129949,
        0.18967488995528223,
        0.20564482655011543,
        0.18484452436116391,
        0.2049470142939437,
        0.20513767665661176,
        0.21896589633258443,
        0.22250954709210183
    ],
    "val_confidence": [
        0.30172405529022217,
        0.328404239654541,
        0.2631560754776001,
        0.32117694664001467,
        0.297663010597229,
        0.3503457727432251,
        0.32026034450531005,
        0.32222940254211424,
        0.2999885711669922,
        0.32007950019836423
    ],
    "grad_norm": [
        0.9521023080456836,
        0.9830469724705393,
        0.9790054507751693,
        0.8766600198547049,
        0.9274992638015515,
        0.8803526872702996,
        0.9656678921319316,
        0.9268251316264055,
        0.9814716662007034,
        0.8426635255998993
    ],
    "fractional_applied_params": [
        0.0,
        0.0,
        0.0,
        2.0,
        2.0,
        2.0,
        2.0,
        2.0,
        2.0,
        2.0
    ],
    "epoch_time": [
        4.40633487701416,
        1.4968430995941162,
        1.7440483570098877,
        1.7444896697998047,
        1.7656188011169434,
        1.7708814144134521,
        1.7673182487487793,
        1.766486406326294,
        1.7698047161102295,
        1.580019474029541
    ],
    "throughput_samples_per_sec": [
        1815.567863834488,
        5344.581541090899,
        4587.028775805123,
        4585.868370844563,
        4530.98935905029,
        4517.524400497333,
        4526.63237402987,
        4528.763975397551,
        4520.272732453117,
        5063.228733249415
    ],
    "lr": [
        0.0003,
        0.0003,
        0.0003,
        0.0003,
        0.0003,
        0.0003,
        0.0003,
        0.0003,
        0.0003,
        0.0003
    ]
}