{
    "train_loss": [
        0.6200822211371527,
        0.4756079237196181,
        0.4255650349934896,
        0.3918442159016927,
        0.36247530110677084
    ],
    "train_accuracy": [
        0.6610222458839417,
        0.7773777842521667,
        0.8092444539070129,
        0.8291555643081665,
        0.8457777500152588
    ],
    "train_macro_precision": [
        0.6611073106365323,
        0.7773993841077028,
        0.8093032346588451,
        0.82928902864476,
        0.8458089105620376
    ],
    "train_macro_recall": [
        0.6610416989186307,
        0.7773687886983569,
        0.8092311693506817,
        0.8291365424135522,
        0.8457687781454313
    ],
    "train_macro_f1": [
        0.6609935287139925,
        0.7773690348119069,
        0.809230262103489,
        0.8291320319720439,
        0.8457714605763028
    ],
    "train_micro_f1": [
        0.6610222222217221,
        0.7773777777772778,
        0.8092444444439444,
        0.8291555555550555,
        0.8457777777772777
    ],
    "train_weighted_f1": [
        0.6609877068428589,
        0.7773716390994643,
        0.8092333325070927,
        0.8291357743602501,
        0.8457733030932538
    ],
    "train_confidence": [
        0.6017832700305514,
        0.7583680722342597,
        0.8093470241758558,
        0.8330629432360331,
        0.849028425195482
    ],
    "val_loss": [
        0.52130244140625,
        0.446172412109375,
        0.42069404296875,
        0.4130469482421875,
        0.4140506408691406
    ],
    "val_accuracy": [
        0.7487999796867371,
        0.7983999848365784,
        0.8051999807357788,
        0.8227999806404114,
        0.8259999752044678
    ],
    "val_macro_precision": [
        0.7589862422230402,
        0.7993193012384697,
        0.8051873412795931,
        0.8239365111232938,
        0.8259861680327862
    ],
    "val_macro_recall": [
        0.7470620507932153,
        0.7978859953433252,
        0.8052727201725409,
        0.8222727182519989,
        0.8258903793006532
    ],
    "val_macro_f1": [
        0.7453737491683201,
        0.7980089453176357,
        0.8051835107318478,
        0.8224372321622976,
        0.8259275580120419
    ],
    "val_micro_f1": [
        0.7487999999994996,
        0.7983999999994996,
        0.8051999999994996,
        0.8227999999994997,
        0.8259999999994997
    ],
    "val_weighted_f1": [
        0.7458699648059399,
        0.7981582571052565,
        0.805213621568429,
        0.8225720662256825,
        0.8259872161193598
    ],
    "val_confidence": [
        0.7201682571411133,
        0.8117644220352173,
        0.828120198059082,
        0.8482979986190796,
        0.8748344634056091
    ],
    "test_loss": [
        0.52618998046875,
        0.4543510107421875,
        0.4277961474609375,
        0.4245156774902344,
        0.42675310607910155
    ],
    "test_accuracy": [
        0.7471200227737427,
        0.7905600070953369,
        0.8047999739646912,
        0.8105199933052063,
        0.813319981098175
    ],
    "test_macro_precision": [
        0.7568257961183968,
        0.7916323934368167,
        0.804839339394813,
        0.8121272987759411,
        0.8133707028783325
    ],
    "test_macro_recall": [
        0.7471199999999999,
        0.7905599999999999,
        0.8047999999999998,
        0.8105199999999999,
        0.8133199999999998
    ],
    "test_macro_f1": [
        0.7447080424311117,
        0.7903672841406928,
        0.804793702175837,
        0.8102757538619638,
        0.8133124485627192
    ],
    "test_micro_f1": [
        0.7471199999995001,
        0.7905599999995,
        0.8047999999994999,
        0.8105199999994999,
        0.8133199999995
    ],
    "test_weighted_f1": [
        0.7447080424311117,
        0.7903672841406928,
        0.8047937021758369,
        0.8102757538619637,
        0.8133124485627192
    ],
    "test_confidence": [
        0.7174497049331665,
        0.8100814510536194,
        0.8263110890579224,
        0.8442484051132202,
        0.8703680028915405
    ],
    "grad_norm": [
        0.9898392239469427,
        0.9881586806389057,
        0.9892157069530833,
        0.9890637107113179,
        0.9890835716133172
    ],
    "nonfinite_grad_tensors": [
        0.0,
        0.0014204545454545455,
        0.0,
        0.0,
        0.0
    ],
    "nonfinite_train_loss_batches": [
        0,
        0,
        0,
        0,
        0
    ],
    "nonfinite_val_loss_batches": [
        0,
        0,
        0,
        0,
        0
    ],
    "nonfinite_test_loss_batches": [
        0,
        0,
        0,
        0,
        0
    ],
    "fractional_applied_params": [
        5.0,
        5.0,
        5.0,
        5.0,
        5.0
    ],
    "epoch_time": [
        55.837812662124634,
        54.669931411743164,
        64.85656237602234,
        62.90184783935547,
        33.994818449020386
    ],
    "throughput_samples_per_sec": [
        402.9527470237383,
        411.5607870539046,
        346.919404539984,
        357.7001435230102,
        661.865573241453
    ],
    "lr": [
        2e-05,
        2e-05,
        2e-05,
        2e-05,
        2e-05
    ]
}