{
    "train_loss": [
        2.1878649196624758,
        2.1317370805740357,
        2.059037320137024,
        2.023622441291809,
        2.011928771972656,
        1.9983127536773682,
        1.9991325836181641,
        1.9894636669158936,
        1.9880189981460572,
        1.9775664186477662
    ],
    "train_accuracy": [
        0.27162501215934753,
        0.28299999237060547,
        0.28325000405311584,
        0.2848750054836273,
        0.2919999957084656,
        0.29587501287460327,
        0.29249998927116394,
        0.29899999499320984,
        0.2927500009536743,
        0.3011249899864197
    ],
    "train_macro_precision": [
        0.09781767609651836,
        0.1435392119264724,
        0.14114503285399965,
        0.1410221101430138,
        0.15782666280815907,
        0.16173758417771206,
        0.15044425287728555,
        0.16133496576940168,
        0.1518930784597007,
        0.18372525779146573
    ],
    "train_macro_recall": [
        0.1024780050472593,
        0.10669797077958579,
        0.13056888422760474,
        0.14002789786786204,
        0.15187846972863278,
        0.15476036018176326,
        0.15147815190811356,
        0.15937512345947547,
        0.15549992854444314,
        0.16513261523194234
    ],
    "train_macro_f1": [
        0.057235820508912426,
        0.06148933471265554,
        0.10684699313630239,
        0.11949139602905698,
        0.13545000087900722,
        0.13726044942194698,
        0.13284739631637343,
        0.140959610025226,
        0.13372562784599196,
        0.15011207368526486
    ],
    "train_micro_f1": [
        0.27162499999949996,
        0.2829999999995,
        0.28324999999949996,
        0.2848749999995,
        0.2919999999995,
        0.29587499999949995,
        0.2924999999995,
        0.2989999999995,
        0.29274999999949997,
        0.3011249999995
    ],
    "train_weighted_f1": [
        0.13473499561886526,
        0.1428562498396778,
        0.19211229625784226,
        0.20614207470495066,
        0.21957777622764443,
        0.22403653465650233,
        0.21816248903004298,
        0.22747238138726622,
        0.2222586106751551,
        0.23508191380813598
    ],
    "train_confidence": [
        0.2820943942070007,
        0.2874118266105652,
        0.30004470443725584,
        0.30688541221618654,
        0.3044171485900879,
        0.30991320991516114,
        0.30539661026000975,
        0.3118973340988159,
        0.3089457936286926,
        0.3110525131225586
    ],
    "val_loss": [
        2.128668468475342,
        2.0856466083526612,
        2.0185910139083862,
        2.021324270248413,
        1.9968043346405029,
        2.0001974840164185,
        1.9908181982040405,
        1.9897583332061768,
        1.9898175067901611,
        1.9951738777160644
    ],
    "val_accuracy": [
        0.27900001406669617,
        0.28299999237060547,
        0.29100000858306885,
        0.28600001335144043,
        0.2980000078678131,
        0.2904999852180481,
        0.289000004529953,
        0.2809999883174896,
        0.28299999237060547,
        0.28200000524520874
    ],
    "val_macro_precision": [
        0.05291979949874061,
        0.08784837016555311,
        0.1282307786791512,
        0.16985436712590504,
        0.1420391624782807,
        0.1524066453150139,
        0.17870207043091604,
        0.22060412446505864,
        0.34115624913341513,
        0.14510752523171053
    ],
    "val_macro_recall": [
        0.10027950412679605,
        0.11235796283937634,
        0.14804623616825746,
        0.1414717561678345,
        0.15359116470482606,
        0.14870724155537254,
        0.15470860764959277,
        0.1503278694416122,
        0.1626050163901695,
        0.15908023666033946
    ],
    "val_macro_f1": [
        0.044535840187976364,
        0.06337063157078666,
        0.1121494331543105,
        0.10919091793281306,
        0.12469447082946372,
        0.12130811630522671,
        0.11881326025143031,
        0.12065866552080746,
        0.1390129248168896,
        0.14101145222100847
    ],
    "val_micro_f1": [
        0.27899999999949987,
        0.2829999999994999,
        0.2909999999994999,
        0.2859999999994999,
        0.2979999999994999,
        0.2904999999994999,
        0.2889999999994999,
        0.28099999999949987,
        0.2829999999994999,
        0.2819999999994999
    ],
    "val_weighted_f1": [
        0.12272346259292854,
        0.14771695020108,
        0.20354006062171,
        0.1861127525119314,
        0.21194972645942955,
        0.2045946084297154,
        0.2066075056884029,
        0.21536733777379455,
        0.22745931502605513,
        0.22162677959250868
    ],
    "val_confidence": [
        0.27033251094818117,
        0.2906503391265869,
        0.2866236724853516,
        0.3185187683105469,
        0.29803082275390624,
        0.31110596084594727,
        0.28661781883239745,
        0.27392333984375,
        0.28445508670806885,
        0.30307208251953127
    ],
    "grad_norm": [
        1.1083442647023931,
        0.869805189426012,
        0.8621251109394176,
        0.9393235010604707,
        0.8853838583074011,
        0.7857784177919986,
        0.9478923360976417,
        0.910988322229456,
        0.8468761010937437,
        0.8425004233539573
    ],
    "fractional_applied_params": [
        30.0,
        30.0,
        30.0,
        30.0,
        30.0,
        30.0,
        30.0,
        30.0,
        30.0,
        30.0
    ],
    "epoch_time": [
        5.206333637237549,
        1.666823387145996,
        1.8233704566955566,
        1.8185150623321533,
        1.8412501811981201,
        1.822758436203003,
        1.8385496139526367,
        1.8378269672393799,
        1.8331830501556396,
        1.8325085639953613
    ],
    "throughput_samples_per_sec": [
        1536.5899608855561,
        4799.548687457482,
        4387.479225970446,
        4399.193696938867,
        4344.873978393484,
        4388.95239276184,
        4351.25597878268,
        4352.966923766979,
        4363.994091763389,
        4365.60033452605
    ],
    "lr": [
        0.0003,
        0.0003,
        0.0003,
        0.0003,
        0.0003,
        0.0003,
        0.0003,
        0.0003,
        0.0003,
        0.0003
    ]
}