{
    "train_loss": [
        2.1248723077774048,
        2.0868788623809813,
        2.0018461465835573,
        1.9700535082817077,
        1.9648722553253173,
        1.9581492042541504,
        1.9482649421691896,
        1.9416044878959655,
        1.934107232093811,
        1.9335610675811767
    ],
    "train_accuracy": [
        0.3278124928474426,
        0.3401041626930237,
        0.33791667222976685,
        0.3385416567325592,
        0.3389583230018616,
        0.33541667461395264,
        0.33802083134651184,
        0.3408333361148834,
        0.3426041603088379,
        0.34302082657814026
    ],
    "train_macro_precision": [
        0.08943858411884217,
        0.0340245935806586,
        0.1254003245972568,
        0.13599843009230328,
        0.1361811418471439,
        0.1315732086570019,
        0.13609836625881225,
        0.14582762068792515,
        0.15327022618583774,
        0.15189901476197662
    ],
    "train_macro_recall": [
        0.10194650992753548,
        0.09999999999999996,
        0.10839784088016166,
        0.1193684998773947,
        0.1211917008664152,
        0.12329947441298546,
        0.11986961767522641,
        0.12564969300322032,
        0.12752235170995826,
        0.13080687530324375
    ],
    "train_macro_f1": [
        0.061669016637362725,
        0.050773656791813435,
        0.07311743729919445,
        0.09440420561622895,
        0.09692299101887668,
        0.10200746226586403,
        0.09506386418298343,
        0.10460409771173715,
        0.10710489809224351,
        0.11212007471004895
    ],
    "train_micro_f1": [
        0.32781249999949996,
        0.3401041666661666,
        0.3379166666661666,
        0.33854166666616664,
        0.33895833333283326,
        0.3354166666661666,
        0.3380208333328333,
        0.3408333333328333,
        0.3426041666661666,
        0.3430208333328333
    ],
    "train_weighted_f1": [
        0.1805906326739272,
        0.1726833223179905,
        0.19508145120736542,
        0.21538768873240527,
        0.2173902859377055,
        0.22425123662545238,
        0.21440363859809583,
        0.2257290231473541,
        0.22703729985526133,
        0.23576920795086706
    ],
    "train_confidence": [
        0.3388288176059723,
        0.33942116459210714,
        0.34331867814064027,
        0.3426119085152944,
        0.3503249645233154,
        0.3428610734144847,
        0.34855029741923016,
        0.3454984128475189,
        0.3468989344437917,
        0.3496053751309713
    ],
    "val_loss": [
        2.0553338527679443,
        2.031273994445801,
        1.939900107383728,
        1.9455989122390747,
        1.9325847768783568,
        1.9409696435928345,
        1.927920093536377,
        1.9233648920059203,
        1.9281126832962037,
        1.9225316858291626
    ],
    "val_accuracy": [
        0.35249999165534973,
        0.35249999165534973,
        0.3541666567325592,
        0.35208332538604736,
        0.3466666638851166,
        0.3512499928474426,
        0.3462499976158142,
        0.3491666615009308,
        0.34416666626930237,
        0.3462499976158142
    ],
    "val_macro_precision": [
        0.03524999999999999,
        0.03524999999999999,
        0.07263542963885153,
        0.061606151995299986,
        0.05971604777163948,
        0.07395934310595978,
        0.11849793891893401,
        0.14509488114750124,
        0.13446128211422298,
        0.16303962437948347
    ],
    "val_macro_recall": [
        0.09999999999999988,
        0.09999999999999988,
        0.10496713377398037,
        0.10955173286646806,
        0.11759378773368838,
        0.10357585368686187,
        0.12649406028629384,
        0.11179272446905979,
        0.11828282683121367,
        0.1162849703735396
    ],
    "val_macro_f1": [
        0.052125693160774735,
        0.052125693160774735,
        0.061780673341545154,
        0.06570217469675974,
        0.07769278710863901,
        0.06142898818825935,
        0.10043375532406643,
        0.07727142701532362,
        0.08041992235873208,
        0.0895247739321425
    ],
    "val_micro_f1": [
        0.3524999999994999,
        0.3524999999994999,
        0.35416666666616653,
        0.3520833333328332,
        0.3466666666661665,
        0.35124999999949985,
        0.3462499999994999,
        0.3491666666661665,
        0.3441666666661665,
        0.3462499999994999
    ],
    "val_weighted_f1": [
        0.18374306839173093,
        0.18374306839173093,
        0.1920235264959825,
        0.1992749599390337,
        0.2155863184518992,
        0.19250124954944284,
        0.23260066135078095,
        0.2091742285201064,
        0.21761223234835636,
        0.22113181838623788
    ],
    "val_confidence": [
        0.3581971343358358,
        0.38189536730448403,
        0.3823196347554525,
        0.4038203525543213,
        0.3541212193171183,
        0.4172364060084025,
        0.317101682027181,
        0.3277297798792521,
        0.3660916503270467,
        0.36556078275044757
    ],
    "grad_norm": [
        1.3109000088005438,
        0.9248690267612409,
        0.9039041996861209,
        0.9803734138974802,
        0.9496096420797463,
        0.9965378335061046,
        0.9011080859702448,
        0.8566051519652104,
        0.8371727355598176,
        0.9896049427969181
    ],
    "fractional_applied_params": [
        2.0,
        2.0,
        2.0,
        2.0,
        2.0,
        2.0,
        2.0,
        2.0,
        2.0,
        2.0
    ],
    "epoch_time": [
        5.652584075927734,
        2.8905487060546875,
        2.8984479904174805,
        2.8884639739990234,
        2.8875184059143066,
        2.871824264526367,
        2.8965659141540527,
        2.7269041538238525,
        1.9780235290527344,
        2.742246627807617
    ],
    "throughput_samples_per_sec": [
        1698.3382946717857,
        3321.1687386174676,
        3312.1173923901447,
        3323.5657728176484,
        3324.654132190803,
        3342.822929168081,
        3314.269477897829,
        3520.4757697619184,
        4853.329527681297,
        3500.779216082052
    ],
    "lr": [
        0.0003,
        0.0003,
        0.0003,
        0.0003,
        0.0003,
        0.0003,
        0.0003,
        0.0003,
        0.0003,
        0.0003
    ]
}