{
    "train_loss": [
        0.450640813530816,
        0.3239450454711914,
        NaN,
        NaN,
        NaN
    ],
    "train_accuracy": [
        0.7985777854919434,
        0.84375,
        0.0,
        0.0,
        0.0
    ],
    "train_macro_precision": [
        0.7985858969870627,
        0.8450980392156332,
        0.0,
        0.0,
        0.0
    ],
    "train_macro_recall": [
        0.7985765923114255,
        0.8437499999999474,
        0.0,
        0.0,
        0.0
    ],
    "train_macro_f1": [
        0.7985759380047094,
        0.8435972629515494,
        0.0,
        0.0,
        0.0
    ],
    "train_micro_f1": [
        0.7985777777772777,
        0.8437499999994735,
        0.0,
        0.0,
        0.0
    ],
    "train_weighted_f1": [
        0.7985762085594988,
        0.8435972629515494,
        0.0,
        0.0,
        0.0
    ],
    "train_confidence": [
        0.7585959762149387,
        0.8252584934234619,
        NaN,
        NaN,
        NaN
    ],
    "val_loss": [
        0.36303499755859375,
        0.0,
        0.0,
        0.0,
        0.0
    ],
    "val_accuracy": [
        0.8496000170707703,
        0.5019999742507935,
        0.5019999742507935,
        0.5019999742507935,
        0.5019999742507935
    ],
    "val_macro_precision": [
        0.8579092666531802,
        0.2509999999999999,
        0.2509999999999999,
        0.2509999999999999,
        0.2509999999999999
    ],
    "val_macro_recall": [
        0.849904798476775,
        0.4999999999999996,
        0.4999999999999996,
        0.4999999999999996,
        0.4999999999999996
    ],
    "val_macro_f1": [
        0.8487986570742131,
        0.334221038614957,
        0.334221038614957,
        0.334221038614957,
        0.334221038614957
    ],
    "val_micro_f1": [
        0.8495999999994996,
        0.5019999999994997,
        0.5019999999994997,
        0.5019999999994997,
        0.5019999999994997
    ],
    "val_weighted_f1": [
        0.8487546272431533,
        0.3355579227694168,
        0.3355579227694168,
        0.3355579227694168,
        0.3355579227694168
    ],
    "val_confidence": [
        0.874235663318634,
        NaN,
        NaN,
        NaN,
        NaN
    ],
    "test_loss": [
        0.34796114501953124,
        0.0,
        0.0,
        0.0,
        0.0
    ],
    "test_accuracy": [
        0.8498799800872803,
        0.5,
        0.5,
        0.5,
        0.5
    ],
    "test_macro_precision": [
        0.8567207301354847,
        0.25,
        0.25,
        0.25,
        0.25
    ],
    "test_macro_recall": [
        0.8498799999999999,
        0.49999999999999994,
        0.49999999999999994,
        0.49999999999999994,
        0.49999999999999994
    ],
    "test_macro_f1": [
        0.8491568310578492,
        0.33333333333311105,
        0.33333333333311105,
        0.33333333333311105,
        0.33333333333311105
    ],
    "test_micro_f1": [
        0.8498799999994999,
        0.49999999999949996,
        0.49999999999949996,
        0.49999999999949996,
        0.49999999999949996
    ],
    "test_weighted_f1": [
        0.8491568310578492,
        0.3333333333331111,
        0.3333333333331111,
        0.3333333333331111,
        0.3333333333331111
    ],
    "test_confidence": [
        0.8724658562660217,
        NaN,
        NaN,
        NaN,
        NaN
    ],
    "grad_norm": [
        0.7287423655399483,
        0.7228545540798345,
        0.0,
        0.0,
        0.0
    ],
    "nonfinite_grad_tensors": [
        0.0014204545454545455,
        1.0,
        0.0,
        0.0,
        0.0
    ],
    "nonfinite_train_loss_batches": [
        0,
        703,
        704,
        704,
        704
    ],
    "nonfinite_val_loss_batches": [
        0,
        79,
        79,
        79,
        79
    ],
    "nonfinite_test_loss_batches": [
        0,
        782,
        782,
        782,
        782
    ],
    "fractional_applied_params": [
        23.0,
        23.0,
        0.0,
        0.0,
        0.0
    ],
    "epoch_time": [
        242.7534155845642,
        22.756813049316406,
        22.857418060302734,
        23.25961446762085,
        24.03628969192505
    ],
    "throughput_samples_per_sec": [
        92.6866464301592,
        1.4061722935743524,
        0.0,
        0.0,
        0.0
    ],
    "lr": [
        2e-05,
        2e-05,
        2e-05,
        2e-05,
        2e-05
    ]
}