{
    "train_loss": [
        0.3512667843500773,
        0.20604537064940842,
        0.172691788982462,
        0.14736951329310735,
        0.1294352250209561
    ],
    "train_accuracy": [
        0.8952314853668213,
        0.9312962889671326,
        0.9432129859924316,
        0.9523055553436279,
        0.958907425403595
    ],
    "train_macro_precision": [
        0.8954663005518864,
        0.9315483164186031,
        0.9434709603531778,
        0.9525363363522392,
        0.9590795369652685
    ],
    "train_macro_recall": [
        0.8953118079819298,
        0.9313585144404471,
        0.9432668046799519,
        0.9523516650847749,
        0.9589502119179134
    ],
    "train_macro_f1": [
        0.8951391009148852,
        0.9313446751110088,
        0.9432791886554205,
        0.9523620558179523,
        0.9589469338615592
    ],
    "train_micro_f1": [
        0.8952314814809814,
        0.9312962962957962,
        0.9432129629624629,
        0.9523055555550555,
        0.9589074074069074
    ],
    "train_weighted_f1": [
        0.8950661325438842,
        0.9312866529425996,
        0.943227563565951,
        0.9523171870435351,
        0.9589079265986991
    ],
    "train_confidence": [
        0.8555602353237294,
        0.9429985918822112,
        0.9549779751565721,
        0.9642726277422022,
        0.9711206111201534
    ],
    "val_loss": [
        0.22770876105626425,
        0.20373919041951497,
        0.19003221674760182,
        0.19720587555567423,
        0.21133087752262752
    ],
    "val_accuracy": [
        0.9255833625793457,
        0.9349166750907898,
        0.9385833144187927,
        0.9410833120346069,
        0.937749981880188
    ],
    "val_macro_precision": [
        0.9251626693278845,
        0.9349069978427605,
        0.9382097030769662,
        0.9407353685925434,
        0.9375042225680199
    ],
    "val_macro_recall": [
        0.9251149349213996,
        0.9343431280416745,
        0.9381383067883851,
        0.9407422088264742,
        0.9373886273954002
    ],
    "val_macro_f1": [
        0.9251139778343409,
        0.9343947927066266,
        0.938147647243694,
        0.9407008357172335,
        0.9372933695840578
    ],
    "val_micro_f1": [
        0.9255833333328332,
        0.9349166666661665,
        0.9385833333328332,
        0.9410833333328331,
        0.9377499999994998
    ],
    "val_weighted_f1": [
        0.9256642375437021,
        0.9348724971118878,
        0.9386089024309685,
        0.9411335751083695,
        0.9377818515947339
    ],
    "val_confidence": [
        0.9523957578341166,
        0.9531146626472473,
        0.9571456605593364,
        0.9679625409444174,
        0.962582778930664
    ],
    "test_loss": [
        0.22975491674322832,
        0.21325813117780185,
        0.204519492764222,
        0.2073690912598058,
        0.21353497953791367
    ],
    "test_accuracy": [
        0.9256578683853149,
        0.9348683953285217,
        0.9372368454933167,
        0.9411842226982117,
        0.9364473819732666
    ],
    "test_macro_precision": [
        0.9256686521818515,
        0.9351408158712624,
        0.9372714513868153,
        0.941388947596032,
        0.9367663922025637
    ],
    "test_macro_recall": [
        0.9256578947368417,
        0.9348684210526311,
        0.9372368421052627,
        0.9411842105263153,
        0.9364473684210521
    ],
    "test_macro_f1": [
        0.925643774988441,
        0.9348439981679351,
        0.9372195946052053,
        0.9412560544152748,
        0.9364000700311218
    ],
    "test_micro_f1": [
        0.925657894736342,
        0.9348684210521314,
        0.937236842104763,
        0.9411842105258156,
        0.9364473684205524
    ],
    "test_weighted_f1": [
        0.9256437749884409,
        0.934843998167935,
        0.9372195946052053,
        0.9412560544152747,
        0.9364000700311219
    ],
    "test_confidence": [
        0.9523085089733726,
        0.9515398639126827,
        0.9564708807593898,
        0.9680758900391429,
        0.9612956128622356
    ],
    "grad_norm": [
        0.9956375263397225,
        0.9967652831585327,
        0.992436839080954,
        0.9826778571937796,
        0.9684643923750448
    ],
    "nonfinite_grad_tensors": [
        0.0008888888888888889,
        0.0002962962962962963,
        0.0002962962962962963,
        0.0002962962962962963,
        0.0002962962962962963
    ],
    "nonfinite_train_loss_batches": [
        0,
        0,
        0,
        0,
        0
    ],
    "nonfinite_val_loss_batches": [
        0,
        0,
        0,
        0,
        0
    ],
    "nonfinite_test_loss_batches": [
        0,
        0,
        0,
        0,
        0
    ],
    "fractional_applied_params": [
        0.0,
        0.0,
        0.0,
        0.0,
        0.0
    ],
    "epoch_time": [
        1340.8591151237488,
        1333.389975309372,
        1337.69300365448,
        1337.8388724327087,
        1332.0733051300049
    ],
    "throughput_samples_per_sec": [
        80.54537481369368,
        80.99655914612822,
        80.73601319955465,
        80.72721029821342,
        81.07661912004133
    ],
    "lr": [
        2e-05,
        2e-05,
        2e-05,
        2e-05,
        2e-05
    ]
}