{
    "train_loss": [
        2.943703276954418,
        2.71152211410948,
        2.4463086263798406,
        2.1966578986875835,
        1.9676510674726584
    ],
    "train_accuracy": [
        0.11352253705263138,
        0.27801236510276794,
        0.40135520696640015,
        0.5118334293365479,
        0.5996268391609192
    ],
    "train_macro_precision": [
        0.13384892730416365,
        0.29758162116583836,
        0.42399680089683,
        0.578971823012886,
        0.595876624701601
    ],
    "train_macro_recall": [
        0.11334372857580792,
        0.2679978518455431,
        0.3872825638561411,
        0.49379400160222475,
        0.5796817637912614
    ],
    "train_macro_f1": [
        0.08931083729949355,
        0.2414838859944716,
        0.3633484092622684,
        0.46816813652990036,
        0.5561959271754637
    ],
    "train_micro_f1": [
        0.11352253756210431,
        0.27801237356328273,
        0.4013551998423754,
        0.5118334479028682,
        0.5996268290282732
    ],
    "train_weighted_f1": [
        0.09137804134010535,
        0.24878113780922148,
        0.37471319323476476,
        0.48295738755085504,
        0.572542863066757
    ],
    "train_confidence": [
        0.0671070895435697,
        0.08102078676855916,
        0.10600633908849351,
        0.13693990068680104,
        0.17379240812679808
    ],
    "val_loss": [
        2.839650337934283,
        2.5701026819534367,
        2.33558866558193,
        2.1271888461395454,
        1.9533926690183416
    ],
    "val_accuracy": [
        0.1697612702846527,
        0.33244916796684265,
        0.42440319061279297,
        0.5154730081558228,
        0.5419982075691223
    ],
    "val_macro_precision": [
        0.19941560920790596,
        0.374565847579291,
        0.4445935552362008,
        0.5251902702778611,
        0.5507473261071972
    ],
    "val_macro_recall": [
        0.16707780380576978,
        0.33118303450529124,
        0.4224166193840436,
        0.5103434722254648,
        0.5326675091614959
    ],
    "val_macro_f1": [
        0.1255437239250851,
        0.297821397418147,
        0.37670771482539406,
        0.4687057526502073,
        0.5016488791046542
    ],
    "val_micro_f1": [
        0.16976127320904894,
        0.3324491600348667,
        0.4244031830233723,
        0.5154730327139115,
        0.5419982316529036
    ],
    "val_weighted_f1": [
        0.13492789494884727,
        0.30393743861935085,
        0.3853971374219468,
        0.4804232479318584,
        0.5166323402541709
    ],
    "val_confidence": [
        0.07269745100714484,
        0.09369768556717958,
        0.12305723060874366,
        0.15704220538641056,
        0.19461711311003047
    ],
    "test_loss": [
        2.8364527496453364,
        2.5700665440764507,
        2.344510557166579,
        2.1424872366215912,
        1.9724901618314308
    ],
    "test_accuracy": [
        0.17711099982261658,
        0.3230217695236206,
        0.41755178570747375,
        0.4973446726799011,
        0.5443441271781921
    ],
    "test_macro_precision": [
        0.1829093225104922,
        0.37193117413089316,
        0.4578018221704655,
        0.5118970142129753,
        0.5402171754624209
    ],
    "test_macro_recall": [
        0.16986601020473158,
        0.3121711198524229,
        0.40216615367813296,
        0.47935207953446496,
        0.5257543979590299
    ],
    "test_macro_f1": [
        0.12679256694984928,
        0.28365569720974815,
        0.3668378104991338,
        0.44672507564006214,
        0.500023601604618
    ],
    "test_micro_f1": [
        0.1771109930956232,
        0.32302177376476815,
        0.41755177907544266,
        0.497344662771672,
        0.5443441317042264
    ],
    "test_weighted_f1": [
        0.13185022745373226,
        0.29213911249340285,
        0.37978929496033165,
        0.4622053345543893,
        0.5163578295207127
    ],
    "test_confidence": [
        0.07331785135489477,
        0.09478935377748482,
        0.12394609419006777,
        0.15749808497018658,
        0.1949335597514853
    ],
    "grad_norm": [
        0.8113391337824649,
        0.7542295464181255,
        0.7359704304534987,
        0.7075024418361794,
        0.6881707263163122
    ],
    "nonfinite_grad_tensors": [
        0.0,
        0.0,
        0.0,
        0.0,
        0.0
    ],
    "nonfinite_train_loss_batches": [
        0,
        0,
        0,
        0,
        0
    ],
    "nonfinite_val_loss_batches": [
        0,
        0,
        0,
        0,
        0
    ],
    "nonfinite_test_loss_batches": [
        0,
        0,
        0,
        0,
        0
    ],
    "fractional_applied_params": [
        5.0,
        5.0,
        5.0,
        5.0,
        5.0
    ],
    "epoch_time": [
        31.26789903640747,
        30.649038314819336,
        31.615233898162842,
        34.07622814178467,
        30.58763313293457
    ],
    "throughput_samples_per_sec": [
        325.6694665715531,
        332.2453349238154,
        322.09155980945417,
        298.8300218448616,
        332.91232295563515
    ],
    "lr": [
        2e-05,
        2e-05,
        2e-05,
        2e-05,
        2e-05
    ]
}