{
    "prefix": "after",
    "retain_em_acc": 1.0,
    "forget_em_acc": 0.9333333333333333,
    "retain_answer_nll": 0.0031231033499352634,
    "forget_answer_nll": 0.04059324774425477,
    "general_ppl": 1.0939433347579997,
    "forget_minus_retain_nll": 0.037470144394319504,
    "retain_eval_n": 30,
    "forget_eval_n": 30
}