{
    "train_loss": [
        2.1035692381858824,
        2.0548755741119384,
        1.9657916259765624,
        NaN,
        NaN,
        NaN,
        NaN,
        NaN,
        NaN,
        NaN
    ],
    "train_accuracy": [
        0.3384374976158142,
        0.34562501311302185,
        0.3395833373069763,
        0.3372916579246521,
        0.3451041579246521,
        0.3451041579246521,
        0.3451041579246521,
        0.3451041579246521,
        0.3451041579246521,
        0.3451041579246521
    ],
    "train_macro_precision": [
        0.09859906153356647,
        0.09042659509184749,
        0.12835771411718375,
        0.12968743830232704,
        0.03451041666666666,
        0.03451041666666666,
        0.03451041666666666,
        0.03451041666666666,
        0.03451041666666666,
        0.03451041666666666
    ],
    "train_macro_recall": [
        0.0995983216236357,
        0.1029906499156438,
        0.12363667107313318,
        0.11010538181516802,
        0.09999999999999998,
        0.09999999999999998,
        0.09999999999999998,
        0.09999999999999998,
        0.09999999999999998,
        0.09999999999999998
    ],
    "train_macro_f1": [
        0.054570260998607525,
        0.0587722190133525,
        0.10179738104906821,
        0.0743559879125952,
        0.05131263068222003,
        0.05131263068222003,
        0.05131263068222003,
        0.05131263068222003,
        0.05131263068222003,
        0.05131263068222003
    ],
    "train_micro_f1": [
        0.33843749999949996,
        0.34562499999949997,
        0.3395833333328333,
        0.3372916666661666,
        0.3451041666661666,
        0.3451041666661666,
        0.3451041666661666,
        0.3451041666661666,
        0.3451041666661666,
        0.3451041666661666
    ],
    "train_weighted_f1": [
        0.1785699903567689,
        0.18484368139683272,
        0.23122291709278112,
        0.19599501414713663,
        0.17708202651061974,
        0.17708202651061974,
        0.17708202651061974,
        0.17708202651061974,
        0.17708202651061974,
        0.17708202651061974
    ],
    "train_confidence": [
        0.3472214965025584,
        0.3449147013823191,
        0.3524679732322693,
        NaN,
        NaN,
        NaN,
        NaN,
        NaN,
        NaN,
        NaN
    ],
    "val_loss": [
        2.084570302963257,
        2.0145508813858033,
        1.984888916015625,
        NaN,
        NaN,
        NaN,
        NaN,
        NaN,
        NaN,
        NaN
    ],
    "val_accuracy": [
        0.33250001072883606,
        0.3229166567325592,
        0.32875001430511475,
        0.33250001072883606,
        0.33250001072883606,
        0.33250001072883606,
        0.33250001072883606,
        0.33250001072883606,
        0.33250001072883606,
        0.33250001072883606
    ],
    "val_macro_precision": [
        0.03324999999999999,
        0.0670698961769525,
        0.09719873300589751,
        0.03324999999999999,
        0.03324999999999999,
        0.03324999999999999,
        0.03324999999999999,
        0.03324999999999999,
        0.03324999999999999,
        0.03324999999999999
    ],
    "val_macro_recall": [
        0.09999999999999987,
        0.11132178741979595,
        0.10589399645576776,
        0.09999999999999987,
        0.09999999999999987,
        0.09999999999999987,
        0.09999999999999987,
        0.09999999999999987,
        0.09999999999999987,
        0.09999999999999987
    ],
    "val_macro_f1": [
        0.04990619136956852,
        0.07372877962662053,
        0.06348074555708186,
        0.04990619136956852,
        0.04990619136956852,
        0.04990619136956852,
        0.04990619136956852,
        0.04990619136956852,
        0.04990619136956852,
        0.04990619136956852
    ],
    "val_micro_f1": [
        0.33249999999949986,
        0.32291666666616653,
        0.3287499999994999,
        0.33249999999949986,
        0.33249999999949986,
        0.33249999999949986,
        0.33249999999949986,
        0.33249999999949986,
        0.33249999999949986,
        0.33249999999949986
    ],
    "val_weighted_f1": [
        0.16593808630381532,
        0.1925458613136092,
        0.1827119630567227,
        0.16593808630381532,
        0.16593808630381532,
        0.16593808630381532,
        0.16593808630381532,
        0.16593808630381532,
        0.16593808630381532,
        0.16593808630381532
    ],
    "val_confidence": [
        0.343704883257548,
        0.3796631876627604,
        0.37034047921498614,
        NaN,
        NaN,
        NaN,
        NaN,
        NaN,
        NaN,
        NaN
    ],
    "grad_norm": [
        1.5083048574882338,
        1.2677982818717939,
        1.280900494220647,
        NaN,
        NaN,
        NaN,
        NaN,
        NaN,
        NaN,
        NaN
    ],
    "fractional_applied_params": [
        0.0,
        0.0,
        0.0,
        42.0,
        42.0,
        42.0,
        42.0,
        42.0,
        42.0,
        42.0
    ],
    "epoch_time": [
        8.286035060882568,
        3.4223716259002686,
        4.221875429153442,
        4.345808029174805,
        4.887661933898926,
        4.886833429336548,
        4.366789817810059,
        4.61733078956604,
        4.3576953411102295,
        4.922165632247925
    ],
    "throughput_samples_per_sec": [
        1158.5758362670358,
        2805.072344378931,
        2273.8709753747903,
        2209.0253263724762,
        1964.129297367751,
        1964.4622921602888,
        2198.4112816344323,
        2079.1232938505273,
        2202.999349090376,
        1950.3610234293833
    ],
    "lr": [
        0.0003,
        0.0003,
        0.0003,
        0.0003,
        0.0003,
        0.0003,
        0.0003,
        0.0003,
        0.0003,
        0.0003
    ]
}