{
    "train_loss": [
        2.1956327209472657,
        2.099031334877014,
        2.044647918701172,
        2.0265271501541138,
        2.02152370262146,
        2.0092894763946534,
        2.000832236289978,
        1.986262089729309,
        1.9716963577270508,
        1.9580949268341064
    ],
    "train_accuracy": [
        0.2721250057220459,
        0.27912500500679016,
        0.2887499928474426,
        0.2847500145435333,
        0.2913750112056732,
        0.2927500009536743,
        0.29074999690055847,
        0.29899999499320984,
        0.3033750057220459,
        0.3073750138282776
    ],
    "train_macro_precision": [
        0.08033303131360633,
        0.12068507523585537,
        0.14793607112263885,
        0.13411178579130542,
        0.14526081641740216,
        0.151888634178947,
        0.16059566773372486,
        0.16777339581927356,
        0.17116472456711299,
        0.17959067864432576
    ],
    "train_macro_recall": [
        0.10046997521635599,
        0.11783944465631901,
        0.13628741857459142,
        0.13446720041709884,
        0.1427198413868615,
        0.14527777243482956,
        0.1477274254567521,
        0.1551091553645561,
        0.16368322384776726,
        0.17092978850918988
    ],
    "train_macro_f1": [
        0.05439469457694026,
        0.08762436163441381,
        0.11203243427949014,
        0.10957962652042282,
        0.11678466774908065,
        0.12545402865563912,
        0.12949815607058474,
        0.1390659578108645,
        0.14352129761998275,
        0.15654559963266748
    ],
    "train_micro_f1": [
        0.27212499999949996,
        0.27912499999949997,
        0.28874999999949996,
        0.28474999999949996,
        0.29137499999949995,
        0.29274999999949997,
        0.29074999999949996,
        0.2989999999995,
        0.30337499999949996,
        0.30737499999949996
    ],
    "train_weighted_f1": [
        0.13361977720381651,
        0.1724569435082929,
        0.19972461284634302,
        0.19801257709271594,
        0.2086727955888951,
        0.21308593139628118,
        0.21698826665220364,
        0.22613835074316813,
        0.231864652862911,
        0.2447530536857094
    ],
    "train_confidence": [
        0.29166683769226076,
        0.2966123919486999,
        0.29827247142791746,
        0.31336708450317385,
        0.2996644372940063,
        0.31446371793746947,
        0.3123721258640289,
        0.30754408836364744,
        0.31195012187957766,
        0.3142141971588135
    ],
    "val_loss": [
        2.156108892440796,
        2.0481691932678223,
        2.0333858757019043,
        2.0202620105743407,
        2.020168062210083,
        2.0290239868164064,
        2.0297053337097166,
        2.0156622524261474,
        2.022555088043213,
        2.0197877101898194
    ],
    "val_accuracy": [
        0.2750000059604645,
        0.27149999141693115,
        0.28450000286102295,
        0.2854999899864197,
        0.2809999883174896,
        0.2720000147819519,
        0.2770000100135803,
        0.2815000116825104,
        0.27799999713897705,
        0.2854999899864197
    ],
    "val_macro_precision": [
        0.027499999999999986,
        0.07449672243638059,
        0.10111482505529956,
        0.11335990832276255,
        0.12508309897790007,
        0.10136502908607233,
        0.1587247384344493,
        0.1252388379331153,
        0.1266266957445202,
        0.16532458404813666
    ],
    "val_macro_recall": [
        0.09999999999999981,
        0.10752203557823045,
        0.13652589598988565,
        0.1510429333466615,
        0.13564772844951703,
        0.11631901138772223,
        0.1374563634388904,
        0.16303259179641516,
        0.15735013511025944,
        0.14878490904514588
    ],
    "val_macro_f1": [
        0.04313725490192692,
        0.058975467971401574,
        0.1007601081461621,
        0.11615738982810035,
        0.09820910779864103,
        0.0798879072247016,
        0.10970064709171501,
        0.1261201770549061,
        0.12470196434037542,
        0.12078630479115629
    ],
    "val_micro_f1": [
        0.27499999999949987,
        0.27149999999949986,
        0.2844999999994999,
        0.2854999999994999,
        0.28099999999949987,
        0.27199999999949986,
        0.27699999999949987,
        0.2814999999994999,
        0.27799999999949987,
        0.2854999999994999
    ],
    "val_weighted_f1": [
        0.11862745098029903,
        0.13497779273547292,
        0.17692157900307048,
        0.20214563577952407,
        0.17593379967789116,
        0.1599738869782582,
        0.19465979962253938,
        0.2149866314506101,
        0.21808337815244025,
        0.20610442429192294
    ],
    "val_confidence": [
        0.33822261047363283,
        0.29333449935913086,
        0.30464925765991213,
        0.2753175468444824,
        0.313306339263916,
        0.3507167739868164,
        0.23853245830535888,
        0.28194964122772215,
        0.27657992935180664,
        0.31712980461120605
    ],
    "grad_norm": [
        0.8206505309615091,
        0.6316272590203097,
        0.5730003487184917,
        0.6103488744360159,
        0.6392482844598736,
        0.6477032371071753,
        0.6349831801201257,
        0.5819486783188291,
        0.5888946330097327,
        0.5513070607954514
    ],
    "fractional_applied_params": [
        42.0,
        42.0,
        42.0,
        42.0,
        42.0,
        42.0,
        42.0,
        42.0,
        42.0,
        42.0
    ],
    "epoch_time": [
        6.2569420337677,
        2.191263198852539,
        2.456749200820923,
        1.5369627475738525,
        2.3608016967773438,
        2.3294272422790527,
        2.7645668983459473,
        2.8056366443634033,
        2.8173508644104004,
        2.5856266021728516
    ],
    "throughput_samples_per_sec": [
        1278.5798488822973,
        3650.862207784634,
        3256.335647662692,
        5205.070853297043,
        3388.6793672338295,
        3434.3206152998373,
        2893.7624930640804,
        2851.4027345886743,
        2839.546930791737,
        3094.0275727659737
    ],
    "lr": [
        0.0003,
        0.0003,
        0.0003,
        0.0003,
        0.0003,
        0.0003,
        0.0003,
        0.0003,
        0.0003,
        0.0003
    ]
}