{
    "train_loss": [
        2.200186637878418,
        2.124285367012024,
        2.0583302974700928,
        2.0329179515838622,
        2.013951350212097,
        2.0022471828460695,
        1.9909479780197143,
        1.9893441553115845,
        1.9829138069152832,
        1.9843037538528443
    ],
    "train_accuracy": [
        0.27162501215934753,
        0.28299999237060547,
        0.2840000092983246,
        0.2862499952316284,
        0.2906250059604645,
        0.2901250123977661,
        0.2985000014305115,
        0.2992500066757202,
        0.30012500286102295,
        0.29737499356269836
    ],
    "train_macro_precision": [
        0.11752078734097175,
        0.0908699356614878,
        0.1411027819551522,
        0.1400440441833981,
        0.15215382372187408,
        0.15449154654810143,
        0.16211007363520352,
        0.16885936133816182,
        0.18028879797823755,
        0.16679405692607285
    ],
    "train_macro_recall": [
        0.10312481125106579,
        0.10653663915277271,
        0.12890415584133239,
        0.14282670937316322,
        0.14742793341069865,
        0.1455313902100281,
        0.1611972159987952,
        0.1587305323274235,
        0.16763868051233555,
        0.1610197374599189
    ],
    "train_macro_f1": [
        0.0590744072323624,
        0.05977116338553525,
        0.10228362923625436,
        0.11992890999815382,
        0.12775780629054256,
        0.12330904368675415,
        0.14170240325961395,
        0.13993837605199172,
        0.1512554855287075,
        0.14405845135570633
    ],
    "train_micro_f1": [
        0.27162499999949996,
        0.2829999999995,
        0.2839999999995,
        0.28624999999949996,
        0.2906249999995,
        0.2901249999995,
        0.2984999999995,
        0.29924999999949997,
        0.3001249999995,
        0.29737499999949996
    ],
    "train_weighted_f1": [
        0.13696721070971576,
        0.14145175921265876,
        0.18691545940874404,
        0.20487333705726846,
        0.21322204356164784,
        0.21003267056229602,
        0.22632597433673074,
        0.22371823235916755,
        0.2357833736503438,
        0.2284039994789071
    ],
    "train_confidence": [
        0.2814177522659302,
        0.2892094941139221,
        0.2946564154624939,
        0.30443496942520143,
        0.3043374094963074,
        0.3105952763557434,
        0.3085365514755249,
        0.31007039976119993,
        0.30891214323043825,
        0.3097831802368164
    ],
    "val_loss": [
        2.1337221698760986,
        2.062266483306885,
        2.0141993808746337,
        2.007808156967163,
        1.995153419494629,
        1.9958198471069335,
        1.9937693767547608,
        1.990899034500122,
        2.0145290985107422,
        1.9916013889312745
    ],
    "val_accuracy": [
        0.2854999899864197,
        0.27549999952316284,
        0.2865000069141388,
        0.29100000858306885,
        0.2915000021457672,
        0.29750001430511475,
        0.30300000309944153,
        0.2939999997615814,
        0.29499998688697815,
        0.30149999260902405
    ],
    "val_macro_precision": [
        0.0286072144288577,
        0.0930233844366424,
        0.08182768130490013,
        0.10055344668852542,
        0.11664717261731032,
        0.1133164893145463,
        0.18419286580789382,
        0.1358259845867235,
        0.10139305713324087,
        0.1256799027651438
    ],
    "val_macro_recall": [
        0.09999999999999983,
        0.12293265360613821,
        0.1263905213901765,
        0.13899960611450982,
        0.1363096670370417,
        0.15138088209553957,
        0.14962832977336998,
        0.14981638374782882,
        0.13012407457026692,
        0.15531384576616142
    ],
    "val_macro_f1": [
        0.04448772886634637,
        0.07890488379754729,
        0.07993734108499012,
        0.09827691185476081,
        0.10687023692922974,
        0.11433026699561924,
        0.11663625732865109,
        0.1216438387695001,
        0.09892727150988417,
        0.12236506701839348
    ],
    "val_micro_f1": [
        0.2854999999994999,
        0.27549999999949987,
        0.2864999999994999,
        0.2909999999994999,
        0.2914999999994999,
        0.2974999999994999,
        0.3029999999994999,
        0.2939999999994999,
        0.2949999999994999,
        0.3014999999994999
    ],
    "val_weighted_f1": [
        0.1270124659134189,
        0.17610313871263994,
        0.17196286774839148,
        0.1974409614782309,
        0.20238369714393212,
        0.21349543904718235,
        0.21508630960369848,
        0.2183079267299088,
        0.18951539388052654,
        0.2181908159756808
    ],
    "val_confidence": [
        0.26808971881866456,
        0.2752530403137207,
        0.2981803550720215,
        0.2822002468109131,
        0.2959886131286621,
        0.2958454818725586,
        0.3133159589767456,
        0.29849074363708494,
        0.3664673137664795,
        0.3191290340423584
    ],
    "grad_norm": [
        1.230579896080739,
        0.8387108125942502,
        0.8512519398867763,
        0.9897301318518127,
        0.9512687311914648,
        0.9452959354214266,
        0.8942818302687986,
        0.9508025011127292,
        0.9941012762569386,
        1.0452437866666757
    ],
    "fractional_applied_params": [
        2.0,
        2.0,
        2.0,
        2.0,
        2.0,
        2.0,
        2.0,
        2.0,
        2.0,
        2.0
    ],
    "epoch_time": [
        5.365610122680664,
        1.6729044914245605,
        1.3482146263122559,
        1.4356858730316162,
        1.6427392959594727,
        1.3300833702087402,
        1.7288038730621338,
        1.5356807708740234,
        1.3397316932678223,
        1.6502685546875
    ],
    "throughput_samples_per_sec": [
        1490.97676071984,
        4782.1020512579325,
        5933.773335394111,
        5572.2495779018,
        4869.914550456681,
        6014.660568791638,
        4627.47690738918,
        5209.416013880833,
        5971.344889577634,
        4847.695835490791
    ],
    "lr": [
        0.0003,
        0.0003,
        0.0003,
        0.0003,
        0.0003,
        0.0003,
        0.0003,
        0.0003,
        0.0003,
        0.0003
    ]
}