{
    "train_loss": [
        2.836889991307907,
        2.4239726482645345,
        2.0849539366965324,
        1.8138522077236572,
        1.5933425155356065
    ],
    "train_accuracy": [
        0.16645389795303345,
        0.3255425691604614,
        0.4236472547054291,
        0.489344984292984,
        0.5509182214736938
    ],
    "train_macro_precision": [
        0.17391116307147741,
        0.3066022722852441,
        0.38287845391661907,
        0.45113212413799203,
        0.5131830730732948
    ],
    "train_macro_recall": [
        0.15899928059147736,
        0.3148777200968186,
        0.4115194495833488,
        0.475313700770135,
        0.5345613948357498
    ],
    "train_macro_f1": [
        0.11154309858888264,
        0.2552632620695735,
        0.35930568159640425,
        0.4344720953829905,
        0.5033663184907293
    ],
    "train_micro_f1": [
        0.16645389374397607,
        0.3255425709510859,
        0.4236472552288037,
        0.48934498674211013,
        0.5509181969944915
    ],
    "train_weighted_f1": [
        0.11515385616556893,
        0.26197367699472185,
        0.3685945778829581,
        0.4461088348092842,
        0.517702709568143
    ],
    "train_confidence": [
        0.06851910287500611,
        0.11432064048997852,
        0.17116193289982948,
        0.23334004825615268,
        0.29819522965320794
    ],
    "val_loss": [
        2.5905155148999444,
        2.208091567407974,
        1.941404522888224,
        1.7319003503792694,
        1.5555457692563692
    ],
    "val_accuracy": [
        0.26259946823120117,
        0.4049513638019562,
        0.4694960117340088,
        0.5313881635665894,
        0.5676392316818237
    ],
    "val_macro_precision": [
        0.2649854332148117,
        0.4481684896917259,
        0.45710397384693857,
        0.5076245679910626,
        0.5461308952179367
    ],
    "val_macro_recall": [
        0.26157426815481755,
        0.3896520572763487,
        0.4553217104157444,
        0.5154423825331881,
        0.5522283233835884
    ],
    "val_macro_f1": [
        0.18042182486993805,
        0.3198286648117732,
        0.39550866676928065,
        0.4749339534953198,
        0.5168993685561265
    ],
    "val_micro_f1": [
        0.26259946949552104,
        0.4049513704681115,
        0.4694960212196588,
        0.5313881520773068,
        0.5676392572939292
    ],
    "val_weighted_f1": [
        0.18737311773366438,
        0.33828295870830155,
        0.41300820559472906,
        0.49495052539273915,
        0.5350938596137258
    ],
    "val_confidence": [
        0.09153857481996112,
        0.14897092352073663,
        0.21532883589295135,
        0.27973210231905804,
        0.3563138437313279
    ],
    "test_loss": [
        2.5927892555534617,
        2.217724816823221,
        1.9691905681591875,
        1.7652454345199697,
        1.6095889309145197
    ],
    "test_accuracy": [
        0.26354220509529114,
        0.381704717874527,
        0.43374934792518616,
        0.4950876235961914,
        0.5391662120819092
    ],
    "test_macro_precision": [
        0.20790777642569985,
        0.32463476501737604,
        0.40035869721960476,
        0.4568223163625137,
        0.5102258993963301
    ],
    "test_macro_recall": [
        0.25341598672958693,
        0.36886417262056853,
        0.41917317748361355,
        0.4794309439877663,
        0.5223731124207073
    ],
    "test_macro_f1": [
        0.1729357306881192,
        0.29578468082315035,
        0.36104272385616126,
        0.44058184610040935,
        0.4932966822865715
    ],
    "test_micro_f1": [
        0.26354221986142246,
        0.3817047264997655,
        0.43374933616519296,
        0.49508762612801827,
        0.539166224109962
    ],
    "test_weighted_f1": [
        0.17855364122445763,
        0.30444990399710387,
        0.37262183975524504,
        0.45409162295369826,
        0.5074729842762411
    ],
    "test_confidence": [
        0.09244047076032318,
        0.15106602045556553,
        0.21787987439732442,
        0.27957288002119507,
        0.3550479812819592
    ],
    "grad_norm": [
        0.954549716498012,
        0.9948009930311468,
        0.991134378665709,
        0.9941200565809705,
        0.9909046006347877
    ],
    "nonfinite_grad_tensors": [
        0.0,
        0.0,
        0.003134796238244514,
        0.0,
        0.003134796238244514
    ],
    "nonfinite_train_loss_batches": [
        0,
        0,
        0,
        0,
        0
    ],
    "nonfinite_val_loss_batches": [
        0,
        0,
        0,
        0,
        0
    ],
    "nonfinite_test_loss_batches": [
        0,
        0,
        0,
        0,
        0
    ],
    "fractional_applied_params": [
        7.0,
        7.0,
        7.0,
        7.0,
        7.0
    ],
    "epoch_time": [
        114.75320219993591,
        105.71413159370422,
        108.7993905544281,
        98.42875361442566,
        67.72760343551636
    ],
    "throughput_samples_per_sec": [
        88.73826442122316,
        96.32581610883182,
        93.59427427036773,
        103.45554145580063,
        150.35228597296023
    ],
    "lr": [
        2e-05,
        2e-05,
        2e-05,
        2e-05,
        2e-05
    ]
}