{
    "train_loss": [
        2.1871164798736573,
        2.079510094642639,
        2.0158871994018557,
        NaN,
        NaN,
        NaN,
        NaN,
        NaN,
        NaN,
        NaN
    ],
    "train_accuracy": [
        0.2668749988079071,
        0.2851249873638153,
        0.28987500071525574,
        0.2798750102519989,
        0.27812498807907104,
        0.27812498807907104,
        0.27812498807907104,
        0.27812498807907104,
        0.27812498807907104,
        0.27812498807907104
    ],
    "train_macro_precision": [
        0.05362727573188717,
        0.13744604333515692,
        0.15980451445913219,
        0.14791020998553978,
        0.027812499999999997,
        0.027812499999999997,
        0.027812499999999997,
        0.027812499999999997,
        0.027812499999999997,
        0.027812499999999997
    ],
    "train_macro_recall": [
        0.09952923173120555,
        0.13098258877578506,
        0.1520287063309882,
        0.11683688154034474,
        0.09999999999999995,
        0.09999999999999995,
        0.09999999999999995,
        0.09999999999999995,
        0.09999999999999995,
        0.09999999999999995
    ],
    "train_macro_f1": [
        0.05184382366894545,
        0.10089448956663694,
        0.13587774724024235,
        0.07893170743824895,
        0.04352078239605396,
        0.04352078239605396,
        0.04352078239605396,
        0.04352078239605396,
        0.04352078239605396,
        0.04352078239605396
    ],
    "train_micro_f1": [
        0.2668749999995,
        0.2851249999995,
        0.2898749999995,
        0.2798749999995,
        0.27812499999949997,
        0.27812499999949997,
        0.27812499999949997,
        0.27812499999949997,
        0.27812499999949997,
        0.27812499999949997
    ],
    "train_weighted_f1": [
        0.128805106799847,
        0.18344666546124302,
        0.21796205709105235,
        0.16000388260449047,
        0.12104217603902506,
        0.12104217603902506,
        0.12104217603902506,
        0.12104217603902506,
        0.12104217603902506,
        0.12104217603902506
    ],
    "train_confidence": [
        0.2851348700523376,
        0.29534344673156737,
        0.3091926145553589,
        NaN,
        NaN,
        NaN,
        NaN,
        NaN,
        NaN,
        NaN
    ],
    "val_loss": [
        2.1220370807647706,
        2.0184453563690186,
        2.0114623975753783,
        NaN,
        NaN,
        NaN,
        NaN,
        NaN,
        NaN,
        NaN
    ],
    "val_accuracy": [
        0.2955000102519989,
        0.2939999997615814,
        0.2915000021457672,
        0.2955000102519989,
        0.2955000102519989,
        0.2955000102519989,
        0.2955000102519989,
        0.2955000102519989,
        0.2955000102519989,
        0.2955000102519989
    ],
    "val_macro_precision": [
        0.0497201017811699,
        0.09075672719236653,
        0.22534436112324863,
        0.029549999999999986,
        0.029549999999999986,
        0.029549999999999986,
        0.029549999999999986,
        0.029549999999999986,
        0.029549999999999986,
        0.029549999999999986
    ],
    "val_macro_recall": [
        0.1024053104256148,
        0.13600313677784467,
        0.14622940395030654,
        0.09999999999999983,
        0.09999999999999983,
        0.09999999999999983,
        0.09999999999999983,
        0.09999999999999983,
        0.09999999999999983,
        0.09999999999999983
    ],
    "val_macro_f1": [
        0.05178335714765577,
        0.09712908347294444,
        0.11867734169496247,
        0.045619451949019174,
        0.045619451949019174,
        0.045619451949019174,
        0.045619451949019174,
        0.045619451949019174,
        0.045619451949019174,
        0.045619451949019174
    ],
    "val_micro_f1": [
        0.2954999999994999,
        0.2939999999994999,
        0.2914999999994999,
        0.2954999999994999,
        0.2954999999994999,
        0.2954999999994999,
        0.2954999999994999,
        0.2954999999994999,
        0.2954999999994999,
        0.2954999999994999
    ],
    "val_weighted_f1": [
        0.14096764645833054,
        0.19342957954875456,
        0.21751518492315375,
        0.13480548050935168,
        0.13480548050935168,
        0.13480548050935168,
        0.13480548050935168,
        0.13480548050935168,
        0.13480548050935168,
        0.13480548050935168
    ],
    "val_confidence": [
        0.27430192375183104,
        0.2952458038330078,
        0.29910544204711914,
        NaN,
        NaN,
        NaN,
        NaN,
        NaN,
        NaN,
        NaN
    ],
    "grad_norm": [
        1.6857202280628516,
        1.3867543148027193,
        1.3463166786730134,
        NaN,
        NaN,
        NaN,
        NaN,
        NaN,
        NaN,
        NaN
    ],
    "fractional_applied_params": [
        0.0,
        0.0,
        0.0,
        42.0,
        42.0,
        42.0,
        42.0,
        42.0,
        42.0,
        42.0
    ],
    "epoch_time": [
        6.647500991821289,
        3.2762198448181152,
        3.306201934814453,
        3.3256852626800537,
        3.3320400714874268,
        2.870161533355713,
        3.0007050037384033,
        2.8054580688476562,
        3.2667789459228516,
        2.971295118331909
    ],
    "throughput_samples_per_sec": [
        1203.459767789843,
        2441.838575837127,
        2419.694912086175,
        2405.519274410555,
        2400.93150993493,
        2787.2995672987863,
        2666.040143910603,
        2851.5842346152067,
        2448.895420360325,
        2692.4286149304535
    ],
    "lr": [
        0.0003,
        0.0003,
        0.0003,
        0.0003,
        0.0003,
        0.0003,
        0.0003,
        0.0003,
        0.0003,
        0.0003
    ]
}