{
    "train_loss": [
        2.2202392711639405,
        2.090529537200928,
        2.029827293395996,
        1.985600341796875,
        1.9471084785461426,
        1.922657085418701,
        1.88254985332489,
        1.859199514389038,
        1.8096332931518555,
        1.7844570598602294
    ],
    "train_accuracy": [
        0.2212499976158142,
        0.26249998807907104,
        0.27900001406669617,
        0.2932499945163727,
        0.30375000834465027,
        0.32374998927116394,
        0.3372499942779541,
        0.3372499942779541,
        0.35749998688697815,
        0.3555000126361847
    ],
    "train_macro_precision": [
        0.13155060272465688,
        0.1983063232663765,
        0.20249706935662592,
        0.21042795328372627,
        0.22416105996142535,
        0.2582232827078941,
        0.2727243993923092,
        0.2685095954363507,
        0.2968194112126821,
        0.29209712900587226
    ],
    "train_macro_recall": [
        0.10803830063255107,
        0.16734203307011203,
        0.19153286873575276,
        0.21090000137422948,
        0.2237678119967123,
        0.25644462333143575,
        0.2694530763891916,
        0.2683435053988435,
        0.29284739749995203,
        0.294495801413958
    ],
    "train_macro_f1": [
        0.06350934286970197,
        0.14715769551210794,
        0.17200212922736346,
        0.19847182636244692,
        0.20921040477838004,
        0.24683386493912624,
        0.2590749751959876,
        0.2542136216586398,
        0.2852544106316751,
        0.28606028902289676
    ],
    "train_micro_f1": [
        0.22124999999949996,
        0.26249999999949997,
        0.2789999999994999,
        0.29324999999949997,
        0.3037499999994999,
        0.32374999999949994,
        0.33724999999949995,
        0.33724999999949995,
        0.35749999999949994,
        0.35549999999949994
    ],
    "train_weighted_f1": [
        0.11024310472623176,
        0.20211879161944496,
        0.22325235853140338,
        0.25333278236079876,
        0.262997445615828,
        0.2954552761706931,
        0.3078946706377015,
        0.3062609994208037,
        0.333619473072074,
        0.3366423591698176
    ],
    "train_confidence": [
        0.2328657808303833,
        0.26733706188201906,
        0.28738669013977053,
        0.30002564716339114,
        0.31358727836608885,
        0.3269202632904053,
        0.3329577226638794,
        0.3561650161743164,
        0.3560752191543579,
        0.3835411329269409
    ],
    "val_loss": [
        2.161944746017456,
        2.0962168235778806,
        2.0533525428771973,
        2.0228067588806153,
        1.9963985958099366,
        1.988111322402954,
        1.980555919647217,
        1.9558613815307617,
        1.9489343357086182,
        1.9424684867858886
    ],
    "val_accuracy": [
        0.23399999737739563,
        0.24300000071525574,
        0.26100000739097595,
        0.2930000126361847,
        0.3009999990463257,
        0.30000001192092896,
        0.3009999990463257,
        0.3050000071525574,
        0.3089999854564667,
        0.3230000138282776
    ],
    "val_macro_precision": [
        0.0839361042183602,
        0.16417139103116424,
        0.15043669370013388,
        0.2590468111438458,
        0.2514852402555784,
        0.2372979020972096,
        0.2978624092325711,
        0.2671993209460835,
        0.2739942002190731,
        0.3001570863919239
    ],
    "val_macro_recall": [
        0.1553256486317281,
        0.1707744890821088,
        0.1898052201776258,
        0.23032180602341418,
        0.24572761972129548,
        0.24688673588906518,
        0.2520026550667931,
        0.25469455215025694,
        0.2521435977074071,
        0.26892781196311044
    ],
    "val_macro_f1": [
        0.0798883374805045,
        0.10521939032549373,
        0.15376003106670594,
        0.20287020904552958,
        0.237815839160845,
        0.223687258820117,
        0.22506464339877663,
        0.2440968392836272,
        0.24047355218702368,
        0.2618006409678704
    ],
    "val_micro_f1": [
        0.23399999999949977,
        0.24299999999949976,
        0.26099999999949974,
        0.2929999999994997,
        0.3009999999994997,
        0.2999999999994997,
        0.3009999999994997,
        0.30499999999949967,
        0.3089999999994997,
        0.3229999999994997
    ],
    "val_weighted_f1": [
        0.12370127390381438,
        0.14936484807550973,
        0.20351868687731736,
        0.24971951011374552,
        0.28480473673251006,
        0.2719874421138606,
        0.2757787324866292,
        0.29416466808150826,
        0.29142013428832814,
        0.30219373112265463
    ],
    "val_confidence": [
        0.21409185028076172,
        0.28740442848205566,
        0.2866548900604248,
        0.26630543422698977,
        0.2728820571899414,
        0.31134246826171874,
        0.3216604433059692,
        0.3298487119674683,
        0.380108154296875,
        0.3642409267425537
    ],
    "grad_norm": [
        1.2012994585044205,
        1.0990874746728199,
        1.1864938581948703,
        1.114523038751651,
        1.1301813795861646,
        1.2674714125066973,
        1.169792564173137,
        1.4005625181166916,
        1.173679035124854,
        1.3661595656333023
    ],
    "fractional_applied_params": [
        0.0,
        0.0,
        0.0,
        0.0,
        0.0,
        0.0,
        0.0,
        0.0,
        0.0,
        0.0
    ],
    "epoch_time": [
        4.3923633098602295,
        0.3368959426879883,
        0.5739970207214355,
        0.9157145023345947,
        0.5598928928375244,
        0.5627644062042236,
        0.7896387577056885,
        1.018974781036377,
        1.0245344638824463,
        1.0321736335754395
    ],
    "throughput_samples_per_sec": [
        910.6714808906108,
        11873.102323777604,
        6968.677285071181,
        4368.173693658979,
        7144.223566989914,
        7107.770064882933,
        5065.607483125678,
        3925.5142270858632,
        3904.212245669224,
        3875.3169717618525
    ],
    "lr": [
        0.0003,
        0.0003,
        0.0003,
        0.0003,
        0.0003,
        0.0003,
        0.0003,
        0.0003,
        0.0003,
        0.0003
    ]
}