{
    "train_loss": [
        2.186584726333618,
        2.0901828956604005,
        2.0301375179290773,
        2.0116542768478394,
        2.004324782371521,
        1.9917555265426636,
        1.9959105920791627,
        1.9812295398712159,
        1.9682733774185182,
        1.9649830741882324
    ],
    "train_accuracy": [
        0.2787500023841858,
        0.2823750078678131,
        0.28700000047683716,
        0.2853749990463257,
        0.2918750047683716,
        0.2932499945163727,
        0.2938750088214874,
        0.29612499475479126,
        0.2982499897480011,
        0.3021250069141388
    ],
    "train_macro_precision": [
        0.11777502656227179,
        0.11257495640520657,
        0.13109949992815326,
        0.14044194660070422,
        0.16363959902484287,
        0.16369234811477837,
        0.15752052195684002,
        0.16801370937929533,
        0.16944130050166956,
        0.17980482597957562
    ],
    "train_macro_recall": [
        0.10178643018296718,
        0.12110709611049475,
        0.1382017729063545,
        0.1437661330543169,
        0.152893787826034,
        0.15462513300914066,
        0.15773734449655408,
        0.1612664985006368,
        0.1642573917894018,
        0.16965069274017
    ],
    "train_macro_f1": [
        0.05087104691594867,
        0.08811751218728496,
        0.11250448884838289,
        0.12431108200093563,
        0.135134215724914,
        0.13654885169137057,
        0.14029174840513753,
        0.14724446129764004,
        0.14687009297283504,
        0.1543419552209777
    ],
    "train_micro_f1": [
        0.27874999999949995,
        0.2823749999995,
        0.2869999999995,
        0.2853749999995,
        0.29187499999949995,
        0.29324999999949997,
        0.29387499999949995,
        0.2961249999995,
        0.29824999999949997,
        0.3021249999995
    ],
    "train_weighted_f1": [
        0.12968376475311924,
        0.173499394719044,
        0.20088019296711715,
        0.21120366119077305,
        0.2217384099103551,
        0.22166737286468202,
        0.22573741096835132,
        0.23285089412513835,
        0.23334316788439022,
        0.24017850163624843
    ],
    "train_confidence": [
        0.27780731678009035,
        0.29866442251205444,
        0.3041761131286621,
        0.30652551364898684,
        0.30575901222229,
        0.30982403564453126,
        0.3079024477005005,
        0.31144956159591675,
        0.3112723135948181,
        0.3104740195274353
    ],
    "val_loss": [
        2.1363586616516113,
        2.0491218872070314,
        2.0159867057800294,
        1.9977165565490722,
        1.9938882274627685,
        2.0066483554840087,
        1.9958095111846923,
        1.9970289402008057,
        1.9923033618927002,
        1.9812065219879151
    ],
    "val_accuracy": [
        0.2854999899864197,
        0.28299999237060547,
        0.27399998903274536,
        0.28999999165534973,
        0.2955000102519989,
        0.2944999933242798,
        0.2874999940395355,
        0.2849999964237213,
        0.2915000021457672,
        0.28850001096725464
    ],
    "val_macro_precision": [
        0.04045860401649243,
        0.09878517188645508,
        0.09360543467427143,
        0.09659876662850192,
        0.12145182676811903,
        0.1327047034196487,
        0.10203046994195981,
        0.17922254588647507,
        0.12064789681649565,
        0.18405413745511184
    ],
    "val_macro_recall": [
        0.10061127576451552,
        0.1400544843699138,
        0.13241324110730104,
        0.13644776261020702,
        0.14071922959237831,
        0.15402723766814086,
        0.1390712292339163,
        0.15377418935685677,
        0.15863193191257635,
        0.14940394530390533
    ],
    "val_macro_f1": [
        0.046335334551417376,
        0.09131310242876467,
        0.1019383470438902,
        0.09246048782194247,
        0.10715593931828224,
        0.12235444289131578,
        0.10618502508122374,
        0.11647263682873385,
        0.12359964751845617,
        0.11797901936512052
    ],
    "val_micro_f1": [
        0.2854999999994999,
        0.2829999999994999,
        0.27399999999949987,
        0.2899999999994999,
        0.2954999999994999,
        0.2944999999994999,
        0.2874999999994999,
        0.2849999999994999,
        0.2914999999994999,
        0.2884999999994999
    ],
    "val_weighted_f1": [
        0.12906071347765533,
        0.1892381903829288,
        0.19834842232668737,
        0.18838906668804492,
        0.19908390123159686,
        0.2107618760055051,
        0.20289164130653795,
        0.20565137957568588,
        0.22184125541268346,
        0.21173811947179227
    ],
    "val_confidence": [
        0.3199844131469727,
        0.2751998596191406,
        0.2915991096496582,
        0.31005751132965087,
        0.33368132400512696,
        0.3226109228134155,
        0.31324377822875976,
        0.3149831714630127,
        0.3084661922454834,
        0.31157322120666503
    ],
    "grad_norm": [
        1.2842032594566295,
        1.111308286932566,
        1.050945830520268,
        1.0567977644024968,
        1.087477876695944,
        1.034878000715089,
        1.1699168834246154,
        1.0419021037967713,
        0.9892668644455686,
        0.9676736971719593
    ],
    "fractional_applied_params": [
        2.0,
        2.0,
        2.0,
        2.0,
        2.0,
        2.0,
        2.0,
        2.0,
        2.0,
        2.0
    ],
    "epoch_time": [
        6.549387693405151,
        1.8993456363677979,
        2.235036611557007,
        0.6748476028442383,
        0.889052152633667,
        2.3549818992614746,
        2.5116727352142334,
        2.412571668624878,
        2.7353744506835938,
        2.7469522953033447
    ],
    "throughput_samples_per_sec": [
        1221.488232870308,
        4211.976928695691,
        3579.3597109923458,
        11854.528290954724,
        8998.347258146048,
        3397.0537109048737,
        3185.128336123631,
        3315.9636681632155,
        2924.6452886919124,
        2912.318504284969
    ],
    "lr": [
        0.0003,
        0.0003,
        0.0003,
        0.0003,
        0.0003,
        0.0003,
        0.0003,
        0.0003,
        0.0003,
        0.0003
    ]
}