{
    "train_loss": [
        0.6033756239149306,
        0.4730757229275174,
        0.43139860432942706,
        0.4088558876651457,
        NaN
    ],
    "train_accuracy": [
        0.6756444573402405,
        0.7821778059005737,
        0.8030666708946228,
        0.8220186829566956,
        0.0
    ],
    "train_macro_precision": [
        0.6756861110261065,
        0.7822280995223106,
        0.8031204591221968,
        0.8221830767705309,
        0.0
    ],
    "train_macro_recall": [
        0.6756401803302438,
        0.7821812950797165,
        0.8030701899103354,
        0.8219726122132212,
        0.0
    ],
    "train_macro_f1": [
        0.6756217978796465,
        0.7821694642883286,
        0.8030591504307996,
        0.821979120675296,
        0.0
    ],
    "train_micro_f1": [
        0.6756444444439444,
        0.7821777777772777,
        0.8030666666661667,
        0.8220186781604194,
        0.0
    ],
    "train_weighted_f1": [
        0.6756232434050272,
        0.7821687465770524,
        0.8030585015471707,
        0.8219896057918347,
        0.0
    ],
    "train_confidence": [
        0.6257869297133551,
        0.7755898744159274,
        0.8093711349487305,
        0.8240089152736225,
        NaN
    ],
    "val_loss": [
        0.4812134765625,
        0.4290015380859375,
        0.410300537109375,
        0.0,
        0.0
    ],
    "val_accuracy": [
        0.7892000079154968,
        0.8080000281333923,
        0.8199999928474426,
        0.4975999891757965,
        0.4975999891757965
    ],
    "val_macro_precision": [
        0.7897393050056434,
        0.808362539065604,
        0.8202229772666702,
        0.2487999999999999,
        0.2487999999999999
    ],
    "val_macro_recall": [
        0.7893007454891755,
        0.8079149343600871,
        0.8199344112888355,
        0.4999999999999996,
        0.4999999999999996
    ],
    "val_macro_f1": [
        0.7891376184725487,
        0.80791037866577,
        0.8199442259229215,
        0.33226495726473526,
        0.33226495726473526
    ],
    "val_micro_f1": [
        0.7891999999994996,
        0.8079999999994997,
        0.8199999999994997,
        0.49759999999949983,
        0.49759999999949983
    ],
    "val_weighted_f1": [
        0.7891202096743298,
        0.8079302945177099,
        0.8199594370347155,
        0.33067008546986454,
        0.33067008546986454
    ],
    "val_confidence": [
        0.7581182741165161,
        0.7985368106842041,
        0.8358833498001098,
        NaN,
        NaN
    ],
    "test_loss": [
        0.4882233447265625,
        0.43773334228515626,
        0.4228500439453125,
        0.0,
        0.0
    ],
    "test_accuracy": [
        0.775600016117096,
        0.7974399924278259,
        0.80867999792099,
        0.5,
        0.5
    ],
    "test_macro_precision": [
        0.7766064331709478,
        0.7976375055816237,
        0.8086883469329009,
        0.25,
        0.25
    ],
    "test_macro_recall": [
        0.7755999999999998,
        0.7974399999999999,
        0.8086799999999998,
        0.49999999999999994,
        0.49999999999999994
    ],
    "test_macro_f1": [
        0.7753956941730503,
        0.797406390854267,
        0.8086787066675569,
        0.33333333333311105,
        0.33333333333311105
    ],
    "test_micro_f1": [
        0.7755999999995,
        0.7974399999995,
        0.8086799999995,
        0.49999999999949996,
        0.49999999999949996
    ],
    "test_weighted_f1": [
        0.7753956941730503,
        0.7974063908542669,
        0.8086787066675568,
        0.3333333333331111,
        0.3333333333331111
    ],
    "test_confidence": [
        0.7571153445434571,
        0.796871095046997,
        0.8327223805618286,
        NaN,
        NaN
    ],
    "grad_norm": [
        0.9344839629980594,
        0.9468429892900211,
        0.9511753961974115,
        0.9524006273089384,
        0.0
    ],
    "nonfinite_grad_tensors": [
        0.0,
        0.0,
        0.0,
        0.011494252873563218,
        0.0
    ],
    "nonfinite_train_loss_batches": [
        0,
        0,
        0,
        530,
        704
    ],
    "nonfinite_val_loss_batches": [
        0,
        0,
        0,
        79,
        79
    ],
    "nonfinite_test_loss_batches": [
        0,
        0,
        0,
        782,
        782
    ],
    "fractional_applied_params": [
        16.0,
        16.0,
        16.0,
        16.0,
        0.0
    ],
    "epoch_time": [
        71.37493920326233,
        63.36155724525452,
        65.68502306938171,
        19.743844270706177,
        8.61122441291809
    ],
    "throughput_samples_per_sec": [
        315.2366958369555,
        355.10490868949,
        342.54383950255635,
        282.01194882099065,
        0.0
    ],
    "lr": [
        2e-05,
        2e-05,
        2e-05,
        2e-05,
        2e-05
    ]
}