{
    "train_loss": [
        2.227305364608765,
        2.056080906867981,
        1.9839161157608032,
        1.9306926097869872,
        1.8954910049438476,
        1.8609040937423706,
        1.8242608156204223,
        1.800139570236206,
        1.7720368309020995,
        1.7465441217422486
    ],
    "train_accuracy": [
        0.21674999594688416,
        0.28174999356269836,
        0.31075000762939453,
        0.32850000262260437,
        0.328249990940094,
        0.3422499895095825,
        0.3490000069141388,
        0.351749986410141,
        0.36399999260902405,
        0.37674999237060547
    ],
    "train_macro_precision": [
        0.13665023895587117,
        0.2388779550712886,
        0.24762642441428345,
        0.27242494835031755,
        0.26697121355225534,
        0.2954196336733448,
        0.3069079788397768,
        0.30456453812609785,
        0.3186252858704942,
        0.33909708293038926
    ],
    "train_macro_recall": [
        0.12500188737131282,
        0.1938374782749256,
        0.24020134928777637,
        0.2650195815689116,
        0.26655696368194465,
        0.27881292014438824,
        0.2877441119946206,
        0.2918382352905923,
        0.3019644417527955,
        0.31432299772788963
    ],
    "train_macro_f1": [
        0.098034347602718,
        0.17511367399806124,
        0.2283275569226646,
        0.2572909557238317,
        0.2555789996353718,
        0.27495012864673524,
        0.2832847064116194,
        0.2885966264256719,
        0.29704625841512333,
        0.31317665220149205
    ],
    "train_micro_f1": [
        0.21674999999949995,
        0.28174999999949996,
        0.3107499999994999,
        0.3284999999994999,
        0.32824999999949994,
        0.34224999999949995,
        0.34899999999949993,
        0.3517499999994999,
        0.36399999999949995,
        0.3767499999995
    ],
    "train_weighted_f1": [
        0.13825454169108273,
        0.22558766918449014,
        0.2748847888990194,
        0.29873276782781916,
        0.3005784794698664,
        0.31932610410694356,
        0.32459261706956594,
        0.3311361705472459,
        0.3400956879844542,
        0.35333691382562443
    ],
    "train_confidence": [
        0.2328740348815918,
        0.2897235221862793,
        0.3185863943099976,
        0.33732200813293456,
        0.33959585475921633,
        0.35389583015441894,
        0.35682901668548583,
        0.37145098304748536,
        0.3768765392303467,
        0.37760050678253176
    ],
    "val_loss": [
        2.0736081228256227,
        1.9888329753875733,
        1.929390142440796,
        1.9033747081756591,
        1.8808457469940185,
        1.8501256885528565,
        1.831892967224121,
        1.8270091724395752,
        1.8178818674087525,
        1.8096498317718506
    ],
    "val_accuracy": [
        0.25999999046325684,
        0.3100000023841858,
        0.32600000500679016,
        0.3179999887943268,
        0.3440000116825104,
        0.3370000123977661,
        0.3490000069141388,
        0.34599998593330383,
        0.3529999852180481,
        0.34599998593330383
    ],
    "val_macro_precision": [
        0.16461196547624773,
        0.24091795771208563,
        0.22342490901021433,
        0.24156173716507445,
        0.3023326482575829,
        0.31154999334004757,
        0.295774851502101,
        0.306804208803686,
        0.30643142437130455,
        0.2931418350629042
    ],
    "val_macro_recall": [
        0.13104020989571008,
        0.23463680806120513,
        0.244106766594967,
        0.24542222522799642,
        0.27496900179603306,
        0.2722539616295765,
        0.28048681647072377,
        0.2825198344018391,
        0.28526975270459803,
        0.2859645740148866
    ],
    "val_macro_f1": [
        0.09101154414841447,
        0.2133710102120446,
        0.22384152607588798,
        0.2312678360439256,
        0.2584193428962875,
        0.2595519162056624,
        0.2687303343935984,
        0.26891020688646866,
        0.2744913974575811,
        0.273227953700271
    ],
    "val_micro_f1": [
        0.25999999999949974,
        0.3099999999994997,
        0.3259999999994997,
        0.3179999999994997,
        0.34399999999949965,
        0.33699999999949964,
        0.34899999999949965,
        0.34599999999949965,
        0.35299999999949966,
        0.34599999999949965
    ],
    "val_weighted_f1": [
        0.14632028521751544,
        0.27447980968665286,
        0.280521010528807,
        0.2964231918087464,
        0.31707026706192176,
        0.3092092837796149,
        0.3225568417731667,
        0.32133798139505604,
        0.3296380590217338,
        0.32840195614949064
    ],
    "val_confidence": [
        0.29866878509521483,
        0.3025282173156738,
        0.342273341178894,
        0.32278066730499266,
        0.37039166831970216,
        0.3525174026489258,
        0.3533075351715088,
        0.3977936630249023,
        0.37281130599975587,
        0.38651243209838865
    ],
    "grad_norm": [
        1.8365123859056716,
        1.6163855000045821,
        1.544121425497305,
        1.4194362991279565,
        1.5216395122675177,
        1.3522115948364128,
        1.3765869227972178,
        1.3361172619359964,
        1.364963665771619,
        1.3737482454062289
    ],
    "fractional_applied_params": [
        0.0,
        0.0,
        0.0,
        2.0,
        2.0,
        2.0,
        2.0,
        2.0,
        2.0,
        2.0
    ],
    "epoch_time": [
        4.626467227935791,
        0.8705730438232422,
        0.740175724029541,
        0.8742198944091797,
        0.7241365909576416,
        0.9063167572021484,
        1.1591336727142334,
        1.1586675643920898,
        1.1717479228973389,
        1.1610159873962402
    ],
    "throughput_samples_per_sec": [
        864.5905834687379,
        4594.674770118594,
        5404.122116061668,
        4575.507862016001,
        5523.8197460925985,
        4413.467993627557,
        3450.8530760163144,
        3452.2412838048613,
        3413.7035123641135,
        3445.2583284151196
    ],
    "lr": [
        0.0003,
        0.0003,
        0.0003,
        0.0003,
        0.0003,
        0.0003,
        0.0003,
        0.0003,
        0.0003,
        0.0003
    ]
}