{
    "train_loss": [
        2.147159447669983,
        2.093035111427307,
        2.0460337805747986,
        1.9755543327331544,
        1.965960464477539,
        1.9570744514465332,
        1.9539000582695008,
        1.9500226759910584,
        1.940357162952423,
        1.9457835006713866
    ],
    "train_accuracy": [
        0.3233333230018616,
        0.33916667103767395,
        0.33906251192092896,
        0.336041659116745,
        0.33520832657814026,
        0.33510416746139526,
        0.3369791805744171,
        0.3348958194255829,
        0.3370833396911621,
        0.33635416626930237
    ],
    "train_macro_precision": [
        0.0749564269507772,
        0.033927268938209854,
        0.0938068010751157,
        0.14307486681583406,
        0.13779254984537836,
        0.13305778582670486,
        0.15120196219070825,
        0.1452942592758022,
        0.14683643398227064,
        0.1493820075781946
    ],
    "train_macro_recall": [
        0.09932698238715137,
        0.09999999999999996,
        0.10130236852708743,
        0.11979278066913975,
        0.12012270713879858,
        0.12318369023556593,
        0.126348423472483,
        0.1189796314735186,
        0.12643524679586632,
        0.12327997778605063
    ],
    "train_macro_f1": [
        0.05879945055876642,
        0.05066521434680725,
        0.05428810989027192,
        0.09588363927432737,
        0.09607100080796095,
        0.10137288930442989,
        0.10684933170809492,
        0.09503677304740382,
        0.1058757294396188,
        0.10125771904866103
    ],
    "train_micro_f1": [
        0.32333333333283326,
        0.3391666666661666,
        0.33906249999949994,
        0.33604166666616664,
        0.3352083333328333,
        0.3351041666661666,
        0.3369791666661666,
        0.3348958333328333,
        0.3370833333328333,
        0.33635416666616663
    ],
    "train_weighted_f1": [
        0.17658664931156706,
        0.17183951865958794,
        0.17550270182234248,
        0.21627939404544505,
        0.21796825128330247,
        0.22406307779141785,
        0.22737242879090053,
        0.21657040380391418,
        0.22669498964592288,
        0.22157742728406493
    ],
    "train_confidence": [
        0.3434825205802918,
        0.3377250079313914,
        0.34505557974179585,
        0.3450938427448273,
        0.3467041011651357,
        0.34556317925453184,
        0.3417858119805654,
        0.349261509180069,
        0.3427881062030792,
        0.34102982401847837
    ],
    "val_loss": [
        2.0570255661010743,
        2.043796806335449,
        1.9358114051818847,
        1.9159717750549317,
        1.919406428337097,
        1.9248755598068237,
        1.9106112766265868,
        1.9101248025894164,
        1.9186798620224,
        1.907093381881714
    ],
    "val_accuracy": [
        0.35624998807907104,
        0.35624998807907104,
        0.36000001430511475,
        0.35624998807907104,
        0.3487499952316284,
        0.34375,
        0.3479166626930237,
        0.35374999046325684,
        0.35374999046325684,
        0.3545833230018616
    ],
    "val_macro_precision": [
        0.03562499999999998,
        0.03562499999999998,
        0.13145890203212302,
        0.06944180157588678,
        0.06244755333479688,
        0.09982392176715309,
        0.07840860274488035,
        0.1373240072371952,
        0.06300937950937871,
        0.08812344937584432
    ],
    "val_macro_recall": [
        0.09999999999999988,
        0.09999999999999988,
        0.10454695458481515,
        0.11555640513713639,
        0.11883563210503419,
        0.12689202907311709,
        0.11493380940519426,
        0.11641889134958369,
        0.10388085148133257,
        0.11599752637007128
    ],
    "val_macro_f1": [
        0.05253456221194279,
        0.05253456221194279,
        0.06188306845710637,
        0.0759872570710097,
        0.08029954915887151,
        0.08762787948907494,
        0.079820341420468,
        0.08302129440000172,
        0.06406950798421289,
        0.08193732065973067
    ],
    "val_micro_f1": [
        0.35624999999949986,
        0.35624999999949986,
        0.3599999999994999,
        0.35624999999949986,
        0.3487499999994999,
        0.3437499999994999,
        0.34791666666616655,
        0.35374999999949985,
        0.35374999999949985,
        0.3545833333328332
    ],
    "val_weighted_f1": [
        0.18715437788004619,
        0.18715437788004619,
        0.19769830831916294,
        0.2134550028073996,
        0.22833529612909237,
        0.2386604023869295,
        0.227908242837817,
        0.22200918830469238,
        0.20282382551063327,
        0.21907921051461993
    ],
    "val_confidence": [
        0.2953234028816223,
        0.3404414161046346,
        0.39199955940246584,
        0.3539195728302002,
        0.3278743680318197,
        0.3198033920923869,
        0.3595362679163615,
        0.3512288316090902,
        0.3990591812133789,
        0.3502647956212362
    ],
    "grad_norm": [
        0.9103229112830603,
        0.46488892941061716,
        0.46432000870963963,
        0.47124350914354124,
        0.527617289788321,
        0.5071885839358162,
        0.4935314586174101,
        0.4982914437985802,
        0.4716693512616433,
        0.5608384218581665
    ],
    "fractional_applied_params": [
        30.0,
        30.0,
        30.0,
        30.0,
        30.0,
        30.0,
        30.0,
        30.0,
        30.0,
        30.0
    ],
    "epoch_time": [
        5.64211630821228,
        2.4906325340270996,
        2.5060932636260986,
        2.0723187923431396,
        2.2033348083496094,
        2.196096420288086,
        2.2536327838897705,
        2.507756471633911,
        2.5608410835266113,
        1.9089856147766113
    ],
    "throughput_samples_per_sec": [
        1701.489206457317,
        3854.442543749228,
        3830.663502965423,
        4632.491890470879,
        4357.031878959333,
        4371.392763684148,
        4259.788936612113,
        3828.1229092971644,
        3748.7683487096947,
        5028.8487905255315
    ],
    "lr": [
        0.0003,
        0.0003,
        0.0003,
        0.0003,
        0.0003,
        0.0003,
        0.0003,
        0.0003,
        0.0003,
        0.0003
    ]
}