{
    "train_loss": [
        2.192740306854248,
        2.11217657661438,
        2.0296502227783204,
        2.011109543800354,
        1.9896965217590332,
        1.991056290626526,
        1.9933533134460448,
        1.9751715364456177,
        1.9697182283401489,
        1.962240348815918
    ],
    "train_accuracy": [
        0.2731249928474426,
        0.28600001335144043,
        0.29074999690055847,
        0.2876250147819519,
        0.30149999260902405,
        0.2942500114440918,
        0.2893750071525574,
        0.30149999260902405,
        0.29862499237060547,
        0.30250000953674316
    ],
    "train_macro_precision": [
        0.08317476041908892,
        0.17307568735055767,
        0.16431420915284622,
        0.14710259341268442,
        0.16749493168506288,
        0.15400184203864692,
        0.1425024402632156,
        0.1630473513474132,
        0.1593701781742059,
        0.17943109268311644
    ],
    "train_macro_recall": [
        0.09962537372619207,
        0.11325290520421609,
        0.14486947999592906,
        0.14772978179917726,
        0.15845549695779837,
        0.15340610776234503,
        0.14634597143645084,
        0.16255054541128583,
        0.1593530515340533,
        0.16518266819762248
    ],
    "train_macro_f1": [
        0.0516986332878284,
        0.0742664669651525,
        0.11963262214353179,
        0.1303340949565893,
        0.13269875989511276,
        0.13542874525914322,
        0.12383142547055223,
        0.1395540256329612,
        0.14095602474319804,
        0.14397898744045018
    ],
    "train_micro_f1": [
        0.27312499999949996,
        0.2859999999995,
        0.29074999999949996,
        0.2876249999995,
        0.3014999999995,
        0.29424999999949997,
        0.2893749999995,
        0.3014999999995,
        0.2986249999995,
        0.3024999999995
    ],
    "train_weighted_f1": [
        0.13103723252044006,
        0.15697528322964177,
        0.2045478291892559,
        0.21894819060167695,
        0.221610373059121,
        0.22327710786541993,
        0.21340267337124236,
        0.22765607977587504,
        0.231381626320273,
        0.2304604526305235
    ],
    "train_confidence": [
        0.2896145086288452,
        0.2870728764533997,
        0.30963331508636477,
        0.31013391399383544,
        0.31374803400039675,
        0.3079401264190674,
        0.3102265295982361,
        0.31077209901809694,
        0.307811155796051,
        0.31224680852890013
    ],
    "val_loss": [
        2.144451175689697,
        2.080114315032959,
        2.048758737564087,
        2.0380970039367674,
        2.034337823867798,
        2.0253533821105956,
        2.0197672004699707,
        2.0247607612609864,
        2.014092453956604,
        2.0176153964996337
    ],
    "val_accuracy": [
        0.2745000123977661,
        0.28200000524520874,
        0.2720000147819519,
        0.2750000059604645,
        0.273499995470047,
        0.2709999978542328,
        0.2809999883174896,
        0.28600001335144043,
        0.27950000762939453,
        0.2815000116825104
    ],
    "val_macro_precision": [
        0.1274137068533267,
        0.16189179748958632,
        0.20099916679330096,
        0.08476338594133281,
        0.15952285751842493,
        0.13472507419655566,
        0.13536453187522582,
        0.1356951437229551,
        0.13894731532933574,
        0.11484233743329297
    ],
    "val_macro_recall": [
        0.10047619047619027,
        0.12271369707133162,
        0.13765086219124648,
        0.13211046516262448,
        0.15167894220866457,
        0.1427033564801047,
        0.1627945495091785,
        0.1605464253554745,
        0.15561171671144547,
        0.12937892841489218
    ],
    "val_macro_f1": [
        0.04397888418115044,
        0.08244747388305255,
        0.1067587663316449,
        0.09792721792135788,
        0.1185546787657971,
        0.11080021126006541,
        0.12060532744738992,
        0.131766853457885,
        0.1220997334575498,
        0.09507600141436284
    ],
    "val_micro_f1": [
        0.27449999999949987,
        0.2819999999994999,
        0.27199999999949986,
        0.27499999999949987,
        0.27349999999949987,
        0.27099999999949986,
        0.28099999999949987,
        0.2859999999994999,
        0.27949999999949987,
        0.2814999999994999
    ],
    "val_weighted_f1": [
        0.11890024692175663,
        0.16060520148787097,
        0.1920337397739989,
        0.18414321909464312,
        0.20858318665559605,
        0.1971181112284083,
        0.2080675155246685,
        0.21270238965264662,
        0.21328142063600775,
        0.17849936726581628
    ],
    "val_confidence": [
        0.2761969442367554,
        0.35315064239501953,
        0.30663921165466307,
        0.32509709644317625,
        0.25707848262786864,
        0.2833508930206299,
        0.2832015533447266,
        0.2972116508483887,
        0.29186709785461423,
        0.32429563426971436
    ],
    "grad_norm": [
        0.8547851059049482,
        0.6597903115714183,
        0.6562010429493441,
        0.6241939702178876,
        0.5718064066793219,
        0.6283907954709063,
        0.6389591378508532,
        0.5734724222168128,
        0.531417006200275,
        0.5298179642080895
    ],
    "fractional_applied_params": [
        2.0,
        2.0,
        2.0,
        2.0,
        2.0,
        2.0,
        2.0,
        2.0,
        2.0,
        2.0
    ],
    "epoch_time": [
        5.747085332870483,
        2.3763675689697266,
        2.520721197128296,
        2.083448886871338,
        2.5084855556488037,
        1.4115040302276611,
        2.512164354324341,
        2.2112245559692383,
        2.724003314971924,
        2.7392139434814453
    ],
    "throughput_samples_per_sec": [
        1392.0099557673104,
        3366.4825696423713,
        3173.6948969659607,
        3839.7870235316386,
        3189.175230443315,
        5667.7131830149165,
        3184.5050210306163,
        3617.9048294321187,
        2936.8539884036286,
        2920.5458810684495
    ],
    "lr": [
        0.0003,
        0.0003,
        0.0003,
        0.0003,
        0.0003,
        0.0003,
        0.0003,
        0.0003,
        0.0003,
        0.0003
    ]
}