{
    "train_loss": [
        2.747902831335404,
        2.1747872813984417,
        1.7924690085263755
    ],
    "train_accuracy": [
        0.22419719398021698,
        0.4732397198677063,
        0.5683001279830933
    ],
    "train_macro_precision": [
        0.24541991404418373,
        0.4582152394034892,
        0.5366480640193335
    ],
    "train_macro_recall": [
        0.21887992505932666,
        0.45718281964772023,
        0.5487353181818624
    ],
    "train_macro_f1": [
        0.20766032706351994,
        0.4357656081523217,
        0.5257749680834531
    ],
    "train_micro_f1": [
        0.22419719139692704,
        0.4732397132470694,
        0.5683001080226757
    ],
    "train_weighted_f1": [
        0.21345225724360756,
        0.4498209642976884,
        0.5428114934753406
    ],
    "train_confidence": [
        0.08440216851002644,
        0.15145346819388658,
        0.2367445460754727
    ],
    "val_loss": [
        2.402154655397518,
        1.933926178015617,
        1.660387222688879
    ],
    "val_accuracy": [
        0.35809019207954407,
        0.5216622352600098,
        0.5764809846878052
    ],
    "val_macro_precision": [
        0.42652129261981103,
        0.49595187539785124,
        0.5446203036405487
    ],
    "val_macro_recall": [
        0.36362179616217577,
        0.5076354485353941,
        0.5607808226467936
    ],
    "val_macro_f1": [
        0.3298036110106938,
        0.47120739507735987,
        0.5323192868872102
    ],
    "val_micro_f1": [
        0.3580901856758923,
        0.5216622457996763,
        0.5764809902735932
    ],
    "val_weighted_f1": [
        0.32789328156628983,
        0.4874209758674945,
        0.5502860968326191
    ],
    "val_confidence": [
        0.11788141885550016,
        0.20242582687121594,
        0.2916360390491975
    ],
    "test_loss": [
        2.406334405621505,
        1.9485390330019368,
        1.6848897178693458
    ],
    "test_accuracy": [
        0.3763940632343292,
        0.5346521735191345,
        0.5789963006973267
    ],
    "test_macro_precision": [
        0.4143853907344127,
        0.5142135941113016,
        0.5464086733878338
    ],
    "test_macro_recall": [
        0.3670080707960109,
        0.5152636314901469,
        0.5592252618623403
    ],
    "test_macro_f1": [
        0.3366419271538511,
        0.4853057740960708,
        0.5355109564809294
    ],
    "test_micro_f1": [
        0.37639405204410964,
        0.5346521508226544,
        0.5789962825273809
    ],
    "test_weighted_f1": [
        0.34675245751498807,
        0.5025740889559642,
        0.5531839847971203
    ],
    "test_confidence": [
        0.11754425959706116,
        0.20283625351262105,
        0.2912883525570846
    ],
    "grad_norm": [
        0.999999727192522,
        0.9965683615238757,
        0.9959822743849642
    ],
    "fractional_applied_params": [
        0.0,
        5.0,
        5.0
    ],
    "epoch_time": [
        28.681163787841797,
        25.70779061317444,
        32.773608922958374
    ],
    "throughput_samples_per_sec": [
        355.04138100270063,
        396.1056067875989,
        310.70731404458377
    ],
    "lr": [
        2e-05,
        2e-05,
        2e-05
    ]
}