{
    "train_loss": [
        0.9661668821822765,
        NaN,
        NaN,
        NaN,
        NaN
    ],
    "train_accuracy": [
        0.7280523180961609,
        0.0,
        0.0,
        0.0,
        0.0
    ],
    "train_macro_precision": [
        0.7358125439704132,
        0.0,
        0.0,
        0.0,
        0.0
    ],
    "train_macro_recall": [
        0.726384129832895,
        0.0,
        0.0,
        0.0,
        0.0
    ],
    "train_macro_f1": [
        0.726214153647747,
        0.0,
        0.0,
        0.0,
        0.0
    ],
    "train_micro_f1": [
        0.7280523255808952,
        0.0,
        0.0,
        0.0,
        0.0
    ],
    "train_weighted_f1": [
        0.7277227818315384,
        0.0,
        0.0,
        0.0,
        0.0
    ],
    "train_confidence": [
        0.44056837239930796,
        NaN,
        NaN,
        NaN,
        NaN
    ],
    "val_loss": [
        0.0,
        0.0,
        0.0,
        0.0,
        0.0
    ],
    "val_accuracy": [
        0.24941666424274445,
        0.24941666424274445,
        0.24941666424274445,
        0.24941666424274445,
        0.24941666424274445
    ],
    "val_macro_precision": [
        0.062354166666666655,
        0.062354166666666655,
        0.062354166666666655,
        0.062354166666666655,
        0.062354166666666655
    ],
    "val_macro_recall": [
        0.24999999999999992,
        0.24999999999999992,
        0.24999999999999992,
        0.24999999999999992,
        0.24999999999999992
    ],
    "val_macro_f1": [
        0.09981324618147147,
        0.09981324618147147,
        0.09981324618147147,
        0.09981324618147147,
        0.09981324618147147
    ],
    "val_micro_f1": [
        0.24941666666616663,
        0.24941666666616663,
        0.24941666666616663,
        0.24941666666616663,
        0.24941666666616663
    ],
    "val_weighted_f1": [
        0.09958034860704804,
        0.09958034860704804,
        0.09958034860704804,
        0.09958034860704804,
        0.09958034860704804
    ],
    "val_confidence": [
        NaN,
        NaN,
        NaN,
        NaN,
        NaN
    ],
    "test_loss": [
        0.0,
        0.0,
        0.0,
        0.0,
        0.0
    ],
    "test_accuracy": [
        0.25,
        0.25,
        0.25,
        0.25,
        0.25
    ],
    "test_macro_precision": [
        0.06249999999999999,
        0.06249999999999999,
        0.06249999999999999,
        0.06249999999999999,
        0.06249999999999999
    ],
    "test_macro_recall": [
        0.2499999999999999,
        0.2499999999999999,
        0.2499999999999999,
        0.2499999999999999,
        0.2499999999999999
    ],
    "test_macro_f1": [
        0.09999999999991997,
        0.09999999999991997,
        0.09999999999991997,
        0.09999999999991997,
        0.09999999999991997
    ],
    "test_micro_f1": [
        0.24999999999949996,
        0.24999999999949996,
        0.24999999999949996,
        0.24999999999949996,
        0.24999999999949996
    ],
    "test_weighted_f1": [
        0.09999999999991997,
        0.09999999999991997,
        0.09999999999991997,
        0.09999999999991997,
        0.09999999999991997
    ],
    "test_confidence": [
        NaN,
        NaN,
        NaN,
        NaN,
        NaN
    ],
    "grad_norm": [
        0.5142037436099582,
        0.0,
        0.0,
        0.0,
        0.0
    ],
    "nonfinite_grad_tensors": [
        0.009302325581395349,
        0.0,
        0.0,
        0.0,
        0.0
    ],
    "nonfinite_train_loss_batches": [
        3160,
        3375,
        3375,
        3375,
        3375
    ],
    "nonfinite_val_loss_batches": [
        375,
        375,
        375,
        375,
        375
    ],
    "nonfinite_test_loss_batches": [
        238,
        238,
        238,
        238,
        238
    ],
    "fractional_applied_params": [
        203.0,
        0.0,
        0.0,
        0.0,
        0.0
    ],
    "epoch_time": [
        166.66412353515625,
        77.60410690307617,
        78.74382662773132,
        78.4369444847107,
        72.7464542388916
    ],
    "throughput_samples_per_sec": [
        41.280629892423896,
        0.0,
        0.0,
        0.0,
        0.0
    ],
    "lr": [
        2e-05,
        2e-05,
        2e-05,
        2e-05,
        2e-05
    ]
}