{
    "prefix": "epoch_10",
    "retain_em_acc": 0.9333333333333333,
    "forget_em_acc": 0.2,
    "retain_answer_nll": 0.028322258731350303,
    "forget_answer_nll": 1.7251163125038147,
    "general_ppl": 1.0864942215888225,
    "forget_minus_retain_nll": 1.6967940537724644,
    "retain_eval_n": 30,
    "forget_eval_n": 30
}