{
    "train_loss": [
        2.2340630989074706,
        2.060575361251831,
        1.9665673847198486,
        1.9319564800262452,
        1.9032509622573852,
        1.873052399635315,
        1.8507413539886475,
        1.8258950033187866,
        1.8014831409454346,
        1.7819452438354493
    ],
    "train_accuracy": [
        0.21674999594688416,
        0.27425000071525574,
        0.3109999895095825,
        0.3294999897480011,
        0.33024999499320984,
        0.3400000035762787,
        0.34575000405311584,
        0.35199999809265137,
        0.35225000977516174,
        0.36000001430511475
    ],
    "train_macro_precision": [
        0.11524239405455325,
        0.21379622770383974,
        0.24400856855902936,
        0.27081814383389774,
        0.2707596880692809,
        0.27849768385953705,
        0.28597944150800614,
        0.29802923972324186,
        0.2987447916431259,
        0.30677736918241155
    ],
    "train_macro_recall": [
        0.11215283344126577,
        0.1794800596220826,
        0.23191089067410875,
        0.25913204784276606,
        0.26039287159450364,
        0.2727373910489851,
        0.2813384932939845,
        0.28844224703512994,
        0.28820962860001437,
        0.29667368692504875
    ],
    "train_macro_f1": [
        0.07534387826631861,
        0.1617026938300181,
        0.22001928876286475,
        0.25130802167115396,
        0.2550470330491945,
        0.26694182922045495,
        0.2749395361552308,
        0.28373846522184476,
        0.284042863651534,
        0.2928109727013265
    ],
    "train_micro_f1": [
        0.21674999999949995,
        0.27424999999949995,
        0.31099999999949995,
        0.3294999999994999,
        0.33024999999949994,
        0.3399999999994999,
        0.34574999999949996,
        0.35199999999949994,
        0.3522499999994999,
        0.3599999999994999
    ],
    "train_weighted_f1": [
        0.12024512660114986,
        0.21312942337099644,
        0.2688372056963288,
        0.2981606891615466,
        0.3027021509140414,
        0.31336588271757926,
        0.32066962540829175,
        0.32871365633752286,
        0.32888289424412814,
        0.33605688977091563
    ],
    "train_confidence": [
        0.23204641103744506,
        0.2745918185710907,
        0.31272373485565186,
        0.3318654942512512,
        0.33710863995552065,
        0.3456055085659027,
        0.3490278959274292,
        0.35053430652618406,
        0.3630950798988342,
        0.365236855506897
    ],
    "val_loss": [
        2.1353462028503416,
        2.0044804801940916,
        1.9637539081573487,
        1.9480756721496582,
        1.9266709175109864,
        1.9166993522644042,
        1.889860710144043,
        1.9048054599761963,
        1.8851855125427246,
        1.8860062236785888
    ],
    "val_accuracy": [
        0.2329999953508377,
        0.3089999854564667,
        0.31700000166893005,
        0.3109999895095825,
        0.3199999928474426,
        0.3190000057220459,
        0.3149999976158142,
        0.3190000057220459,
        0.32899999618530273,
        0.32199999690055847
    ],
    "val_macro_precision": [
        0.20591880341869814,
        0.2987217451393504,
        0.2870473525361799,
        0.24193116023999886,
        0.282874872846359,
        0.26489720759673596,
        0.24213018638685962,
        0.27491603327754877,
        0.2717612438919811,
        0.2563278935478588
    ],
    "val_macro_recall": [
        0.12109382468481607,
        0.2379902752719672,
        0.2474746594984837,
        0.2526381321787834,
        0.25343930493781663,
        0.2675121184195303,
        0.2553616698045801,
        0.2576886792949565,
        0.27458606895791104,
        0.260045334589745
    ],
    "val_macro_f1": [
        0.07612298820441286,
        0.2046291561449997,
        0.2435504789635276,
        0.2326733710408906,
        0.23601919165414867,
        0.24146965331720865,
        0.23906226633094185,
        0.2400100119022766,
        0.2606520383639329,
        0.242324852483819
    ],
    "val_micro_f1": [
        0.2329999999994998,
        0.3089999999994997,
        0.3169999999994997,
        0.3109999999994997,
        0.3199999999994997,
        0.3189999999994997,
        0.3149999999994997,
        0.3189999999994997,
        0.3289999999994997,
        0.3219999999994997
    ],
    "val_weighted_f1": [
        0.1202678534331932,
        0.251823040417548,
        0.28751624555045513,
        0.2825723281471216,
        0.2797912087705879,
        0.2869382275960192,
        0.2825066732066922,
        0.2822177031549679,
        0.30029981245183124,
        0.28484185512889093
    ],
    "val_confidence": [
        0.23054006385803222,
        0.2969533004760742,
        0.30729948806762697,
        0.31495396041870116,
        0.3402414321899414,
        0.32856724548339844,
        0.3444698486328125,
        0.38170030498504637,
        0.35470989608764647,
        0.37827683448791505
    ],
    "grad_norm": [
        1.5598448945151802,
        1.5781139059141815,
        1.608448889404608,
        1.6349616059336818,
        1.6710767171904881,
        1.6777562591505708,
        1.701322694332702,
        1.6790334126233184,
        1.6854417496037402,
        1.7076840144939387
    ],
    "epoch_time": [
        11.228562355041504,
        11.33227276802063,
        11.180066347122192,
        10.953502893447876,
        11.386481285095215,
        11.394299983978271,
        14.641592502593994,
        15.42627239227295,
        14.96655797958374,
        12.696298599243164
    ],
    "throughput_samples_per_sec": [
        356.23438455627786,
        352.9742075471297,
        357.77962990618755,
        365.1799829616793,
        351.29377547354846,
        351.0527198357487,
        273.1943263201278,
        259.29789765696137,
        267.26251990982166,
        315.05245160494593
    ],
    "lr": [
        0.0003,
        0.0003,
        0.0003,
        0.0003,
        0.0003,
        0.0003,
        0.0003,
        0.0003,
        0.0003,
        0.0003
    ]
}