{
    "train_loss": [
        2.2107287044525146,
        2.14531919670105,
        2.062258246421814,
        2.037999300956726,
        2.0200473470687865,
        2.010400206565857,
        1.9950566577911377,
        1.9936825933456421,
        1.9818195419311524,
        1.9728138694763184
    ],
    "train_accuracy": [
        0.2672500014305115,
        0.2827500104904175,
        0.28125,
        0.28462499380111694,
        0.2865000069141388,
        0.2847500145435333,
        0.2903749942779541,
        0.2915000021457672,
        0.2942500114440918,
        0.29512500762939453
    ],
    "train_macro_precision": [
        0.10139750148867384,
        0.16431703999684902,
        0.13388440959066647,
        0.13202356382627278,
        0.14573679312334292,
        0.14611675240581085,
        0.1488638613783133,
        0.13852278321243733,
        0.16423277074677572,
        0.16318942856821908
    ],
    "train_macro_recall": [
        0.1010636756804472,
        0.10548467775559989,
        0.13369063497879718,
        0.13887534982622618,
        0.1415252555100635,
        0.14204816418987928,
        0.1526357199710659,
        0.14710791634421677,
        0.15894724520812492,
        0.16124045155768768
    ],
    "train_macro_f1": [
        0.057243386595148396,
        0.057812289758965976,
        0.11056868561970432,
        0.11588451974924832,
        0.11989258297953106,
        0.12146558747522233,
        0.13379823291648194,
        0.12362545150862789,
        0.1427182550603085,
        0.14374183876295316
    ],
    "train_micro_f1": [
        0.2672499999995,
        0.28274999999949996,
        0.28124999999949996,
        0.2846249999995,
        0.2864999999995,
        0.28474999999949996,
        0.2903749999995,
        0.2914999999995,
        0.29424999999949997,
        0.2951249999995
    ],
    "train_weighted_f1": [
        0.13439561006542625,
        0.1379830137850498,
        0.1977186316173003,
        0.2032534516872802,
        0.20734685386475168,
        0.20758415098167585,
        0.22088483293091718,
        0.21326598048340234,
        0.22786214012041936,
        0.2282840491621959
    ],
    "train_confidence": [
        0.2813066291809082,
        0.2827060832977295,
        0.30213724422454835,
        0.3035830626487732,
        0.3036865859031677,
        0.3106411566734314,
        0.30514455938339236,
        0.3059972553253174,
        0.30818441915512085,
        0.30823350858688353
    ],
    "val_loss": [
        2.1576616077423094,
        2.0454348011016847,
        2.0158996028900145,
        2.0009898748397825,
        2.011985894203186,
        1.9998056583404542,
        2.002476125717163,
        2.0080924682617187,
        1.9949215126037598,
        1.999940824508667
    ],
    "val_accuracy": [
        0.2824999988079071,
        0.28049999475479126,
        0.2939999997615814,
        0.29600000381469727,
        0.2919999957084656,
        0.28450000286102295,
        0.29649999737739563,
        0.2915000021457672,
        0.2985000014305115,
        0.2915000021457672
    ],
    "val_macro_precision": [
        0.028249999999999987,
        0.07650359316399757,
        0.16529432893454987,
        0.08421825496125043,
        0.08863755290527589,
        0.10845405792697212,
        0.12767581265612957,
        0.09689182692620933,
        0.1288626470442716,
        0.11341655863322535
    ],
    "val_macro_recall": [
        0.09999999999999983,
        0.12139324549460753,
        0.1411334844465005,
        0.13119559896416952,
        0.12420229083636103,
        0.14898577964577694,
        0.13264175265666414,
        0.13409929761205208,
        0.1381104269541752,
        0.14268214739443524
    ],
    "val_macro_f1": [
        0.04405458089665178,
        0.07812084480240579,
        0.09272373105565715,
        0.0916289460913492,
        0.07791008923590761,
        0.11376813663888936,
        0.08843845710949275,
        0.09586292890066736,
        0.10863929352219012,
        0.11156879648378178
    ],
    "val_micro_f1": [
        0.2824999999994999,
        0.28049999999949987,
        0.2939999999994999,
        0.2959999999994999,
        0.2919999999994999,
        0.2844999999994999,
        0.2964999999994999,
        0.2914999999994999,
        0.2984999999994999,
        0.2914999999994999
    ],
    "val_weighted_f1": [
        0.12445419103304126,
        0.17178166005108647,
        0.19263202183200598,
        0.18062512522513058,
        0.16711369573725796,
        0.20017484455742784,
        0.17788172958676884,
        0.18844374095115687,
        0.19427236527373234,
        0.20034367716820786
    ],
    "val_confidence": [
        0.29582972812652586,
        0.30171023559570315,
        0.29106419372558595,
        0.3050371160507202,
        0.3515808620452881,
        0.2807252559661865,
        0.34115917587280276,
        0.3394052495956421,
        0.3040774974822998,
        0.3208635473251343
    ],
    "grad_norm": [
        1.3371801645668866,
        0.9788777824445899,
        1.045155948566499,
        1.0076928536996081,
        1.0113274176125229,
        1.0100402742113022,
        0.9488275964769535,
        1.0152400163268112,
        0.9537847654240017,
        1.0352691364288524
    ],
    "fractional_applied_params": [
        2.0,
        2.0,
        2.0,
        2.0,
        2.0,
        2.0,
        2.0,
        2.0,
        2.0,
        2.0
    ],
    "epoch_time": [
        6.257304668426514,
        2.7547361850738525,
        2.7456350326538086,
        2.7412922382354736,
        2.7493605613708496,
        2.7857017517089844,
        2.7328293323516846,
        1.7759697437286377,
        1.7389931678771973,
        2.1306800842285156
    ],
    "throughput_samples_per_sec": [
        1278.5057503060198,
        2904.0893437806735,
        2913.715736015925,
        2918.331686208499,
        2909.7674973598755,
        2871.80779316814,
        2927.3690476367037,
        4504.581245401202,
        4600.363099623712,
        3754.669722224709
    ],
    "lr": [
        0.0003,
        0.0003,
        0.0003,
        0.0003,
        0.0003,
        0.0003,
        0.0003,
        0.0003,
        0.0003,
        0.0003
    ]
}