{
    "train_loss": [
        2.1054443550109863,
        2.07767715215683,
        2.0163175225257874,
        1.963990170955658,
        1.955826642513275,
        1.9460653710365294,
        1.9476745462417602,
        1.9433214020729066,
        1.9352899765968323,
        1.935984799861908
    ],
    "train_accuracy": [
        0.3345833420753479,
        0.34302082657814026,
        0.34166666865348816,
        0.3383333384990692,
        0.3407291769981384,
        0.3395833373069763,
        0.3413541615009308,
        0.34062498807907104,
        0.3396874964237213,
        0.34052082896232605
    ],
    "train_macro_precision": [
        0.0668027321979409,
        0.13430596081690707,
        0.14438292797519914,
        0.12894278309996166,
        0.1453667102807616,
        0.1325809101192651,
        0.15407712876568122,
        0.1512700509894134,
        0.12932442236827932,
        0.1415178345760179
    ],
    "train_macro_recall": [
        0.09917245778564389,
        0.10005291990947726,
        0.10661621779693767,
        0.11672550509844219,
        0.12638968023731276,
        0.12281485727781163,
        0.1270402133420836,
        0.12482211667997496,
        0.1203391534831535,
        0.1240244914288596
    ],
    "train_macro_f1": [
        0.05462261014312968,
        0.05130537007011791,
        0.06899401104850075,
        0.09058769234966854,
        0.10594400671027064,
        0.10129892890062053,
        0.10805781375494097,
        0.1050111763243899,
        0.09696037236925881,
        0.10359382432415035
    ],
    "train_micro_f1": [
        0.3345833333328333,
        0.3430208333328333,
        0.34166666666616663,
        0.3383333333328333,
        0.3407291666661666,
        0.3395833333328333,
        0.34135416666616664,
        0.34062499999949997,
        0.33968749999949993,
        0.3405208333328333
    ],
    "train_weighted_f1": [
        0.17701829003947192,
        0.17547070353133706,
        0.19337514966154365,
        0.21429663130479099,
        0.22717020693020057,
        0.22628417850161925,
        0.2299271500558488,
        0.22884008768925923,
        0.2229184365835007,
        0.22776060203908136
    ],
    "train_confidence": [
        0.3455629054705302,
        0.34100964307785037,
        0.34347561120986936,
        0.35060191988945005,
        0.34916205326716104,
        0.3492978358268738,
        0.34812846024831134,
        0.349532364209493,
        0.3488136951128642,
        0.35093295137087505
    ],
    "val_loss": [
        2.074786376953125,
        2.0614241695404054,
        1.9604702758789063,
        1.9543231105804444,
        1.9457753038406371,
        1.9420641708374022,
        1.9434652090072633,
        1.941244044303894,
        1.939435477256775,
        1.938445520401001
    ],
    "val_accuracy": [
        0.34041666984558105,
        0.34041666984558105,
        0.3375000059604645,
        0.3383333384990692,
        0.33416667580604553,
        0.3375000059604645,
        0.3370833396911621,
        0.3375000059604645,
        0.3362500071525574,
        0.3345833420753479
    ],
    "val_macro_precision": [
        0.03404166666666665,
        0.03404166666666665,
        0.11490991834357636,
        0.09551496993328742,
        0.09306282327470475,
        0.11516491058256251,
        0.10584192157930694,
        0.12629346594051452,
        0.06999785227692071,
        0.11166868903350824
    ],
    "val_macro_recall": [
        0.09999999999999988,
        0.09999999999999988,
        0.10783465933969535,
        0.13069120061077066,
        0.12208327676609998,
        0.12348593244506294,
        0.12227312797940951,
        0.12391126153834423,
        0.11924154439039643,
        0.115008111523959
    ],
    "val_macro_f1": [
        0.0507926639726074,
        0.0507926639726074,
        0.06959195114108999,
        0.09669831898725507,
        0.07881304154338119,
        0.08664481061290527,
        0.0905560047561476,
        0.09340248247905712,
        0.07858674559646392,
        0.08081006390762073
    ],
    "val_micro_f1": [
        0.34041666666616655,
        0.34041666666616655,
        0.33749999999949987,
        0.3383333333328332,
        0.33416666666616657,
        0.33749999999949987,
        0.3370833333328332,
        0.33749999999949987,
        0.3362499999994999,
        0.33458333333283324
    ],
    "val_weighted_f1": [
        0.172906693606751,
        0.172906693606751,
        0.19217254197113354,
        0.21719059499948168,
        0.20708580195421805,
        0.21121153886755636,
        0.2134088482234746,
        0.21670273386812067,
        0.20600058170217012,
        0.2042903550324607
    ],
    "val_confidence": [
        0.3502490266164144,
        0.3276729996999105,
        0.34284133911132814,
        0.3338567717870076,
        0.3223700904846191,
        0.3373102887471517,
        0.31336381594340007,
        0.31542049725850424,
        0.3370924695332845,
        0.3209960667292277
    ],
    "grad_norm": [
        1.0475550204895476,
        0.8372280608036141,
        0.8395291802850992,
        0.8627680888857904,
        0.9737308258124032,
        0.8149866964183105,
        0.9454627504239081,
        0.8390142250873622,
        0.7914771293568971,
        0.8451500097330631
    ],
    "fractional_applied_params": [
        2.0,
        2.0,
        2.0,
        2.0,
        2.0,
        2.0,
        2.0,
        2.0,
        2.0,
        2.0
    ],
    "epoch_time": [
        5.36756443977356,
        2.0187225341796875,
        2.4094789028167725,
        2.4221320152282715,
        2.415724754333496,
        2.422567844390869,
        2.4196836948394775,
        2.4148495197296143,
        2.4146063327789307,
        2.4163661003112793
    ],
    "throughput_samples_per_sec": [
        1788.5206796706839,
        4755.482656709423,
        3984.263978728859,
        3963.4503568110663,
        3973.9626721872382,
        3962.7373170280916,
        3967.4607141727533,
        3975.402989530748,
        3975.8033720351914,
        3972.907912738602
    ],
    "lr": [
        0.0003,
        0.0003,
        0.0003,
        0.0003,
        0.0003,
        0.0003,
        0.0003,
        0.0003,
        0.0003,
        0.0003
    ]
}