{
    "train_loss": [
        0.4499500284830729,
        0.3002434590657552,
        0.23042013261583116,
        0.17376649034288194,
        0.12975586886935764
    ],
    "train_accuracy": [
        0.792888879776001,
        0.8782666921615601,
        0.9108444452285767,
        0.9396888613700867,
        0.9595111012458801
    ],
    "train_macro_precision": [
        0.7935319633054707,
        0.8782735018930667,
        0.9108644967419062,
        0.9397006580402913,
        0.959511943970484
    ],
    "train_macro_recall": [
        0.792848965676852,
        0.8782630917766014,
        0.9108387856813955,
        0.9396848887011935,
        0.9595130222949217
    ],
    "train_macro_f1": [
        0.792759593799291,
        0.8782650889817196,
        0.9108423134651649,
        0.9396879452206635,
        0.9595111014332642
    ],
    "train_micro_f1": [
        0.7928888888883888,
        0.8782666666661667,
        0.9108444444439444,
        0.9396888888883889,
        0.959511111110611
    ],
    "train_weighted_f1": [
        0.7927683361718635,
        0.8782658291299785,
        0.9108430496214704,
        0.9396883481349732,
        0.959511134864098
    ],
    "train_confidence": [
        0.7538153847694397,
        0.8822519160906473,
        0.9194574922243755,
        0.9479258600446913,
        0.9714558358722263
    ],
    "val_loss": [
        0.3443792236328125,
        0.30475279541015626,
        0.32267161560058594,
        0.3452100830078125,
        0.4776697769165039
    ],
    "val_accuracy": [
        0.8456000089645386,
        0.8715999722480774,
        0.8763999938964844,
        0.8751999735832214,
        0.8715999722480774
    ],
    "val_macro_precision": [
        0.8529145170991208,
        0.8720483652484446,
        0.8773327834606514,
        0.8751782102980739,
        0.874288134371395
    ],
    "val_macro_recall": [
        0.8466954605191978,
        0.871333152811625,
        0.8760247967690449,
        0.875158996734605,
        0.872257526378894
    ],
    "val_macro_f1": [
        0.845056980495628,
        0.8714780789643287,
        0.8762212635040001,
        0.8751680430185123,
        0.8714843359018125
    ],
    "val_micro_f1": [
        0.8455999999994996,
        0.8715999999994997,
        0.8763999999994998,
        0.8751999999994996,
        0.8715999999994997
    ],
    "val_weighted_f1": [
        0.8449175565689576,
        0.8715382477868805,
        0.8762927581021999,
        0.8751984021504501,
        0.8714257327589839
    ],
    "val_confidence": [
        0.8753077837944031,
        0.9060101040840149,
        0.9317815690994262,
        0.9463483024597168,
        0.9720751865386963
    ],
    "test_loss": [
        0.34335248046875,
        0.3238973324584961,
        0.35510005416870116,
        0.38144203140258787,
        0.5063614793395996
    ],
    "test_accuracy": [
        0.8519600033760071,
        0.866599977016449,
        0.8674399852752686,
        0.8665599822998047,
        0.8629999756813049
    ],
    "test_macro_precision": [
        0.8583329112669288,
        0.8676217673519832,
        0.8691228125941249,
        0.8666429352185749,
        0.8658904077696552
    ],
    "test_macro_recall": [
        0.8519599999999998,
        0.8665999999999998,
        0.8674399999999999,
        0.8665599999999999,
        0.8629999999999999
    ],
    "test_macro_f1": [
        0.8512988415780225,
        0.8665072426104254,
        0.8672887439910844,
        0.8665524534873656,
        0.8627289014400689
    ],
    "test_micro_f1": [
        0.8519599999994999,
        0.8665999999995001,
        0.8674399999994999,
        0.8665599999995,
        0.8629999999995
    ],
    "test_weighted_f1": [
        0.8512988415780226,
        0.8665072426104254,
        0.8672887439910844,
        0.8665524534873655,
        0.8627289014400689
    ],
    "test_confidence": [
        0.8740982336425781,
        0.9043729250717163,
        0.9309263868713379,
        0.9427184943771363,
        0.9705999535179138
    ],
    "grad_norm": [
        0.8282746038797406,
        0.8588020144070249,
        0.8194395952750478,
        0.7952741445610116,
        0.7425295277629848
    ],
    "nonfinite_grad_tensors": [
        0.002840909090909091,
        0.0,
        0.0,
        0.0014204545454545455,
        0.0014204545454545455
    ],
    "nonfinite_train_loss_batches": [
        0,
        0,
        0,
        0,
        0
    ],
    "nonfinite_val_loss_batches": [
        0,
        0,
        0,
        0,
        0
    ],
    "nonfinite_test_loss_batches": [
        0,
        0,
        0,
        0,
        0
    ],
    "fractional_applied_params": [
        7.0,
        7.0,
        7.0,
        7.0,
        7.0
    ],
    "epoch_time": [
        237.90191411972046,
        236.5478160381317,
        239.96923661231995,
        241.72799229621887,
        235.9850583076477
    ],
    "throughput_samples_per_sec": [
        94.57679263848723,
        95.11818953497749,
        93.76201848885182,
        93.07982822456076,
        95.34501955910837
    ],
    "lr": [
        2e-05,
        2e-05,
        2e-05,
        2e-05,
        2e-05
    ]
}