{
    "train_loss": [
        2.342247495651245,
        2.2215968360900877,
        2.150431547164917,
        2.0800713443756105,
        1.9963574867248535,
        2.0057252559661864,
        2.0218881759643557,
        1.9681391067504883,
        1.9052884731292725,
        1.86106507396698
    ],
    "train_accuracy": [
        0.18799999356269836,
        0.21825000643730164,
        0.2434999942779541,
        0.2619999945163727,
        0.2919999957084656,
        0.2852500081062317,
        0.29249998927116394,
        0.30524998903274536,
        0.3269999921321869,
        0.3452500104904175
    ],
    "train_macro_precision": [
        0.14284006564628604,
        0.14796435174765338,
        0.1664578615636016,
        0.17864556976368032,
        0.22134830433521557,
        0.21357734596164396,
        0.22874583595803505,
        0.23428702487887168,
        0.269630532105789,
        0.2871110780124473
    ],
    "train_macro_recall": [
        0.11499203926473925,
        0.1542546908901578,
        0.17272852688464807,
        0.18496886095538767,
        0.22474738617182188,
        0.20931112496344237,
        0.22928654543125665,
        0.227863830096666,
        0.2553509429131731,
        0.2790037760866057
    ],
    "train_macro_f1": [
        0.08562711300166873,
        0.13578638943832771,
        0.1551311144147522,
        0.17003842390649648,
        0.21642876388777288,
        0.193399891965602,
        0.21967935376629075,
        0.2181410890077969,
        0.2502486152654749,
        0.26772343274067734
    ],
    "train_micro_f1": [
        0.18799999999949996,
        0.21824999999949996,
        0.24349999999949995,
        0.26199999999949997,
        0.29199999999949994,
        0.28524999999949996,
        0.29249999999949994,
        0.3052499999994999,
        0.3269999999994999,
        0.34524999999949996
    ],
    "train_weighted_f1": [
        0.12736375769100772,
        0.1783941726029344,
        0.20193414646014826,
        0.22390525348599025,
        0.26891762399321134,
        0.24246238960579075,
        0.2726449031887103,
        0.2676138489032156,
        0.3048682543921406,
        0.31934770708691324
    ],
    "train_confidence": [
        0.27838748002052305,
        0.27706992626190186,
        0.28726226115226744,
        0.31309199166297913,
        0.3015714416503906,
        0.33423513650894165,
        0.3170276710987091,
        0.3348089694976807,
        0.33652947545051576,
        0.3590857331752777
    ],
    "val_loss": [
        2.2606167011260987,
        2.162905372619629,
        2.0636437969207764,
        2.040989154815674,
        2.0019543514251708,
        2.015576633453369,
        2.019449716567993,
        2.036793468475342,
        1.9388123054504394,
        1.9605418071746825
    ],
    "val_accuracy": [
        0.1509999930858612,
        0.23399999737739563,
        0.2540000081062317,
        0.2879999876022339,
        0.2980000078678131,
        0.2770000100135803,
        0.2540000081062317,
        0.2800000011920929,
        0.31700000166893005,
        0.3100000023841858
    ],
    "val_macro_precision": [
        0.12891000961504212,
        0.07675559947298909,
        0.15160957770572406,
        0.16112049266189704,
        0.15902366390930825,
        0.2291453481158542,
        0.29400135517822906,
        0.23841797662431552,
        0.30802886551730496,
        0.2819395174351528
    ],
    "val_macro_recall": [
        0.1172491208733523,
        0.11947519556829778,
        0.18393810989843873,
        0.20410552818487812,
        0.21339767704840962,
        0.22451782423658545,
        0.1726807748032097,
        0.20515721825406738,
        0.2586981478152863,
        0.2409135216362232
    ],
    "val_macro_f1": [
        0.0573335002888928,
        0.0695927352288462,
        0.13567585285115613,
        0.16001489762010052,
        0.17460845348308535,
        0.19117170019662982,
        0.13595561968729736,
        0.1843832889580203,
        0.24815615071198455,
        0.21489315746725043
    ],
    "val_micro_f1": [
        0.15099999999949987,
        0.23399999999949977,
        0.25399999999949974,
        0.2879999999994997,
        0.2979999999994997,
        0.2769999999994997,
        0.25399999999949974,
        0.2799999999994997,
        0.3169999999994997,
        0.3099999999994997
    ],
    "val_weighted_f1": [
        0.08638957973573098,
        0.11359287315829221,
        0.19835282872643573,
        0.2234148772848563,
        0.2461459966643571,
        0.25405599788129424,
        0.20684731211551918,
        0.2442377703884801,
        0.3049907179383257,
        0.26786050532775596
    ],
    "val_confidence": [
        0.2120027265548706,
        0.3622474899291992,
        0.254175892829895,
        0.3263497095108032,
        0.3441230487823486,
        0.26665175819396975,
        0.3193400468826294,
        0.37520894622802736,
        0.33076675796508787,
        0.3709234132766724
    ],
    "grad_norm": [
        1.0573396635397223,
        1.1143881349373843,
        0.9208210871056711,
        0.8471383434460141,
        0.6338074331762047,
        0.7336217147475763,
        0.829471564772968,
        0.6904396414461823,
        0.6018730073270592,
        0.489349680027819
    ],
    "epoch_time": [
        29.328733444213867,
        29.63981580734253,
        29.116852521896362,
        29.428870916366577,
        28.554651975631714,
        28.905219793319702,
        28.61287760734558,
        28.32248091697693,
        29.36758303642273,
        28.53349280357361
    ],
    "throughput_samples_per_sec": [
        136.3850234995109,
        134.95360517756993,
        137.37748601061645,
        135.9209468609086,
        140.08225361715367,
        138.38331030177608,
        139.79719393805775,
        141.23056563178187,
        136.20460339003915,
        140.18613240013258
    ],
    "lr": [
        0.0003,
        0.0003,
        0.0003,
        0.0003,
        0.0003,
        0.0003,
        0.0003,
        0.0003,
        0.0003,
        0.0003
    ]
}