{
    "train_loss": [
        0.4849833869934082,
        0.2808312851941144,
        0.24535461432845504
    ],
    "train_accuracy": [
        0.8620463013648987,
        0.9093055725097656,
        0.9198148250579834
    ],
    "train_macro_precision": [
        0.8615328199465159,
        0.9095265831211355,
        0.9200204609192542
    ],
    "train_macro_recall": [
        0.862037599228701,
        0.9092966910432905,
        0.9198064110870863
    ],
    "train_macro_f1": [
        0.8615626841461417,
        0.9092126757487937,
        0.919724861545369
    ],
    "train_micro_f1": [
        0.8620462962957962,
        0.9093055555550555,
        0.9198148148143148
    ],
    "train_weighted_f1": [
        0.8615684649443771,
        0.9092172816855875,
        0.9197291022431975
    ],
    "train_confidence": [
        0.7561096465234404,
        0.9121801711365028,
        0.9272828422122531
    ],
    "val_loss": [
        0.29713392384847004,
        0.263730494817098,
        0.2554658762613932
    ],
    "val_accuracy": [
        0.903333306312561,
        0.9151666760444641,
        0.918666660785675
    ],
    "val_macro_precision": [
        0.9036943187423423,
        0.9155361529957039,
        0.9197979234798528
    ],
    "val_macro_recall": [
        0.903424593113945,
        0.9152427624669317,
        0.9187517055271147
    ],
    "val_macro_f1": [
        0.9032760963331651,
        0.9151982137606345,
        0.9186772884596635
    ],
    "val_micro_f1": [
        0.9033333333328332,
        0.9151666666661665,
        0.9186666666661665
    ],
    "val_weighted_f1": [
        0.9032266249968056,
        0.9151526242097368,
        0.9186334496849033
    ],
    "val_confidence": [
        0.9035604887008667,
        0.9269368867874146,
        0.9378001019159953
    ],
    "test_loss": [
        0.3023138668662623,
        0.27083521893149926,
        0.2648038437491969
    ],
    "test_accuracy": [
        0.9039473533630371,
        0.913289487361908,
        0.9136841893196106
    ],
    "test_macro_precision": [
        0.9041426469058421,
        0.9135264251485239,
        0.9147586803427081
    ],
    "test_macro_recall": [
        0.9039473684210522,
        0.9132894736842101,
        0.9136842105263153
    ],
    "test_macro_f1": [
        0.9037969117097279,
        0.9132485788522668,
        0.9136799114654136
    ],
    "test_micro_f1": [
        0.9039473684205525,
        0.9132894736837104,
        0.9136842105258156
    ],
    "test_weighted_f1": [
        0.9037969117097279,
        0.9132485788522667,
        0.9136799114654136
    ],
    "test_confidence": [
        0.9034709980613307,
        0.9274618946878533,
        0.9380551935497083
    ],
    "grad_norm": [
        NaN,
        NaN,
        0.9915790470063812
    ],
    "fractional_applied_params": [
        0.0,
        5.0,
        5.0
    ],
    "epoch_time": [
        216.77859234809875,
        196.73148560523987,
        110.22356963157654
    ],
    "throughput_samples_per_sec": [
        498.2041761142897,
        548.9716080155675,
        979.8267318051045
    ],
    "lr": [
        2e-05,
        2e-05,
        2e-05
    ]
}