{
    "train_loss": [
        2.1792055072784424,
        2.134732084274292,
        2.07134668636322,
        2.022219868659973,
        2.0107707052230834,
        1.9982559976577758,
        1.9883874473571777,
        1.985707649230957,
        1.9838579444885254,
        1.9753673095703126
    ],
    "train_accuracy": [
        0.2784999907016754,
        0.281374990940094,
        0.28712499141693115,
        0.2927500009536743,
        0.2971250116825104,
        0.29762500524520874,
        0.3022499978542328,
        0.29912498593330383,
        0.29862499237060547,
        0.29887500405311584
    ],
    "train_macro_precision": [
        0.10543908191772729,
        0.0869858846585611,
        0.14990352726227962,
        0.15826834930220415,
        0.16772921170768504,
        0.16657788701006646,
        0.1708376588147729,
        0.1688774436755057,
        0.16017973810398223,
        0.16990194423259125
    ],
    "train_macro_recall": [
        0.10079499873328082,
        0.10294268810190824,
        0.12577644930827944,
        0.1459516531114811,
        0.15280321188794938,
        0.15267286458167256,
        0.1604925136788544,
        0.15922501790216717,
        0.15826228033680326,
        0.16220531643131392
    ],
    "train_macro_f1": [
        0.04903830283680087,
        0.05291426164232155,
        0.09615223881930336,
        0.12355981065707074,
        0.134583584614568,
        0.1330286285664845,
        0.1419915392824607,
        0.13896960008366283,
        0.13889586346313118,
        0.14254535383591926
    ],
    "train_micro_f1": [
        0.2784999999995,
        0.2813749999995,
        0.2871249999995,
        0.29274999999949997,
        0.2971249999995,
        0.2976249999995,
        0.3022499999995,
        0.2991249999995,
        0.2986249999995,
        0.29887499999949996
    ],
    "train_weighted_f1": [
        0.12798131830145745,
        0.13435417009348102,
        0.18284028356644158,
        0.213687095752703,
        0.2232076149276738,
        0.22108386178591613,
        0.2284767953217385,
        0.2282299136268492,
        0.2259587405778235,
        0.23190546720746458
    ],
    "train_confidence": [
        0.27898354196548464,
        0.2845110697746277,
        0.2991441030502319,
        0.3079748296737671,
        0.3058777737617493,
        0.3125043435096741,
        0.30771942520141604,
        0.313376115322113,
        0.31042018032073976,
        0.3125598282814026
    ],
    "val_loss": [
        2.1434797401428223,
        2.115061756134033,
        2.052530084609985,
        2.0347377109527587,
        2.028939157485962,
        2.0247090930938723,
        2.016675621032715,
        2.020513666152954,
        2.0120692024230955,
        2.0104808006286623
    ],
    "val_accuracy": [
        0.2815000116825104,
        0.2809999883174896,
        0.2784999907016754,
        0.27900001406669617,
        0.2849999964237213,
        0.2775000035762787,
        0.2770000100135803,
        0.2750000059604645,
        0.2854999899864197,
        0.273499995470047
    ],
    "val_macro_precision": [
        0.028149999999999988,
        0.06431146080799702,
        0.13741483597391319,
        0.08639689824577049,
        0.09568514809776647,
        0.11481558078682977,
        0.11075656313577756,
        0.14115744588571932,
        0.15857254026280648,
        0.13698304266138822
    ],
    "val_macro_recall": [
        0.09999999999999983,
        0.11076146552166932,
        0.14411962610550322,
        0.12722092412065156,
        0.13003390555232727,
        0.14557601300600914,
        0.13362718260218864,
        0.14498233205954747,
        0.1498900766364396,
        0.137218187809087
    ],
    "val_macro_f1": [
        0.04393289114315725,
        0.06838330892758014,
        0.11189845802386959,
        0.0886937277944169,
        0.09836025284992014,
        0.11141239235079621,
        0.10328524755577558,
        0.12212208860721345,
        0.12175899580669339,
        0.11410272989955624
    ],
    "val_micro_f1": [
        0.2814999999994999,
        0.28099999999949987,
        0.27849999999949987,
        0.27899999999949987,
        0.2849999999994999,
        0.27749999999949987,
        0.27699999999949987,
        0.27499999999949987,
        0.2854999999994999,
        0.27349999999949987
    ],
    "val_weighted_f1": [
        0.12367108856798767,
        0.1534366220127534,
        0.20700007138212498,
        0.17814342473541256,
        0.1845491472568318,
        0.20795442126176963,
        0.19191012539428026,
        0.21213069936381115,
        0.2099806808793306,
        0.20295472147263766
    ],
    "val_confidence": [
        0.31009610748291017,
        0.2371440849304199,
        0.2695303077697754,
        0.3274974594116211,
        0.3449562120437622,
        0.2714769144058228,
        0.31879358196258545,
        0.2685486125946045,
        0.2986335496902466,
        0.27825968360900877
    ],
    "grad_norm": [
        0.974095043966333,
        0.9638832172532984,
        0.9326399876775665,
        0.927531133793638,
        1.011541340476088,
        0.9137981889047305,
        0.925798449390941,
        0.9222356841104498,
        0.9207941471199116,
        0.9030418966989645
    ],
    "fractional_applied_params": [
        2.0,
        2.0,
        2.0,
        2.0,
        2.0,
        2.0,
        2.0,
        2.0,
        2.0,
        2.0
    ],
    "epoch_time": [
        5.182105541229248,
        1.3680663108825684,
        0.9898459911346436,
        0.5610783100128174,
        0.5574183464050293,
        0.734001636505127,
        1.718761920928955,
        1.3542633056640625,
        1.5815374851226807,
        1.7583682537078857
    ],
    "throughput_samples_per_sec": [
        1543.7740386318567,
        5847.6697630533945,
        8082.065363349845,
        14258.259243379496,
        14351.877815996873,
        10899.158260860526,
        4654.513171711511,
        5907.270740143995,
        5058.368881708445,
        4549.672677000584
    ],
    "lr": [
        0.0003,
        0.0003,
        0.0003,
        0.0003,
        0.0003,
        0.0003,
        0.0003,
        0.0003,
        0.0003,
        0.0003
    ]
}