{
    "train_loss": [
        2.1971573486328126,
        2.150079761505127,
        2.0799786376953127,
        2.0348781051635743,
        2.0236056747436524,
        2.0148157329559324,
        2.0038954792022703,
        1.9954914817810059,
        1.9951768579483031,
        1.9917850742340089
    ],
    "train_accuracy": [
        0.25999999046325684,
        0.27687498927116394,
        0.281374990940094,
        0.28949999809265137,
        0.2877500057220459,
        0.29212498664855957,
        0.29212498664855957,
        0.2927500009536743,
        0.2928749918937683,
        0.29737499356269836
    ],
    "train_macro_precision": [
        0.11262620113944291,
        0.06379425173655134,
        0.13954597341781352,
        0.14972942174605253,
        0.15138142234139362,
        0.14479110844882087,
        0.1595705166787414,
        0.16541017049259082,
        0.16370468384284403,
        0.16805745823614882
    ],
    "train_macro_recall": [
        0.09890247813739353,
        0.10135839623933285,
        0.12062868520006456,
        0.14419834230942433,
        0.14726745301603067,
        0.14877604368525016,
        0.15272962059046405,
        0.153862042640391,
        0.15765232259757941,
        0.1612121648129224
    ],
    "train_macro_f1": [
        0.054807282607463946,
        0.048717159358849536,
        0.08887928736306337,
        0.12304709715427078,
        0.1295254416499349,
        0.12679635788709032,
        0.13486510880709843,
        0.13552212817628706,
        0.14244061315121176,
        0.14484927671564532
    ],
    "train_micro_f1": [
        0.25999999999949996,
        0.2768749999995,
        0.2813749999995,
        0.2894999999995,
        0.28774999999949996,
        0.2921249999995,
        0.2921249999995,
        0.29274999999949997,
        0.29287499999949995,
        0.29737499999949996
    ],
    "train_weighted_f1": [
        0.1284023747704209,
        0.12685971502862106,
        0.17263632528739575,
        0.20952621683470715,
        0.2140997578991057,
        0.2135929867492973,
        0.21921220503865635,
        0.21993636522513704,
        0.22503443532564563,
        0.23010254875639238
    ],
    "train_confidence": [
        0.27690745306015013,
        0.2745528473854065,
        0.29310940408706665,
        0.301577344417572,
        0.30471956872940065,
        0.3068409357070923,
        0.30237831258773806,
        0.30854327487945554,
        0.3063541159629822,
        0.3051428232192993
    ],
    "val_loss": [
        2.131941381454468,
        2.0979528770446776,
        2.023770616531372,
        2.0084428367614744,
        1.99718780708313,
        2.0018253173828127,
        1.9907192878723146,
        1.986038137435913,
        2.0045594635009767,
        1.9959129276275636
    ],
    "val_accuracy": [
        0.29649999737739563,
        0.2919999957084656,
        0.2904999852180481,
        0.29499998688697815,
        0.29499998688697815,
        0.29750001430511475,
        0.29750001430511475,
        0.2994999885559082,
        0.29750001430511475,
        0.2980000078678131
    ],
    "val_macro_precision": [
        0.02975413948820872,
        0.031897435897435836,
        0.09945232603251863,
        0.09731136078414207,
        0.10404716390109718,
        0.15124422129723875,
        0.1236032410862457,
        0.13891454289396105,
        0.1536337256497287,
        0.15911987960228532
    ],
    "val_macro_recall": [
        0.09983164983164966,
        0.09872286079182614,
        0.1336198218514455,
        0.1413191275933562,
        0.1303253737406092,
        0.15493600319558326,
        0.1502422844396764,
        0.149330700056003,
        0.16054901422995416,
        0.15572331858975658
    ],
    "val_macro_f1": [
        0.04584460765361746,
        0.046726190476119964,
        0.09650192596580283,
        0.11004581471990312,
        0.0867874318648634,
        0.1310574213753188,
        0.1230353636198011,
        0.1280454281737497,
        0.1386762145474491,
        0.12225328224044527
    ],
    "val_micro_f1": [
        0.2964999999994999,
        0.2919999999994999,
        0.2904999999994999,
        0.2949999999994999,
        0.2949999999994999,
        0.2974999999994999,
        0.2974999999994999,
        0.2994999999994999,
        0.2974999999994999,
        0.2979999999994999
    ],
    "val_weighted_f1": [
        0.13615848473124387,
        0.13690178571414913,
        0.20503366272363735,
        0.20925422543751038,
        0.18724190151092382,
        0.23176722515683812,
        0.22141123683618763,
        0.22318844830277795,
        0.24236138441084487,
        0.22687712031101395
    ],
    "val_confidence": [
        0.24911438941955566,
        0.3100425567626953,
        0.28836320209503175,
        0.3024239826202393,
        0.321891752243042,
        0.2648753662109375,
        0.29688387393951415,
        0.30233426761627197,
        0.2650865526199341,
        0.27318921756744385
    ],
    "grad_norm": [
        1.0753927817210238,
        0.8731607995588322,
        0.8558706544817722,
        0.856222087877587,
        0.9982484169105507,
        0.9391698467470746,
        0.9451681771344156,
        0.9035009821818359,
        1.043985895745549,
        0.9632154966905223
    ],
    "fractional_applied_params": [
        2.0,
        2.0,
        2.0,
        2.0,
        2.0,
        2.0,
        2.0,
        2.0,
        2.0,
        2.0
    ],
    "epoch_time": [
        5.194443702697754,
        1.6309175491333008,
        1.4631173610687256,
        1.5229508876800537,
        1.7476508617401123,
        1.436736822128296,
        1.3471176624298096,
        1.711212396621704,
        1.3698246479034424,
        1.5840973854064941
    ],
    "throughput_samples_per_sec": [
        1540.1071717930392,
        4905.214248415774,
        5467.777372388259,
        5252.959937655366,
        4577.573344388998,
        5568.173569985684,
        5938.605233317422,
        4675.047946002317,
        5840.163565639033,
        5050.1945610794155
    ],
    "lr": [
        0.0003,
        0.0003,
        0.0003,
        0.0003,
        0.0003,
        0.0003,
        0.0003,
        0.0003,
        0.0003,
        0.0003
    ]
}