{
    "train_loss": [
        2.183039249420166,
        2.110946026802063,
        2.0354527416229247,
        2.015874478340149,
        1.9982953519821167,
        1.9912937202453613,
        1.9830842590332032,
        1.9807629737854004,
        1.975150712966919,
        1.9608132114410401
    ],
    "train_accuracy": [
        0.2796249985694885,
        0.281374990940094,
        0.2854999899864197,
        0.28962498903274536,
        0.2913750112056732,
        0.2930000126361847,
        0.29787498712539673,
        0.2983750104904175,
        0.3007499873638153,
        0.3011249899864197
    ],
    "train_macro_precision": [
        0.07411513027790681,
        0.15167326048904586,
        0.13381617864339457,
        0.14956188863532957,
        0.14285454242246093,
        0.15278378722005784,
        0.172660128508552,
        0.15858224319310038,
        0.16850418217079385,
        0.17571661131725075
    ],
    "train_macro_recall": [
        0.0998607646840308,
        0.11315211261753007,
        0.13881159794931813,
        0.1454900853049333,
        0.14857543673853127,
        0.1538938298662546,
        0.15923301475878945,
        0.1619007944795772,
        0.16057290485129944,
        0.16465843852873877
    ],
    "train_macro_f1": [
        0.046229863621491715,
        0.07728973753313188,
        0.11232798374438628,
        0.12125458344045761,
        0.1243590427257949,
        0.13492651879572193,
        0.13876351384987146,
        0.14482150594493562,
        0.13672742182093695,
        0.14593246031822613
    ],
    "train_micro_f1": [
        0.27962499999949997,
        0.2813749999995,
        0.2854999999995,
        0.2896249999995,
        0.29137499999949995,
        0.2929999999995,
        0.29787499999949996,
        0.29837499999949996,
        0.3007499999995,
        0.3011249999995
    ],
    "train_weighted_f1": [
        0.1263715518017851,
        0.15998434083289648,
        0.19955224305596442,
        0.20827159255481367,
        0.2126171434230234,
        0.22219236274907742,
        0.22644464991711571,
        0.2305719323390859,
        0.22522607420704654,
        0.23265246429498124
    ],
    "train_confidence": [
        0.28105314445495605,
        0.2923353419303894,
        0.30257348775863646,
        0.3078408408164978,
        0.31222933673858644,
        0.3079663586616516,
        0.3113868088722229,
        0.3087611155509949,
        0.3057905502319336,
        0.3099519782066345
    ],
    "val_loss": [
        2.140653314590454,
        2.055734916687012,
        2.0377870273590086,
        2.032672559738159,
        2.014199010848999,
        2.0168633785247803,
        2.0223888874053957,
        2.033825429916382,
        2.0164993171691896,
        2.0124909286499024
    ],
    "val_accuracy": [
        0.27900001406669617,
        0.2770000100135803,
        0.2840000092983246,
        0.28600001335144043,
        0.29100000858306885,
        0.2849999964237213,
        0.2849999964237213,
        0.2955000102519989,
        0.29649999737739563,
        0.28450000286102295
    ],
    "val_macro_precision": [
        0.02791395697848923,
        0.09830283114628321,
        0.0871594152948431,
        0.13610840385084025,
        0.1478275853830779,
        0.09709032331068285,
        0.09775765849864032,
        0.11917064863339828,
        0.12296560719957639,
        0.1894604358704782
    ],
    "val_macro_recall": [
        0.09982110912343453,
        0.13631939668413912,
        0.15375796306158093,
        0.13737705433943473,
        0.15020774350568392,
        0.143811801070127,
        0.14608733607166932,
        0.15249535345810097,
        0.16768980455406957,
        0.16662018798816147
    ],
    "val_macro_f1": [
        0.04362783424547011,
        0.10220792852579923,
        0.09656241352762926,
        0.09861722797779997,
        0.11774869667732175,
        0.10585879160244768,
        0.10718694674539024,
        0.10146310841501131,
        0.12124697688144495,
        0.1306210772673182
    ],
    "val_micro_f1": [
        0.27899999999949987,
        0.27699999999949987,
        0.2839999999994999,
        0.2859999999994999,
        0.2909999999994999,
        0.2849999999994999,
        0.2849999999994999,
        0.2954999999994999,
        0.2964999999994999,
        0.2844999999994999
    ],
    "val_weighted_f1": [
        0.12193979671608894,
        0.19015751265489222,
        0.18696883024385494,
        0.1854042034195968,
        0.20519356808115774,
        0.19177659920799836,
        0.19133547989410943,
        0.1845781179895812,
        0.21424331728375545,
        0.22394746426868514
    ],
    "val_confidence": [
        0.28167407608032224,
        0.2807020683288574,
        0.31546629524230957,
        0.32178425693511964,
        0.31093701362609866,
        0.3233345985412598,
        0.3074782409667969,
        0.3720949878692627,
        0.31366962909698487,
        0.28532549571990967
    ],
    "grad_norm": [
        0.6745165508646558,
        0.6391720352657897,
        0.6671671000013937,
        0.6490648932277978,
        0.6227586732776205,
        0.6612200040126934,
        0.605062545652068,
        0.6498800031876122,
        0.6215908858961823,
        0.5637682785751836
    ],
    "fractional_applied_params": [
        2.0,
        2.0,
        2.0,
        2.0,
        2.0,
        2.0,
        2.0,
        2.0,
        2.0,
        2.0
    ],
    "epoch_time": [
        6.19711446762085,
        2.637157917022705,
        2.218719959259033,
        2.7835676670074463,
        2.7173423767089844,
        1.749070644378662,
        1.7865946292877197,
        2.30895733833313,
        1.9347014427185059,
        2.7226812839508057
    ],
    "throughput_samples_per_sec": [
        1290.9233872956522,
        3033.5688084359504,
        3605.6826219166887,
        2874.0095291452453,
        2944.0530087669426,
        4573.857565851442,
        4477.792482332404,
        3464.767350693156,
        4135.00492807767,
        2938.280013586984
    ],
    "lr": [
        0.0003,
        0.0003,
        0.0003,
        0.0003,
        0.0003,
        0.0003,
        0.0003,
        0.0003,
        0.0003,
        0.0003
    ]
}