{
    "train_loss": [
        2.1981379413604736,
        2.152411533355713,
        2.075945465087891,
        2.0368365631103518,
        2.0237243595123293,
        2.0165982570648193,
        2.0039812002182007,
        1.9997804918289184,
        1.995685136795044,
        1.9887743997573852
    ],
    "train_accuracy": [
        0.2671250104904175,
        0.27924999594688416,
        0.28450000286102295,
        0.2852500081062317,
        0.2887499928474426,
        0.2904999852180481,
        0.29350000619888306,
        0.29249998927116394,
        0.29350000619888306,
        0.2919999957084656
    ],
    "train_macro_precision": [
        0.08261475808038261,
        0.1297580106263484,
        0.13275694165089486,
        0.13713343431194477,
        0.1478179209615193,
        0.15248096395118033,
        0.16223215307092992,
        0.15485717169512309,
        0.15904773632254912,
        0.16757031262248798
    ],
    "train_macro_recall": [
        0.1005520856209307,
        0.1045699529129482,
        0.12651961467538547,
        0.1389613868392943,
        0.14399260430735134,
        0.14878332149304588,
        0.15260398952195967,
        0.15260659899131995,
        0.15564271744028385,
        0.15449435466554892
    ],
    "train_macro_f1": [
        0.053685963734761685,
        0.055271652117079594,
        0.09388010661885,
        0.11538003990768286,
        0.12233011506750471,
        0.12518555600633088,
        0.13339399970622662,
        0.13359540448929638,
        0.13765651080088684,
        0.13610669806739953
    ],
    "train_micro_f1": [
        0.26712499999949996,
        0.27924999999949995,
        0.2844999999995,
        0.28524999999949996,
        0.28874999999949996,
        0.2904999999995,
        0.2934999999995,
        0.2924999999995,
        0.2934999999995,
        0.2919999999995
    ],
    "train_weighted_f1": [
        0.13086807325828462,
        0.1339203000395818,
        0.17952134869040828,
        0.20083988567052669,
        0.20693338242641085,
        0.21091369721481956,
        0.21707591027058962,
        0.2204781850158844,
        0.2228668663218401,
        0.22185023744287227
    ],
    "train_confidence": [
        0.27791129875183107,
        0.28564301443099976,
        0.29100965881347657,
        0.3012441201210022,
        0.3024762263298035,
        0.3069533505439758,
        0.30377867603302,
        0.3054736099243164,
        0.30584585332870484,
        0.3056553726196289
    ],
    "val_loss": [
        2.1270642051696775,
        2.0811111087799072,
        2.0145156354904175,
        1.999058771133423,
        1.9869371252059937,
        1.9825892353057861,
        1.9862003564834594,
        1.9856544246673584,
        1.9791159744262696,
        1.9706237449645996
    ],
    "val_accuracy": [
        0.29600000381469727,
        0.29499998688697815,
        0.29600000381469727,
        0.3089999854564667,
        0.2944999933242798,
        0.3109999895095825,
        0.2980000078678131,
        0.30550000071525574,
        0.30300000309944153,
        0.3009999990463257
    ],
    "val_macro_precision": [
        0.029599999999999987,
        0.04016238401142032,
        0.12496068888726578,
        0.10774850847633759,
        0.2405009655684205,
        0.17245201285953413,
        0.13752500872252105,
        0.12329081677934539,
        0.12384160485598476,
        0.2582028105563627
    ],
    "val_macro_recall": [
        0.09999999999999983,
        0.10333169224500864,
        0.1208202331168127,
        0.14349850611055523,
        0.1355675579497932,
        0.15533426874246806,
        0.14758161383323992,
        0.16176839735070608,
        0.13553382315262671,
        0.1481921025324063
    ],
    "val_macro_f1": [
        0.04567901234564374,
        0.05396972245576168,
        0.08413188283395676,
        0.1070658923616489,
        0.10028572614265482,
        0.12834446338637392,
        0.11800926728825072,
        0.13266789854784283,
        0.10252978709213416,
        0.12801767324535063
    ],
    "val_micro_f1": [
        0.2959999999994999,
        0.2949999999994999,
        0.2959999999994999,
        0.3089999999994999,
        0.2944999999994999,
        0.31099999999949984,
        0.2979999999994999,
        0.3054999999994999,
        0.3029999999994999,
        0.3009999999994999
    ],
    "val_weighted_f1": [
        0.13520987654310546,
        0.14619865433121587,
        0.18025044043325553,
        0.20737762699321555,
        0.20247345244777937,
        0.22373402293487293,
        0.22186122753087126,
        0.2331141195869538,
        0.20167441352965396,
        0.22814085198352774
    ],
    "val_confidence": [
        0.29887661361694334,
        0.2860565662384033,
        0.31983599853515626,
        0.2951117057800293,
        0.3000034408569336,
        0.28614059257507324,
        0.27594102096557616,
        0.28149545669555665,
        0.34123959732055664,
        0.29540685176849363
    ],
    "grad_norm": [
        1.072070092562633,
        0.9227410277341823,
        0.9278515649070419,
        0.7723576331373162,
        0.8629796048329562,
        0.9059588543075024,
        0.8539170929355596,
        0.8913409614734474,
        0.9348958163781873,
        0.8526530830496264
    ],
    "fractional_applied_params": [
        0.0,
        0.0,
        0.0,
        2.0,
        2.0,
        2.0,
        2.0,
        2.0,
        2.0,
        2.0
    ],
    "epoch_time": [
        5.353217124938965,
        1.720651388168335,
        1.1172082424163818,
        0.9502522945404053,
        1.178541898727417,
        1.5743229389190674,
        1.137138843536377,
        1.4715311527252197,
        1.779468297958374,
        1.797997236251831
    ],
    "throughput_samples_per_sec": [
        1494.4284555039812,
        4649.401996831065,
        7160.706210595976,
        8418.8168194524,
        6788.04886668718,
        5081.549536140795,
        7035.2007105138355,
        5436.514194880825,
        4495.724936026446,
        4449.395048391222
    ],
    "lr": [
        0.0003,
        0.0003,
        0.0003,
        0.0003,
        0.0003,
        0.0003,
        0.0003,
        0.0003,
        0.0003,
        0.0003
    ]
}