{
    "train_loss": [
        1.881779151991614,
        1.0299071696386888,
        0.7295728794228734,
        0.533649980653486,
        0.3862969159602908
    ],
    "train_accuracy": [
        0.5086909532546997,
        0.7067661881446838,
        0.7896494269371033,
        0.8465088605880737,
        0.8897181749343872
    ],
    "train_macro_precision": [
        0.5097569501424428,
        0.6944699218604935,
        0.7820212149461414,
        0.8428710365269827,
        0.8893794153131032
    ],
    "train_macro_recall": [
        0.493032792987541,
        0.691758448801696,
        0.7763409716878007,
        0.8355927437414461,
        0.8814032971971054
    ],
    "train_macro_f1": [
        0.4765798655229826,
        0.6826494905806569,
        0.7714871208895043,
        0.8355093002381825,
        0.882951861646422
    ],
    "train_micro_f1": [
        0.508690955513592,
        0.7067661789251602,
        0.7896494156923212,
        0.8465088873607882,
        0.8897181577133366
    ],
    "train_weighted_f1": [
        0.4894479974829306,
        0.6968711809100422,
        0.7836159152305558,
        0.844761449605552,
        0.8897561375917192
    ],
    "train_confidence": [
        0.2682428983249868,
        0.581808185221509,
        0.7147261397983521,
        0.7936087581833442,
        0.8521693536016125
    ],
    "val_loss": [
        1.2372155364480935,
        1.0072019050650425,
        0.9772827930939503,
        0.9960974060150504,
        1.0039405489684627
    ],
    "val_accuracy": [
        0.6604774594306946,
        0.7020335793495178,
        0.7188329100608826,
        0.7161803841590881,
        0.7197170853614807
    ],
    "val_macro_precision": [
        0.6251617138823978,
        0.6699445785037506,
        0.6965831293852796,
        0.7112611142645257,
        0.7146269250266354
    ],
    "val_macro_recall": [
        0.6430990411877031,
        0.6831127462031439,
        0.7010314647163359,
        0.7010726089409026,
        0.703164979060096
    ],
    "val_macro_f1": [
        0.6265287621610695,
        0.6710839655553641,
        0.6921693986809248,
        0.6986993438852663,
        0.7019229251442853
    ],
    "val_micro_f1": [
        0.6604774535804013,
        0.7020335985848221,
        0.7188328912461839,
        0.7161803713522845,
        0.7197170645441502
    ],
    "val_weighted_f1": [
        0.6454218182751261,
        0.6897371397246209,
        0.7111713746094195,
        0.7131662584612337,
        0.7160062304766874
    ],
    "val_confidence": [
        0.49644314136049794,
        0.6706999779590772,
        0.7559861251466786,
        0.797421764842606,
        0.8297483560577311
    ],
    "test_loss": [
        1.2976399652830033,
        1.1136352287539129,
        1.1153861120604354,
        1.1292617542593009,
        1.1825697626512985
    ],
    "test_accuracy": [
        0.6409984230995178,
        0.6688794493675232,
        0.6759160757064819,
        0.6798990964889526,
        0.688396155834198
    ],
    "test_macro_precision": [
        0.6159434265719752,
        0.6437492614290712,
        0.666187963633974,
        0.6768804580220781,
        0.6889984269529663
    ],
    "test_macro_recall": [
        0.6233424557058354,
        0.6515708066971296,
        0.6592270127829093,
        0.6651939366174029,
        0.6768659617496133
    ],
    "test_macro_f1": [
        0.614329655523471,
        0.6413757811428968,
        0.6550491909621313,
        0.6656633580599038,
        0.6786839240272943
    ],
    "test_micro_f1": [
        0.6409984067971631,
        0.6688794476893565,
        0.6759160913431005,
        0.6798990971848424,
        0.6883961763138918
    ],
    "test_weighted_f1": [
        0.6308719460322811,
        0.6578519909730582,
        0.6714006612535561,
        0.6793886609395593,
        0.6906895031634768
    ],
    "test_confidence": [
        0.4853742229640959,
        0.6588334738416869,
        0.7376734693824011,
        0.7805577420960446,
        0.8165548912591271
    ],
    "grad_norm": [
        0.9968649519356865,
        0.9999998539947355,
        0.9999998603694537,
        0.9968650582786639,
        0.9999998449775529
    ],
    "nonfinite_grad_tensors": [
        0.003134796238244514,
        0.0,
        0.0,
        0.003134796238244514,
        0.0
    ],
    "nonfinite_train_loss_batches": [
        0,
        0,
        0,
        0,
        0
    ],
    "nonfinite_val_loss_batches": [
        0,
        0,
        0,
        0,
        0
    ],
    "nonfinite_test_loss_batches": [
        0,
        0,
        0,
        0,
        0
    ],
    "fractional_applied_params": [
        0.0,
        0.0,
        0.0,
        0.0,
        0.0
    ],
    "epoch_time": [
        80.9620373249054,
        73.7137017250061,
        75.85798573493958,
        75.89748096466064,
        61.6010684967041
    ],
    "throughput_samples_per_sec": [
        125.77499697957235,
        138.14256727993885,
        134.23767980843962,
        134.16782573773963,
        165.30557421329195
    ],
    "lr": [
        2e-05,
        2e-05,
        2e-05,
        2e-05,
        2e-05
    ]
}