{
    "train_loss": [
        2.1120683217048644,
        2.0742170715332033,
        2.0668860268592835,
        2.0215124535560607,
        1.9717243814468384,
        1.9563191270828246,
        1.9582943773269654,
        1.9451844024658203,
        1.94379239320755,
        1.9418654775619506
    ],
    "train_accuracy": [
        0.33135417103767395,
        0.34437501430511475,
        0.34447917342185974,
        0.3425000011920929,
        0.3397916555404663,
        0.3440625071525574,
        0.33666667342185974,
        0.3414583206176758,
        0.3401041626930237,
        0.3407291769981384
    ],
    "train_macro_precision": [
        0.10566821219688469,
        0.03444467597416127,
        0.03445509481141904,
        0.0996903435032412,
        0.1345838408033844,
        0.14509622531975402,
        0.12018206520622914,
        0.14115219310982127,
        0.12937200729655865,
        0.1349731244441949
    ],
    "train_macro_recall": [
        0.10050433250252719,
        0.09996976111279102,
        0.09999999999999998,
        0.10693740724160121,
        0.11491465746190237,
        0.12007844562598521,
        0.11350700665462661,
        0.1165981493505095,
        0.11815110029555038,
        0.11791289086055809
    ],
    "train_macro_f1": [
        0.06015877682982477,
        0.05123595505614163,
        0.05125145292518466,
        0.0688127187930023,
        0.08695875122078905,
        0.09475485110015641,
        0.08620199082604696,
        0.09000379830540003,
        0.09366351118326638,
        0.09269945912601812
    ],
    "train_micro_f1": [
        0.3313541666661666,
        0.34437499999949994,
        0.3444791666661666,
        0.3424999999994999,
        0.3397916666661666,
        0.34406249999949995,
        0.3366666666661666,
        0.34145833333283326,
        0.3401041666661666,
        0.3407291666661666
    ],
    "train_weighted_f1": [
        0.18282872545394013,
        0.17649719101110456,
        0.17655057794123508,
        0.19498840468165565,
        0.2100794612935993,
        0.21686013805220214,
        0.21106003124983055,
        0.21224791197976006,
        0.219610081445783,
        0.2166527851320932
    ],
    "train_confidence": [
        0.3408807551860809,
        0.3422003916899363,
        0.34437578042348227,
        0.3495066312948863,
        0.3476485574245453,
        0.34284464955329896,
        0.3470597819487254,
        0.3506700952847799,
        0.3451426919301351,
        0.35247008919715883
    ],
    "val_loss": [
        2.0809401512145995,
        2.0777931880950926,
        2.0656632566452027,
        1.9597055149078368,
        1.952636604309082,
        1.9580029916763306,
        1.9423809766769409,
        1.9338227891921997,
        1.9417391109466553,
        1.9346242570877075
    ],
    "val_accuracy": [
        0.33500000834465027,
        0.33500000834465027,
        0.33500000834465027,
        0.33500000834465027,
        0.3345833420753479,
        0.33375000953674316,
        0.33416667580604553,
        0.33916667103767395,
        0.33500000834465027,
        0.3375000059604645
    ],
    "val_macro_precision": [
        0.03349999999999999,
        0.03349999999999999,
        0.03349999999999999,
        0.10059161979221636,
        0.06605655314757378,
        0.041784355179703685,
        0.0593708668218282,
        0.09782957107623416,
        0.08651661346782553,
        0.14422855845964438
    ],
    "val_macro_recall": [
        0.09999999999999988,
        0.09999999999999988,
        0.09999999999999988,
        0.11336289246508205,
        0.10662875191472643,
        0.10060510331776687,
        0.1034839233332222,
        0.12342087341547003,
        0.10510679299553441,
        0.12162449330727301
    ],
    "val_macro_f1": [
        0.05018726591756537,
        0.05018726591756537,
        0.05018726591756537,
        0.07417836539857951,
        0.06442318127176977,
        0.052553661467748855,
        0.05879455538422997,
        0.08283792247191439,
        0.061480579489232856,
        0.08940020473895227
    ],
    "val_micro_f1": [
        0.33499999999949986,
        0.33499999999949986,
        0.33499999999949986,
        0.33499999999949986,
        0.33458333333283324,
        0.3337499999994999,
        0.33416666666616657,
        0.33916666666616657,
        0.33499999999949986,
        0.33749999999949987
    ],
    "val_weighted_f1": [
        0.168127340823844,
        0.168127340823844,
        0.168127340823844,
        0.19718537259731816,
        0.18084445823749615,
        0.17037214180354512,
        0.17658523435168547,
        0.20941845643682452,
        0.17833723284956568,
        0.20768790758101358
    ],
    "val_confidence": [
        0.3847917938232422,
        0.36725210189819335,
        0.35342829863230385,
        0.3718856906890869,
        0.3337799660364787,
        0.4018355401357015,
        0.3803887891769409,
        0.3395328807830811,
        0.39355974197387694,
        0.32217008113861084
    ],
    "grad_norm": [
        1.2402536021255626,
        0.7897349705560393,
        0.8344076125111676,
        0.9239464980689998,
        0.9011992792078988,
        0.8272564310247769,
        0.9447338585744979,
        0.8317434561420649,
        0.8101807577328501,
        0.8473643332751039
    ],
    "fractional_applied_params": [
        0.0,
        0.0,
        0.0,
        2.0,
        2.0,
        2.0,
        2.0,
        2.0,
        2.0,
        2.0
    ],
    "epoch_time": [
        5.554399251937866,
        1.4530344009399414,
        1.6361751556396484,
        1.262983798980713,
        1.8108916282653809,
        1.8494703769683838,
        1.8470137119293213,
        1.8536601066589355,
        1.8522498607635498,
        1.836679458618164
    ],
    "throughput_samples_per_sec": [
        1728.3597315498466,
        6606.863535914866,
        5867.342482808305,
        7601.047620521855,
        5301.255939426735,
        5190.675189800085,
        5197.579172258662,
        5178.942981787089,
        5182.886069184321,
        5226.823850484294
    ],
    "lr": [
        0.0003,
        0.0003,
        0.0003,
        0.0003,
        0.0003,
        0.0003,
        0.0003,
        0.0003,
        0.0003,
        0.0003
    ]
}