{
    "train_loss": [
        2.2056177978515623,
        2.12274427986145,
        2.060980638504028,
        2.0389837017059325,
        2.022477583885193,
        2.0120901889801024,
        2.0042036266326906,
        1.9925303869247437,
        1.9754083490371703,
        1.969711943626404
    ],
    "train_accuracy": [
        0.2697499990463257,
        0.2775000035762787,
        0.28212499618530273,
        0.2853749990463257,
        0.289000004529953,
        0.2957499921321869,
        0.29212498664855957,
        0.29787498712539673,
        0.2998749911785126,
        0.3061249852180481
    ],
    "train_macro_precision": [
        0.038841967664360905,
        0.11695417617574666,
        0.1273724937741594,
        0.14855107093175562,
        0.15641587183528746,
        0.1663050451815778,
        0.15544825769429135,
        0.16285002312342042,
        0.1708851685456047,
        0.1833557785209776
    ],
    "train_macro_recall": [
        0.09991472124506978,
        0.11173679045498901,
        0.13138404199510303,
        0.1411975665642521,
        0.1486344973543323,
        0.15216361286480926,
        0.15593493177595388,
        0.16153194039074031,
        0.16717022544554477,
        0.1747236805394657
    ],
    "train_macro_f1": [
        0.04964115679200788,
        0.07048501825297071,
        0.10352002615984487,
        0.11773804839080468,
        0.1273953997737833,
        0.12904339522477137,
        0.1352594800463234,
        0.13955887136893633,
        0.14814309651734228,
        0.1557701222151862
    ],
    "train_micro_f1": [
        0.2697499999995,
        0.2774999999995,
        0.28212499999949997,
        0.2853749999995,
        0.2889999999995,
        0.29574999999949997,
        0.2921249999995,
        0.29787499999949996,
        0.29987499999949996,
        0.3061249999995
    ],
    "train_weighted_f1": [
        0.12654891063134172,
        0.1504802141259384,
        0.1874504948659631,
        0.20191065386510793,
        0.21172975869582605,
        0.21380600838622416,
        0.2203481733466467,
        0.2235787546833926,
        0.23407628137348893,
        0.2413440142378507
    ],
    "train_confidence": [
        0.2846247668266296,
        0.28627402782440187,
        0.2916837224960327,
        0.3016490359306335,
        0.30253723239898683,
        0.3051144709587097,
        0.30465308618545534,
        0.31259693288803103,
        0.30591003036499026,
        0.3135301251411438
    ],
    "val_loss": [
        2.1391035480499268,
        2.0342304391860964,
        1.9947656269073486,
        2.0004149589538573,
        1.98599889087677,
        1.9769309558868409,
        1.9733890380859376,
        1.9701019630432128,
        1.967808850288391,
        1.9830442361831666
    ],
    "val_accuracy": [
        0.29499998688697815,
        0.2944999933242798,
        0.3005000054836273,
        0.29249998927116394,
        0.2980000078678131,
        0.3019999861717224,
        0.29600000381469727,
        0.29899999499320984,
        0.3034999966621399,
        0.2994999885559082
    ],
    "val_macro_precision": [
        0.029499999999999988,
        0.10075207121214821,
        0.08973919854186155,
        0.18647691697227547,
        0.11266905327047261,
        0.09739204727429071,
        0.12472838762744673,
        0.13396097959685932,
        0.12195650333194112,
        0.1771128422524116
    ],
    "val_macro_recall": [
        0.09999999999999983,
        0.10277844179158906,
        0.14427208865420676,
        0.14457084758113312,
        0.12467375079682963,
        0.14321569120228678,
        0.14430054852990654,
        0.15015383223049497,
        0.1405084871291812,
        0.15249068298261667
    ],
    "val_macro_f1": [
        0.04555984555981034,
        0.052804634345529934,
        0.09670596597676914,
        0.09733732690793404,
        0.08745209374598453,
        0.09877220030022811,
        0.10797417713412719,
        0.11821161721817508,
        0.10731410209347321,
        0.12945340415126966
    ],
    "val_micro_f1": [
        0.2949999999994999,
        0.2944999999994999,
        0.3004999999994999,
        0.2924999999994999,
        0.2979999999994999,
        0.3019999999994999,
        0.2959999999994999,
        0.2989999999994999,
        0.3034999999994999,
        0.2994999999994999
    ],
    "val_weighted_f1": [
        0.1344015444014405,
        0.14019167970384114,
        0.20149303937052845,
        0.2032185254574522,
        0.18531306360811411,
        0.20158763121635578,
        0.2045021051541942,
        0.21793346350806092,
        0.20892469679762263,
        0.22457931544258258
    ],
    "val_confidence": [
        0.2494123430252075,
        0.36964231491088867,
        0.2851088361740112,
        0.29463356590270995,
        0.3619512519836426,
        0.31092474937438963,
        0.3112561264038086,
        0.30674109649658204,
        0.31700690841674806,
        0.3274327163696289
    ],
    "grad_norm": [
        1.204392355131316,
        1.0118742551365847,
        1.0215759785577545,
        0.9991016858064613,
        0.9513123989045857,
        1.0087352321786045,
        1.0366692511954396,
        0.9850008335886749,
        0.9691119307105274,
        1.0761408842936544
    ],
    "fractional_applied_params": [
        2.0,
        2.0,
        2.0,
        2.0,
        2.0,
        2.0,
        2.0,
        2.0,
        2.0,
        2.0
    ],
    "epoch_time": [
        6.413180828094482,
        2.4011003971099854,
        2.2083046436309814,
        2.5504791736602783,
        2.3163790702819824,
        1.717707633972168,
        1.3952982425689697,
        2.6432292461395264,
        1.3825469017028809,
        2.268357038497925
    ],
    "throughput_samples_per_sec": [
        1247.430910563768,
        3331.805704429922,
        3622.6885738219908,
        3136.6654872617255,
        3453.6661562160148,
        4657.369998117866,
        5733.541228627011,
        3026.600894222139,
        5786.4221388413025,
        3526.7816592477398
    ],
    "lr": [
        0.0003,
        0.0003,
        0.0003,
        0.0003,
        0.0003,
        0.0003,
        0.0003,
        0.0003,
        0.0003,
        0.0003
    ]
}