{
    "train_loss": [
        2.1655278091430663,
        2.0602612838745116,
        2.0216262760162356,
        2.0097488994598387,
        1.9984757871627807,
        1.9879624891281127,
        1.9839334468841552,
        1.9756567153930664,
        1.9701001768112183,
        1.9582928476333619
    ],
    "train_accuracy": [
        0.2747499942779541,
        0.28587499260902405,
        0.2903749942779541,
        0.29475000500679016,
        0.2955000102519989,
        0.2985000014305115,
        0.29237499833106995,
        0.2997500002384186,
        0.3031249940395355,
        0.3062500059604645
    ],
    "train_macro_precision": [
        0.08768793602662117,
        0.1430656952692662,
        0.15114501700730298,
        0.15688274251140685,
        0.16819776324010213,
        0.16865064347307526,
        0.16929521469171635,
        0.16346480541791966,
        0.1773309093119193,
        0.18440403845627967
    ],
    "train_macro_recall": [
        0.10238555958757864,
        0.1328933271744777,
        0.14567215247585208,
        0.15384742254812078,
        0.15522126041049406,
        0.16197736728482953,
        0.1550538108103783,
        0.16126678982270642,
        0.16498106817901986,
        0.17456262396935032
    ],
    "train_macro_f1": [
        0.05623070048505006,
        0.10630152656306462,
        0.1257295999673717,
        0.13254317391925868,
        0.1357747545119957,
        0.14296348624294702,
        0.13492071538214157,
        0.14053835435512943,
        0.1457434064202636,
        0.15622393705067622
    ],
    "train_micro_f1": [
        0.2747499999995,
        0.2858749999995,
        0.2903749999995,
        0.29474999999949997,
        0.2954999999995,
        0.2984999999995,
        0.29237499999949995,
        0.29974999999949997,
        0.3031249999995,
        0.3062499999995
    ],
    "train_weighted_f1": [
        0.13556191943028606,
        0.1935370992467266,
        0.21099850602307155,
        0.21972955015383305,
        0.22298112493777253,
        0.2291735388204531,
        0.22283241715965577,
        0.22824855023805835,
        0.234381564927062,
        0.24329211941339549
    ],
    "train_confidence": [
        0.28544181740283964,
        0.30199889731407165,
        0.30767120635509493,
        0.308902982711792,
        0.3103635952472687,
        0.308840510725975,
        0.3098556843996048,
        0.31042005062103273,
        0.3125132628679276,
        0.3123477213382721
    ],
    "val_loss": [
        2.114338882446289,
        2.0318393812179565,
        2.0087761754989626,
        2.005240990638733,
        1.9915070114135742,
        1.9956071434020997,
        1.9956848573684693,
        1.9953101301193237,
        1.9909117012023925,
        2.010272005081177
    ],
    "val_accuracy": [
        0.27900001406669617,
        0.28049999475479126,
        0.27950000762939453,
        0.2800000011920929,
        0.2944999933242798,
        0.29600000381469727,
        0.29249998927116394,
        0.2849999964237213,
        0.2849999964237213,
        0.289000004529953
    ],
    "val_macro_precision": [
        0.04111295681063117,
        0.08138955759687383,
        0.12962645892845837,
        0.07651659828898424,
        0.14823126368771633,
        0.13813580139372278,
        0.11850572761732417,
        0.11529498605846258,
        0.11503845148373541,
        0.12014046024476481
    ],
    "val_macro_recall": [
        0.1084138281647176,
        0.11303451741968626,
        0.13729304101901943,
        0.13445895066636027,
        0.15595104642377833,
        0.1553879884951761,
        0.15324700219829554,
        0.15714230802430923,
        0.15243971281123941,
        0.14358830342117904
    ],
    "val_macro_f1": [
        0.05837112118778637,
        0.07492028549949213,
        0.10217597930883386,
        0.08856374648620938,
        0.1263372018725763,
        0.11539090702469043,
        0.12103806949656788,
        0.11896083923831727,
        0.12052360771811699,
        0.11528810637819135
    ],
    "val_micro_f1": [
        0.27899999999949987,
        0.28049999999949987,
        0.27949999999949987,
        0.27999999999949987,
        0.2944999999994999,
        0.2959999999994999,
        0.2924999999994999,
        0.2849999999994999,
        0.2849999999994999,
        0.2889999999994999
    ],
    "val_weighted_f1": [
        0.1424679851133366,
        0.15836184598273484,
        0.19284345488471855,
        0.17821966137740233,
        0.2104387359683907,
        0.2033222444144644,
        0.20161525418147408,
        0.21191918467178195,
        0.2125917029879054,
        0.19919899673595481
    ],
    "val_confidence": [
        0.2978151988983154,
        0.3479488203525543,
        0.3269118282794952,
        0.32378048086166383,
        0.30299660873413087,
        0.30054779052734376,
        0.3191626718044281,
        0.29680010867118833,
        0.2794373686313629,
        0.3541045594215393
    ],
    "grad_norm": [
        1.5017743413450757,
        1.4468563556880571,
        1.3979073935623747,
        1.523298673242088,
        1.4266173788885912,
        1.4233922372305015,
        1.4079973931940377,
        1.4140234285026823,
        1.3858001506868625,
        1.4032875183230846
    ],
    "epoch_time": [
        52.63541126251221,
        51.82789993286133,
        52.18359637260437,
        52.49411106109619,
        52.488505125045776,
        52.15934777259827,
        54.39428448677063,
        51.85021495819092,
        51.58680462837219,
        57.4546639919281
    ],
    "throughput_samples_per_sec": [
        151.98893307969135,
        154.35701640165482,
        153.3048803857429,
        152.39804691023454,
        152.41432349694915,
        153.3761509993952,
        147.07427582663948,
        154.29058503326837,
        155.0784170027869,
        139.24021905556586
    ],
    "lr": [
        0.0003,
        0.0003,
        0.0003,
        0.0003,
        0.0003,
        0.0003,
        0.0003,
        0.0003,
        0.0003,
        0.0003
    ]
}