{
    "train_loss": [
        2.1805483951568605,
        2.110330975532532,
        2.0406354026794435,
        2.0170096006393434,
        2.0005177326202395,
        1.9934578380584718,
        1.9858062858581542,
        1.9808805475234985,
        1.9733080005645751,
        1.9611506061553956
    ],
    "train_accuracy": [
        0.2771250009536743,
        0.2824999988079071,
        0.28299999237060547,
        0.2917500138282776,
        0.29462501406669617,
        0.30399999022483826,
        0.29612499475479126,
        0.2981249988079071,
        0.30375000834465027,
        0.30674999952316284
    ],
    "train_macro_precision": [
        0.15409807553680901,
        0.1259487280974251,
        0.13340769372639463,
        0.15979790729498106,
        0.1566363708734578,
        0.1897072689237179,
        0.16288834621207116,
        0.16394505814304805,
        0.1764314687495899,
        0.1898979465066728
    ],
    "train_macro_recall": [
        0.10194773143805744,
        0.11337769835617244,
        0.13690611432500605,
        0.1522112632992956,
        0.15559023377761333,
        0.16492920035408218,
        0.1562544664763302,
        0.16040213170156276,
        0.1667068563046044,
        0.1728068065536263
    ],
    "train_macro_f1": [
        0.05426044283531123,
        0.07480883017512571,
        0.11441303698656388,
        0.1330546557022942,
        0.13511750812299556,
        0.1480055036812,
        0.1365102284965365,
        0.14298472405977664,
        0.14822556752087168,
        0.15674284242155623
    ],
    "train_micro_f1": [
        0.27712499999949997,
        0.2824999999995,
        0.2829999999995,
        0.29174999999949996,
        0.2946249999995,
        0.3039999999995,
        0.2961249999995,
        0.2981249999995,
        0.3037499999995,
        0.3067499999995
    ],
    "train_weighted_f1": [
        0.1341668473508388,
        0.15800508723895373,
        0.20035755645520154,
        0.21654769171685467,
        0.22172537026446265,
        0.23121056969360523,
        0.22376541352170093,
        0.22973328913316216,
        0.2354786572165622,
        0.2432164346647467
    ],
    "train_confidence": [
        0.28319817781448364,
        0.2934677014350891,
        0.30582489776611327,
        0.30519933462142945,
        0.3090428113937378,
        0.3083767256736755,
        0.3107758598327637,
        0.30819858598709104,
        0.31456329917907716,
        0.3138409914970398
    ],
    "val_loss": [
        2.142885509490967,
        2.052409514427185,
        2.0186104831695557,
        2.006079207420349,
        2.004059208869934,
        2.00849608707428,
        2.007092709541321,
        2.0143762226104736,
        1.9966797542572021,
        1.9941952714920044
    ],
    "val_accuracy": [
        0.27900001406669617,
        0.27300000190734863,
        0.3009999990463257,
        0.2930000126361847,
        0.289000004529953,
        0.28949999809265137,
        0.28999999165534973,
        0.28600001335144043,
        0.2824999988079071,
        0.289000004529953
    ],
    "val_macro_precision": [
        0.027899999999999987,
        0.1307401573421387,
        0.13631427465785495,
        0.12498998844492708,
        0.12808957378945116,
        0.11163427892941977,
        0.2416921531527481,
        0.12002949599371118,
        0.21661125933831366,
        0.15381960623155194
    ],
    "val_macro_recall": [
        0.09999999999999981,
        0.1422322200481039,
        0.15938240059902958,
        0.1402307749570382,
        0.1397526239921279,
        0.15599473282878612,
        0.1533429890284476,
        0.14345475378102812,
        0.15557024736735187,
        0.14792164661595864
    ],
    "val_macro_f1": [
        0.04362783424547016,
        0.10653817646778045,
        0.11993305696007961,
        0.10439322439657424,
        0.10500605239586991,
        0.1072957232919292,
        0.12423752544901501,
        0.11132252320309992,
        0.1323229860207405,
        0.12627442061724375
    ],
    "val_micro_f1": [
        0.27899999999949987,
        0.27299999999949986,
        0.3009999999994999,
        0.2929999999994999,
        0.2889999999994999,
        0.2894999999994999,
        0.2899999999994999,
        0.2859999999994999,
        0.2824999999994999,
        0.2889999999994999
    ],
    "val_weighted_f1": [
        0.12172165754486174,
        0.19799285269968092,
        0.20922429281593563,
        0.1901438884249562,
        0.19064743623387342,
        0.20084968171286144,
        0.21492087012600294,
        0.19828103700536623,
        0.22108459863842453,
        0.21551245959135054
    ],
    "val_confidence": [
        0.2920357723236084,
        0.2694452323913574,
        0.301296895980835,
        0.30801137351989744,
        0.30641017627716066,
        0.297744779586792,
        0.2577599325180054,
        0.3134433650970459,
        0.28838554382324216,
        0.2806873893737793
    ],
    "grad_norm": [
        1.228935989375218,
        1.0866556772122162,
        1.2206095988968417,
        0.9368500912200068,
        0.881285436411161,
        0.863703570424331,
        0.875756588046851,
        0.8892531944171358,
        0.8561663214598613,
        0.8203722251447545
    ],
    "fractional_applied_params": [
        0.0,
        0.0,
        0.0,
        2.0,
        2.0,
        2.0,
        2.0,
        2.0,
        2.0,
        2.0
    ],
    "epoch_time": [
        6.005075693130493,
        2.772456407546997,
        2.1683945655822754,
        2.560255289077759,
        1.5506906509399414,
        2.2603955268859863,
        2.373347759246826,
        2.6265084743499756,
        2.7649154663085938,
        2.4560203552246094
    ],
    "throughput_samples_per_sec": [
        1332.2063548926787,
        2885.5277861981635,
        3689.3654535846767,
        3124.6883988985787,
        5158.991572658834,
        3539.203606114514,
        3370.766028211042,
        3045.8687181581963,
        2893.3976815865212,
        3257.301993846211
    ],
    "lr": [
        0.0003,
        0.0003,
        0.0003,
        0.0003,
        0.0003,
        0.0003,
        0.0003,
        0.0003,
        0.0003,
        0.0003
    ]
}