{
    "train_loss": [
        2.280781991958618,
        2.1413562297821045,
        2.074932653427124,
        2.022792812347412,
        1.9717659339904785,
        1.934150936126709,
        1.9119650936126709,
        1.866639178276062,
        1.8316114864349364,
        1.7962924404144287
    ],
    "train_accuracy": [
        0.2045000046491623,
        0.25174999237060547,
        0.2639999985694885,
        0.2797499895095825,
        0.31299999356269836,
        0.3230000138282776,
        0.32249999046325684,
        0.34049999713897705,
        0.3580000102519989,
        0.36149999499320984
    ],
    "train_macro_precision": [
        0.10650806560672554,
        0.1547486355408221,
        0.2728058078561556,
        0.20576045905927565,
        0.23442823840102403,
        0.2539417866607815,
        0.2563964972616871,
        0.2764802580521221,
        0.3100931315781865,
        0.3033367539229814
    ],
    "train_macro_recall": [
        0.11241084956175458,
        0.14392526028751534,
        0.17157212703908215,
        0.18752931145208776,
        0.23093970500255886,
        0.2477152683040361,
        0.24929625029527477,
        0.2695190668793447,
        0.2922134367496363,
        0.29006174733859563
    ],
    "train_macro_f1": [
        0.08265536729335429,
        0.1082296037623316,
        0.14626034292723292,
        0.16565291366066207,
        0.2168300812079277,
        0.23086173618027042,
        0.23799540694380514,
        0.25908085405824,
        0.28892176637951617,
        0.2853646442758407
    ],
    "train_micro_f1": [
        0.20449999999949997,
        0.25174999999949993,
        0.26399999999949997,
        0.27974999999949995,
        0.31299999999949996,
        0.32299999999949996,
        0.32249999999949996,
        0.3404999999994999,
        0.35799999999949994,
        0.36149999999949994
    ],
    "train_weighted_f1": [
        0.12608716984875573,
        0.16151118669756898,
        0.20057377720293512,
        0.2196090357806151,
        0.26985750785049517,
        0.28267677531257107,
        0.2900563433115321,
        0.3091583821624377,
        0.3375442019729294,
        0.3357450947132744
    ],
    "train_confidence": [
        0.23880494022369383,
        0.2571370096206665,
        0.28009944152832034,
        0.28915856647491456,
        0.3047820138931274,
        0.33237624549865724,
        0.330459942817688,
        0.34449813365936277,
        0.360783579826355,
        0.3695425796508789
    ],
    "val_loss": [
        2.190864238739014,
        2.124579860687256,
        2.068499755859375,
        2.021079837799072,
        1.9984149112701417,
        1.98566019821167,
        1.9449352874755859,
        1.9154798049926758,
        1.9025485553741455,
        1.8811565380096436
    ],
    "val_accuracy": [
        0.22300000488758087,
        0.25200000405311584,
        0.26600000262260437,
        0.2750000059604645,
        0.29899999499320984,
        0.289000004529953,
        0.3140000104904175,
        0.33500000834465027,
        0.3240000009536743,
        0.32499998807907104
    ],
    "val_macro_precision": [
        0.15197246558187694,
        0.15669631757679334,
        0.1744390399241748,
        0.21310164569381512,
        0.33617406294374863,
        0.2954047584062066,
        0.3002833276649531,
        0.301450068099368,
        0.30510904210666,
        0.3051362063694262
    ],
    "val_macro_recall": [
        0.11872595589960051,
        0.15983689909798166,
        0.178147515593327,
        0.1928955539204522,
        0.23152760703927583,
        0.2253230651400689,
        0.24610422591442754,
        0.27641593193027986,
        0.2640916672972242,
        0.26696078723632344
    ],
    "val_macro_f1": [
        0.06306719630389378,
        0.1105037483033177,
        0.14058075506986523,
        0.16615406363587268,
        0.20329939201372493,
        0.20212063625223395,
        0.23352998070025208,
        0.26309763889899174,
        0.26005458572067697,
        0.2542350197281734
    ],
    "val_micro_f1": [
        0.2229999999994998,
        0.25199999999949974,
        0.26599999999949975,
        0.27499999999949976,
        0.2989999999994997,
        0.2889999999994997,
        0.3139999999994997,
        0.33499999999949964,
        0.3239999999994997,
        0.3249999999994997
    ],
    "val_weighted_f1": [
        0.10288506655983375,
        0.15806372681314937,
        0.1841114554061466,
        0.20704583183291628,
        0.24851446184030754,
        0.24696423067165627,
        0.28139562620294883,
        0.3085168171109245,
        0.3012923005423859,
        0.2990886912914998
    ],
    "val_confidence": [
        0.23405184364318848,
        0.30589530658721925,
        0.28239052295684813,
        0.30655435562133787,
        0.31478611946105955,
        0.31873006057739256,
        0.3251157093048096,
        0.3556492404937744,
        0.34457720947265624,
        0.3662589139938354
    ],
    "grad_norm": [
        1.6782252386445589,
        1.020266299882623,
        0.9927015210806184,
        0.9530041331359934,
        0.986888567207368,
        1.1734753470909296,
        1.2812160521645224,
        1.216444961399613,
        1.2277450980419085,
        1.232008863883691
    ],
    "fractional_applied_params": [
        2.0,
        2.0,
        2.0,
        2.0,
        2.0,
        2.0,
        2.0,
        2.0,
        2.0,
        2.0
    ],
    "epoch_time": [
        4.206757545471191,
        0.6091303825378418,
        0.8929696083068848,
        1.033837080001831,
        1.0467283725738525,
        1.0287718772888184,
        1.0465683937072754,
        1.0352039337158203,
        1.0288662910461426,
        0.967214822769165
    ],
    "throughput_samples_per_sec": [
        950.8510905997476,
        6566.738607479496,
        4479.435764431223,
        3869.08157714068,
        3821.4307596957565,
        3888.131167175205,
        3822.0149051422604,
        3863.972952307253,
        3887.7743734152605,
        4135.5859172504
    ],
    "lr": [
        0.0003,
        0.0003,
        0.0003,
        0.0003,
        0.0003,
        0.0003,
        0.0003,
        0.0003,
        0.0003,
        0.0003
    ]
}