{
    "train_loss": [
        2.20079119682312,
        2.1430485973358153,
        2.0824864683151243,
        2.029700082778931,
        2.0155050230026244,
        2.002488210678101,
        2.0036873302459717,
        1.990832242012024,
        1.9848470497131347,
        1.9781617631912232
    ],
    "train_accuracy": [
        0.2658750116825104,
        0.28224998712539673,
        0.2840000092983246,
        0.29237499833106995,
        0.29750001430511475,
        0.29862499237060547,
        0.29637500643730164,
        0.2971250116825104,
        0.30137500166893005,
        0.3005000054836273
    ],
    "train_macro_precision": [
        0.15060912052127823,
        0.14962365493139074,
        0.13710544007596245,
        0.15497193342977883,
        0.1626067739113041,
        0.1593966646139629,
        0.16120151538360922,
        0.15619479795581084,
        0.17474386990077467,
        0.1836607455885601
    ],
    "train_macro_recall": [
        0.09822462933940337,
        0.10298995018908566,
        0.12528363673187842,
        0.14697423284815775,
        0.1541316316080349,
        0.15595738976825027,
        0.1570935011424316,
        0.15633306642547545,
        0.1645313510513653,
        0.1647425057277058
    ],
    "train_macro_f1": [
        0.04887396667954972,
        0.05172539262962313,
        0.09575015848094562,
        0.1219232883081774,
        0.1331602429355232,
        0.1365504820310492,
        0.1387649187691521,
        0.13579150574651674,
        0.1453178420096802,
        0.1473459389568984
    ],
    "train_micro_f1": [
        0.2658749999995,
        0.28224999999949996,
        0.2839999999995,
        0.29237499999949995,
        0.2974999999995,
        0.2986249999995,
        0.29637499999949996,
        0.2971249999995,
        0.30137499999949996,
        0.3004999999995
    ],
    "train_weighted_f1": [
        0.12499110769486288,
        0.13173172872266872,
        0.18223601090983577,
        0.2094978355079845,
        0.22076363824663187,
        0.22367915273358485,
        0.22477647967896933,
        0.22325039835829505,
        0.23180854510841203,
        0.2330034695258507
    ],
    "train_confidence": [
        0.2807210292816162,
        0.28364647674560545,
        0.2956822752952576,
        0.30681528949737547,
        0.30695558643341064,
        0.3043903203010559,
        0.3102064418792725,
        0.30755943012237547,
        0.3108442978858948,
        0.31070565795898436
    ],
    "val_loss": [
        2.1480874462127684,
        2.0981696395874025,
        2.042464241027832,
        2.023126428604126,
        2.014123487472534,
        2.0200690126419065,
        2.0132137603759768,
        2.0021333560943604,
        2.006541205406189,
        2.005552264213562
    ],
    "val_accuracy": [
        0.28349998593330383,
        0.2849999964237213,
        0.28200000524520874,
        0.2865000069141388,
        0.2874999940395355,
        0.29249998927116394,
        0.28850001096725464,
        0.2904999852180481,
        0.2930000126361847,
        0.28999999165534973
    ],
    "val_macro_precision": [
        0.02836418209104551,
        0.13711454583543944,
        0.07005010384267898,
        0.13217572915961248,
        0.15451634729623098,
        0.09437288781762912,
        0.15644336367425773,
        0.18679497969626246,
        0.19602036278320595,
        0.18008315512902257
    ],
    "val_macro_recall": [
        0.09999999999999983,
        0.1053670799381889,
        0.1245201455011398,
        0.13835362695948308,
        0.14275388865714875,
        0.14646899653605938,
        0.15553698646177416,
        0.1539792103708835,
        0.15185988362700806,
        0.14995149345475628
    ],
    "val_macro_f1": [
        0.044193296960214956,
        0.057272301248713395,
        0.08353103174818816,
        0.1081917132105102,
        0.11075300056334736,
        0.10769433698918493,
        0.12793008510396336,
        0.12406281922887379,
        0.11998223598236502,
        0.12615181541952905
    ],
    "val_micro_f1": [
        0.2834999999994999,
        0.2849999999994999,
        0.2819999999994999,
        0.2864999999994999,
        0.2874999999994999,
        0.2924999999994999,
        0.2884999999994999,
        0.2904999999994999,
        0.2929999999994999,
        0.2899999999994999
    ],
    "val_weighted_f1": [
        0.1252879968822094,
        0.1401111143531716,
        0.17310933977010962,
        0.19746558531990582,
        0.19867124706656197,
        0.19993178135552556,
        0.2158497236933798,
        0.21554517496971126,
        0.2106139692616142,
        0.21403005028502123
    ],
    "val_confidence": [
        0.28175063514709475,
        0.2829034004211426,
        0.3225767650604248,
        0.2847589950561523,
        0.29206815910339357,
        0.3178575649261475,
        0.25917078971862795,
        0.29773912715911866,
        0.30796074867248535,
        0.3036999502182007
    ],
    "grad_norm": [
        1.1157001747539805,
        0.8162150358759116,
        0.867694629777603,
        0.8837182069181095,
        0.9170297020451729,
        0.8986492841721233,
        1.0268875021993138,
        0.9652878685910773,
        0.8884572437640692,
        0.9221580557905129
    ],
    "fractional_applied_params": [
        0.0,
        0.0,
        0.0,
        2.0,
        2.0,
        2.0,
        2.0,
        2.0,
        2.0,
        2.0
    ],
    "epoch_time": [
        5.461069107055664,
        1.3993849754333496,
        0.9915652275085449,
        0.9496283531188965,
        1.294464111328125,
        0.581249475479126,
        0.5972449779510498,
        0.5869557857513428,
        1.4755306243896484,
        1.3537166118621826
    ],
    "throughput_samples_per_sec": [
        1464.9146244393894,
        5716.79712190895,
        8068.052184626512,
        8424.348297652792,
        6180.163613645473,
        13763.45328037599,
        13394.838458826991,
        13629.646719913431,
        5421.7783540136215,
        5909.656371133055
    ],
    "lr": [
        0.0003,
        0.0003,
        0.0003,
        0.0003,
        0.0003,
        0.0003,
        0.0003,
        0.0003,
        0.0003,
        0.0003
    ]
}