{
    "train_loss": [
        2.1375669717788695,
        2.1063172435760498,
        2.059616174697876,
        1.9871978068351746,
        1.9710369801521301,
        1.9664378833770753,
        1.9586720561981201,
        1.9522540378570556,
        1.9502234196662902,
        1.9465254330635071
    ],
    "train_accuracy": [
        0.32374998927116394,
        0.33406248688697815,
        0.3316666781902313,
        0.3291666805744171,
        0.3306249976158142,
        0.32885417342185974,
        0.33000001311302185,
        0.32885417342185974,
        0.3311458230018616,
        0.3295833468437195
    ],
    "train_macro_precision": [
        0.19121005234863073,
        0.033420175072947055,
        0.08884019137251832,
        0.11867885083074718,
        0.13322107768386512,
        0.12233217443263016,
        0.12381337539005785,
        0.1262108600890462,
        0.1347354769725371,
        0.13138254951426082
    ],
    "train_macro_recall": [
        0.10023341437970949,
        0.09993767528825176,
        0.10344488424317874,
        0.11580962522568625,
        0.11980897358015019,
        0.11792605732231949,
        0.11566142948227882,
        0.11823560587468585,
        0.11875948294286795,
        0.11839492821754309
    ],
    "train_macro_f1": [
        0.05695504426637048,
        0.050089808668451294,
        0.061129821662283035,
        0.08774384824073103,
        0.09434969094465305,
        0.09249501524349224,
        0.08757580225126751,
        0.09258157769525244,
        0.09221349173097124,
        0.09189672670610304
    ],
    "train_micro_f1": [
        0.32374999999949994,
        0.33406249999949994,
        0.3316666666661666,
        0.3291666666661666,
        0.33062499999949996,
        0.3288541666661666,
        0.32999999999949997,
        0.3288541666661666,
        0.33114583333283326,
        0.3295833333328333
    ],
    "train_weighted_f1": [
        0.17064742314255518,
        0.1674356208511044,
        0.17926504835399182,
        0.20501993673988378,
        0.21236272286140856,
        0.21142299795785166,
        0.2070799100016495,
        0.21078909139566177,
        0.2100221806082044,
        0.20939046530913802
    ],
    "train_confidence": [
        0.33013480305671694,
        0.33396583755811055,
        0.34003098686536154,
        0.3368576713403066,
        0.33868655959765115,
        0.338949240843455,
        0.34022822459538776,
        0.3361405098438263,
        0.3393526538213094,
        0.33585444450378416
    ],
    "val_loss": [
        2.02176025390625,
        2.0190350341796877,
        1.9201199340820312,
        1.8894265127182006,
        1.8842537927627563,
        1.877566418647766,
        1.876941728591919,
        1.880415482521057,
        1.8718368005752564,
        1.8723186254501343
    ],
    "val_accuracy": [
        0.37583333253860474,
        0.37583333253860474,
        0.3695833384990692,
        0.37416666746139526,
        0.3695833384990692,
        0.3737500011920929,
        0.3712500035762787,
        0.3687500059604645,
        0.3683333396911621,
        0.3712500035762787
    ],
    "val_macro_precision": [
        0.037583333333333316,
        0.037583333333333316,
        0.07422944297082172,
        0.0446033783646106,
        0.052110639907740085,
        0.06330127867909498,
        0.06749958433696376,
        0.050758522993186596,
        0.07988710778370464,
        0.06502791541628786
    ],
    "val_macro_recall": [
        0.0999999999999999,
        0.0999999999999999,
        0.1128500661549197,
        0.10112313229116747,
        0.11161790830175147,
        0.10985578409767796,
        0.10804921774451363,
        0.11123429416112322,
        0.11241243639253225,
        0.10409288660249949
    ],
    "val_macro_f1": [
        0.054633555420917246,
        0.054633555420917246,
        0.07932054006595092,
        0.05825565802273207,
        0.06938174621722651,
        0.0687493048056055,
        0.07245020197135829,
        0.06960170208175709,
        0.08067524155890625,
        0.06614310144582654
    ],
    "val_micro_f1": [
        0.3758333333328332,
        0.3758333333328332,
        0.3695833333328332,
        0.37416666666616655,
        0.3695833333328332,
        0.37374999999949987,
        0.37124999999949987,
        0.36874999999949987,
        0.36833333333283325,
        0.37124999999949987
    ],
    "val_weighted_f1": [
        0.20533111245694732,
        0.20533111245694732,
        0.22700854080276234,
        0.21000016104597435,
        0.2219183750594525,
        0.21878454655315527,
        0.22435735911443133,
        0.22658947770546514,
        0.23178803603287207,
        0.21754639616761579
    ],
    "val_confidence": [
        0.3355992889404297,
        0.34468297004699705,
        0.3108937128384908,
        0.40340945243835447,
        0.36272082169850667,
        0.3493967533111572,
        0.34334469318389893,
        0.34789272626241047,
        0.3719416030248006,
        0.3536957867940267
    ],
    "grad_norm": [
        1.242110231359939,
        0.9906682170120158,
        0.9541301016224906,
        1.0984172954307934,
        0.9697497285839008,
        1.0124022087911486,
        0.9234545855353662,
        0.8941468365513568,
        0.9179002216115166,
        0.9137502883020779
    ],
    "fractional_applied_params": [
        0.0,
        0.0,
        0.0,
        2.0,
        2.0,
        2.0,
        2.0,
        2.0,
        2.0,
        2.0
    ],
    "epoch_time": [
        7.598877429962158,
        3.317721128463745,
        4.383362531661987,
        4.0529491901397705,
        4.577327251434326,
        4.604461431503296,
        4.5928003787994385,
        4.621936321258545,
        4.3414225578308105,
        3.4913880825042725
    ],
    "throughput_samples_per_sec": [
        1263.3444990371172,
        2893.552419954366,
        2190.099479716108,
        2368.6455343075577,
        2097.293785798644,
        2084.9343930470773,
        2090.2280108480236,
        2077.051549984561,
        2211.256764832547,
        2749.622721148259
    ],
    "lr": [
        0.0003,
        0.0003,
        0.0003,
        0.0003,
        0.0003,
        0.0003,
        0.0003,
        0.0003,
        0.0003,
        0.0003
    ]
}