{
    "train_loss": [
        2.115086796283722,
        2.0750035095214843,
        1.9818696904182433,
        1.9542988753318786,
        1.9452707529067994,
        1.9405201888084411,
        1.9420273303985596,
        1.9329656624794007,
        1.9317411923408507,
        1.9291225910186767
    ],
    "train_accuracy": [
        0.33635416626930237,
        0.34468749165534973,
        0.3412500023841858,
        0.3423958420753479,
        0.34156250953674316,
        0.33906251192092896,
        0.34291666746139526,
        0.3472916781902313,
        0.3421874940395355,
        0.3440625071525574
    ],
    "train_macro_precision": [
        0.06043130947263694,
        0.03446874999999999,
        0.16135593292310207,
        0.14303101674264015,
        0.1314200608986824,
        0.1337888885865865,
        0.1399791414923261,
        0.15503321608574233,
        0.1364622098370254,
        0.1406391073267882
    ],
    "train_macro_recall": [
        0.09938811699893017,
        0.09999999999999998,
        0.1157662520965983,
        0.12570535540575695,
        0.1222794472730097,
        0.1206358457282718,
        0.12181457962433569,
        0.12690412527439382,
        0.12348549181673185,
        0.12146941245619788
    ],
    "train_macro_f1": [
        0.054856127626109495,
        0.05126655821516056,
        0.08858729649964722,
        0.1048022847023711,
        0.0981114727417102,
        0.0982793082285824,
        0.09891520823115268,
        0.10628714205859029,
        0.09995177846991667,
        0.09800342569644593
    ],
    "train_micro_f1": [
        0.33635416666616663,
        0.34468749999949994,
        0.34124999999949995,
        0.3423958333328333,
        0.34156249999949995,
        0.33906249999949994,
        0.3429166666661666,
        0.3472916666661666,
        0.34218749999949993,
        0.34406249999949995
    ],
    "train_weighted_f1": [
        0.17807619316649478,
        0.17670941784788155,
        0.2128298113147903,
        0.22884114888667953,
        0.2245409175021112,
        0.22518178120745777,
        0.223434964367508,
        0.22991158339984197,
        0.224456195652181,
        0.22441099721916813
    ],
    "train_confidence": [
        0.3481187403202057,
        0.34330860257148743,
        0.35135374347368875,
        0.3510066556930542,
        0.35081485907236737,
        0.3491300165653229,
        0.3527664868036906,
        0.3502149458726247,
        0.34845296223958333,
        0.35280495166778564
    ],
    "val_loss": [
        2.080596513748169,
        2.059473714828491,
        1.9701122570037841,
        1.9597597217559815,
        1.9685075664520264,
        1.9754031944274901,
        1.9574747467041016,
        1.9580430698394775,
        1.9796242237091064,
        1.9628781127929686
    ],
    "val_accuracy": [
        0.33416667580604553,
        0.33416667580604553,
        0.3258333206176758,
        0.3270833194255829,
        0.33000001311302185,
        0.33416667580604553,
        0.33125001192092896,
        0.3270833194255829,
        0.3304166793823242,
        0.32749998569488525
    ],
    "val_macro_precision": [
        0.03341666666666666,
        0.03341666666666666,
        0.05237057477453192,
        0.08606285158134032,
        0.0638127815077123,
        0.06318942636706046,
        0.0763770325203245,
        0.0722905703548663,
        0.052723543442088495,
        0.08948040374703946
    ],
    "val_macro_recall": [
        0.09999999999999988,
        0.09999999999999988,
        0.11716869458244736,
        0.123192057706941,
        0.10964040198761729,
        0.11677876361771351,
        0.11288432053230216,
        0.11150539197793372,
        0.1032909665144865,
        0.11301908440300476
    ],
    "val_macro_f1": [
        0.05009369144281064,
        0.05009369144281064,
        0.06815155904546519,
        0.07711153178833659,
        0.06626202571386922,
        0.07159149946512947,
        0.0745975063959518,
        0.06975919621631334,
        0.060113668685324105,
        0.07303698772420276
    ],
    "val_micro_f1": [
        0.33416666666616657,
        0.33416666666616657,
        0.3258333333328332,
        0.32708333333283324,
        0.32999999999949986,
        0.33416666666616657,
        0.3312499999994999,
        0.32708333333283324,
        0.33041666666616654,
        0.3274999999994999
    ],
    "val_weighted_f1": [
        0.16739641890472556,
        0.16739641890472556,
        0.1896078551234008,
        0.19775625223564805,
        0.1825821553006628,
        0.18684614108568623,
        0.1927905960213205,
        0.1898684602941428,
        0.17860037593764758,
        0.19499348247101514
    ],
    "val_confidence": [
        0.3466663138071696,
        0.38976693789164224,
        0.33705583890279134,
        0.3282256062825521,
        0.3868860149383545,
        0.4021340497334798,
        0.3554389476776123,
        0.351492387453715,
        0.4135925992329915,
        0.37309935251871745
    ],
    "grad_norm": [
        1.4115366782723067,
        0.9263313690545923,
        1.0871472828857274,
        1.0220283333173703,
        1.0127906127241906,
        0.9888334287716725,
        1.018973975366039,
        0.9293362554068562,
        0.9478436341113665,
        0.9528314058552547
    ],
    "fractional_applied_params": [
        0.0,
        0.0,
        0.0,
        2.0,
        2.0,
        2.0,
        2.0,
        2.0,
        2.0,
        2.0
    ],
    "epoch_time": [
        5.777626276016235,
        2.90628719329834,
        2.9076805114746094,
        2.9056155681610107,
        2.8867647647857666,
        2.876122236251831,
        2.88704514503479,
        2.7818822860717773,
        1.9820094108581543,
        2.563424825668335
    ],
    "throughput_samples_per_sec": [
        1661.5820306431021,
        3303.1835333193544,
        3301.6006958520447,
        3303.947055210722,
        3325.5220921031428,
        3337.8275370210763,
        3325.1991284273167,
        3450.9008695532934,
        4843.569332924343,
        3744.9898681920945
    ],
    "lr": [
        0.0003,
        0.0003,
        0.0003,
        0.0003,
        0.0003,
        0.0003,
        0.0003,
        0.0003,
        0.0003,
        0.0003
    ]
}