{
    "train_loss": [
        2.953806474308807,
        2.7473476589586485,
        2.526293247607442
    ],
    "train_accuracy": [
        0.1061573177576065,
        0.24491800367832184,
        0.30570557713508606
    ],
    "train_macro_precision": [
        0.13499251970529955,
        0.21948341085042414,
        0.2945157407780389
    ],
    "train_macro_recall": [
        0.10183504973993315,
        0.23565843147661858,
        0.29352546610462943
    ],
    "train_macro_f1": [
        0.0798129041112275,
        0.19321353014380444,
        0.2393970378874834
    ],
    "train_micro_f1": [
        0.10615732102473813,
        0.2449180005887173,
        0.30570558774377965
    ],
    "train_weighted_f1": [
        0.08253649035991413,
        0.20049925592503895,
        0.24915400661098475
    ],
    "train_confidence": [
        0.06681746695723689,
        0.07902192526267295,
        0.10367471771648563
    ],
    "val_loss": [
        2.8492881703650816,
        2.6056336698860956,
        2.417678631479818
    ],
    "val_accuracy": [
        0.21220159530639648,
        0.26259946823120117,
        0.3085764944553375
    ],
    "val_macro_precision": [
        0.20081816480795162,
        0.25018164020156974,
        0.28431291825987254
    ],
    "val_macro_recall": [
        0.20129436547259139,
        0.24662088038280144,
        0.2892144057698238
    ],
    "val_macro_f1": [
        0.16313026134128156,
        0.19233392672856622,
        0.23565281532370172
    ],
    "val_micro_f1": [
        0.21220159151143617,
        0.26259946949552104,
        0.30857648098977386
    ],
    "val_weighted_f1": [
        0.1711869327254097,
        0.20301680392982235,
        0.24961129534294144
    ],
    "val_confidence": [
        0.06875540512415501,
        0.09440206258724897,
        0.1196462177365992
    ],
    "test_loss": [
        2.8555327997648265,
        2.6105442301617994,
        2.416862921453953
    ],
    "test_accuracy": [
        0.21043547987937927,
        0.2936803102493286,
        0.3359001576900482
    ],
    "test_macro_precision": [
        0.18858258103168785,
        0.28436359550329654,
        0.31805637747891874
    ],
    "test_macro_recall": [
        0.20247023963926303,
        0.2814909833415302,
        0.3217671336126705
    ],
    "test_macro_f1": [
        0.16090654473827512,
        0.2234321994371215,
        0.259644728800737
    ],
    "test_micro_f1": [
        0.21043547530486376,
        0.2936802973972695,
        0.33590015931973366
    ],
    "test_weighted_f1": [
        0.16684641264992506,
        0.23271240994704478,
        0.27039059439690183
    ],
    "test_confidence": [
        0.06847080417408692,
        0.09321341929889017,
        0.11831659721175977
    ],
    "grad_norm": [
        0.9968805880923208,
        0.9959055078785235,
        0.995377708056341
    ],
    "fractional_applied_params": [
        5.0,
        5.0,
        5.0
    ],
    "epoch_time": [
        31.117571115493774,
        12.58220386505127,
        14.628090381622314
    ],
    "throughput_samples_per_sec": [
        327.24276461699077,
        809.3176767135864,
        696.1264070936554
    ],
    "lr": [
        2e-05,
        2e-05,
        2e-05
    ]
}