{
    "train_loss": [
        2.2439130878448488,
        2.0995335807800295,
        2.0133584575653076,
        1.9687087078094483,
        1.9243370208740234,
        1.8957742404937745,
        1.8672959327697753,
        1.838407663345337,
        1.8180323925018311,
        1.8027371711730957
    ],
    "train_accuracy": [
        0.21199999749660492,
        0.26499998569488525,
        0.3022499978542328,
        0.3149999976158142,
        0.3305000066757202,
        0.33375000953674316,
        0.33425000309944153,
        0.3502500057220459,
        0.3479999899864197,
        0.35199999809265137
    ],
    "train_macro_precision": [
        0.1028486107444931,
        0.18022878950657892,
        0.23888729219914978,
        0.26070068580999034,
        0.272687617284136,
        0.27799635745449625,
        0.27410511164599893,
        0.30256383042047197,
        0.2906187975908066,
        0.2960831109199485
    ],
    "train_macro_recall": [
        0.11232461780048693,
        0.16695820846969017,
        0.22682258290112212,
        0.24356901657909832,
        0.2616812861565486,
        0.27263437309377575,
        0.26985184286135067,
        0.28844739637860434,
        0.2853803634826756,
        0.28670786428911244
    ],
    "train_macro_f1": [
        0.07936363847055197,
        0.1429302726133918,
        0.21754856613000265,
        0.2338537625053548,
        0.25258077249504934,
        0.26495420063969255,
        0.2599217931342477,
        0.2834623579886425,
        0.2772472173142454,
        0.28003887108384184
    ],
    "train_micro_f1": [
        0.21199999999949998,
        0.26499999999949997,
        0.3022499999994999,
        0.31499999999949996,
        0.3304999999994999,
        0.33374999999949995,
        0.33424999999949995,
        0.3502499999994999,
        0.34799999999949993,
        0.35199999999949994
    ],
    "train_weighted_f1": [
        0.12340140146470589,
        0.19209836938514235,
        0.2662618660449004,
        0.27781148183575916,
        0.2976531337413061,
        0.30765380526955494,
        0.3083914458700149,
        0.3275827197936789,
        0.320851921139923,
        0.3250327286779474
    ],
    "train_confidence": [
        0.23282354545593262,
        0.2631433525085449,
        0.31136485958099364,
        0.31992732906341553,
        0.32961463737487795,
        0.3305875768661499,
        0.3446750907897949,
        0.34456721687316894,
        0.3544268026351929,
        0.35717311668395996
    ],
    "val_loss": [
        2.1602451343536377,
        2.0219226989746093,
        2.03662894821167,
        1.955097207069397,
        1.9261069250106813,
        1.9000590219497682,
        1.8674648666381837,
        1.8657958698272705,
        1.842316710472107,
        1.842389983177185
    ],
    "val_accuracy": [
        0.23399999737739563,
        0.3050000071525574,
        0.29600000381469727,
        0.32899999618530273,
        0.3319999873638153,
        0.3449999988079071,
        0.3529999852180481,
        0.34599998593330383,
        0.3540000021457672,
        0.3440000116825104
    ],
    "val_macro_precision": [
        0.1258760187994263,
        0.21729456362232052,
        0.2979940737766635,
        0.30712741115131853,
        0.28976013039966897,
        0.3320960784036776,
        0.3197244313134094,
        0.3092663491435722,
        0.3019430211514979,
        0.2862310894754496
    ],
    "val_macro_recall": [
        0.11853825118817223,
        0.2229839307736589,
        0.21293401254105312,
        0.2685710511104633,
        0.2754399169073557,
        0.29094753030549214,
        0.2925121748523223,
        0.2863339567368298,
        0.2946067828011075,
        0.27725761530056436
    ],
    "val_macro_f1": [
        0.06130619800301481,
        0.19571774291131736,
        0.18990915020735394,
        0.23741611403404955,
        0.24757305003789742,
        0.27295963217087305,
        0.28582601272215363,
        0.27257615973552124,
        0.2887508206137218,
        0.2636306391779638
    ],
    "val_micro_f1": [
        0.23399999999949977,
        0.30499999999949967,
        0.2959999999994997,
        0.3289999999994997,
        0.3319999999994997,
        0.34499999999949965,
        0.35299999999949966,
        0.34599999999949965,
        0.3539999999994997,
        0.34399999999949965
    ],
    "val_weighted_f1": [
        0.1082538683873071,
        0.24368785026135548,
        0.2270372195557211,
        0.2851908094729483,
        0.28497377412411345,
        0.31591678301837356,
        0.3298857768855143,
        0.31037598118581217,
        0.33215223483201534,
        0.3088133132582271
    ],
    "val_confidence": [
        0.2613807544708252,
        0.2931638011932373,
        0.3992904405593872,
        0.31547248458862304,
        0.36521406364440917,
        0.34905363941192624,
        0.33738950252532957,
        0.37480811595916746,
        0.34710012245178223,
        0.3729647846221924
    ],
    "grad_norm": [
        1.117870394309514,
        0.9219428702217269,
        1.077673350305685,
        1.0297221809722874,
        0.9193156808677088,
        0.8591050203430134,
        0.8714758112525812,
        0.8924020256914169,
        0.8859533097129332,
        0.9633860263796743
    ],
    "fractional_applied_params": [
        42.0,
        42.0,
        42.0,
        42.0,
        42.0,
        42.0,
        42.0,
        42.0,
        42.0,
        42.0
    ],
    "epoch_time": [
        4.040460824966431,
        1.0816612243652344,
        1.091360092163086,
        1.0976810455322266,
        1.0900826454162598,
        1.0849273204803467,
        1.0867934226989746,
        0.884347677230835,
        0.5553514957427979,
        0.41417670249938965
    ],
    "throughput_samples_per_sec": [
        989.9860865581423,
        3698.0155245440856,
        3665.1514277674955,
        3644.045796618946,
        3669.4465477638687,
        3686.8829132526757,
        3680.552270979229,
        4523.10793931775,
        7202.645586917688,
        9657.713666320704
    ],
    "lr": [
        0.0003,
        0.0003,
        0.0003,
        0.0003,
        0.0003,
        0.0003,
        0.0003,
        0.0003,
        0.0003,
        0.0003
    ]
}