{
    "train_loss": [
        2.1887819805145265,
        2.0784100341796874,
        2.030484782218933,
        2.0054919567108156,
        1.9913686246871949,
        1.9774707651138306,
        1.96690851688385,
        1.9522612552642822,
        1.9474385261535645,
        1.9253111391067506
    ],
    "train_accuracy": [
        0.2772499918937683,
        0.29074999690055847,
        0.2916249930858612,
        0.2971250116825104,
        0.2983750104904175,
        0.30000001192092896,
        0.304749995470047,
        0.3062500059604645,
        0.3075000047683716,
        0.3177500069141388
    ],
    "train_macro_precision": [
        0.06472137997303545,
        0.1309754268576731,
        0.14680582430458342,
        0.15222619839613385,
        0.16328688107840805,
        0.16707128040843205,
        0.17986838492877133,
        0.17481989493437483,
        0.18843743549887032,
        0.20572694911222883
    ],
    "train_macro_recall": [
        0.09971898097017408,
        0.12639989153628953,
        0.14267452244882572,
        0.14820788869811208,
        0.1550143282494969,
        0.1587573517772011,
        0.16536366770659575,
        0.16807593693113193,
        0.1752230985718108,
        0.18511528559512294
    ],
    "train_macro_f1": [
        0.05111450292533211,
        0.09711253141119151,
        0.12358883040494409,
        0.128458222764451,
        0.1399911849191245,
        0.14318118664508728,
        0.1516340131548576,
        0.15297209642478315,
        0.16403745337220765,
        0.1775900522023276
    ],
    "train_micro_f1": [
        0.27724999999949995,
        0.29074999999949996,
        0.2916249999995,
        0.2971249999995,
        0.29837499999949996,
        0.2999999999995,
        0.3047499999995,
        0.3062499999995,
        0.30749999999949995,
        0.3177499999995
    ],
    "train_weighted_f1": [
        0.13294567766294324,
        0.18315673292938733,
        0.21402135334511577,
        0.21988140999420241,
        0.22877790877383758,
        0.2332444383914449,
        0.24150256236216835,
        0.24316199318454726,
        0.25436306276307935,
        0.2640110056538724
    ],
    "train_confidence": [
        0.2922656049728394,
        0.2993415756225586,
        0.31259359741210935,
        0.3113220853805542,
        0.3177424383163452,
        0.3163698902130127,
        0.31826684999465943,
        0.3224162425994873,
        0.3241887950897217,
        0.3264558668136597
    ],
    "val_loss": [
        2.153917978286743,
        2.0449707565307618,
        2.063982063293457,
        2.0324815330505372,
        2.0295025844573975,
        2.036280212402344,
        2.012041887283325,
        2.033154451370239,
        2.037200295448303,
        2.0286564731597903
    ],
    "val_accuracy": [
        0.26600000262260437,
        0.2745000123977661,
        0.2705000042915344,
        0.2824999988079071,
        0.27900001406669617,
        0.27000001072883606,
        0.2680000066757202,
        0.26600000262260437,
        0.28349998593330383,
        0.27799999713897705
    ],
    "val_macro_precision": [
        0.031831733198584886,
        0.10020747543932333,
        0.06961303302816128,
        0.1074389039012598,
        0.11200408652658853,
        0.1212466791464353,
        0.11996174547620145,
        0.1444534767083252,
        0.1370904627820307,
        0.1775060539529238
    ],
    "val_macro_recall": [
        0.10053191489361683,
        0.13474287347258057,
        0.12228818320012788,
        0.13611503742940695,
        0.136712395383205,
        0.13050907153932384,
        0.13867795337410166,
        0.1420087405484717,
        0.15805248754046677,
        0.15932591031083487
    ],
    "val_macro_f1": [
        0.043272295433599235,
        0.09637476474936116,
        0.07865118745585234,
        0.09496369774783738,
        0.10166790318397398,
        0.09490178969615112,
        0.1119379828300134,
        0.10837142471157213,
        0.12365790146036845,
        0.12767914979331146
    ],
    "val_micro_f1": [
        0.2659999999994999,
        0.27449999999949987,
        0.27049999999949986,
        0.2824999999994999,
        0.27899999999949987,
        0.26999999999949986,
        0.2679999999994999,
        0.2659999999994999,
        0.2834999999994999,
        0.27799999999949987
    ],
    "val_weighted_f1": [
        0.11323890591469733,
        0.17037369335531255,
        0.1593087988749503,
        0.1723058558945612,
        0.17406295845658698,
        0.17146056756974623,
        0.18725797022021407,
        0.19059305523348488,
        0.2070535552919571,
        0.21017791871158142
    ],
    "val_confidence": [
        0.2543705177307129,
        0.31551442337036134,
        0.3514509506225586,
        0.3337160711288452,
        0.3511296463012695,
        0.3313818130493164,
        0.2993300037384033,
        0.3192094192504883,
        0.309826566696167,
        0.3040365419387817
    ],
    "grad_norm": [
        1.6501885905020774,
        1.3943470023755715,
        1.4268801541584528,
        1.3000517983708706,
        1.2087650883329526,
        1.1578174703950725,
        1.1947225266376553,
        1.2463770533326524,
        1.4043120841746028,
        1.33808940481029
    ],
    "fractional_applied_params": [
        2.0,
        2.0,
        2.0,
        2.0,
        2.0,
        2.0,
        2.0,
        2.0,
        2.0,
        2.0
    ],
    "epoch_time": [
        6.028712749481201,
        2.3562474250793457,
        3.321317195892334,
        2.624718189239502,
        3.181757688522339,
        2.7740044593811035,
        3.33201265335083,
        3.323740243911743,
        3.3356497287750244,
        3.3302056789398193
    ],
    "throughput_samples_per_sec": [
        1326.9831110610533,
        3395.2291745127754,
        2408.6829195037635,
        3047.9462644018013,
        2514.333517243839,
        2883.9174980219195,
        2400.951266482983,
        2406.9269596665954,
        2398.333353465713,
        2402.254026107728
    ],
    "lr": [
        0.0003,
        0.0003,
        0.0003,
        0.0003,
        0.0003,
        0.0003,
        0.0003,
        0.0003,
        0.0003,
        0.0003
    ]
}