{
    "train_loss": [
        2.1744679279327395,
        2.070788197517395,
        2.0368333978652955,
        2.0208460206985475,
        2.010829038619995,
        1.9952240896224975,
        1.9884760904312133,
        1.9735254821777344,
        1.9717748279571534,
        1.957791256904602
    ],
    "train_accuracy": [
        0.2809999883174896,
        0.28824999928474426,
        0.2943750023841858,
        0.2933749854564667,
        0.2943750023841858,
        0.2938750088214874,
        0.2997500002384186,
        0.30250000953674316,
        0.3011249899864197,
        0.31062498688697815
    ],
    "train_macro_precision": [
        0.05938437013417434,
        0.13815842816374005,
        0.15354947949054226,
        0.13946744660491572,
        0.15943997762247009,
        0.15079410689557363,
        0.1703435928584996,
        0.17342410574953265,
        0.1715319417471505,
        0.19553789640817104
    ],
    "train_macro_recall": [
        0.10006194934396213,
        0.12488309937528233,
        0.13934630101044462,
        0.14028484575819206,
        0.14700043950260538,
        0.14665923600528114,
        0.16014841116605175,
        0.16009877749445217,
        0.16357536159045322,
        0.17590621596566677
    ],
    "train_macro_f1": [
        0.04774379626206881,
        0.0929729183425155,
        0.11339009076239685,
        0.11750551065923054,
        0.12464331972453846,
        0.12384035003311569,
        0.1414932085037853,
        0.13926744291809323,
        0.14466224503292102,
        0.1616632851551302
    ],
    "train_micro_f1": [
        0.2809999999995,
        0.28824999999949996,
        0.29437499999949995,
        0.29337499999949995,
        0.29437499999949995,
        0.29387499999949995,
        0.29974999999949997,
        0.3024999999995,
        0.3011249999995,
        0.3106249999995
    ],
    "train_weighted_f1": [
        0.12921574384354123,
        0.17929685587683528,
        0.2033978055790699,
        0.20932101199082506,
        0.2143261780257573,
        0.21494108987257085,
        0.2300984439398155,
        0.22688276588743025,
        0.23551871228241575,
        0.24842220801253492
    ],
    "train_confidence": [
        0.28695757627487184,
        0.2961529450416565,
        0.30381777143478395,
        0.30515680170059206,
        0.30899450969696046,
        0.31243296670913695,
        0.3110754647254944,
        0.3126116590499878,
        0.3112782011032105,
        0.31640061616897586
    ],
    "val_loss": [
        2.116847667694092,
        2.05124765586853,
        2.0488328380584715,
        2.048254175186157,
        2.034531162261963,
        2.028142738342285,
        2.022606809616089,
        2.014020088195801,
        2.028105194091797,
        2.039637491226196
    ],
    "val_accuracy": [
        0.27000001072883606,
        0.2770000100135803,
        0.2759999930858612,
        0.2750000059604645,
        0.27799999713897705,
        0.27149999141693115,
        0.27950000762939453,
        0.27549999952316284,
        0.2784999907016754,
        0.2685000002384186
    ],
    "val_macro_precision": [
        0.026999999999999986,
        0.11042050713426137,
        0.10281018985424717,
        0.11927319405163864,
        0.2197332394839253,
        0.12512402199255152,
        0.1445036116608262,
        0.1525906697779299,
        0.1076818719624926,
        0.12337244448796891
    ],
    "val_macro_recall": [
        0.09999999999999981,
        0.1309541013612276,
        0.12048053251612083,
        0.13994471217701696,
        0.1444495981362487,
        0.15076455448769585,
        0.1549328149272011,
        0.1440678524764745,
        0.1487503120419384,
        0.14233061938208286
    ],
    "val_macro_f1": [
        0.042519685039336556,
        0.08177047862837648,
        0.07815993761496481,
        0.08641748674516431,
        0.11070931687853232,
        0.11339282531378347,
        0.1156108657940494,
        0.11436539963640584,
        0.11795530036319517,
        0.1077188730063535
    ],
    "val_micro_f1": [
        0.26999999999949986,
        0.27699999999949987,
        0.27599999999949987,
        0.27499999999949987,
        0.27799999999949987,
        0.27149999999949986,
        0.27949999999949987,
        0.27549999999949987,
        0.27849999999949987,
        0.2684999999994999
    ],
    "val_weighted_f1": [
        0.1148031496062087,
        0.16643032164784372,
        0.15395002261871604,
        0.1722292457512739,
        0.18639666190961598,
        0.19219715981285626,
        0.19449960405551212,
        0.19702537480971694,
        0.20170841838330342,
        0.1914403610451913
    ],
    "val_confidence": [
        0.3131483306884766,
        0.27171332740783694,
        0.33117615795135497,
        0.33372074317932127,
        0.3217599773406982,
        0.29209002876281737,
        0.296173038482666,
        0.30279634666442873,
        0.3360023488998413,
        0.3220277614593506
    ],
    "grad_norm": [
        1.183167840044276,
        0.9448689483341468,
        1.087818549039593,
        1.0413585116236501,
        1.0474695057761703,
        0.9740194987557671,
        1.1212359321111207,
        0.9754356343120627,
        1.0738973258831137,
        1.0914483965551565
    ],
    "fractional_applied_params": [
        2.0,
        2.0,
        2.0,
        2.0,
        2.0,
        2.0,
        2.0,
        2.0,
        2.0,
        2.0
    ],
    "epoch_time": [
        6.347142934799194,
        2.686000108718872,
        2.3648955821990967,
        2.198519706726074,
        2.540665626525879,
        2.2850961685180664,
        2.715791702270508,
        2.622626304626465,
        2.0924761295318604,
        2.6776785850524902
    ],
    "throughput_samples_per_sec": [
        1260.4096177098456,
        2978.406431940064,
        3382.81320334696,
        3638.8120495463745,
        3148.7811369098763,
        3500.9467479822392,
        2945.734016828937,
        3050.37739684359,
        3823.2216306284945,
        2987.6625389836236
    ],
    "lr": [
        0.0003,
        0.0003,
        0.0003,
        0.0003,
        0.0003,
        0.0003,
        0.0003,
        0.0003,
        0.0003,
        0.0003
    ]
}