{
    "train_loss": [
        2.223399663925171,
        2.040237922668457,
        1.9613076782226562,
        1.915700553894043,
        1.88992781829834,
        1.8525225648880004,
        1.824095603942871,
        1.7831083841323851,
        1.7475007276535035,
        1.716248062133789
    ],
    "train_accuracy": [
        0.2317499965429306,
        0.28600001335144043,
        0.320499986410141,
        0.32899999618530273,
        0.3375000059604645,
        0.3467499911785126,
        0.3529999852180481,
        0.3647499978542328,
        0.3720000088214874,
        0.3815000057220459
    ],
    "train_macro_precision": [
        0.13521609173870794,
        0.22059154602629683,
        0.26356238517627173,
        0.2732313659601359,
        0.2705730020128953,
        0.287661800241212,
        0.2972476160996045,
        0.31077923393344997,
        0.32348078368286903,
        0.3352165528242338
    ],
    "train_macro_recall": [
        0.13172582049830944,
        0.1956450425730578,
        0.24999618149491026,
        0.2582791886595143,
        0.27101233358386523,
        0.283273633001382,
        0.2880597597780892,
        0.30028179472428806,
        0.30481713703796565,
        0.3216012424871824
    ],
    "train_macro_f1": [
        0.09972982794203829,
        0.18220248801463831,
        0.24063753208924998,
        0.25226226561393605,
        0.26136483345130246,
        0.2776903171181475,
        0.28198240329429913,
        0.2947341470659539,
        0.3027549124913608,
        0.3161243433552545
    ],
    "train_micro_f1": [
        0.23174999999949997,
        0.28599999999949993,
        0.32049999999949996,
        0.3289999999994999,
        0.3374999999994999,
        0.34674999999949996,
        0.35299999999949994,
        0.3647499999994999,
        0.37199999999949995,
        0.3814999999994999
    ],
    "train_weighted_f1": [
        0.14798197372162009,
        0.23296946360299164,
        0.2866485580790083,
        0.2984312030379152,
        0.3084920467841029,
        0.3231833309657277,
        0.3283424254355392,
        0.33908250609259827,
        0.3503828395138959,
        0.3606304540917547
    ],
    "train_confidence": [
        0.24279869174957275,
        0.28758663082122804,
        0.3205554141998291,
        0.3344700107574463,
        0.35038113021850587,
        0.34859182834625246,
        0.3654472379684448,
        0.36822077178955076,
        0.37774011611938474,
        0.39114299297332766
    ],
    "val_loss": [
        2.115441417694092,
        1.9951451892852783,
        1.9614753913879395,
        1.9663921604156493,
        1.9249992389678956,
        1.8874801082611083,
        1.8936865901947022,
        1.8594086990356444,
        1.8504231014251709,
        1.8692610168457031
    ],
    "val_accuracy": [
        0.25200000405311584,
        0.296999990940094,
        0.30799999833106995,
        0.2980000078678131,
        0.31299999356269836,
        0.32899999618530273,
        0.3009999990463257,
        0.3230000138282776,
        0.33799999952316284,
        0.3269999921321869
    ],
    "val_macro_precision": [
        0.13632357973483045,
        0.25183606808841574,
        0.29072957327122995,
        0.2602712992825978,
        0.28794024791755585,
        0.2828262219606545,
        0.2616951582622213,
        0.2921949932054393,
        0.30240872800284835,
        0.27923858605279234
    ],
    "val_macro_recall": [
        0.15401522276522164,
        0.22691527648125803,
        0.2457192127641267,
        0.2338984794291558,
        0.24876337032690063,
        0.2714334472249184,
        0.2521125574734549,
        0.2641802935344989,
        0.28668991766176977,
        0.2639704702539277
    ],
    "val_macro_f1": [
        0.10848162419172976,
        0.2145512713318793,
        0.23022587717513607,
        0.22040989407094985,
        0.23624445881350273,
        0.2601980739635652,
        0.24682745214022983,
        0.2582290282801027,
        0.27743796736769044,
        0.2571723171016723
    ],
    "val_micro_f1": [
        0.25199999999949974,
        0.2969999999994997,
        0.3079999999994997,
        0.2979999999994997,
        0.3129999999994997,
        0.3289999999994997,
        0.3009999999994997,
        0.3229999999994997,
        0.33799999999949965,
        0.3269999999994997
    ],
    "val_weighted_f1": [
        0.159396398027019,
        0.25264076980944306,
        0.27377386054104624,
        0.2656926281262569,
        0.2788073407916548,
        0.2989949187047194,
        0.28778496697642786,
        0.2992509012346263,
        0.31698190869580056,
        0.29771875903052153
    ],
    "val_confidence": [
        0.2439567575454712,
        0.3168109645843506,
        0.3153904323577881,
        0.3562366218566895,
        0.35687707901000976,
        0.37277146530151367,
        0.3460063905715942,
        0.36870502281188966,
        0.37217912673950193,
        0.41096388626098634
    ],
    "grad_norm": [
        1.9814144839745818,
        1.483935927546634,
        1.5952242010053477,
        1.2033698108479967,
        1.3106307587743573,
        1.2691175823427823,
        1.297751772470815,
        1.0982686291374355,
        1.1326847892492793,
        1.2175714003571794
    ],
    "fractional_applied_params": [
        0.0,
        0.0,
        0.0,
        42.0,
        42.0,
        42.0,
        42.0,
        42.0,
        42.0,
        42.0
    ],
    "epoch_time": [
        4.793493032455444,
        0.9312038421630859,
        0.9299452304840088,
        1.179117202758789,
        0.9435009956359863,
        0.6304693222045898,
        0.6195449829101562,
        0.6768412590026855,
        0.6423373222351074,
        1.017094373703003
    ],
    "throughput_samples_per_sec": [
        834.4645486948833,
        4295.514922606453,
        4301.328582456538,
        3392.3684521277196,
        4239.529177500992,
        6344.479991529205,
        6456.3512099008685,
        5909.805211777329,
        6227.25764413223,
        3932.7717303527447
    ],
    "lr": [
        0.0003,
        0.0003,
        0.0003,
        0.0003,
        0.0003,
        0.0003,
        0.0003,
        0.0003,
        0.0003,
        0.0003
    ]
}