{
    "train_loss": [
        2.211840461730957,
        2.1183185443878174,
        2.0342255506515503,
        2.0102852592468263,
        2.0035061550140383,
        1.992590181350708,
        1.9926969223022462,
        1.9781491298675538,
        1.969918731689453,
        1.9661782426834107
    ],
    "train_accuracy": [
        0.2681249976158142,
        0.2852500081062317,
        0.2865000069141388,
        0.2938750088214874,
        0.2953749895095825,
        0.2903749942779541,
        0.29487499594688416,
        0.2980000078678131,
        0.2966249883174896,
        0.30287501215934753
    ],
    "train_macro_precision": [
        0.09302552908862297,
        0.11749262062697725,
        0.14837791385366664,
        0.15621805920317006,
        0.1566255417886705,
        0.14820883945380398,
        0.17052286727830251,
        0.15975411348657426,
        0.1599678472564801,
        0.1771491011256453
    ],
    "train_macro_recall": [
        0.10107780787305562,
        0.10865299348456478,
        0.14031721625673876,
        0.15369967420599234,
        0.15356678517510394,
        0.1502894546023284,
        0.15807875309613956,
        0.15801352242990072,
        0.16279833444663855,
        0.17015783214710425
    ],
    "train_macro_f1": [
        0.05807507219983995,
        0.06440411966634915,
        0.11953954205032302,
        0.13273320762683544,
        0.13275635354651988,
        0.12883383384455588,
        0.1381228117988505,
        0.13831765521425715,
        0.14375300242675676,
        0.15298614581234413
    ],
    "train_micro_f1": [
        0.26812499999949996,
        0.28524999999949996,
        0.2864999999995,
        0.29387499999949995,
        0.29537499999949995,
        0.2903749999995,
        0.29487499999949995,
        0.2979999999995,
        0.2966249999995,
        0.30287499999949996
    ],
    "train_weighted_f1": [
        0.13483792391435548,
        0.1460968734563634,
        0.2074630949657268,
        0.2218797178341359,
        0.2204193679177754,
        0.21684600592141584,
        0.2248141358095565,
        0.22722347345075583,
        0.23180064501316403,
        0.23949335325697735
    ],
    "train_confidence": [
        0.28638621377944945,
        0.2877707996368408,
        0.30481373834609987,
        0.31098264980316165,
        0.31021225023269655,
        0.30758283638954165,
        0.3107575817108154,
        0.3068666548728943,
        0.3104325528144836,
        0.31160348749160766
    ],
    "val_loss": [
        2.1402985763549807,
        2.0543906345367433,
        2.011741191864014,
        2.012526964187622,
        2.002549913406372,
        2.000693744659424,
        2.0005067958831786,
        1.9955996952056885,
        1.9932233467102052,
        1.994988540649414
    ],
    "val_accuracy": [
        0.2809999883174896,
        0.28349998593330383,
        0.29100000858306885,
        0.28949999809265137,
        0.29600000381469727,
        0.289000004529953,
        0.2930000126361847,
        0.2944999933242798,
        0.29600000381469727,
        0.296999990940094
    ],
    "val_macro_precision": [
        0.028099999999999986,
        0.12055588289677528,
        0.1539553623777015,
        0.10523153540714796,
        0.151508297870662,
        0.11185948199026743,
        0.16150407953716764,
        0.130308576012841,
        0.1672148210210223,
        0.1954616709570292
    ],
    "val_macro_recall": [
        0.09999999999999983,
        0.13432031057082008,
        0.14926978101758762,
        0.14517749704994276,
        0.1523660520121209,
        0.14747221497962942,
        0.14681547661587252,
        0.1631095672908689,
        0.17060411335473552,
        0.1701822160621127
    ],
    "val_macro_f1": [
        0.043871975019481715,
        0.10769151275559588,
        0.11822785663640348,
        0.10439936081812684,
        0.12036276039072527,
        0.11038156911516714,
        0.11552298633632478,
        0.12518359089455927,
        0.13284712452009997,
        0.13707598658619458
    ],
    "val_micro_f1": [
        0.28099999999949987,
        0.2834999999994999,
        0.2909999999994999,
        0.2894999999994999,
        0.2959999999994999,
        0.2889999999994999,
        0.2929999999994999,
        0.2944999999994999,
        0.2959999999994999,
        0.2969999999994999
    ],
    "val_weighted_f1": [
        0.12328024980474363,
        0.19835481561001203,
        0.2105044439564708,
        0.18691712281776915,
        0.20346951410569586,
        0.20877871628002392,
        0.19831419518489182,
        0.2156207654018182,
        0.22489558210228228,
        0.2301948331726126
    ],
    "val_confidence": [
        0.29116084003448484,
        0.26501204395294187,
        0.30021493148803713,
        0.303232666015625,
        0.3232186622619629,
        0.2778252401351929,
        0.3245651445388794,
        0.2990897846221924,
        0.2954260320663452,
        0.2785629539489746
    ],
    "grad_norm": [
        1.5509581196558728,
        1.0115459918535135,
        1.0052325282595735,
        1.0758460137759263,
        1.0988531415151186,
        1.037971640870725,
        1.180456530934921,
        1.0311541553508645,
        1.042717367124779,
        1.0174558712121036
    ],
    "fractional_applied_params": [
        0.0,
        0.0,
        0.0,
        2.0,
        2.0,
        2.0,
        2.0,
        2.0,
        2.0,
        2.0
    ],
    "epoch_time": [
        6.315762042999268,
        2.699414014816284,
        2.7437140941619873,
        2.748671293258667,
        2.729966402053833,
        2.2940785884857178,
        2.3370511531829834,
        1.1440529823303223,
        0.6561543941497803,
        0.6497166156768799
    ],
    "throughput_samples_per_sec": [
        1266.6721680668184,
        2963.6061589998308,
        2915.755696638443,
        2910.4971626184006,
        2930.438995139782,
        3487.238859275812,
        3423.1172001110353,
        6992.683139293772,
        12192.25242005137,
        12313.060505102732
    ],
    "lr": [
        0.0003,
        0.0003,
        0.0003,
        0.0003,
        0.0003,
        0.0003,
        0.0003,
        0.0003,
        0.0003,
        0.0003
    ]
}