{
    "train_loss": [
        0.46860308089079683,
        0.2790709292800338,
        0.24399785236076071
    ],
    "train_accuracy": [
        0.864814817905426,
        0.9089722037315369,
        0.9193888902664185
    ],
    "train_macro_precision": [
        0.8646553365231637,
        0.9091657534475299,
        0.919628105099974
    ],
    "train_macro_recall": [
        0.8647448042209709,
        0.9089224730518791,
        0.9193439207990067
    ],
    "train_macro_f1": [
        0.8643181519633004,
        0.9088293262397631,
        0.919270642306197
    ],
    "train_micro_f1": [
        0.8648148148143148,
        0.9089722222217221,
        0.9193888888883889
    ],
    "train_weighted_f1": [
        0.8643765029718783,
        0.90887327247902,
        0.919310269599966
    ],
    "train_confidence": [
        0.766594550565437,
        0.911724266299495,
        0.9273214702959414
    ],
    "val_loss": [
        0.2963261744181315,
        0.2645639820098877,
        0.25546573479970297
    ],
    "val_accuracy": [
        0.9041666388511658,
        0.9155833125114441,
        0.918666660785675
    ],
    "val_macro_precision": [
        0.9044258884911737,
        0.9169218323269199,
        0.919206820353377
    ],
    "val_macro_recall": [
        0.904614031181344,
        0.9160175533931811,
        0.9191355766449456
    ],
    "val_macro_f1": [
        0.9044160382244788,
        0.915874738702066,
        0.9187165051627738
    ],
    "val_micro_f1": [
        0.9041666666661665,
        0.9155833333328331,
        0.9186666666661665
    ],
    "val_weighted_f1": [
        0.904015778300611,
        0.9155096715747709,
        0.9183769451503226
    ],
    "val_confidence": [
        0.9048776324590048,
        0.923541006565094,
        0.9378749996821085
    ],
    "test_loss": [
        0.29720246565969366,
        0.2648861252634149,
        0.25809843063354493
    ],
    "test_accuracy": [
        0.9090789556503296,
        0.913947343826294,
        0.9193421006202698
    ],
    "test_macro_precision": [
        0.9090218012118767,
        0.9146760040622368,
        0.9193247933236017
    ],
    "test_macro_recall": [
        0.9090789473684207,
        0.9139473684210522,
        0.9193421052631574
    ],
    "test_macro_f1": [
        0.9089688855165617,
        0.9138760156703494,
        0.9190589382414959
    ],
    "test_micro_f1": [
        0.9090789473679209,
        0.9139473684205525,
        0.9193421052626578
    ],
    "test_weighted_f1": [
        0.9089688855165616,
        0.9138760156703495,
        0.9190589382414959
    ],
    "test_confidence": [
        0.9057628187380339,
        0.924897313117981,
        0.9397065795095343
    ],
    "grad_norm": [
        NaN,
        NaN,
        NaN
    ],
    "fractional_applied_params": [
        0.0,
        0.0,
        0.0
    ],
    "epoch_time": [
        172.7423756122589,
        163.3361575603485,
        170.0440583229065
    ],
    "throughput_samples_per_sec": [
        625.2084910677564,
        661.2130566380979,
        635.1295132871538
    ],
    "lr": [
        2e-05,
        2e-05,
        2e-05
    ]
}