{
    "train_loss": [
        2.2479672508239745,
        2.1001724834442137,
        2.0154876365661623,
        1.9553298721313477,
        1.9201171169281006,
        1.8859716701507567,
        1.8650233716964721,
        1.8364396829605103,
        1.8270938472747802,
        1.8046611204147338
    ],
    "train_accuracy": [
        0.20925000309944153,
        0.27000001072883606,
        0.2932499945163727,
        0.31174999475479126,
        0.3215000033378601,
        0.33924999833106995,
        0.33550000190734863,
        0.34450000524520874,
        0.3412500023841858,
        0.35975000262260437
    ],
    "train_macro_precision": [
        0.10683897455611568,
        0.17920163902284808,
        0.21183624797455924,
        0.22837404342718964,
        0.2525830657562122,
        0.28026841409023423,
        0.2810066336823008,
        0.289782601375226,
        0.28169250889896885,
        0.3068826027994595
    ],
    "train_macro_recall": [
        0.10988886253280628,
        0.17762965404406658,
        0.21131363620810495,
        0.23619399084738327,
        0.252132766166358,
        0.2774624418999827,
        0.2693676377530504,
        0.27650473631845157,
        0.272649259238365,
        0.2959338593396815
    ],
    "train_macro_f1": [
        0.07721259463135628,
        0.1495740148966011,
        0.19500048532907027,
        0.22072796139267398,
        0.2433101927071129,
        0.2701841827593729,
        0.26526597066763624,
        0.2726166675777001,
        0.2651840650283656,
        0.2943048721499305
    ],
    "train_micro_f1": [
        0.20924999999949997,
        0.2699999999995,
        0.29324999999949997,
        0.3117499999994999,
        0.32149999999949996,
        0.33924999999949995,
        0.3354999999994999,
        0.34449999999949993,
        0.34124999999949995,
        0.3597499999994999
    ],
    "train_weighted_f1": [
        0.11965076224681463,
        0.19957890432619418,
        0.2480595389657909,
        0.27223668618476443,
        0.29265183733796585,
        0.3153739344334299,
        0.3126147431794921,
        0.3203390821800989,
        0.3120683638072322,
        0.3405766245407949
    ],
    "train_confidence": [
        0.23744760322570801,
        0.27700302028656004,
        0.30508480644226077,
        0.31961424732208255,
        0.331072585105896,
        0.339972562789917,
        0.3496777181625366,
        0.35404515552520754,
        0.3594713764190674,
        0.3618938407897949
    ],
    "val_loss": [
        2.149246128082275,
        2.0297056922912597,
        1.9894996376037597,
        1.9559662418365478,
        1.9392638387680055,
        1.9062147817611694,
        1.9045845851898193,
        1.887666862487793,
        1.8826229801177978,
        1.8627271499633788
    ],
    "val_accuracy": [
        0.24400000274181366,
        0.2980000078678131,
        0.31299999356269836,
        0.3199999928474426,
        0.32100000977516174,
        0.3319999873638153,
        0.33000001311302185,
        0.3269999921321869,
        0.33500000834465027,
        0.3370000123977661
    ],
    "val_macro_precision": [
        0.09850618245925039,
        0.30423978563378307,
        0.3085559004554998,
        0.2687595174850875,
        0.2944209955732705,
        0.2914942549275471,
        0.28407527664236093,
        0.311076273601561,
        0.3222882773066371,
        0.30164436635517605
    ],
    "val_macro_recall": [
        0.14613649639774023,
        0.22667117174273446,
        0.24895862229746252,
        0.26117199322703594,
        0.26716498756637924,
        0.2766234031884339,
        0.2725780806809319,
        0.2707625724193766,
        0.2907855581837329,
        0.28339944547779117
    ],
    "val_macro_f1": [
        0.0757093542510421,
        0.19546408221938855,
        0.22405651433187918,
        0.24156282451580063,
        0.25647133669655925,
        0.259987203440151,
        0.2574095961555857,
        0.2635320818772799,
        0.2746602775346815,
        0.2799266471234628
    ],
    "val_micro_f1": [
        0.24399999999949976,
        0.2979999999994997,
        0.3129999999994997,
        0.3199999999994997,
        0.3209999999994997,
        0.3319999999994997,
        0.3299999999994997,
        0.3269999999994997,
        0.33499999999949964,
        0.33699999999949964
    ],
    "val_weighted_f1": [
        0.1192272327985119,
        0.24272638421273474,
        0.2708334024900144,
        0.28384999226928503,
        0.2962307189600615,
        0.3014364612452021,
        0.2936258035672409,
        0.3020205264309708,
        0.31326378610661815,
        0.3159535142587065
    ],
    "val_confidence": [
        0.23967351913452148,
        0.29446770668029787,
        0.2869330711364746,
        0.3195081548690796,
        0.3266954040527344,
        0.3308917198181152,
        0.35304913806915283,
        0.3375790433883667,
        0.3397195243835449,
        0.3676927585601807
    ],
    "grad_norm": [
        1.3894449324207296,
        1.4679825481006665,
        1.4604444982057008,
        1.2022517798299883,
        1.217711226020537,
        1.2536334640087543,
        1.2454698556161692,
        1.1769830110883206,
        1.4189344306112261,
        1.2597182793007624
    ],
    "fractional_applied_params": [
        0.0,
        0.0,
        0.0,
        2.0,
        2.0,
        2.0,
        2.0,
        2.0,
        2.0,
        2.0
    ],
    "epoch_time": [
        4.7302086353302,
        1.2475438117980957,
        1.2289717197418213,
        1.5441083908081055,
        1.2429344654083252,
        1.4047482013702393,
        1.5772693157196045,
        1.5898334980010986,
        1.056704044342041,
        0.9061183929443359
    ],
    "throughput_samples_per_sec": [
        845.6286621532441,
        3206.300221420493,
        3254.753494930142,
        2590.4917192416847,
        3218.1905895464342,
        2847.485404215691,
        2536.0285400436273,
        2515.986740139272,
        3785.3550588903145,
        4414.4341745480115
    ],
    "lr": [
        0.0003,
        0.0003,
        0.0003,
        0.0003,
        0.0003,
        0.0003,
        0.0003,
        0.0003,
        0.0003,
        0.0003
    ]
}