{
    "train_loss": [
        2.181529193878174,
        1.9609276008605958,
        1.8651472663879394,
        1.8106683111190796,
        1.7568017807006835,
        1.7117832803726196,
        1.6728195066452027,
        1.6342049531936647,
        1.6094344997406005,
        1.575417426109314
    ],
    "train_accuracy": [
        0.24525000154972076,
        0.31150001287460327,
        0.34174999594688416,
        0.35225000977516174,
        0.37424999475479126,
        0.38850000500679016,
        0.3959999978542328,
        0.4104999899864197,
        0.4247500002384186,
        0.43950000405311584
    ],
    "train_macro_precision": [
        0.15465149893401972,
        0.2379635672084662,
        0.27973610027978707,
        0.2886873109399459,
        0.31962231638850025,
        0.3358167517848922,
        0.3389159392190559,
        0.36150377441538467,
        0.374161973577008,
        0.3950782202577528
    ],
    "train_macro_recall": [
        0.15501498304540737,
        0.2363234297832911,
        0.2700747234942383,
        0.2804806008868388,
        0.3065648410486871,
        0.3231121483660117,
        0.3289159200664411,
        0.346900533737357,
        0.36195810159788955,
        0.380281798828224
    ],
    "train_macro_f1": [
        0.13735503275312438,
        0.22239666855140153,
        0.2612308187158457,
        0.27227733170294943,
        0.30159658698317654,
        0.31901140715250126,
        0.32580983557105686,
        0.3459894358677888,
        0.36117628855454187,
        0.3808659458624734
    ],
    "train_micro_f1": [
        0.24524999999949995,
        0.31149999999949995,
        0.34174999999949995,
        0.3522499999994999,
        0.3742499999994999,
        0.38849999999949997,
        0.3959999999994999,
        0.41049999999949993,
        0.4247499999994999,
        0.4394999999994999
    ],
    "train_weighted_f1": [
        0.18566764442478545,
        0.2754691185741293,
        0.3119282952112897,
        0.3222138937206381,
        0.3475953903169337,
        0.36466805715862505,
        0.37358988794454523,
        0.390608900105124,
        0.4069364832661973,
        0.4264060083134401
    ],
    "train_confidence": [
        0.28042293405532837,
        0.3171887493133545,
        0.34294760489463805,
        0.3642430546283722,
        0.37282600688934325,
        0.38320825839042666,
        0.39377474737167356,
        0.40939297127723695,
        0.41541637134552,
        0.4216098570823669
    ],
    "val_loss": [
        2.013249164581299,
        1.9578194332122802,
        1.9025284872055053,
        1.8889951725006104,
        1.8655285930633545,
        1.8350758743286133,
        1.8839148645401,
        1.8562142114639282,
        1.851379714012146,
        1.8621932973861695
    ],
    "val_accuracy": [
        0.27799999713897705,
        0.29499998688697815,
        0.3070000112056732,
        0.3070000112056732,
        0.32100000977516174,
        0.33000001311302185,
        0.32100000977516174,
        0.32899999618530273,
        0.3149999976158142,
        0.32499998807907104
    ],
    "val_macro_precision": [
        0.19533077082536326,
        0.23133649139032597,
        0.3097913796660831,
        0.2784690095379821,
        0.2655866488781704,
        0.2858765628403705,
        0.2892226589225079,
        0.29414827136523536,
        0.2743901073987828,
        0.29042791286040837
    ],
    "val_macro_recall": [
        0.21460229490002408,
        0.23284996710322833,
        0.2507485889986276,
        0.2536932482633546,
        0.2561916264215841,
        0.26898157910115195,
        0.2573734292406878,
        0.27921298960839575,
        0.26744723006228294,
        0.26416240405131614
    ],
    "val_macro_f1": [
        0.1946745790408585,
        0.19648512628426654,
        0.22693486894822876,
        0.2285636670917043,
        0.2449846278761733,
        0.26277155903667887,
        0.24425168192299776,
        0.2642721386538866,
        0.2608007514054212,
        0.2516782746371265
    ],
    "val_micro_f1": [
        0.2779999999994997,
        0.2949999999994997,
        0.3069999999994997,
        0.3069999999994997,
        0.3209999999994997,
        0.3299999999994997,
        0.3209999999994997,
        0.3289999999994997,
        0.3149999999994997,
        0.3249999999994997
    ],
    "val_weighted_f1": [
        0.24161145094418635,
        0.2418000383951046,
        0.2656253764018347,
        0.2681085086770642,
        0.2848540403481016,
        0.29603680402401505,
        0.28253110586456553,
        0.30641338717246597,
        0.3023092995845078,
        0.28939437291186293
    ],
    "val_confidence": [
        0.29346797370910643,
        0.3565606460571289,
        0.364722752571106,
        0.3337754955291748,
        0.36983395385742185,
        0.37388226318359374,
        0.41740077209472654,
        0.3941716461181641,
        0.38028789043426514,
        0.4214301452636719
    ],
    "grad_norm": [
        1.6325596428600495,
        1.420106741237036,
        1.4054392406101255,
        1.4217494862770257,
        1.4078183253995413,
        1.4310236088722805,
        1.4397398255661653,
        1.5151834694632809,
        1.5468351707372852,
        1.5997837575913028
    ],
    "epoch_time": [
        12.504398584365845,
        12.46964168548584,
        11.612438201904297,
        11.186277151107788,
        11.396454572677612,
        11.253414154052734,
        11.49979829788208,
        11.210891723632812,
        11.295857191085815,
        11.470410346984863
    ],
    "throughput_samples_per_sec": [
        319.88743585006716,
        320.7790649394392,
        344.4582378353625,
        357.5809848054655,
        350.98635057869535,
        355.4476841643178,
        347.83218769469033,
        356.79588195182635,
        354.1121255637528,
        348.7233567935474
    ],
    "lr": [
        0.01,
        0.01,
        0.01,
        0.01,
        0.01,
        0.01,
        0.01,
        0.01,
        0.01,
        0.01
    ]
}