{
    "train_loss": [
        2.202166337966919,
        2.081402636528015,
        2.008464044570923,
        1.9853790950775148,
        1.9534149608612061,
        1.9431921739578246,
        1.918000422477722,
        1.9222141132354735,
        1.8934576559066771,
        1.8745384492874146
    ],
    "train_accuracy": [
        0.2329999953508377,
        0.27799999713897705,
        0.3050000071525574,
        0.31025001406669617,
        0.3177500069141388,
        0.3137499988079071,
        0.3264999985694885,
        0.32499998807907104,
        0.33399999141693115,
        0.33550000190734863
    ],
    "train_macro_precision": [
        0.14473973471652818,
        0.20768588808069027,
        0.24939849600668426,
        0.2526641912547792,
        0.2588927153483694,
        0.2557919348270689,
        0.2768358891624969,
        0.2771268655701559,
        0.2901470673329569,
        0.2853986006506822
    ],
    "train_macro_recall": [
        0.1413693764606791,
        0.2026722536790186,
        0.23557538515591406,
        0.24350037568354327,
        0.254799499401292,
        0.24750152865965624,
        0.2627752684105341,
        0.26486196486534674,
        0.27242006889322107,
        0.27265636178873365
    ],
    "train_macro_f1": [
        0.1220689494969581,
        0.19182629222179287,
        0.2277562635749184,
        0.23560815603325486,
        0.24678433606314995,
        0.2418446516360842,
        0.2591892738808775,
        0.2597370887750029,
        0.26886440002677137,
        0.26685370160679434
    ],
    "train_micro_f1": [
        0.23299999999949997,
        0.2779999999994999,
        0.30499999999949995,
        0.3102499999994999,
        0.31774999999949993,
        0.31374999999949993,
        0.3264999999994999,
        0.3249999999994999,
        0.3339999999994999,
        0.3354999999994999
    ],
    "train_weighted_f1": [
        0.16768582743791854,
        0.23764690641902708,
        0.26975078835113525,
        0.27787343346482213,
        0.2905085050362085,
        0.2863901277753514,
        0.30150325320622007,
        0.3025533352046914,
        0.3110326786053516,
        0.309180220944441
    ],
    "train_confidence": [
        0.25677478313446045,
        0.307401211977005,
        0.3208797628879547,
        0.3330705828666687,
        0.33607231664657594,
        0.33659874892234803,
        0.3451767463684082,
        0.34292807602882386,
        0.3486543591022491,
        0.35311815547943115
    ],
    "val_loss": [
        2.1163982887268067,
        2.081434341430664,
        2.002569314956665,
        2.0012366180419923,
        1.9365759010314942,
        1.9026325492858887,
        1.9591956157684327,
        1.8958782920837403,
        1.8812549381256103,
        1.8991866149902343
    ],
    "val_accuracy": [
        0.28700000047683716,
        0.2809999883174896,
        0.3050000071525574,
        0.29499998688697815,
        0.32899999618530273,
        0.3230000138282776,
        0.2849999964237213,
        0.328000009059906,
        0.32600000500679016,
        0.3269999921321869
    ],
    "val_macro_precision": [
        0.1936373079413721,
        0.3171066798535639,
        0.3030039977425153,
        0.25198389606277793,
        0.3029426575190851,
        0.29005108646518396,
        0.2743320231265697,
        0.28698224155918106,
        0.29624296361229835,
        0.3183760742345894
    ],
    "val_macro_recall": [
        0.19876958713639886,
        0.19060352795086263,
        0.25457535669479336,
        0.20743758018290176,
        0.2631090496171581,
        0.2638945537394385,
        0.256436673295218,
        0.2645477528305009,
        0.27129774495314707,
        0.2561502972614603
    ],
    "val_macro_f1": [
        0.16285874148888554,
        0.14998463848822138,
        0.24421370062561465,
        0.18787502815238816,
        0.2576127917784289,
        0.2584209248321156,
        0.24647932192143102,
        0.25606076070519473,
        0.2681525757315127,
        0.23867937486839685
    ],
    "val_micro_f1": [
        0.2869999999994997,
        0.2809999999994997,
        0.30499999999949967,
        0.2949999999994997,
        0.3289999999994997,
        0.3229999999994997,
        0.2849999999994997,
        0.3279999999994997,
        0.3259999999994997,
        0.3269999999994997
    ],
    "val_weighted_f1": [
        0.212042385794489,
        0.18849597445223612,
        0.2875548750294578,
        0.22734363657610504,
        0.3054772456381214,
        0.3040450371067622,
        0.28836114034596766,
        0.3026895900550003,
        0.29957746317918754,
        0.28547005498322087
    ],
    "val_confidence": [
        0.2958386516571045,
        0.39305367279052733,
        0.2752834396362305,
        0.37918867206573487,
        0.31566230964660646,
        0.3148911724090576,
        0.2865699014663696,
        0.32770083236694336,
        0.3329208106994629,
        0.3570990552902222
    ],
    "grad_norm": [
        1.886436369247306,
        2.190117764069178,
        1.7483020911927574,
        1.882499330974867,
        1.7088465432054618,
        1.7376139040034257,
        1.6525620874016445,
        1.7368210620177593,
        1.5900017359107819,
        1.5830876088133594
    ],
    "epoch_time": [
        11.580012559890747,
        11.934998273849487,
        11.01934552192688,
        10.887726068496704,
        11.105997800827026,
        11.15632939338684,
        14.27899432182312,
        14.532070636749268,
        14.75944185256958,
        12.739625215530396
    ],
    "throughput_samples_per_sec": [
        345.42276869842516,
        335.1487707178234,
        362.9979649917127,
        367.3861718080762,
        360.1657475298738,
        358.5408658130055,
        280.13177327808376,
        275.2532725711258,
        271.01295834595606,
        313.9809792146594
    ],
    "lr": [
        0.01,
        0.01,
        0.01,
        0.01,
        0.01,
        0.01,
        0.01,
        0.01,
        0.01,
        0.01
    ]
}