{
    "train_loss": [
        2.2345046463012697,
        2.068122919082642,
        1.9935142459869384,
        1.9525132226943969,
        1.922089370727539,
        1.8925734405517578,
        1.8639731454849242,
        1.834403639793396,
        1.8158821878433227,
        1.8015237503051758
    ],
    "train_accuracy": [
        0.21899999678134918,
        0.2775000035762787,
        0.30375000834465027,
        0.3192499876022339,
        0.3319999873638153,
        0.3317500054836273,
        0.33675000071525574,
        0.34150001406669617,
        0.35600000619888306,
        0.36125001311302185
    ],
    "train_macro_precision": [
        0.11812345687665567,
        0.19288947979095727,
        0.2388320810846975,
        0.2540409543572448,
        0.27191204442038963,
        0.2744877936087361,
        0.2789774333673155,
        0.284867839675884,
        0.29920476459533174,
        0.3146556637044025
    ],
    "train_macro_recall": [
        0.1197867813419257,
        0.1890370180051161,
        0.22851989693421898,
        0.2469651656732931,
        0.26798618669804536,
        0.2719269920527183,
        0.274466490994215,
        0.27929083216421324,
        0.29141346331946527,
        0.2975063416204914
    ],
    "train_macro_f1": [
        0.08953785614486656,
        0.17051487386084868,
        0.21643028242625525,
        0.23581102955871075,
        0.25893584365585487,
        0.2643701197967986,
        0.26635843359772926,
        0.2720429550413686,
        0.28425558289289027,
        0.29331432761939435
    ],
    "train_micro_f1": [
        0.21899999999949996,
        0.2774999999994999,
        0.3037499999994999,
        0.31924999999949993,
        0.3319999999994999,
        0.33174999999949994,
        0.33674999999949995,
        0.3414999999994999,
        0.3559999999995,
        0.36124999999949986
    ],
    "train_weighted_f1": [
        0.13382480335039026,
        0.2218488053953317,
        0.26765339447698777,
        0.2833600845389502,
        0.303976617205762,
        0.3118964994458815,
        0.31029603346343754,
        0.31736702515248133,
        0.3324901430380729,
        0.3365838575824709
    ],
    "train_confidence": [
        0.23498802089691162,
        0.28168252086639406,
        0.3104944581985474,
        0.32528122901916506,
        0.3339280815124512,
        0.3399224920272827,
        0.3427410001754761,
        0.35679025650024415,
        0.36010400772094725,
        0.3699254732131958
    ],
    "val_loss": [
        2.1072936687469483,
        1.997901216506958,
        1.9515109643936157,
        1.9466163654327393,
        1.9198492374420166,
        1.9197652111053467,
        1.8769423809051513,
        1.8537786693572997,
        1.8612844409942626,
        1.8447348623275757
    ],
    "val_accuracy": [
        0.257999986410141,
        0.30399999022483826,
        0.3230000138282776,
        0.3230000138282776,
        0.3319999873638153,
        0.32899999618530273,
        0.34299999475479126,
        0.3400000035762787,
        0.3319999873638153,
        0.34200000762939453
    ],
    "val_macro_precision": [
        0.14617369345629622,
        0.2455583465737632,
        0.2678273611542675,
        0.26816937954056536,
        0.27962149798848546,
        0.2777934964475159,
        0.3142773690550845,
        0.30401136395411205,
        0.2768088475311439,
        0.2968269727963917
    ],
    "val_macro_recall": [
        0.147671518705306,
        0.212684095373062,
        0.2524727759374188,
        0.26378392936716677,
        0.264697799465642,
        0.253990652779753,
        0.2829203069126961,
        0.2717514115629998,
        0.2777920948299079,
        0.27638348370010657
    ],
    "val_macro_f1": [
        0.10770856526085008,
        0.19070112626418073,
        0.2369751755545321,
        0.24468752968885746,
        0.2530898581857303,
        0.2296852623916394,
        0.26948738983496334,
        0.2556145134371561,
        0.2592805355144794,
        0.25938021281856927
    ],
    "val_micro_f1": [
        0.25799999999949974,
        0.3039999999994997,
        0.3229999999994997,
        0.3229999999994997,
        0.3319999999994997,
        0.3289999999994997,
        0.34299999999949965,
        0.33999999999949965,
        0.3319999999994997,
        0.34199999999949965
    ],
    "val_weighted_f1": [
        0.16420244913718374,
        0.24598484855051553,
        0.28439739682327336,
        0.2944900488728703,
        0.30036049793160624,
        0.2729322663783527,
        0.3147958167168516,
        0.3000168856170463,
        0.30102685610185387,
        0.31219103335409054
    ],
    "val_confidence": [
        0.20694259643554688,
        0.30764431953430177,
        0.31224076843261717,
        0.30073094749450685,
        0.34570267868041993,
        0.38334787178039553,
        0.35213919067382815,
        0.36849194717407224,
        0.3497104988098145,
        0.36513021659851075
    ],
    "grad_norm": [
        1.4542739887353529,
        1.2797976856004594,
        1.405951601523,
        1.2564579629834678,
        1.184261270062751,
        1.2050288825023496,
        1.2254323135467988,
        1.2160273187560608,
        1.2096987690732104,
        1.2497667287654664
    ],
    "fractional_applied_params": [
        0.0,
        0.0,
        0.0,
        2.0,
        2.0,
        2.0,
        2.0,
        2.0,
        2.0,
        2.0
    ],
    "epoch_time": [
        5.089960098266602,
        0.5208773612976074,
        0.8313405513763428,
        0.9048159122467041,
        0.7880353927612305,
        0.4774363040924072,
        1.033970832824707,
        1.5865399837493896,
        1.6427240371704102,
        1.6281042098999023
    ],
    "throughput_samples_per_sec": [
        785.8607774473929,
        7679.350836126218,
        4811.505938664629,
        4420.788743721136,
        5075.914148962563,
        8378.08094129726,
        3868.581078899868,
        2521.2097022269822,
        2434.979892843106,
        2456.8451918970986
    ],
    "lr": [
        0.0003,
        0.0003,
        0.0003,
        0.0003,
        0.0003,
        0.0003,
        0.0003,
        0.0003,
        0.0003,
        0.0003
    ]
}