{
    "prefix": "after",
    "retain_em_acc": 0.04,
    "forget_em_acc": 0.02,
    "retain_answer_nll": 0.4891139268875122,
    "forget_answer_nll": 0.5292622355314401,
    "general_ppl": 1.2473795571528257,
    "forget_minus_retain_nll": 0.04014830864392793,
    "retain_eval_n": 100,
    "forget_eval_n": 100
}