{
    "train_loss": [
        2.1257903218269347,
        2.0854642891883852,
        2.0335441565513612,
        1.9646997117996217,
        1.9514536190032958,
        1.943788993358612,
        1.947797749042511,
        1.9406150221824645,
        1.9302609777450561,
        1.9323192501068116
    ],
    "train_accuracy": [
        0.3321875035762787,
        0.34427082538604736,
        0.34312498569488525,
        0.34166666865348816,
        0.3395833373069763,
        0.3409374952316284,
        0.34156250953674316,
        0.34166666865348816,
        0.34593749046325684,
        0.3411458432674408
    ],
    "train_macro_precision": [
        0.0827897636694028,
        0.034437845159945815,
        0.10498182635304772,
        0.14008200997522763,
        0.14114301708467597,
        0.12834640580834994,
        0.14091488095837842,
        0.13709796169347727,
        0.1549180148926832,
        0.13612128663746584
    ],
    "train_macro_recall": [
        0.09946374478063756,
        0.09999999999999998,
        0.10203202356156431,
        0.11873535711047015,
        0.12146015121828697,
        0.12087059561731017,
        0.12355676024514035,
        0.11973143625664524,
        0.1283363528599421,
        0.11958654239441864
    ],
    "train_macro_f1": [
        0.05758648577260004,
        0.051232367074833994,
        0.05753034166068969,
        0.09370134837910883,
        0.09992490289891628,
        0.09749862574293319,
        0.10121438676291286,
        0.09558060459313125,
        0.10750462777264372,
        0.09510813055489929
    ],
    "train_micro_f1": [
        0.3321874999994999,
        0.34427083333283326,
        0.34312499999949997,
        0.34166666666616663,
        0.3395833333328333,
        0.34093749999949996,
        0.34156249999949995,
        0.34166666666616663,
        0.34593749999949996,
        0.34114583333283327
    ],
    "train_weighted_f1": [
        0.17996024048431178,
        0.1763780970649233,
        0.18269197036420542,
        0.21825323961870907,
        0.2259751708778342,
        0.2251895117058379,
        0.2278921142217885,
        0.220439818844482,
        0.2321748034060573,
        0.21961917470659548
    ],
    "train_confidence": [
        0.342352614402771,
        0.3413928290208181,
        0.3461023473739624,
        0.35146554629007976,
        0.3494667236010234,
        0.3489520033200582,
        0.34830299695332845,
        0.3511474740505218,
        0.349439476331075,
        0.351180069843928
    ],
    "val_loss": [
        2.087035713195801,
        2.0935361909866335,
        1.9929017066955566,
        1.9777717590332031,
        1.9701410245895385,
        1.9627230167388916,
        1.9827491426467896,
        1.9660882806777955,
        1.970414295196533,
        1.959060549736023
    ],
    "val_accuracy": [
        0.335833340883255,
        0.335833340883255,
        0.33541667461395264,
        0.3279166519641876,
        0.33416667580604553,
        0.33125001192092896,
        0.33500000834465027,
        0.3329166769981384,
        0.3291666805744171,
        0.3304166793823242
    ],
    "val_macro_precision": [
        0.03358333333333332,
        0.03358333333333332,
        0.0411547316127467,
        0.061326290912265914,
        0.05962648293709707,
        0.07721151409630145,
        0.07144049505033308,
        0.0764418912639687,
        0.09207157732444252,
        0.06558392895945737
    ],
    "val_macro_recall": [
        0.09999999999999988,
        0.09999999999999988,
        0.10088621056362979,
        0.13305036321406044,
        0.12330052123022724,
        0.12228975957628682,
        0.10661944952989713,
        0.11085892235139631,
        0.11633801080259465,
        0.10984832877966755
    ],
    "val_macro_f1": [
        0.05028072364313139,
        0.05028072364313139,
        0.053011924693275425,
        0.08268481844001734,
        0.07908468523276423,
        0.07383782895672437,
        0.06490813577728345,
        0.0741580666390928,
        0.08418667366206226,
        0.06629791008167585
    ],
    "val_micro_f1": [
        0.3358333333328332,
        0.3358333333328332,
        0.33541666666616654,
        0.32791666666616653,
        0.33416666666616657,
        0.3312499999994999,
        0.33499999999949986,
        0.33291666666616654,
        0.32916666666616656,
        0.33041666666616654
    ],
    "val_weighted_f1": [
        0.1688594302348496,
        0.1688594302348496,
        0.17234638557632184,
        0.2062997989996461,
        0.19966867246323255,
        0.20464359475196214,
        0.18678645201178837,
        0.19568875826494048,
        0.20733518737322243,
        0.1888956293881525
    ],
    "val_confidence": [
        0.3418020216623942,
        0.39505943298339846,
        0.3575250879923503,
        0.3348905007044474,
        0.34679463783899944,
        0.3249216651916504,
        0.39573089599609373,
        0.3551775487263997,
        0.3239067713419596,
        0.3403843943277995
    ],
    "grad_norm": [
        1.2564410275883484,
        0.9451942271388607,
        0.9884271000327051,
        1.0289199218504645,
        0.9748776408824008,
        0.9062285436744476,
        1.0593877945738752,
        0.9969698669448455,
        0.9041106668517475,
        0.9729548150314443
    ],
    "fractional_applied_params": [
        0.0,
        0.0,
        0.0,
        2.0,
        2.0,
        2.0,
        2.0,
        2.0,
        2.0,
        2.0
    ],
    "epoch_time": [
        4.765948295593262,
        4.572461366653442,
        4.601404190063477,
        4.646223783493042,
        4.63780665397644,
        4.632824897766113,
        4.620749473571777,
        4.614221096038818,
        4.61693811416626,
        3.2677907943725586
    ],
    "throughput_samples_per_sec": [
        2014.2895819655548,
        2099.525666856795,
        2086.3196544938965,
        2066.1940636838413,
        2069.9439878048797,
        2072.169834139208,
        2077.585044354142,
        2080.5244916073343,
        2079.3001254541605,
        2937.764564528457
    ],
    "lr": [
        0.0003,
        0.0003,
        0.0003,
        0.0003,
        0.0003,
        0.0003,
        0.0003,
        0.0003,
        0.0003,
        0.0003
    ]
}