{
    "prefix": "after",
    "retain_em_acc": 1.0,
    "forget_em_acc": 0.8333333333333334,
    "retain_answer_nll": 0.005958367837592959,
    "forget_answer_nll": 0.07547337142750621,
    "general_ppl": 1.1039358454025057,
    "forget_minus_retain_nll": 0.06951500358991325,
    "retain_eval_n": 30,
    "forget_eval_n": 30
}