{
    "train_loss": [
        2.242799793243408,
        2.1616904335021974,
        2.0710505447387697,
        2.0130766010284424,
        1.9860573539733886,
        1.9607127513885498,
        1.9432263011932374,
        1.9310883798599243,
        1.9058170261383056,
        1.8975743799209595
    ],
    "train_accuracy": [
        0.20524999499320984,
        0.2357500046491623,
        0.2722499966621399,
        0.2982499897480011,
        0.3072499930858612,
        0.31825000047683716,
        0.3215000033378601,
        0.3215000033378601,
        0.3317500054836273,
        0.3362500071525574
    ],
    "train_macro_precision": [
        0.10565468619885714,
        0.15482108426469834,
        0.22202445027352832,
        0.2388233021591492,
        0.24549554295395684,
        0.2522821327481099,
        0.25872311513297414,
        0.26102030098331763,
        0.27559134357007736,
        0.2788760510902206
    ],
    "train_macro_recall": [
        0.10504365379917771,
        0.1256832162415556,
        0.17523744107327038,
        0.21521133252576483,
        0.2323191346265065,
        0.24809359606735187,
        0.2532580048833822,
        0.25314600566945816,
        0.2662386627940122,
        0.272518911055454
    ],
    "train_macro_f1": [
        0.06587429217051165,
        0.08581536530225352,
        0.15520618654907473,
        0.2049786991144737,
        0.2215314576106217,
        0.23736150033847161,
        0.24545882548051687,
        0.2455305070938012,
        0.2589116052094745,
        0.2619033199607631
    ],
    "train_micro_f1": [
        0.20524999999949997,
        0.23574999999949997,
        0.27224999999949995,
        0.29824999999949997,
        0.3072499999994999,
        0.31824999999949993,
        0.32149999999949996,
        0.32149999999949996,
        0.33174999999949994,
        0.33624999999949995
    ],
    "train_weighted_f1": [
        0.105258813303675,
        0.13151207736077608,
        0.20429957820112674,
        0.2549603552724039,
        0.2701214846592714,
        0.2812867006125055,
        0.28991372857261494,
        0.2917597573282757,
        0.3020768253803347,
        0.30746666406964146
    ],
    "train_confidence": [
        0.2235797004699707,
        0.22950529384613036,
        0.2578023672103882,
        0.29757696533203126,
        0.30624836826324464,
        0.3082501735687256,
        0.32154135608673096,
        0.31837480163574217,
        0.32625273704528807,
        0.3326046895980835
    ],
    "val_loss": [
        2.1821601238250734,
        2.101140140533447,
        2.006073486328125,
        1.9592346267700196,
        1.942062508583069,
        1.9185173091888428,
        1.90306884765625,
        1.8984090709686279,
        1.8831456460952758,
        1.8708056097030639
    ],
    "val_accuracy": [
        0.23600000143051147,
        0.2680000066757202,
        0.3059999942779541,
        0.32899999618530273,
        0.3190000057220459,
        0.3330000042915344,
        0.3319999873638153,
        0.32499998807907104,
        0.3400000035762787,
        0.35199999809265137
    ],
    "val_macro_precision": [
        0.03773150324339505,
        0.15053551199810472,
        0.24823908373758075,
        0.27731278258872716,
        0.26281342732105756,
        0.2517012672038412,
        0.2506149721564991,
        0.25348491535760653,
        0.2856673460385589,
        0.292387760737166
    ],
    "val_macro_recall": [
        0.10254294660235211,
        0.15510350304080206,
        0.2055396492571334,
        0.24846151369048658,
        0.22519401124624006,
        0.25560995861849717,
        0.2507447035809844,
        0.24246828632648487,
        0.26953031036543335,
        0.2802835787459808
    ],
    "val_macro_f1": [
        0.043679047947787444,
        0.11712156367268498,
        0.1759632868799923,
        0.2355640583311923,
        0.2049615138061242,
        0.2312542396294875,
        0.2272396100086919,
        0.21198644697051364,
        0.25750147323395167,
        0.2691511481081869
    ],
    "val_micro_f1": [
        0.23599999999949978,
        0.26799999999949975,
        0.30599999999949967,
        0.3289999999994997,
        0.3189999999994997,
        0.3329999999994997,
        0.3319999999994997,
        0.3249999999994997,
        0.33999999999949965,
        0.35199999999949966
    ],
    "val_weighted_f1": [
        0.095721167319813,
        0.18091285607762245,
        0.23327657820181036,
        0.29258056180087444,
        0.26080016972258996,
        0.28596111759756,
        0.281617311989063,
        0.270541677275741,
        0.31398191753790705,
        0.32619518738353254
    ],
    "val_confidence": [
        0.21779906272888183,
        0.19835577297210694,
        0.2948783121109009,
        0.2864242076873779,
        0.3345554494857788,
        0.3103672122955322,
        0.34009728717803955,
        0.3500022554397583,
        0.32958623600006104,
        0.33259326362609865
    ],
    "grad_norm": [
        1.0692456410045519,
        0.9220169042784918,
        1.0073792849450476,
        1.0382190006652348,
        1.1022254558014213,
        1.0404922120433138,
        1.0795235515442034,
        1.1030935917987672,
        1.0296733187067975,
        1.0730588933916667
    ],
    "fractional_applied_params": [
        0.0,
        0.0,
        0.0,
        2.0,
        2.0,
        2.0,
        2.0,
        2.0,
        2.0,
        2.0
    ],
    "epoch_time": [
        3.874095916748047,
        0.4382798671722412,
        0.49396228790283203,
        0.6485168933868408,
        0.7629890441894531,
        0.7482092380523682,
        0.7501826286315918,
        0.6163079738616943,
        0.6311075687408447,
        0.5859572887420654
    ],
    "throughput_samples_per_sec": [
        1032.4989587138664,
        9126.58851023158,
        8097.784178995554,
        6167.919511102075,
        5242.539234949728,
        5346.098118772538,
        5332.0349570029375,
        6490.261638084274,
        6338.063743999468,
        6826.436118897352
    ],
    "lr": [
        0.0003,
        0.0003,
        0.0003,
        0.0003,
        0.0003,
        0.0003,
        0.0003,
        0.0003,
        0.0003,
        0.0003
    ]
}