{
    "train_loss": [
        2.18047305393219,
        2.015919463157654,
        1.953730242729187,
        1.903136071205139,
        1.8730054264068603,
        1.8413743028640748,
        1.7924152088165284,
        1.7666441440582275,
        1.7319636611938476,
        1.709377986907959
    ],
    "train_accuracy": [
        0.23375000059604645,
        0.289000004529953,
        0.3187499940395355,
        0.33675000071525574,
        0.3310000002384186,
        0.3397499918937683,
        0.359250009059906,
        0.36399999260902405,
        0.3855000138282776,
        0.3857499957084656
    ],
    "train_macro_precision": [
        0.15717458215803032,
        0.22762641660477176,
        0.26033278029025103,
        0.2819768045262142,
        0.27683876058322426,
        0.2914642686159118,
        0.30797280681464556,
        0.3149832736129699,
        0.3359675013057589,
        0.33404998937477176
    ],
    "train_macro_recall": [
        0.13748680450898004,
        0.21481548095435662,
        0.25410924980804955,
        0.2728937353228575,
        0.26945142916290477,
        0.2786659592980279,
        0.29578604623233584,
        0.2982495193768132,
        0.3224792120708401,
        0.3225244579942249
    ],
    "train_macro_f1": [
        0.11187984919742675,
        0.2062736940888427,
        0.2463464303478043,
        0.2668832847687527,
        0.26299639059638147,
        0.27181634213975714,
        0.28978151159208,
        0.29395808309141797,
        0.318194565446871,
        0.3196891067118415
    ],
    "train_micro_f1": [
        0.23374999999949997,
        0.28899999999949993,
        0.31874999999949993,
        0.33674999999949995,
        0.3309999999994999,
        0.33974999999949995,
        0.35924999999949986,
        0.36399999999949995,
        0.3854999999994999,
        0.38574999999949994
    ],
    "train_weighted_f1": [
        0.1572834946171082,
        0.25275981552503146,
        0.2900695483327525,
        0.3110646559962989,
        0.3079566802278552,
        0.3151816744794948,
        0.3333452578249815,
        0.3387611644595371,
        0.36155150408345893,
        0.36266268873058555
    ],
    "train_confidence": [
        0.2461254153251648,
        0.30289888405799864,
        0.3231539762020111,
        0.3338888123035431,
        0.34670052099227905,
        0.35635244560241697,
        0.3701095077991486,
        0.37504110622406006,
        0.3866987023353577,
        0.3903698456287384
    ],
    "val_loss": [
        2.038618616104126,
        1.9965647048950195,
        1.9035144252777099,
        1.8553696479797364,
        1.8777985897064209,
        1.838495361328125,
        1.7978685760498048,
        1.7761865100860597,
        1.7737584342956543,
        1.8097211380004883
    ],
    "val_accuracy": [
        0.30300000309944153,
        0.3109999895095825,
        0.32600000500679016,
        0.3400000035762787,
        0.3449999988079071,
        0.33799999952316284,
        0.35100001096725464,
        0.3569999933242798,
        0.3610000014305115,
        0.3569999933242798
    ],
    "val_macro_precision": [
        0.36605308020255095,
        0.2261038859458752,
        0.2714610656759228,
        0.2908674983342488,
        0.3316957422499778,
        0.28891978466605106,
        0.3521377562238263,
        0.30674310983826797,
        0.3310989051977212,
        0.3061798629952856
    ],
    "val_macro_recall": [
        0.2201227649690442,
        0.2249046773849476,
        0.2553804051007896,
        0.2661515057198751,
        0.3045083945804544,
        0.26660848117950636,
        0.2867387237523184,
        0.28416447116176413,
        0.3011549125349343,
        0.2940284113453507
    ],
    "val_macro_f1": [
        0.20864869061079977,
        0.19874242599806793,
        0.2432472684756096,
        0.2537738970011554,
        0.2678253638354735,
        0.2431654180455669,
        0.2698619531149103,
        0.27735533394400896,
        0.2927786429199635,
        0.27409894925694206
    ],
    "val_micro_f1": [
        0.3029999999994997,
        0.3109999999994997,
        0.3259999999994997,
        0.33999999999949965,
        0.34499999999949965,
        0.33799999999949965,
        0.35099999999949966,
        0.35699999999949966,
        0.36099999999949967,
        0.35699999999949966
    ],
    "val_weighted_f1": [
        0.27026766503552546,
        0.24152611792532147,
        0.29831964003937333,
        0.3076580308891801,
        0.31803576489176394,
        0.28776618726810876,
        0.32013498206301033,
        0.32020240216346535,
        0.34382516811689606,
        0.32780973107921124
    ],
    "val_confidence": [
        0.25868777847290036,
        0.38728779792785645,
        0.3198187236785889,
        0.3481937952041626,
        0.35618388271331786,
        0.399910101890564,
        0.37511793518066405,
        0.38134182929992677,
        0.39360599517822265,
        0.43220226669311523
    ],
    "grad_norm": [
        1.9665078895324455,
        1.858474996330219,
        1.830919790577116,
        1.7719593759029486,
        1.8144556343034413,
        1.8639288083382866,
        1.8465466361966214,
        1.8327041867212184,
        1.8487754736870767,
        1.8163894476743363
    ],
    "fractional_applied_params": [
        2.0,
        2.0,
        2.0,
        2.0,
        2.0,
        2.0,
        2.0,
        2.0,
        2.0,
        2.0
    ],
    "epoch_time": [
        15.1588876247406,
        15.13442325592041,
        15.023937940597534,
        14.831482648849487,
        14.88174057006836,
        14.578167915344238,
        15.327552080154419,
        15.414770126342773,
        17.44651508331299,
        15.708757162094116
    ],
    "throughput_samples_per_sec": [
        263.87160450161645,
        264.2981455163973,
        266.24178133691834,
        269.6965701072569,
        268.7857634103096,
        274.38290073403556,
        260.9679601205897,
        259.4913817861142,
        229.27214867259462,
        254.63503947035136
    ],
    "lr": [
        0.0003,
        0.0003,
        0.0003,
        0.0003,
        0.0003,
        0.0003,
        0.0003,
        0.0003,
        0.0003,
        0.0003
    ]
}