{
    "train_loss": [
        2.111313819885254,
        2.0709952831268312,
        2.0502351450920107,
        1.970497488975525,
        1.9540621900558472,
        1.9451780748367309,
        1.9385086464881898,
        1.9400508284568787,
        1.9286274385452271,
        1.9334758162498473
    ],
    "train_accuracy": [
        0.335833340883255,
        0.3479166626930237,
        0.3477083444595337,
        0.3420833349227905,
        0.33916667103767395,
        0.3423958420753479,
        0.34593749046325684,
        0.34291666746139526,
        0.34468749165534973,
        0.3479166626930237
    ],
    "train_macro_precision": [
        0.09342480209506773,
        0.034798916440925184,
        0.04153240692369265,
        0.11227800865448498,
        0.12149497886434642,
        0.1337201982282225,
        0.14333248533661527,
        0.1316033889898291,
        0.14223035276686896,
        0.15313540419055602
    ],
    "train_macro_recall": [
        0.09995728665992289,
        0.09997006884166415,
        0.09999417058305757,
        0.11255300784369862,
        0.11544907597494036,
        0.12205399649329021,
        0.122814547206946,
        0.11992653674483308,
        0.12149986587879096,
        0.12363830463589838
    ],
    "train_macro_f1": [
        0.05784866265982523,
        0.05162686451808518,
        0.051912316086385746,
        0.083867799885757,
        0.09027493952135653,
        0.10020506780232288,
        0.10082263846277259,
        0.09747739059967739,
        0.09972368020242292,
        0.10206999923929225
    ],
    "train_micro_f1": [
        0.3358333333328333,
        0.3479166666661666,
        0.3477083333328333,
        0.3420833333328333,
        0.3391666666661666,
        0.3423958333328333,
        0.34593749999949996,
        0.3429166666661666,
        0.34468749999949994,
        0.3479166666661666
    ],
    "train_weighted_f1": [
        0.18238537033954916,
        0.17967224411971103,
        0.18009106698377222,
        0.21465376467331615,
        0.22029711745654923,
        0.22809599097000516,
        0.2292660912472232,
        0.22613645735665372,
        0.22723200060666718,
        0.22838922565164932
    ],
    "train_confidence": [
        0.3456966133912404,
        0.35017812649408975,
        0.34738352219263713,
        0.35397427837053935,
        0.35201218207677204,
        0.35453232963879905,
        0.35375165859858193,
        0.35507768948872886,
        0.35240750670433046,
        0.3506756567955017
    ],
    "val_loss": [
        2.1108129596710206,
        2.09802041053772,
        2.040413737297058,
        1.9966479682922362,
        1.98619580745697,
        1.9736111545562744,
        1.9762449693679809,
        1.975618643760681,
        1.9642504262924194,
        1.9663007307052611
    ],
    "val_accuracy": [
        0.32083332538604736,
        0.32083332538604736,
        0.320416659116745,
        0.31333333253860474,
        0.31708332896232605,
        0.3187499940395355,
        0.31958332657814026,
        0.3149999976158142,
        0.3233333230018616,
        0.32124999165534973
    ],
    "val_macro_precision": [
        0.03208333333333332,
        0.03208333333333332,
        0.03206839032527105,
        0.0760330935670537,
        0.08727534229895823,
        0.1741056819308995,
        0.07560720382089166,
        0.12976892398561005,
        0.11152918862266345,
        0.14890091333113312
    ],
    "val_macro_recall": [
        0.09999999999999987,
        0.09999999999999987,
        0.09987012987012975,
        0.11254329366430238,
        0.10630268325282621,
        0.1121367583313914,
        0.11344687476266399,
        0.12772367674685636,
        0.12599621715703768,
        0.12665001453834923
    ],
    "val_macro_f1": [
        0.048580441640341726,
        0.048580441640341726,
        0.048547979797942974,
        0.07316304283717628,
        0.06303090943114759,
        0.0671818488418216,
        0.07491543069230776,
        0.0962722326332886,
        0.0912833487911389,
        0.09532708564952283
    ],
    "val_micro_f1": [
        0.3208333333328332,
        0.3208333333328332,
        0.3204166666661666,
        0.31333333333283325,
        0.31708333333283323,
        0.3187499999994999,
        0.31958333333283323,
        0.3149999999994999,
        0.3233333333328332,
        0.3212499999994999
    ],
    "val_weighted_f1": [
        0.155862250262763,
        0.155862250262763,
        0.15575810185173372,
        0.18814750908520994,
        0.16891686850698734,
        0.17575347207946246,
        0.18071313535585826,
        0.2146981446464864,
        0.20275264001807658,
        0.20272657624527973
    ],
    "val_confidence": [
        0.3856000932057699,
        0.34068501154581704,
        0.3777664073308309,
        0.3101890198389689,
        0.378058393796285,
        0.34817715803782145,
        0.3498143140474955,
        0.27630684852600096,
        0.3131143887837728,
        0.3243471964200338
    ],
    "grad_norm": [
        1.3327670866435108,
        0.7767109487968604,
        0.8325452928931242,
        0.9302608765767378,
        0.8623862477451688,
        0.8321680968346807,
        0.8813356237315533,
        0.8723202014287313,
        0.7962922407014257,
        0.8492138286891243
    ],
    "fractional_applied_params": [
        2.0,
        2.0,
        2.0,
        2.0,
        2.0,
        2.0,
        2.0,
        2.0,
        2.0,
        2.0
    ],
    "epoch_time": [
        4.722635507583618,
        1.2803518772125244,
        1.7827508449554443,
        1.8453679084777832,
        1.857834815979004,
        1.8484513759613037,
        1.8535761833190918,
        1.8341350555419922,
        1.8526458740234375,
        1.8463211059570312
    ],
    "throughput_samples_per_sec": [
        2032.763270547621,
        7497.938786093961,
        5384.936446483597,
        5202.214667274071,
        5167.305466251147,
        5193.536667962085,
        5179.177465913397,
        5234.074759649132,
        5181.778198739859,
        5199.528927566415
    ],
    "lr": [
        0.0003,
        0.0003,
        0.0003,
        0.0003,
        0.0003,
        0.0003,
        0.0003,
        0.0003,
        0.0003,
        0.0003
    ]
}