{
    "prefix": "epoch_3",
    "retain_em_acc": 0.4,
    "forget_em_acc": 0.36666666666666664,
    "retain_answer_nll": 0.14235112257301807,
    "forget_answer_nll": 0.14851104095578194,
    "general_ppl": 1.1893503329537711,
    "forget_minus_retain_nll": 0.006159918382763863,
    "retain_eval_n": 30,
    "forget_eval_n": 30
}