{
    "train_loss": [
        2.245605239868164,
        2.0524551038742067,
        1.971230791091919,
        1.921880376815796,
        1.8862496185302735,
        1.8606883583068847,
        1.8184744787216187,
        1.7882433376312257,
        1.7680400409698487,
        1.7385274276733398
    ],
    "train_accuracy": [
        0.20600000023841858,
        0.28700000047683716,
        0.3112500011920929,
        0.32100000977516174,
        0.33024999499320984,
        0.3382500112056732,
        0.3465000092983246,
        0.3552500009536743,
        0.36399999260902405,
        0.3700000047683716
    ],
    "train_macro_precision": [
        0.13667233293388464,
        0.2512748093428785,
        0.25199180651075753,
        0.2686631592135971,
        0.2868935326785106,
        0.28956944311528,
        0.302461335294342,
        0.30736843124441326,
        0.32514580646237645,
        0.3333796701359142
    ],
    "train_macro_recall": [
        0.11414154702873398,
        0.20402466426404206,
        0.24900947699787257,
        0.25960557770212506,
        0.27523646978462063,
        0.28158267345538834,
        0.28697328456757637,
        0.29687203424360276,
        0.30489927697508806,
        0.3112823915029877
    ],
    "train_macro_f1": [
        0.08524372372668879,
        0.1940140397149801,
        0.23787671529338222,
        0.25390751764719377,
        0.270360470951295,
        0.27629440646880354,
        0.2843577706942899,
        0.2913785792781434,
        0.3009976774130857,
        0.3103784968456201
    ],
    "train_micro_f1": [
        0.20599999999949994,
        0.28699999999949993,
        0.3112499999994999,
        0.32099999999949996,
        0.33024999999949994,
        0.33824999999949995,
        0.34649999999949993,
        0.3552499999994999,
        0.36399999999949995,
        0.3699999999995
    ],
    "train_weighted_f1": [
        0.12726648080539432,
        0.2335640719459384,
        0.27648493619989956,
        0.2927933198350147,
        0.3078362695753821,
        0.31358238727030846,
        0.3212725079364655,
        0.32991684801424837,
        0.3363914691837067,
        0.3461194738872502
    ],
    "train_confidence": [
        0.23453553199768065,
        0.27781261920928957,
        0.3259315299987793,
        0.33287007522583006,
        0.34237247467041015,
        0.3485984077453613,
        0.36548413467407226,
        0.36253880691528323,
        0.37744792556762696,
        0.38079615592956545
    ],
    "val_loss": [
        2.101694368362427,
        1.9555601043701172,
        1.9051346597671508,
        1.874608367919922,
        1.8552265405654906,
        1.8252119159698486,
        1.84867813873291,
        1.815970030784607,
        1.7963231868743896,
        1.8207441158294677
    ],
    "val_accuracy": [
        0.26100000739097595,
        0.32499998807907104,
        0.34299999475479126,
        0.35100001096725464,
        0.3400000035762787,
        0.36000001430511475,
        0.3490000069141388,
        0.3610000014305115,
        0.3659999966621399,
        0.36000001430511475
    ],
    "val_macro_precision": [
        0.2066029605140775,
        0.2604433325342697,
        0.2836769857151327,
        0.31911289758361955,
        0.2849786501701944,
        0.3341396166751191,
        0.32840358827983007,
        0.2997198654805059,
        0.30500442186057397,
        0.3031343705786122
    ],
    "val_macro_recall": [
        0.14258704988044285,
        0.24193641935290802,
        0.2584420235028684,
        0.2839176075453951,
        0.25782423962726464,
        0.28806191147867855,
        0.29091824084491824,
        0.27241455805616976,
        0.2767520771719884,
        0.2820629261111024
    ],
    "val_macro_f1": [
        0.10758593576941748,
        0.21970884752216552,
        0.24344491470920143,
        0.26129761993815437,
        0.25156101909403794,
        0.28341285187629583,
        0.266984217803712,
        0.2556909806872341,
        0.2667247030743159,
        0.2595889555187341
    ],
    "val_micro_f1": [
        0.26099999999949974,
        0.3249999999994997,
        0.34299999999949965,
        0.35099999999949966,
        0.33999999999949965,
        0.35999999999949966,
        0.34899999999949965,
        0.36099999999949967,
        0.3659999999994996,
        0.35999999999949966
    ],
    "val_weighted_f1": [
        0.16295027767699594,
        0.27570276270701904,
        0.30341446904032415,
        0.315482879005761,
        0.30803217703400565,
        0.32684846242647536,
        0.3211981815537063,
        0.3134838881894278,
        0.3281017429717614,
        0.31604860869412044
    ],
    "val_confidence": [
        0.23393686485290527,
        0.3246439952850342,
        0.3151665153503418,
        0.3365787162780762,
        0.3295763511657715,
        0.3619943447113037,
        0.35904521560668945,
        0.4086187553405762,
        0.3911203498840332,
        0.40599527168273924
    ],
    "grad_norm": [
        1.9559284257708884,
        1.4364731928519365,
        1.4065915164657046,
        1.3863517427228225,
        1.479264915346615,
        1.424483721487901,
        1.3874933702840233,
        1.425555532493851,
        1.4191200120303336,
        1.4153664306715226
    ],
    "fractional_applied_params": [
        0.0,
        0.0,
        0.0,
        2.0,
        2.0,
        2.0,
        2.0,
        2.0,
        2.0,
        2.0
    ],
    "epoch_time": [
        4.22756028175354,
        1.1704378128051758,
        1.1695523262023926,
        1.206000566482544,
        1.1532752513885498,
        1.1325154304504395,
        0.8903062343597412,
        0.7953155040740967,
        0.6160862445831299,
        0.7506334781646729
    ],
    "throughput_samples_per_sec": [
        946.1721970622851,
        3417.524584593899,
        3420.1120466223542,
        3316.7480274628024,
        3468.382760476285,
        3531.9607066272515,
        4492.836111471889,
        5029.450550768258,
        6492.597481553204,
        5328.8324013740375
    ],
    "lr": [
        0.0003,
        0.0003,
        0.0003,
        0.0003,
        0.0003,
        0.0003,
        0.0003,
        0.0003,
        0.0003,
        0.0003
    ]
}