{
    "train_loss": [
        2.252605089187622,
        2.133792686462402,
        2.054459283828735,
        2.006905735015869,
        1.9684675493240356,
        1.9290578212738037,
        1.8987299327850342,
        1.8710897159576416,
        1.8385696878433229,
        1.7976068506240845
    ],
    "train_accuracy": [
        0.21074999868869781,
        0.24175000190734863,
        0.2627499997615814,
        0.29100000858306885,
        0.2997500002384186,
        0.3152500092983246,
        0.32499998807907104,
        0.33799999952316284,
        0.3452500104904175,
        0.3557499945163727
    ],
    "train_macro_precision": [
        0.0870167046760186,
        0.13456352131017774,
        0.1717678696430535,
        0.21600442346555943,
        0.22600893350246473,
        0.25774104553171273,
        0.25531384396809303,
        0.2772509455349838,
        0.28650299304261806,
        0.2988030761938981
    ],
    "train_macro_recall": [
        0.10369399471382597,
        0.14322653410841063,
        0.18192303743230426,
        0.21556992373922074,
        0.22735178775160722,
        0.2505772880800605,
        0.2580817838393343,
        0.27376975034445095,
        0.2851949347921624,
        0.29317193341945086
    ],
    "train_macro_f1": [
        0.05832956416493723,
        0.11614717553044682,
        0.15847892498789576,
        0.19580675983348783,
        0.2123751398845685,
        0.24170785610806803,
        0.24667246331659265,
        0.264724191861863,
        0.27752454764865087,
        0.2884941072442164
    ],
    "train_micro_f1": [
        0.21074999999949998,
        0.24174999999949995,
        0.26274999999949994,
        0.29099999999949994,
        0.2997499999994999,
        0.31524999999949993,
        0.3249999999994999,
        0.3379999999994999,
        0.34524999999949996,
        0.3557499999994999
    ],
    "train_weighted_f1": [
        0.10253889551391696,
        0.16474730664273637,
        0.2082263790756834,
        0.24652868830064326,
        0.26140093444139806,
        0.28746664842315167,
        0.2938283807257343,
        0.3136093465716576,
        0.3226081722018348,
        0.33476106281635365
    ],
    "train_confidence": [
        0.22132247829437257,
        0.2599516429901123,
        0.275498574256897,
        0.29734976291656495,
        0.30029753017425537,
        0.31376291656494143,
        0.3319135684967041,
        0.3441581592559814,
        0.3560467624664307,
        0.36703761959075926
    ],
    "val_loss": [
        2.157532741546631,
        2.0551524963378904,
        2.016305075645447,
        1.9993055419921875,
        1.9690199651718139,
        1.9381929454803466,
        1.918811287879944,
        1.8947141256332398,
        1.9022147579193116,
        1.8806447277069092
    ],
    "val_accuracy": [
        0.2240000069141388,
        0.28299999237060547,
        0.289000004529953,
        0.2849999964237213,
        0.29499998688697815,
        0.3199999928474426,
        0.3059999942779541,
        0.328000009059906,
        0.32100000977516174,
        0.3269999921321869
    ],
    "val_macro_precision": [
        0.02239999999999998,
        0.11536331671821606,
        0.1424413930881387,
        0.20235250579184286,
        0.280232149506151,
        0.2911890326071211,
        0.28769904432699456,
        0.27612852276424393,
        0.2722057649036354,
        0.26582276698055074
    ],
    "val_macro_recall": [
        0.09999999999999956,
        0.17822668904129446,
        0.18951135987767953,
        0.21795322574232134,
        0.223999523629853,
        0.23870277611768,
        0.23985759493292497,
        0.266413409232355,
        0.24319744404465987,
        0.25645551899646524
    ],
    "val_macro_f1": [
        0.03660130718951252,
        0.13525311840938395,
        0.14246754360160505,
        0.18925997698394575,
        0.20296031580492602,
        0.21922022532771696,
        0.21854259101485446,
        0.24936984779185747,
        0.22588041057910782,
        0.24537538175392898
    ],
    "val_micro_f1": [
        0.2239999999994998,
        0.2829999999994997,
        0.2889999999994997,
        0.2849999999994997,
        0.2949999999994997,
        0.3199999999994997,
        0.30599999999949967,
        0.3279999999994997,
        0.3209999999994997,
        0.3269999999994997
    ],
    "val_weighted_f1": [
        0.08198692810450806,
        0.2051762492150004,
        0.20629888192893747,
        0.24443057285499886,
        0.250695831384184,
        0.26575769836004126,
        0.2716796658623251,
        0.2956160373457914,
        0.27229831490434175,
        0.2897275314417127
    ],
    "val_confidence": [
        0.25992068195343015,
        0.2784432067871094,
        0.3075427570343018,
        0.25692397117614746,
        0.29943357753753663,
        0.33729623222351074,
        0.3335630645751953,
        0.3414847984313965,
        0.39404480361938476,
        0.38254436683654786
    ],
    "grad_norm": [
        1.3080068058425618,
        1.088928560513262,
        1.0132956659711376,
        1.1025086778145834,
        0.9792057069616846,
        1.0904321446417786,
        1.3090506374470843,
        1.3000366272248427,
        1.3904253309850305,
        1.3996578020852206
    ],
    "fractional_applied_params": [
        42.0,
        42.0,
        42.0,
        42.0,
        42.0,
        42.0,
        42.0,
        42.0,
        42.0,
        42.0
    ],
    "epoch_time": [
        4.384740829467773,
        0.7649044990539551,
        0.6428818702697754,
        0.8221502304077148,
        0.8166520595550537,
        0.8517367839813232,
        1.077387809753418,
        1.0854902267456055,
        1.078087329864502,
        1.1055865287780762
    ],
    "throughput_samples_per_sec": [
        912.2546019408692,
        5229.41099829751,
        6221.9828944957835,
        4865.290858115248,
        4898.0467914075525,
        4696.286546769255,
        3712.6835516316833,
        3684.970994158418,
        3710.274566071317,
        3617.989090750687
    ],
    "lr": [
        0.0003,
        0.0003,
        0.0003,
        0.0003,
        0.0003,
        0.0003,
        0.0003,
        0.0003,
        0.0003,
        0.0003
    ]
}