{
    "train_loss": [
        2.09996119260788,
        2.07328654050827,
        2.017970108985901,
        1.9680772852897643,
        1.9554161596298218,
        1.9489352917671203,
        1.9476327681541443,
        1.942162003517151,
        1.9400922536849976,
        1.9386357712745665
    ],
    "train_accuracy": [
        0.3395833373069763,
        0.34437501430511475,
        0.343645840883255,
        0.3397916555404663,
        0.3401041626930237,
        0.34062498807907104,
        0.3412500023841858,
        0.3408333361148834,
        0.34291666746139526,
        0.3395833373069763
    ],
    "train_macro_precision": [
        0.08151307440085372,
        0.034437499999999996,
        0.26132526174752496,
        0.13445252848192232,
        0.11373172712601516,
        0.1349274816590174,
        0.13511470158463657,
        0.12956512428825923,
        0.1451730935236783,
        0.1304000685239583
    ],
    "train_macro_recall": [
        0.10089539918525733,
        0.09999999999999998,
        0.10179703633825929,
        0.11670322837256034,
        0.11486034043874531,
        0.12121403518151279,
        0.11896518049440918,
        0.11959226827504318,
        0.12353780526897265,
        0.11975525725137223
    ],
    "train_macro_f1": [
        0.056305813066313805,
        0.05123198512316039,
        0.05658286939330023,
        0.08821321782889716,
        0.08466611481890984,
        0.0966941524670376,
        0.09417895920638197,
        0.09502939003220487,
        0.10080842881364971,
        0.0952577693996003
    ],
    "train_micro_f1": [
        0.3395833333328333,
        0.34437499999949994,
        0.3436458333328333,
        0.3397916666661666,
        0.3401041666661666,
        0.34062499999949997,
        0.34124999999949995,
        0.3408333333328333,
        0.3429166666661666,
        0.3395833333328333
    ],
    "train_weighted_f1": [
        0.18000222954776623,
        0.17643014876788363,
        0.18154985687341002,
        0.21009862765797419,
        0.20885679621132486,
        0.22016480897711238,
        0.2179651374403448,
        0.22038978678804735,
        0.2231235017133272,
        0.22205766739076988
    ],
    "train_confidence": [
        0.3413857134183248,
        0.3466256527105967,
        0.3496251900990804,
        0.3470546634991964,
        0.34933979988098146,
        0.35081148306528726,
        0.3485421311855316,
        0.3494597625732422,
        0.350418426990509,
        0.34932246009508766
    ],
    "val_loss": [
        2.078389310836792,
        2.061173915863037,
        1.97454514503479,
        1.9615231227874756,
        1.9531188058853148,
        1.9541955137252807,
        1.9521550512313843,
        1.9586576414108277,
        1.9569396352767945,
        1.951791491508484
    ],
    "val_accuracy": [
        0.33541667461395264,
        0.33541667461395264,
        0.33375000953674316,
        0.3279166519641876,
        0.33541667461395264,
        0.3333333432674408,
        0.3320833444595337,
        0.32374998927116394,
        0.3279166519641876,
        0.32624998688697815
    ],
    "val_macro_precision": [
        0.03354166666666665,
        0.03354166666666665,
        0.08542257711672968,
        0.06824629767086747,
        0.09676810230562606,
        0.09173999596330304,
        0.11938438562106253,
        0.13872221971345558,
        0.17843987158907076,
        0.11338359703675852
    ],
    "val_macro_recall": [
        0.09999999999999988,
        0.09999999999999988,
        0.10848383327021231,
        0.1123921318956422,
        0.11474730419787196,
        0.11195392527605445,
        0.10803140865282497,
        0.12023166641615377,
        0.1321840693124741,
        0.1129726704320301
    ],
    "val_macro_f1": [
        0.050234009360336764,
        0.050234009360336764,
        0.06984174743844819,
        0.07189208071081102,
        0.08002723523697756,
        0.07219987724791938,
        0.07145344383984178,
        0.08038389071387333,
        0.09183070089468784,
        0.08014307347926013
    ],
    "val_micro_f1": [
        0.33541666666616654,
        0.33541666666616654,
        0.3337499999994999,
        0.32791666666616653,
        0.33541666666616654,
        0.3333333333328332,
        0.33208333333283324,
        0.3237499999994999,
        0.32791666666616653,
        0.3262499999994999
    ],
    "val_weighted_f1": [
        0.1684932397294629,
        0.1684932397294629,
        0.18933987692857066,
        0.1927739100801893,
        0.1945771734087716,
        0.18861513662955084,
        0.18984258778907231,
        0.2015136640967114,
        0.22046684529867713,
        0.19907343573088
    ],
    "val_confidence": [
        0.362334254582723,
        0.33494069417317707,
        0.3037409210205078,
        0.31779181718826294,
        0.3573567120234172,
        0.36992889722188316,
        0.35786778767903643,
        0.3044387149810791,
        0.30229408264160157,
        0.3656375471750895
    ],
    "grad_norm": [
        1.0226473280937598,
        0.8205002958463662,
        0.8885243455076922,
        0.9661607078855886,
        0.8297054473389713,
        0.818981754903676,
        0.8615007175973313,
        0.8491426337067469,
        0.8985879892537341,
        0.8582558139742923
    ],
    "fractional_applied_params": [
        2.0,
        2.0,
        2.0,
        2.0,
        2.0,
        2.0,
        2.0,
        2.0,
        2.0,
        2.0
    ],
    "epoch_time": [
        4.801859378814697,
        1.846693754196167,
        1.8582956790924072,
        1.8465344905853271,
        1.8389832973480225,
        1.8437449932098389,
        1.852877140045166,
        1.8487184047698975,
        1.8454010486602783,
        1.4359934329986572
    ],
    "throughput_samples_per_sec": [
        1999.2255588229423,
        5198.479703625093,
        5166.023958409378,
        5198.928072530573,
        5220.275797960783,
        5206.793800311306,
        5181.13143743896,
        5192.7865137443005,
        5202.121244576833,
        6685.267341336774
    ],
    "lr": [
        0.0003,
        0.0003,
        0.0003,
        0.0003,
        0.0003,
        0.0003,
        0.0003,
        0.0003,
        0.0003,
        0.0003
    ]
}