{
    "train_loss": [
        2.202384893417358,
        2.150287929534912,
        2.0631572008132935,
        2.032248173713684,
        2.026033945083618,
        2.00832524394989,
        1.9997379188537598,
        1.982780574798584,
        1.9713697328567505,
        1.9628109130859375
    ],
    "train_accuracy": [
        0.2696250081062317,
        0.281125009059906,
        0.2852500081062317,
        0.28850001096725464,
        0.2903749942779541,
        0.2927500009536743,
        0.29499998688697815,
        0.29624998569488525,
        0.30262500047683716,
        0.30912500619888306
    ],
    "train_macro_precision": [
        0.06394865711131664,
        0.07163686707055124,
        0.1604989293939654,
        0.13177291910649863,
        0.15142360652614065,
        0.15425635742009963,
        0.15772645061985316,
        0.16261735874455452,
        0.17478448733827107,
        0.18909065044685147
    ],
    "train_macro_recall": [
        0.09796215602661631,
        0.10046491216762185,
        0.1321629910900471,
        0.13785121524387037,
        0.14503861041670257,
        0.1467457079646891,
        0.1506085792418067,
        0.15372518515647499,
        0.16673247627340565,
        0.17406512304890503
    ],
    "train_macro_f1": [
        0.04855969164176949,
        0.04638516581779796,
        0.10172527460946876,
        0.1109770876687809,
        0.1232619572916506,
        0.12580833983212242,
        0.12821519710611312,
        0.13251329925274,
        0.14876463576830037,
        0.1583794824464019
    ],
    "train_micro_f1": [
        0.26962499999949996,
        0.28112499999949997,
        0.28524999999949996,
        0.2884999999995,
        0.2903749999995,
        0.29274999999949997,
        0.2949999999995,
        0.29624999999949997,
        0.3026249999995,
        0.3091249999995
    ],
    "train_weighted_f1": [
        0.12648802087063513,
        0.1267759280895233,
        0.18810540236636858,
        0.20023232196916965,
        0.21169831928646166,
        0.2136311129020479,
        0.2163873993643958,
        0.2213828871928318,
        0.23607375907778258,
        0.24436808785822087
    ],
    "train_confidence": [
        0.28111370706558225,
        0.2885676255226135,
        0.30044650077819823,
        0.3033897776603699,
        0.30650519323349,
        0.3076161785125732,
        0.31515017604827883,
        0.31124775123596193,
        0.3134410758018494,
        0.3150198984146118
    ],
    "val_loss": [
        2.1639052734375,
        2.078050048828125,
        2.0390668964385985,
        2.0291654901504517,
        2.0354884338378905,
        2.0204870834350586,
        2.011870817184448,
        2.008542576789856,
        2.0126142177581787,
        2.021329981803894
    ],
    "val_accuracy": [
        0.28049999475479126,
        0.27799999713897705,
        0.2800000011920929,
        0.28200000524520874,
        0.27950000762939453,
        0.28049999475479126,
        0.28049999475479126,
        0.28200000524520874,
        0.28200000524520874,
        0.27549999952316284
    ],
    "val_macro_precision": [
        0.028049999999999985,
        0.07991855675672746,
        0.10844893531384978,
        0.17980491069869983,
        0.16399228320054107,
        0.13304566015790714,
        0.14752161155610952,
        0.15044487022666864,
        0.1576758435059015,
        0.16206522387119543
    ],
    "val_macro_recall": [
        0.09999999999999983,
        0.10477838338132432,
        0.1292758467023169,
        0.14431081173728183,
        0.1226229098622426,
        0.1420648455969789,
        0.1491845306722773,
        0.14532789387824036,
        0.14300734235147913,
        0.13609677760636102
    ],
    "val_macro_f1": [
        0.04381101132366742,
        0.05812414322897731,
        0.08995204011511367,
        0.10054173602993448,
        0.08090504610139923,
        0.10098905162486589,
        0.12251742012585083,
        0.12157841061382887,
        0.10387035621472891,
        0.11355327620522535
    ],
    "val_micro_f1": [
        0.28049999999949987,
        0.27799999999949987,
        0.27999999999949987,
        0.2819999999994999,
        0.27949999999949987,
        0.28049999999949987,
        0.28049999999949987,
        0.2819999999994999,
        0.2819999999994999,
        0.27549999999949987
    ],
    "val_weighted_f1": [
        0.12288988676288713,
        0.13918247870403067,
        0.18132883019139742,
        0.1972816938143411,
        0.1673259974680646,
        0.1935274629929681,
        0.21107374788093206,
        0.20704401552914858,
        0.18718538517662325,
        0.19586799096555885
    ],
    "val_confidence": [
        0.31693702507019045,
        0.2623156547546387,
        0.2725097713470459,
        0.2747022247314453,
        0.34752508544921873,
        0.32023600006103514,
        0.29030116081237795,
        0.30228630542755125,
        0.3305654125213623,
        0.3298809452056885
    ],
    "grad_norm": [
        1.243256586178455,
        0.9335909545251088,
        0.9822864431639813,
        1.08319502554296,
        1.092053308035787,
        1.0102244005570267,
        1.065791790286658,
        1.0625521623336165,
        1.0081040771022305,
        1.0313257537058356
    ],
    "fractional_applied_params": [
        2.0,
        2.0,
        2.0,
        2.0,
        2.0,
        2.0,
        2.0,
        2.0,
        2.0,
        2.0
    ],
    "epoch_time": [
        6.364062309265137,
        2.693621873855591,
        2.5075669288635254,
        2.0979230403900146,
        2.6609413623809814,
        2.1967363357543945,
        2.239553451538086,
        2.349449634552002,
        2.423189163208008,
        2.4538862705230713
    ],
    "throughput_samples_per_sec": [
        1257.058716781132,
        2969.9788517639918,
        3190.3435588958514,
        3813.295266785744,
        3006.4548257619954,
        3641.7661372422613,
        3572.1406847895237,
        3405.0527759133925,
        3301.434374776162,
        3260.1347894964656
    ],
    "lr": [
        0.0003,
        0.0003,
        0.0003,
        0.0003,
        0.0003,
        0.0003,
        0.0003,
        0.0003,
        0.0003,
        0.0003
    ]
}