{
    "train_loss": [
        2.1934975032806396,
        2.07593124294281,
        2.0329537973403933,
        2.010628667831421,
        1.9988382072448732,
        1.9915688619613647,
        1.9787132453918457,
        1.9647433729171753,
        1.9526779584884644,
        1.9438470706939697
    ],
    "train_accuracy": [
        0.27125000953674316,
        0.2840000092983246,
        0.28075000643730164,
        0.29074999690055847,
        0.2887499928474426,
        0.2913750112056732,
        0.3009999990463257,
        0.3031249940395355,
        0.30550000071525574,
        0.3089999854564667
    ],
    "train_macro_precision": [
        0.07734837707588017,
        0.13202935762426538,
        0.1389794887131688,
        0.15207688779009576,
        0.15507689544886388,
        0.15361999830547007,
        0.18921018222755887,
        0.188431658669289,
        0.19101788020455912,
        0.192326522901313
    ],
    "train_macro_recall": [
        0.10173507234792187,
        0.1276260474854645,
        0.1400129012664521,
        0.1514446383585563,
        0.15246208430400993,
        0.15647115997545402,
        0.1703777820411508,
        0.1747534980490552,
        0.17750693161712097,
        0.18336047606448222
    ],
    "train_macro_f1": [
        0.05604910054321118,
        0.10031497327051811,
        0.11713814150232996,
        0.13217933594568984,
        0.1348199869040491,
        0.1374998402925045,
        0.1558226523773318,
        0.16090235161909783,
        0.16378978456660462,
        0.1695930922583023
    ],
    "train_micro_f1": [
        0.2712499999995,
        0.2839999999995,
        0.28074999999949996,
        0.29074999999949996,
        0.28874999999949996,
        0.29137499999949995,
        0.3009999999995,
        0.3031249999995,
        0.30549999999949995,
        0.30899999999949995
    ],
    "train_weighted_f1": [
        0.13431571463287645,
        0.18456956218272885,
        0.20311730827097318,
        0.218529373334054,
        0.21947689589916858,
        0.22330969769157477,
        0.23916921168835537,
        0.2438714683026283,
        0.24746263269321656,
        0.25448190845078866
    ],
    "train_confidence": [
        0.2813398823738098,
        0.3048473501205444,
        0.3055197505950928,
        0.31056186962127685,
        0.30472398233413694,
        0.31153493881225586,
        0.31283548307418824,
        0.314342912197113,
        0.31323416614532473,
        0.31900020360946657
    ],
    "val_loss": [
        2.1110590934753417,
        2.0136225442886353,
        1.9770615901947022,
        1.9862092113494874,
        1.9861801795959473,
        1.981579571723938,
        1.9811849842071534,
        1.9748784589767456,
        1.9879324989318847,
        1.983717716217041
    ],
    "val_accuracy": [
        0.2904999852180481,
        0.2915000021457672,
        0.3034999966621399,
        0.2930000126361847,
        0.30149999260902405,
        0.30250000953674316,
        0.3009999990463257,
        0.29350000619888306,
        0.2874999940395355,
        0.29899999499320984
    ],
    "val_macro_precision": [
        0.029049999999999986,
        0.09347395159060587,
        0.16574939447960996,
        0.12596059056001718,
        0.1345593596125622,
        0.10735727955605434,
        0.1585784507176088,
        0.16816557073591593,
        0.14563503680535322,
        0.18558136355955504
    ],
    "val_macro_recall": [
        0.09999999999999983,
        0.15124654778304922,
        0.145117677556264,
        0.14456196150744666,
        0.14026844798686283,
        0.14943605699441107,
        0.16487090120990916,
        0.15213923389710596,
        0.1606077230451787,
        0.16731544351666935
    ],
    "val_macro_f1": [
        0.045021309569899214,
        0.09856221612945623,
        0.1167686767232718,
        0.11645344488420299,
        0.10662466691091037,
        0.10802236870990936,
        0.11861123167924895,
        0.11357495817445454,
        0.13349206677401337,
        0.1436643285833915
    ],
    "val_micro_f1": [
        0.2904999999994999,
        0.2914999999994999,
        0.3034999999994999,
        0.2929999999994999,
        0.3014999999994999,
        0.3024999999994999,
        0.3009999999994999,
        0.2934999999994999,
        0.2874999999994999,
        0.2989999999994999
    ],
    "val_weighted_f1": [
        0.1307869043005572,
        0.1972602696969761,
        0.21396079888817648,
        0.20664677623049107,
        0.2024901027922841,
        0.21078998184049988,
        0.2178119074799901,
        0.21907905953967377,
        0.23663736216437167,
        0.23660776672987185
    ],
    "val_confidence": [
        0.3051236991882324,
        0.269022253036499,
        0.2881812858581543,
        0.2979461622238159,
        0.36911253356933593,
        0.33275781536102295,
        0.2979134149551392,
        0.3227096090316772,
        0.29406166553497315,
        0.3208350143432617
    ],
    "grad_norm": [
        1.7193372384236252,
        1.3385117303083125,
        1.4384515574928949,
        1.2716380277484154,
        1.1977001124400917,
        1.191537193425772,
        1.1744550637309554,
        1.228508205788108,
        1.2300025293661645,
        1.3168982413823425
    ],
    "fractional_applied_params": [
        42.0,
        42.0,
        42.0,
        42.0,
        42.0,
        42.0,
        42.0,
        42.0,
        42.0,
        42.0
    ],
    "epoch_time": [
        5.32974910736084,
        2.571974515914917,
        2.568831443786621,
        2.5709493160247803,
        2.5889883041381836,
        2.5541269779205322,
        2.5555615425109863,
        2.564708948135376,
        1.8564836978912354,
        0.8146064281463623
    ],
    "throughput_samples_per_sec": [
        1501.008741471773,
        3110.450725890725,
        3114.2564917406535,
        3111.6910590713846,
        3090.0100966902673,
        3132.1857014772536,
        3130.427448888411,
        3119.262326361146,
        4309.221787989377,
        9820.693433765318
    ],
    "lr": [
        0.0003,
        0.0003,
        0.0003,
        0.0003,
        0.0003,
        0.0003,
        0.0003,
        0.0003,
        0.0003,
        0.0003
    ]
}