{
    "train_loss": [
        2.20333166885376,
        2.1592164154052735,
        2.0574685211181643,
        2.0318887023925782,
        2.019051390647888,
        2.0081217193603518,
        1.9973033456802367,
        1.9872500820159913,
        1.9806884803771974,
        1.9639070167541504
    ],
    "train_accuracy": [
        0.2720000147819519,
        0.2823750078678131,
        0.2862499952316284,
        0.28600001335144043,
        0.29212498664855957,
        0.29487499594688416,
        0.29350000619888306,
        0.29649999737739563,
        0.3009999990463257,
        0.3018749952316284
    ],
    "train_macro_precision": [
        0.06028196354849298,
        0.0881455775976338,
        0.14275746730482392,
        0.1289580672332564,
        0.1565034548469899,
        0.1531738454104029,
        0.1563713940819717,
        0.15369194639084677,
        0.1658082988381184,
        0.1797012980007412
    ],
    "train_macro_recall": [
        0.09887606393439947,
        0.10057650189011277,
        0.1297777750838685,
        0.13497000503365494,
        0.14331307120566367,
        0.15013909755052596,
        0.15086673013751545,
        0.1517231741099981,
        0.16164940899160432,
        0.16902437436872497
    ],
    "train_macro_f1": [
        0.050200019871561155,
        0.045941150389538124,
        0.10351324549314149,
        0.11020271094804604,
        0.12312911568310243,
        0.12987356854726798,
        0.13159174381870448,
        0.1331353495379944,
        0.14417604439735918,
        0.15470854529890526
    ],
    "train_micro_f1": [
        0.2719999999995,
        0.2823749999995,
        0.28624999999949996,
        0.2859999999995,
        0.2921249999995,
        0.29487499999949995,
        0.2934999999995,
        0.2964999999995,
        0.3009999999995,
        0.30187499999949996
    ],
    "train_weighted_f1": [
        0.12957508281669017,
        0.12655194973405973,
        0.19090324785552415,
        0.20175881547752456,
        0.2095272975293638,
        0.21821492541109863,
        0.2208452191504546,
        0.22033036944271928,
        0.2328071486774576,
        0.23973806240648254
    ],
    "train_confidence": [
        0.28756807184219363,
        0.2799582772254944,
        0.2979022121429443,
        0.3052484245300293,
        0.3068949704170227,
        0.30622492265701295,
        0.3088941960334778,
        0.3075439281463623,
        0.3101802439689636,
        0.3109170742034912
    ],
    "val_loss": [
        2.1604511432647704,
        2.0895451946258543,
        2.025851022720337,
        2.0179415740966795,
        2.014089172363281,
        2.0082422103881834,
        2.0077972106933593,
        2.0145829010009764,
        2.0080188102722167,
        2.002725662231445
    ],
    "val_accuracy": [
        0.2784999907016754,
        0.2800000011920929,
        0.2915000021457672,
        0.2944999933242798,
        0.28999999165534973,
        0.2904999852180481,
        0.2865000069141388,
        0.28200000524520874,
        0.2930000126361847,
        0.28949999809265137
    ],
    "val_macro_precision": [
        0.027849999999999986,
        0.04227005870841467,
        0.10622122799429301,
        0.1082198314789391,
        0.10835927828036743,
        0.07992741279330311,
        0.12045514169244195,
        0.15738947857633337,
        0.17680508173438533,
        0.12859530880234538
    ],
    "val_macro_recall": [
        0.09999999999999981,
        0.10328872204994269,
        0.1431735296197513,
        0.15107844640109314,
        0.1504469863113133,
        0.13843694023842198,
        0.13664993613285997,
        0.14789379911253975,
        0.15997960042867626,
        0.14258220176961828
    ],
    "val_macro_f1": [
        0.04356667970274258,
        0.051145036068495096,
        0.09872451411892919,
        0.1151937469990181,
        0.10819502929558474,
        0.0934263115972622,
        0.10412983112527296,
        0.11233114166088172,
        0.13874826214655406,
        0.10708516640406393
    ],
    "val_micro_f1": [
        0.27849999999949987,
        0.27999999999949987,
        0.2914999999994999,
        0.2944999999994999,
        0.2899999999994999,
        0.2904999999994999,
        0.2864999999994999,
        0.2819999999994999,
        0.2929999999994999,
        0.2894999999994999
    ],
    "val_weighted_f1": [
        0.1213332029721381,
        0.13093721896618035,
        0.18763905925151286,
        0.20495114106768542,
        0.19473948455167103,
        0.1923560724094622,
        0.19196167639618597,
        0.213380454448412,
        0.22582880234544456,
        0.19520510520944834
    ],
    "val_confidence": [
        0.2509502143859863,
        0.2844819860458374,
        0.291368013381958,
        0.28940117835998536,
        0.30242487144470215,
        0.2900078363418579,
        0.2966867237091064,
        0.2802700328826904,
        0.29822391605377196,
        0.3111552228927612
    ],
    "grad_norm": [
        1.265020803247976,
        0.9971084972956318,
        0.9832485324347247,
        0.955946244034642,
        1.018533577569148,
        0.9667473127696531,
        0.9747757969321559,
        0.9550053440312206,
        1.0242516478425905,
        0.9567115516852867
    ],
    "fractional_applied_params": [
        0.0,
        0.0,
        0.0,
        2.0,
        2.0,
        2.0,
        2.0,
        2.0,
        2.0,
        2.0
    ],
    "epoch_time": [
        6.539271593093872,
        2.7329952716827393,
        2.7530345916748047,
        2.4171433448791504,
        2.265510082244873,
        2.600224256515503,
        2.395063638687134,
        2.789567470550537,
        2.7758066654205322,
        2.7073402404785156
    ],
    "throughput_samples_per_sec": [
        1223.3778466165566,
        2927.1913065090303,
        2905.8843009790194,
        3309.692003558016,
        3531.2135941027786,
        3076.657707485817,
        3340.2035214334596,
        2867.8281075672116,
        2882.045100496222,
        2954.9296687534256
    ],
    "lr": [
        0.0003,
        0.0003,
        0.0003,
        0.0003,
        0.0003,
        0.0003,
        0.0003,
        0.0003,
        0.0003,
        0.0003
    ]
}