{
    "prefix": "after",
    "retain_em_acc": 1.0,
    "forget_em_acc": 0.9333333333333333,
    "retain_answer_nll": 0.0031436149729415774,
    "forget_answer_nll": 0.040404848172329366,
    "general_ppl": 1.09402624288002,
    "forget_minus_retain_nll": 0.03726123319938779,
    "retain_eval_n": 30,
    "forget_eval_n": 30
}