{
    "train_loss": [
        0.22832815848014973,
        0.12215247777104378,
        0.07460607529900692,
        0.04571088043296779,
        0.03095707835201864
    ],
    "train_accuracy": [
        0.9259629845619202,
        0.9610278010368347,
        0.9773703813552856,
        0.9865648150444031,
        0.9913889169692993
    ],
    "train_macro_precision": [
        0.9260608566089743,
        0.9611073911422682,
        0.9774129730396863,
        0.9865743684842805,
        0.9913900721087185
    ],
    "train_macro_recall": [
        0.9259436797778527,
        0.961015865614496,
        0.9773636418742508,
        0.9865604247054227,
        0.9913863916622561
    ],
    "train_macro_f1": [
        0.9258872443494841,
        0.9610180009970869,
        0.9773721288890602,
        0.9865625355469827,
        0.9913865736421569
    ],
    "train_micro_f1": [
        0.9259629629624629,
        0.9610277777772778,
        0.9773703703698703,
        0.9865648148143149,
        0.9913888888883888
    ],
    "train_weighted_f1": [
        0.9259116317008853,
        0.9610341875902175,
        0.9773818013008035,
        0.9865684941584704,
        0.9913900475326798
    ],
    "train_confidence": [
        0.9291625128851997,
        0.9704655449478714,
        0.9854670088909291,
        0.9929309918438947,
        0.9961622516314189
    ],
    "val_loss": [
        0.18757222191492717,
        0.19168095016479492,
        0.22743660933772722,
        0.28338130508859954,
        0.3442497921983401
    ],
    "val_accuracy": [
        0.9375,
        0.9413333535194397,
        0.9396666884422302,
        0.9325833320617676,
        0.9363333582878113
    ],
    "val_macro_precision": [
        0.9382866796454605,
        0.9419957163072363,
        0.9411114060586002,
        0.9331380985423291,
        0.9371255915239243
    ],
    "val_macro_recall": [
        0.9376517482486127,
        0.9414969608060223,
        0.9397288189329103,
        0.9328203474659886,
        0.9364594763362782
    ],
    "val_macro_f1": [
        0.9375001117028637,
        0.9415656617561268,
        0.9399782445109764,
        0.9328944465395685,
        0.9364769185055304
    ],
    "val_micro_f1": [
        0.9374999999994998,
        0.9413333333328332,
        0.9396666666661665,
        0.9325833333328332,
        0.9363333333328332
    ],
    "val_weighted_f1": [
        0.9372945282651696,
        0.941362250509121,
        0.9397709019227553,
        0.9326797048561453,
        0.9362691599485593
    ],
    "val_confidence": [
        0.9520587175687154,
        0.970523207505544,
        0.9798648726145427,
        0.9820589863459269,
        0.9897288668950399
    ],
    "test_loss": [
        0.18183798162560713,
        0.18641595391850724,
        0.23247378291268098,
        0.27365344787898815,
        0.3294711613341382
    ],
    "test_accuracy": [
        0.9378947615623474,
        0.9432894587516785,
        0.9385526180267334,
        0.9352631568908691,
        0.9347368478775024
    ],
    "test_macro_precision": [
        0.9384361573272207,
        0.9436841800568697,
        0.9394126346147944,
        0.9356846839529704,
        0.9351247028632392
    ],
    "test_macro_recall": [
        0.9378947368421049,
        0.9432894736842101,
        0.938552631578947,
        0.9352631578947364,
        0.9347368421052626
    ],
    "test_macro_f1": [
        0.9375535850994348,
        0.943314810521311,
        0.9385969964848093,
        0.9353735752524869,
        0.9346317858157422
    ],
    "test_micro_f1": [
        0.9378947368416051,
        0.9432894736837104,
        0.9385526315784473,
        0.9352631578942366,
        0.934736842104763
    ],
    "test_weighted_f1": [
        0.9375535850994348,
        0.9433148105213112,
        0.9385969964848094,
        0.9353735752524869,
        0.9346317858157422
    ],
    "test_confidence": [
        0.9520676921543322,
        0.9700540641734474,
        0.9785651617301138,
        0.9820454050365247,
        0.9890465185516759
    ],
    "grad_norm": [
        0.9174976843412503,
        0.8483472071137509,
        0.7187576282784516,
        0.5636851178300784,
        0.42319208822443877
    ],
    "nonfinite_grad_tensors": [
        0.0008888888888888889,
        0.0,
        0.0008888888888888889,
        0.0002962962962962963,
        0.0002962962962962963
    ],
    "nonfinite_train_loss_batches": [
        0,
        0,
        0,
        0,
        0
    ],
    "nonfinite_val_loss_batches": [
        0,
        0,
        0,
        0,
        0
    ],
    "nonfinite_test_loss_batches": [
        0,
        0,
        0,
        0,
        0
    ],
    "fractional_applied_params": [
        4.0,
        4.0,
        4.0,
        4.0,
        4.0
    ],
    "epoch_time": [
        955.5646238327026,
        951.7328987121582,
        955.7285084724426,
        955.6767990589142,
        627.7470939159393
    ],
    "throughput_samples_per_sec": [
        113.02218322693821,
        113.47721629266016,
        113.00280261872513,
        113.00891693337233,
        172.04380720631758
    ],
    "lr": [
        2e-05,
        2e-05,
        2e-05,
        2e-05,
        2e-05
    ]
}