{
    "train_loss": [
        0.35992368418375653,
        0.23769012713962132,
        0.14804742969936796,
        0.08731793012619019,
        0.05775796111424764
    ],
    "train_accuracy": [
        0.8368889093399048,
        0.9032889008522034,
        0.9465333223342896,
        0.9727110862731934,
        0.9836888909339905
    ],
    "train_macro_precision": [
        0.8368936458330073,
        0.9032888888888888,
        0.9465447714904562,
        0.9727142164135457,
        0.9836877885885333
    ],
    "train_macro_recall": [
        0.8368951897350267,
        0.903292572493541,
        0.9465429191396701,
        0.9727175779675663,
        0.9836915606711634
    ],
    "train_macro_f1": [
        0.8368888566689036,
        0.9032886680522412,
        0.9465333281577873,
        0.972711093645711,
        0.9836888177152496
    ],
    "train_micro_f1": [
        0.8368888888883889,
        0.9032888888883889,
        0.9465333333328333,
        0.972711111110611,
        0.9836888888883888
    ],
    "train_weighted_f1": [
        0.8368890757614023,
        0.9032891097245362,
        0.9465332778859141,
        0.9727111596242224,
        0.983688920689153
    ],
    "train_confidence": [
        0.8401646666844685,
        0.912225970978207,
        0.9547090857399835,
        0.9817800697538588,
        0.9921084373262193
    ],
    "val_loss": [
        0.2964283630371094,
        0.32655933685302735,
        0.34963645248413083,
        0.5504118663787841,
        0.538431616306305
    ],
    "val_accuracy": [
        0.8751999735832214,
        0.873199999332428,
        0.8708000183105469,
        0.8736000061035156,
        0.8727999925613403
    ],
    "val_macro_precision": [
        0.8757116139507156,
        0.8734632163235758,
        0.8707709154705305,
        0.8750647683420072,
        0.8726869810349721
    ],
    "val_macro_recall": [
        0.8746720773897354,
        0.8727903652238065,
        0.8706063494015406,
        0.8727442511067383,
        0.8729018076733885
    ],
    "val_macro_f1": [
        0.8749666577749062,
        0.8730088224010957,
        0.8706773193317106,
        0.873213677001873,
        0.8727490996393552
    ],
    "val_micro_f1": [
        0.8751999999994996,
        0.8731999999994996,
        0.8707999999994996,
        0.8735999999994997,
        0.8727999999994996
    ],
    "val_weighted_f1": [
        0.8751135769533539,
        0.873142843810286,
        0.8707856607006668,
        0.8734040390586746,
        0.8728183241291512
    ],
    "val_confidence": [
        0.879454942893982,
        0.9263834125518798,
        0.9408643900871276,
        0.9776151747703552,
        0.9768415193557739
    ],
    "test_loss": [
        0.2951245260620117,
        0.32263239532470706,
        0.35819757057189944,
        0.5505986077404023,
        0.5564811118984222
    ],
    "test_accuracy": [
        0.8705999851226807,
        0.8737199902534485,
        0.8716800212860107,
        0.866320013999939,
        0.8669999837875366
    ],
    "test_macro_precision": [
        0.8710702796295913,
        0.8743358249566032,
        0.8719237439448315,
        0.8684662208193743,
        0.8671829240703522
    ],
    "test_macro_recall": [
        0.8705999999999998,
        0.8737199999999998,
        0.8716799999999998,
        0.8663199999999999,
        0.8669999999999998
    ],
    "test_macro_f1": [
        0.8705589879092293,
        0.8736680423941072,
        0.8716589726055717,
        0.8661250532298137,
        0.8669834333713993
    ],
    "test_micro_f1": [
        0.8705999999995,
        0.8737199999995,
        0.8716799999994999,
        0.8663199999994999,
        0.8669999999995
    ],
    "test_weighted_f1": [
        0.8705589879092291,
        0.8736680423941073,
        0.8716589726055716,
        0.8661250532298138,
        0.8669834333713993
    ],
    "test_confidence": [
        0.8759126321792603,
        0.9240445361328125,
        0.9386847562408447,
        0.9753953744506836,
        0.9754092073822022
    ],
    "grad_norm": [
        0.9940340905382936,
        0.9985408608687016,
        0.9958960950710133,
        0.9253279756934002,
        0.7532523579351824
    ],
    "nonfinite_grad_tensors": [
        0.0014204545454545455,
        0.0,
        0.0,
        0.0014204545454545455,
        0.0014204545454545455
    ],
    "nonfinite_train_loss_batches": [
        0,
        0,
        0,
        0,
        0
    ],
    "nonfinite_val_loss_batches": [
        0,
        0,
        0,
        0,
        0
    ],
    "nonfinite_test_loss_batches": [
        0,
        0,
        0,
        0,
        0
    ],
    "fractional_applied_params": [
        4.0,
        4.0,
        4.0,
        4.0,
        4.0
    ],
    "epoch_time": [
        181.68592715263367,
        176.60159063339233,
        177.1594786643982,
        177.23764657974243,
        161.87036561965942
    ],
    "throughput_samples_per_sec": [
        123.84008135697728,
        127.40542097782009,
        127.00421207844511,
        126.94819884034537,
        139.00011848288145
    ],
    "lr": [
        2e-05,
        2e-05,
        2e-05,
        2e-05,
        2e-05
    ]
}