{
    "train_loss": [
        2.1206587505340577,
        2.0819396448135374,
        2.0375316381454467,
        1.9698424100875855,
        1.9538634419441223,
        1.9444833064079285,
        1.9404821658134461,
        1.938910071849823,
        1.9309543633461,
        1.9332891201972962
    ],
    "train_accuracy": [
        0.3295833468437195,
        0.34062498807907104,
        0.33802083134651184,
        0.3336458206176758,
        0.33677083253860474,
        0.33645832538604736,
        0.33770832419395447,
        0.33656251430511475,
        0.34166666865348816,
        0.33906251192092896
    ],
    "train_macro_precision": [
        0.08139291322670042,
        0.03406604854672361,
        0.14991506735762578,
        0.1272518239001541,
        0.13453389195539572,
        0.1344703700557867,
        0.13461520929765153,
        0.13555014541136198,
        0.14449433779131407,
        0.14659256790765934
    ],
    "train_macro_recall": [
        0.09983159574736009,
        0.09999999999999996,
        0.10430584628347053,
        0.1139959445312678,
        0.12109879919434677,
        0.11965467226761387,
        0.119907529663784,
        0.12169459304168126,
        0.12327769849196421,
        0.12682188439387737
    ],
    "train_macro_f1": [
        0.05734847826010111,
        0.05081979951818416,
        0.06224872769400772,
        0.08717129463022148,
        0.09810713868377849,
        0.09605626161739168,
        0.09507338856177307,
        0.09887338662643207,
        0.09994564395946608,
        0.10722422711659955
    ],
    "train_micro_f1": [
        0.3295833333328333,
        0.34062499999949997,
        0.3380208333328333,
        0.33364583333283326,
        0.3367708333328333,
        0.33645833333283326,
        0.3377083333328333,
        0.33656249999949994,
        0.34166666666616663,
        0.33906249999949994
    ],
    "train_weighted_f1": [
        0.17676692276583278,
        0.1731049421088148,
        0.18551723581704857,
        0.21042312724706136,
        0.2203615770204818,
        0.21771991918575645,
        0.2171935364800832,
        0.2213839751833234,
        0.22137953747123043,
        0.22872135179811343
    ],
    "train_confidence": [
        0.34402506311734515,
        0.3359175662199656,
        0.35037840008735655,
        0.34152072509129844,
        0.34699585755666096,
        0.3443389622370402,
        0.3475821363925934,
        0.344214422305425,
        0.3480232262611389,
        0.3442080922921499
    ],
    "val_loss": [
        2.060094785690308,
        2.0524660110473634,
        1.952159924507141,
        1.9384146213531495,
        1.9402544355392457,
        1.9307772207260132,
        1.9307006454467774,
        1.9321062612533568,
        1.9347001552581786,
        1.9327890348434449
    ],
    "val_accuracy": [
        0.3504166603088379,
        0.3504166603088379,
        0.34458333253860474,
        0.3499999940395355,
        0.3499999940395355,
        0.3504166603088379,
        0.3449999988079071,
        0.3454166650772095,
        0.34583333134651184,
        0.3487499952316284
    ],
    "val_macro_precision": [
        0.03504166666666665,
        0.03504166666666665,
        0.0580947443079793,
        0.06212543156797552,
        0.085731420485216,
        0.08812244681315977,
        0.08095255130484978,
        0.06325608951931669,
        0.09221773770611134,
        0.06856311649021682
    ],
    "val_macro_recall": [
        0.09999999999999988,
        0.09999999999999988,
        0.11001934241952593,
        0.10859679480161913,
        0.1256216538466262,
        0.10540710014631309,
        0.12030153253259974,
        0.1061430887607137,
        0.11758476198737935,
        0.10843010784929633
    ],
    "val_macro_f1": [
        0.05189756248067736,
        0.05189756248067736,
        0.06998907498543125,
        0.06835505504856036,
        0.08219000302288546,
        0.0634964558936491,
        0.08420937693401502,
        0.06659188793807243,
        0.07885205405588774,
        0.0679852133505453
    ],
    "val_micro_f1": [
        0.35041666666616655,
        0.35041666666616655,
        0.3445833333328332,
        0.3499999999994999,
        0.3499999999994999,
        0.35041666666616655,
        0.3449999999994999,
        0.34541666666616655,
        0.3458333333328332,
        0.3487499999994999
    ],
    "val_weighted_f1": [
        0.18185770852604025,
        0.18185770852604025,
        0.20733449594761427,
        0.20028462511717662,
        0.21163263401881288,
        0.1928759318279514,
        0.21964504601988846,
        0.19916019298710194,
        0.21209411309116347,
        0.19616315442675392
    ],
    "val_confidence": [
        0.3018960022926331,
        0.3467927328745524,
        0.3416028134028117,
        0.3380700127283732,
        0.3407448466618856,
        0.3408102830251058,
        0.3407012637456258,
        0.34520809809366865,
        0.3430305035909017,
        0.38788336435953774
    ],
    "grad_norm": [
        1.431481280748537,
        0.9593238277303416,
        1.021922766861758,
        1.0566537786371177,
        0.9670369484239504,
        0.8634461279116633,
        0.9743550710537005,
        1.0269778566322236,
        0.9463287851992311,
        1.0101003036220515
    ],
    "fractional_applied_params": [
        2.0,
        2.0,
        2.0,
        2.0,
        2.0,
        2.0,
        2.0,
        2.0,
        2.0,
        2.0
    ],
    "epoch_time": [
        4.7159504890441895,
        1.8888976573944092,
        0.8586111068725586,
        3.0734524726867676,
        3.808171272277832,
        3.8328702449798584,
        3.821394681930542,
        3.869623899459839,
        3.8212833404541016,
        3.854513645172119
    ],
    "throughput_samples_per_sec": [
        2035.6447808988112,
        5082.329348241382,
        11180.84767732326,
        3123.5231666386626,
        2520.895021157445,
        2504.650402025401,
        2512.171811352955,
        2480.8612540717627,
        2512.2450089919753,
        2490.5865911317387
    ],
    "lr": [
        0.0003,
        0.0003,
        0.0003,
        0.0003,
        0.0003,
        0.0003,
        0.0003,
        0.0003,
        0.0003,
        0.0003
    ]
}