{
    "train_loss": [
        0.35883273029327395,
        0.2068790796774405,
        0.17216996687209166
    ],
    "train_accuracy": [
        0.8917407393455505,
        0.9317314624786377,
        0.9438148140907288
    ],
    "train_macro_precision": [
        0.8918212770217326,
        0.9318840899277034,
        0.9439707102622905
    ],
    "train_macro_recall": [
        0.8916872244500152,
        0.9316993452695428,
        0.9437881993504038
    ],
    "train_macro_f1": [
        0.8915636174395809,
        0.9316869281562721,
        0.9437787699745633
    ],
    "train_micro_f1": [
        0.8917407407402407,
        0.9317314814809814,
        0.9438148148143147
    ],
    "train_weighted_f1": [
        0.8916131237908077,
        0.9317257069077222,
        0.9438121004255383
    ],
    "train_confidence": [
        0.8518804303098608,
        0.943645598853076,
        0.9556267241725215
    ],
    "val_loss": [
        0.22865137799580892,
        0.19586408352851867,
        0.1861978063583374
    ],
    "val_accuracy": [
        0.9233333468437195,
        0.934333324432373,
        0.937833309173584
    ],
    "val_macro_precision": [
        0.9240063465602776,
        0.9350560048297245,
        0.9383932216076412
    ],
    "val_macro_recall": [
        0.9238648550204569,
        0.934572726639184,
        0.93815407451765
    ],
    "val_macro_f1": [
        0.923614359725569,
        0.9347310426627801,
        0.9382517331226765
    ],
    "val_micro_f1": [
        0.9233333333328332,
        0.9343333333328332,
        0.9378333333328331
    ],
    "val_weighted_f1": [
        0.923222962072603,
        0.9344043452990809,
        0.9379070548291661
    ],
    "val_confidence": [
        0.94629416735967,
        0.9501550329526266,
        0.9583679262797038
    ],
    "test_loss": [
        0.2402250297446,
        0.20951626476488616,
        0.2015957202409443
    ],
    "test_accuracy": [
        0.9232894778251648,
        0.9330263137817383,
        0.9356579184532166
    ],
    "test_macro_precision": [
        0.9236039077388039,
        0.9333994571390742,
        0.9360104124732669
    ],
    "test_macro_recall": [
        0.9232894736842101,
        0.9330263157894733,
        0.9356578947368417
    ],
    "test_macro_f1": [
        0.9232016162093127,
        0.9331082356743907,
        0.9357869351778907
    ],
    "test_micro_f1": [
        0.9232894736837104,
        0.9330263157889735,
        0.935657894736342
    ],
    "test_weighted_f1": [
        0.9232016162093127,
        0.9331082356743907,
        0.9357869351778907
    ],
    "test_confidence": [
        0.9462436327181364,
        0.9505754643992373,
        0.9574375702205458
    ],
    "grad_norm": [
        NaN,
        NaN,
        NaN
    ],
    "fractional_applied_params": [
        0.0,
        4.0,
        4.0
    ],
    "epoch_time": [
        643.8213889598846,
        637.1648945808411,
        622.7155382633209
    ],
    "throughput_samples_per_sec": [
        167.74838775468095,
        169.500863777261,
        173.43392506504506
    ],
    "lr": [
        2e-05,
        2e-05,
        2e-05
    ]
}