{
    "train_loss": [
        0.5054351942274306,
        0.38722314995659723,
        0.3356175045437283,
        0.29171055467393664,
        0.24034041273328993
    ],
    "train_accuracy": [
        0.7453333139419556,
        0.8268444538116455,
        0.857022225856781,
        0.8827111124992371,
        0.9054222106933594
    ],
    "train_macro_precision": [
        0.7453410502826963,
        0.8268449773163835,
        0.8570396217484405,
        0.882753801580964,
        0.9054284712517098
    ],
    "train_macro_recall": [
        0.7453425235620824,
        0.8268497291468577,
        0.8570366116400585,
        0.8827326709942411,
        0.9054323922527863
    ],
    "train_macro_f1": [
        0.7453332830282964,
        0.8268438971851502,
        0.8570221880482598,
        0.8827105085032679,
        0.9054221616919054
    ],
    "train_micro_f1": [
        0.7453333333328331,
        0.8268444444439443,
        0.8570222222217222,
        0.8827111111106111,
        0.9054222222217222
    ],
    "train_weighted_f1": [
        0.7453337156473119,
        0.8268450737915575,
        0.8570219208739188,
        0.8827094923418662,
        0.9054224508899177
    ],
    "train_confidence": [
        0.7375977228588528,
        0.8382858518600463,
        0.8646527119000753,
        0.8907352327664693,
        0.9141244049602084
    ],
    "val_loss": [
        0.4190837280273437,
        0.3811925598144531,
        0.37930457763671876,
        0.3826217498779297,
        0.4705964996337891
    ],
    "val_accuracy": [
        0.8155999779701233,
        0.829200029373169,
        0.8388000130653381,
        0.8456000089645386,
        0.8127999901771545
    ],
    "val_macro_precision": [
        0.8180033416875516,
        0.8314710892875032,
        0.8394082991803273,
        0.846410669421439,
        0.828560425314825
    ],
    "val_macro_recall": [
        0.8170760150731964,
        0.8306370226270954,
        0.8396146864353395,
        0.8446455998169988,
        0.816518235018591
    ],
    "val_macro_f1": [
        0.8155596001743228,
        0.8291702346211809,
        0.8387956410336334,
        0.8451002562502259,
        0.8115942028980567
    ],
    "val_micro_f1": [
        0.8155999999994996,
        0.8291999999994997,
        0.8387999999994996,
        0.8455999999994996,
        0.8127999999994996
    ],
    "val_weighted_f1": [
        0.8154656978779637,
        0.829092664241318,
        0.8388244772693652,
        0.8454029179575325,
        0.8110757101444337
    ],
    "val_confidence": [
        0.8363981966018676,
        0.8437189548492432,
        0.8881143764495849,
        0.9115414958000183,
        0.903019444179535
    ],
    "test_loss": [
        0.4142700622558594,
        0.38029259460449216,
        0.3832440689086914,
        0.3876021188354492,
        0.4877757681274414
    ],
    "test_accuracy": [
        0.8113600015640259,
        0.8275600075721741,
        0.834119975566864,
        0.8391199707984924,
        0.807640016078949
    ],
    "test_macro_precision": [
        0.8148604909794054,
        0.8307468736637446,
        0.8357202176690762,
        0.839587916288161,
        0.8268311951986398
    ],
    "test_macro_recall": [
        0.8113599999999999,
        0.8275599999999999,
        0.8341199999999999,
        0.8391199999999999,
        0.8076399999999999
    ],
    "test_macro_f1": [
        0.8108342329692827,
        0.8271436155200307,
        0.8339220965209471,
        0.8390645619898012,
        0.8047741339513814
    ],
    "test_micro_f1": [
        0.8113599999994999,
        0.8275599999994999,
        0.8341199999994999,
        0.8391199999994999,
        0.8076399999995
    ],
    "test_weighted_f1": [
        0.8108342329692826,
        0.8271436155200306,
        0.8339220965209473,
        0.8390645619898013,
        0.8047741339513814
    ],
    "test_confidence": [
        0.8333330047988892,
        0.8418147068977356,
        0.8837748161315918,
        0.9058888923072815,
        0.9050867254257202
    ],
    "grad_norm": [
        0.9611379040236525,
        0.9581288343815912,
        0.9591217112042824,
        0.9566875682964397,
        0.9541967027773995
    ],
    "nonfinite_grad_tensors": [
        0.0,
        0.0,
        0.0,
        0.0014204545454545455,
        0.0
    ],
    "nonfinite_train_loss_batches": [
        0,
        0,
        0,
        0,
        0
    ],
    "nonfinite_val_loss_batches": [
        0,
        0,
        0,
        0,
        0
    ],
    "nonfinite_test_loss_batches": [
        0,
        0,
        0,
        0,
        0
    ],
    "fractional_applied_params": [
        16.0,
        16.0,
        16.0,
        16.0,
        16.0
    ],
    "epoch_time": [
        116.24174761772156,
        111.0733413696289,
        114.7022557258606,
        114.72730112075806,
        112.47706770896912
    ],
    "throughput_samples_per_sec": [
        193.56212773051752,
        202.56885876084968,
        196.16004809683253,
        196.1172256315632,
        200.04077682944265
    ],
    "lr": [
        2e-05,
        2e-05,
        2e-05,
        2e-05,
        2e-05
    ]
}