{
    "train_loss": [
        2.193145528793335,
        2.1335984783172606,
        2.0463784980773925,
        2.014841977119446,
        1.9987177381515502,
        1.991972908973694,
        1.982739206314087,
        1.9788683786392212,
        1.96618803024292,
        1.9599654407501221
    ],
    "train_accuracy": [
        0.27512499690055847,
        0.28312501311302185,
        0.2893750071525574,
        0.2938750088214874,
        0.29212498664855957,
        0.2983750104904175,
        0.30137500166893005,
        0.29737499356269836,
        0.30375000834465027,
        0.3061249852180481
    ],
    "train_macro_precision": [
        0.0746640756140941,
        0.07997089890350925,
        0.1427956558234247,
        0.15441219673673584,
        0.15989199968524503,
        0.16087137523887923,
        0.1671994160487059,
        0.17584086221384793,
        0.18207163498467013,
        0.18435540390931526
    ],
    "train_macro_recall": [
        0.09946164343268933,
        0.10342903461169643,
        0.13701873775759094,
        0.14826801784898433,
        0.14993955673395964,
        0.15904276457289734,
        0.16227738791594143,
        0.16211042854291244,
        0.1696506089722249,
        0.17250694969263652
    ],
    "train_macro_f1": [
        0.05048362849873159,
        0.05472606977555807,
        0.11326582252331774,
        0.12891145032962403,
        0.13050170930466598,
        0.14045014014644136,
        0.14260347699575177,
        0.1448156378601645,
        0.1527535864710982,
        0.15477611256548932
    ],
    "train_micro_f1": [
        0.27512499999949996,
        0.28312499999949997,
        0.2893749999995,
        0.29387499999949995,
        0.2921249999995,
        0.29837499999949996,
        0.30137499999949996,
        0.29737499999949996,
        0.3037499999995,
        0.3061249999995
    ],
    "train_weighted_f1": [
        0.13070447904402147,
        0.13732615423190442,
        0.20122270931065717,
        0.2156093556399876,
        0.21687392211974854,
        0.22520402606709686,
        0.22869442021636227,
        0.23151750040615734,
        0.23575539169821966,
        0.23975397678480645
    ],
    "train_confidence": [
        0.283868417263031,
        0.28669548082351687,
        0.3094457545280457,
        0.3074895143508911,
        0.31485953855514526,
        0.3114571404457092,
        0.3114495644569397,
        0.3104150080680847,
        0.3169069747924805,
        0.3151677513122559
    ],
    "val_loss": [
        2.1580019607543943,
        2.0836962032318116,
        2.02955051612854,
        2.0184470348358152,
        2.015818323135376,
        2.0144578075408934,
        2.0124594860076903,
        2.0059264793395997,
        2.025952428817749,
        2.0122034549713135
    ],
    "val_accuracy": [
        0.27300000190734863,
        0.28299999237060547,
        0.2854999899864197,
        0.28049999475479126,
        0.2840000092983246,
        0.289000004529953,
        0.2874999940395355,
        0.289000004529953,
        0.2800000011920929,
        0.28200000524520874
    ],
    "val_macro_precision": [
        0.027299999999999984,
        0.0619971307640715,
        0.10832473960638371,
        0.11446513892732006,
        0.1303590369544098,
        0.15150868508967896,
        0.14765849437136785,
        0.16627949110986992,
        0.16334301723223169,
        0.17106677825654373
    ],
    "val_macro_recall": [
        0.09999999999999981,
        0.1219636503847027,
        0.1533955390913187,
        0.1282320525925571,
        0.14317475902116397,
        0.15629207073374074,
        0.14701379083384045,
        0.1615023423957769,
        0.16704283228953065,
        0.15384428720724042
    ],
    "val_macro_f1": [
        0.042890809112299345,
        0.07036323449147044,
        0.11248104197926076,
        0.08574284929638469,
        0.11522941394995616,
        0.12101798346422259,
        0.11069108479573195,
        0.1337103128699273,
        0.13829727086955174,
        0.1214472148865396
    ],
    "val_micro_f1": [
        0.27299999999949986,
        0.2829999999994999,
        0.2854999999994999,
        0.28049999999949987,
        0.2839999999994999,
        0.2889999999994999,
        0.2874999999994999,
        0.2889999999994999,
        0.27999999999949987,
        0.2819999999994999
    ],
    "val_weighted_f1": [
        0.11709190887657721,
        0.15254552744809524,
        0.20382229209282424,
        0.16886498789397894,
        0.19401124108159432,
        0.2117000328185699,
        0.20546814174771555,
        0.21762150007779876,
        0.22339307332226047,
        0.21106972741919006
    ],
    "val_confidence": [
        0.2942888507843018,
        0.30260314273834227,
        0.280650598526001,
        0.32367449283599853,
        0.3089978141784668,
        0.2804424476623535,
        0.311231746673584,
        0.29086684608459473,
        0.28417938327789305,
        0.31766769409179685
    ],
    "grad_norm": [
        1.1950888410036864,
        0.9773673595021497,
        1.1061082273299736,
        1.0682829928342907,
        1.0231085382684215,
        1.0531351132560491,
        1.0466388317748128,
        1.0243118967612814,
        1.0024057495298522,
        1.0297526708477704
    ],
    "fractional_applied_params": [
        42.0,
        42.0,
        42.0,
        42.0,
        42.0,
        42.0,
        42.0,
        42.0,
        42.0,
        42.0
    ],
    "epoch_time": [
        6.323423147201538,
        2.787419319152832,
        2.7785778045654297,
        2.3822760581970215,
        2.3917641639709473,
        2.503736972808838,
        2.557142734527588,
        2.346219301223755,
        2.495274543762207,
        2.4777488708496094
    ],
    "throughput_samples_per_sec": [
        1265.1375392362347,
        2870.038226767907,
        2879.170771052496,
        3358.1330645847324,
        3344.8113825394603,
        3195.2238141952803,
        3128.4917701232416,
        3409.740937612828,
        3206.060038563187,
        3228.7372195459157
    ],
    "lr": [
        0.0003,
        0.0003,
        0.0003,
        0.0003,
        0.0003,
        0.0003,
        0.0003,
        0.0003,
        0.0003,
        0.0003
    ]
}