{
    "train_loss": [
        2.1122242188453675,
        2.076212067604065,
        2.042229754924774,
        1.9627846002578735,
        1.949884934425354,
        1.9468622660636903,
        1.9414194679260255,
        1.9370113968849183,
        1.9310759258270265,
        1.9336220169067382
    ],
    "train_accuracy": [
        0.3320833444595337,
        0.3454166650772095,
        0.34468749165534973,
        0.3411458432674408,
        0.34177082777023315,
        0.33927083015441895,
        0.34052082896232605,
        0.34281250834465027,
        0.34156250953674316,
        0.34416666626930237
    ],
    "train_macro_precision": [
        0.0799750105614514,
        0.13453844550938113,
        0.06497911898094086,
        0.14306832320561175,
        0.13779143033580477,
        0.13189771992052807,
        0.1397604553417699,
        0.14116796407402685,
        0.15117603213170328,
        0.138654905426541
    ],
    "train_macro_recall": [
        0.10188997341138313,
        0.10011363636363635,
        0.10171199551668304,
        0.11678633051442913,
        0.12073299173300936,
        0.12003986228811533,
        0.1225667447045196,
        0.12158835780143644,
        0.12433734081386445,
        0.12084384148593774
    ],
    "train_macro_f1": [
        0.0625498294783645,
        0.051570621973453454,
        0.056411465211653425,
        0.09058553867837019,
        0.09781380546595461,
        0.0976593660850582,
        0.10187953619960684,
        0.09918872286666945,
        0.10375110638525298,
        0.0976219639550108
    ],
    "train_micro_f1": [
        0.3320833333328333,
        0.3454166666661666,
        0.34468749999949994,
        0.34114583333283327,
        0.34177083333283326,
        0.33927083333283325,
        0.3405208333328333,
        0.3428124999994999,
        0.34156249999949995,
        0.34416666666616663
    ],
    "train_weighted_f1": [
        0.18328826723623745,
        0.17750399053253985,
        0.18300871055147294,
        0.2170046758157127,
        0.2227059789651623,
        0.2247150883880813,
        0.22672103548266367,
        0.22497114815096989,
        0.2264337021039156,
        0.22496829561809673
    ],
    "train_confidence": [
        0.34233140587806704,
        0.34652608036994936,
        0.3453573250770569,
        0.3500880523522695,
        0.34912458817164105,
        0.3504293624560038,
        0.3496984366575877,
        0.34862486004829407,
        0.35104570428530374,
        0.34760794838269554
    ],
    "val_loss": [
        2.0834537649154665,
        2.0736197996139527,
        1.9972277116775512,
        1.9737352848052978,
        1.970458369255066,
        1.967617211341858,
        1.9665247869491578,
        1.9655631017684936,
        1.9609203147888183,
        1.9606174898147584
    ],
    "val_accuracy": [
        0.3316666781902313,
        0.3316666781902313,
        0.3270833194255829,
        0.33375000953674316,
        0.3304166793823242,
        0.33000001311302185,
        0.3304166793823242,
        0.33416667580604553,
        0.3229166567325592,
        0.3329166769981384
    ],
    "val_macro_precision": [
        0.03316666666666666,
        0.03316666666666666,
        0.05938952154923007,
        0.0944720448571509,
        0.10618029925603364,
        0.10448573088951636,
        0.1252242300481406,
        0.10822432626173577,
        0.1103672767760496,
        0.12059674496437363
    ],
    "val_macro_recall": [
        0.09999999999999987,
        0.09999999999999987,
        0.10472578589039042,
        0.10677210878906337,
        0.12507477795055805,
        0.11025363690375578,
        0.11579482149756508,
        0.11059205773340941,
        0.1150909979445858,
        0.11734288754595715
    ],
    "val_macro_f1": [
        0.049812265331627144,
        0.049812265331627144,
        0.06154280113004011,
        0.06558990946321772,
        0.09182494177723795,
        0.0732676616068614,
        0.07862688356504502,
        0.06903503261107155,
        0.0792574598440777,
        0.08084850390963833
    ],
    "val_micro_f1": [
        0.33166666666616657,
        0.33166666666616657,
        0.32708333333283324,
        0.3337499999994999,
        0.33041666666616654,
        0.32999999999949986,
        0.33041666666616654,
        0.33416666666616657,
        0.32291666666616653,
        0.33291666666616654
    ],
    "val_weighted_f1": [
        0.16521068001656336,
        0.16521068001656336,
        0.17952158719156933,
        0.18215312963839106,
        0.2069050130389418,
        0.1900052076881313,
        0.1924806146037218,
        0.18272123506866786,
        0.20091567324604104,
        0.19487009160011565
    ],
    "val_confidence": [
        0.33800710360209146,
        0.3503353532155355,
        0.3629180637995402,
        0.3740661652882894,
        0.3333025900522868,
        0.35906070232391357,
        0.35805746078491213,
        0.3756000487009684,
        0.31276560147603355,
        0.34780224800109866
    ],
    "grad_norm": [
        1.1757792131824243,
        0.8366382013296183,
        0.8524072642738416,
        0.8569143851206082,
        0.8651648173919341,
        0.9232619797013224,
        0.8320297968470238,
        0.823642826667432,
        0.8342083781273155,
        0.8442744863180242
    ],
    "fractional_applied_params": [
        0.0,
        0.0,
        0.0,
        2.0,
        2.0,
        2.0,
        2.0,
        2.0,
        2.0,
        2.0
    ],
    "epoch_time": [
        5.2975547313690186,
        0.5988104343414307,
        1.5030372142791748,
        0.9134218692779541,
        0.6692864894866943,
        0.6687271595001221,
        1.8273508548736572,
        1.8621547222137451,
        1.8480427265167236,
        1.8675367832183838
    ],
    "throughput_samples_per_sec": [
        1812.1568321237758,
        16031.784767675335,
        6387.067405116752,
        10509.930102274267,
        14343.633333107722,
        14355.630489385332,
        5253.506722256544,
        5155.318129842315,
        5194.685091558746,
        5140.460999893145
    ],
    "lr": [
        0.0003,
        0.0003,
        0.0003,
        0.0003,
        0.0003,
        0.0003,
        0.0003,
        0.0003,
        0.0003,
        0.0003
    ]
}