{
    "train_loss": [
        1.897305721292137,
        1.0298612599263757,
        0.7355893077157774,
        0.5371939576609857,
        0.38335753306066034
    ],
    "train_accuracy": [
        0.49700480699539185,
        0.7100068926811218,
        0.7856230735778809,
        0.8436610102653503,
        0.8924678564071655
    ],
    "train_macro_precision": [
        0.4796119497893344,
        0.69342037403969,
        0.773877767824364,
        0.8394601699501456,
        0.8903682620188331
    ],
    "train_macro_recall": [
        0.4821559232977305,
        0.6953459956986716,
        0.7718817791970557,
        0.8333124906716545,
        0.8852586842913244
    ],
    "train_macro_f1": [
        0.46056327388034213,
        0.6848262996606793,
        0.7661827885057745,
        0.8328974798429873,
        0.8862097611619285
    ],
    "train_micro_f1": [
        0.497004811940971,
        0.7100068742016015,
        0.785623097318561,
        0.8436610036330067,
        0.8924678385539533
    ],
    "train_weighted_f1": [
        0.4728882634010538,
        0.6985086028732986,
        0.7789565104021762,
        0.841641982002847,
        0.8920722083197851
    ],
    "train_confidence": [
        0.264890177397647,
        0.5789029631717235,
        0.7141953527511811,
        0.7897044934985751,
        0.8500202270360964
    ],
    "val_loss": [
        1.2477705164571233,
        0.9974882222191619,
        0.951377146809002,
        0.9613029216897899,
        1.0164257121444487
    ],
    "val_accuracy": [
        0.6534040570259094,
        0.6958444118499756,
        0.7197170853614807,
        0.7179487347602844,
        0.7285587787628174
    ],
    "val_macro_precision": [
        0.6220842169526265,
        0.6956129481299211,
        0.7066209461509028,
        0.7187612053482602,
        0.7236254007111149
    ],
    "val_macro_recall": [
        0.6325671001794699,
        0.6760972950259777,
        0.703410884973578,
        0.6997178459283542,
        0.7146484939665442
    ],
    "val_macro_f1": [
        0.6178247159678834,
        0.6716453721873414,
        0.7016687805134657,
        0.7016254579362211,
        0.7157890965230036
    ],
    "val_micro_f1": [
        0.6534040671966701,
        0.6958443854990574,
        0.7197170645441502,
        0.7179487179482174,
        0.7285587975238141
    ],
    "val_weighted_f1": [
        0.6371321177233887,
        0.6887863955747271,
        0.7171963900393261,
        0.7161450326587885,
        0.728252416920275
    ],
    "val_confidence": [
        0.4881909578696065,
        0.6711745877691753,
        0.7437654641958383,
        0.7995502453373134,
        0.8362375895182291
    ],
    "test_loss": [
        1.3137996792793274,
        1.1203588565422764,
        1.0852004307669905,
        1.118751492483845,
        1.2027261761737769
    ],
    "test_accuracy": [
        0.6371481418609619,
        0.6725969314575195,
        0.6808284521102905,
        0.6848114728927612,
        0.6802973747253418
    ],
    "test_macro_precision": [
        0.6100244225933951,
        0.648121685170564,
        0.671875287444982,
        0.6800637479368004,
        0.6740898941128857
    ],
    "test_macro_recall": [
        0.6187195430113739,
        0.6556578549517267,
        0.6662364059729401,
        0.669135222345516,
        0.6671682396475742
    ],
    "test_macro_f1": [
        0.603504818384688,
        0.6465180633040795,
        0.6652261813079018,
        0.6690225044728095,
        0.6679363842082296
    ],
    "test_micro_f1": [
        0.6371481678168127,
        0.6725969198083156,
        0.6808284652145822,
        0.6848114710563241,
        0.6802973977690167
    ],
    "test_weighted_f1": [
        0.6203495543774086,
        0.6628636716516937,
        0.6787894164048183,
        0.6831634248011269,
        0.6808159627202598
    ],
    "test_confidence": [
        0.4831857679375169,
        0.6684221022317717,
        0.734193404304557,
        0.7837497151030927,
        0.813893084695728
    ],
    "grad_norm": [
        0.9928447708484478,
        0.9986807040439223,
        0.9986649054536841,
        0.9986175833486268,
        0.998584815843556
    ],
    "nonfinite_grad_tensors": [
        0.009404388714733543,
        0.0,
        0.0,
        0.0,
        0.0
    ],
    "nonfinite_train_loss_batches": [
        0,
        0,
        0,
        0,
        0
    ],
    "nonfinite_val_loss_batches": [
        0,
        0,
        0,
        0,
        0
    ],
    "nonfinite_test_loss_batches": [
        0,
        0,
        0,
        0,
        0
    ],
    "fractional_applied_params": [
        4.0,
        4.0,
        4.0,
        4.0,
        4.0
    ],
    "epoch_time": [
        96.26577711105347,
        89.26534628868103,
        96.49441361427307,
        96.7014091014862,
        96.18050742149353
    ],
    "throughput_samples_per_sec": [
        105.7800633370752,
        114.07562310987437,
        105.5294251613937,
        105.30353274700624,
        105.87384359883713
    ],
    "lr": [
        2e-05,
        2e-05,
        2e-05,
        2e-05,
        2e-05
    ]
}