{
    "train_loss": [
        2.319491569519043,
        2.2476499061584474,
        2.160203067779541,
        2.120397048950195,
        2.0756399688720704,
        2.0389660511016845,
        2.0122142028808594,
        1.9980433588027955,
        1.940684295654297,
        1.9067418613433837
    ],
    "train_accuracy": [
        0.1914999932050705,
        0.22550000250339508,
        0.24199999868869781,
        0.2542499899864197,
        0.2682499885559082,
        0.2837499976158142,
        0.28700000047683716,
        0.2902500033378601,
        0.3089999854564667,
        0.3227500021457672
    ],
    "train_macro_precision": [
        0.10256407301090723,
        0.11532392990329668,
        0.1507252155760495,
        0.16987664481735662,
        0.22291742678538057,
        0.21654245575851472,
        0.21558537911791403,
        0.2619624289823463,
        0.25105079896912874,
        0.2672231326997345
    ],
    "train_macro_recall": [
        0.10234988808574437,
        0.11336598631409862,
        0.143378228287225,
        0.17416540925695978,
        0.19872963728505127,
        0.21841095724327272,
        0.2134299104360277,
        0.2115681908061378,
        0.24040412587939658,
        0.2571402924410544
    ],
    "train_macro_f1": [
        0.0720585941541427,
        0.06870170891039175,
        0.1160353053076683,
        0.14406081440945667,
        0.17660614263181354,
        0.1913464993294862,
        0.18309418173654002,
        0.1911867277981812,
        0.21943070508607812,
        0.2510535646333652
    ],
    "train_micro_f1": [
        0.19149999999949996,
        0.22549999999949996,
        0.24199999999949995,
        0.25424999999949993,
        0.26824999999949994,
        0.28374999999949996,
        0.28699999999949993,
        0.29024999999949996,
        0.30899999999949995,
        0.32274999999949994
    ],
    "train_weighted_f1": [
        0.11363132729045436,
        0.11469613333858562,
        0.16185308755788447,
        0.19285168698971594,
        0.2272623847334567,
        0.24071729883538814,
        0.23535618495550528,
        0.25266278513061285,
        0.27407947650518644,
        0.2994529807430634
    ],
    "train_confidence": [
        0.23446703338623046,
        0.22602130031585693,
        0.26523790550231935,
        0.3265812931060791,
        0.26392487621307376,
        0.31636179637908934,
        0.3449844379425049,
        0.3149138555526733,
        0.3338696346282959,
        0.3496568660736084
    ],
    "val_loss": [
        2.2894062480926514,
        2.223958448410034,
        2.17850209236145,
        2.0921672592163088,
        2.0792914810180663,
        2.023493801116943,
        2.0105001068115236,
        1.972411347389221,
        1.9526061553955079,
        1.9044406213760376
    ],
    "val_accuracy": [
        0.21199999749660492,
        0.2240000069141388,
        0.26499998569488525,
        0.2460000067949295,
        0.2770000100135803,
        0.29499998688697815,
        0.3009999990463257,
        0.289000004529953,
        0.29899999499320984,
        0.3230000138282776
    ],
    "val_macro_precision": [
        0.021199999999999976,
        0.05244736122504716,
        0.22888377396866963,
        0.19776996550114137,
        0.24987281735835903,
        0.2891214769686528,
        0.3366647806671531,
        0.3013592375535597,
        0.31548938237851815,
        0.3155330790333318
    ],
    "val_macro_recall": [
        0.09999999999999953,
        0.11155660377358431,
        0.171083505137338,
        0.14622911572496194,
        0.1988999412937487,
        0.20812913528246138,
        0.2382955357699938,
        0.21909236832976653,
        0.24597181891846395,
        0.26689841246123197
    ],
    "val_macro_f1": [
        0.03498349834980606,
        0.053742102177664966,
        0.13300594935361285,
        0.11043793056703836,
        0.14822406106455283,
        0.1836871761943985,
        0.19346587591782186,
        0.17964639765031193,
        0.21830933925760782,
        0.2570106062346233
    ],
    "val_micro_f1": [
        0.21199999999949978,
        0.2239999999994998,
        0.26499999999949975,
        0.24599999999949976,
        0.2769999999994997,
        0.2949999999994997,
        0.3009999999994997,
        0.2889999999994997,
        0.2989999999994997,
        0.3229999999994997
    ],
    "val_weighted_f1": [
        0.07416501650158884,
        0.09621173762934945,
        0.17550923730374726,
        0.15079775837041248,
        0.18387136231260032,
        0.2348764419004952,
        0.24873325020654907,
        0.23371723965128618,
        0.26388593011755496,
        0.29908674670772045
    ],
    "val_confidence": [
        0.22961691761016845,
        0.28519529914855957,
        0.40306587982177733,
        0.3383472414016724,
        0.36793864250183106,
        0.29957406234741213,
        0.3031351280212402,
        0.311209321975708,
        0.2967404270172119,
        0.310821346282959
    ],
    "grad_norm": [
        1.7472720500567027,
        1.382130729766237,
        1.434455639435116,
        1.779193308290713,
        1.4352543855032662,
        1.49454881965096,
        1.414653533462563,
        1.2880770057570874,
        1.13959934291856,
        1.0605331927537067
    ],
    "fractional_applied_params": [
        20.0,
        20.0,
        20.0,
        20.0,
        20.0,
        20.0,
        20.0,
        20.0,
        20.0,
        20.0
    ],
    "epoch_time": [
        5.024646759033203,
        1.449021339416504,
        1.2306199073791504,
        1.6322970390319824,
        1.5153231620788574,
        1.2074010372161865,
        1.249387502670288,
        1.5740025043487549,
        1.2350819110870361,
        1.4488699436187744
    ],
    "throughput_samples_per_sec": [
        796.0758620113712,
        2760.4838460217097,
        3250.394354922142,
        2450.5343723297815,
        2639.7009562715575,
        3312.900914200387,
        3201.5687618540196,
        2541.292017610229,
        3238.6515939493183,
        2760.772295413478
    ],
    "lr": [
        0.0003,
        0.0003,
        0.0003,
        0.0003,
        0.0003,
        0.0003,
        0.0003,
        0.0003,
        0.0003,
        0.0003
    ]
}