{
    "train_loss": [
        2.25015185546875,
        2.044416823387146,
        1.9659998035430908,
        1.9231397743225098,
        1.8821924858093262,
        1.851448956489563,
        1.829282546043396,
        1.809050435066223,
        1.7755493850708008,
        1.7354706315994262
    ],
    "train_accuracy": [
        0.2280000001192093,
        0.2944999933242798,
        0.3230000138282776,
        0.33250001072883606,
        0.3452500104904175,
        0.34825000166893005,
        0.3569999933242798,
        0.3512499928474426,
        0.3659999966621399,
        0.38374999165534973
    ],
    "train_macro_precision": [
        0.14141951931644814,
        0.2367373205220032,
        0.25049565171144406,
        0.27193437917482344,
        0.28828930934565855,
        0.28948424872905776,
        0.30977372892355987,
        0.30295646280495425,
        0.31098142585282273,
        0.33366872957538324
    ],
    "train_macro_recall": [
        0.11978422790795198,
        0.19879243200183622,
        0.2466401618730863,
        0.25971817532844615,
        0.2808367469670828,
        0.28202025809905706,
        0.2941530590003461,
        0.28485327466312643,
        0.30166377629363855,
        0.3197627666316987
    ],
    "train_macro_f1": [
        0.08660609397759346,
        0.18148668724691264,
        0.23288974811258373,
        0.2510051698614328,
        0.27407100198080236,
        0.2770424677369061,
        0.2872784711865699,
        0.27959000116468324,
        0.2966671594833802,
        0.3159231312293137
    ],
    "train_micro_f1": [
        0.2279999999995,
        0.29449999999949994,
        0.32299999999949996,
        0.3324999999994999,
        0.34524999999949996,
        0.34824999999949996,
        0.35699999999949994,
        0.3512499999994999,
        0.3659999999995,
        0.38374999999949994
    ],
    "train_weighted_f1": [
        0.1299642282561112,
        0.22902465485290302,
        0.28328465091197136,
        0.29937038406864525,
        0.3205863700924208,
        0.3243665842836403,
        0.332633972143729,
        0.32066545086854265,
        0.34129127977279416,
        0.36073656634525314
    ],
    "train_confidence": [
        0.23566747283935546,
        0.28251832103729246,
        0.3333592348098755,
        0.3376466121673584,
        0.34626519680023193,
        0.36009516429901123,
        0.3580213575363159,
        0.3741349363327026,
        0.37623383331298826,
        0.380938307762146
    ],
    "val_loss": [
        2.1383115100860595,
        2.041033197402954,
        2.003339122772217,
        1.9878552131652831,
        1.9586862964630127,
        1.9729628143310547,
        1.9707955207824708,
        1.9401209106445312,
        1.9340112838745118,
        1.9357411403656006
    ],
    "val_accuracy": [
        0.22300000488758087,
        0.28200000524520874,
        0.29100000858306885,
        0.296999990940094,
        0.29499998688697815,
        0.3019999861717224,
        0.29899999499320984,
        0.30000001192092896,
        0.2980000078678131,
        0.3160000145435333
    ],
    "val_macro_precision": [
        0.12533886784895484,
        0.23537184824405105,
        0.24327942508192865,
        0.2617137984496268,
        0.23635379156836614,
        0.28178753668687784,
        0.23447781867613265,
        0.2516831965077468,
        0.24208240415053656,
        0.2741520715466709
    ],
    "val_macro_recall": [
        0.12115131540424484,
        0.22479569636586,
        0.23312049064116236,
        0.24969683768910764,
        0.23811728857180842,
        0.231254218521372,
        0.23354096849882885,
        0.246964469758995,
        0.24557346419287235,
        0.24910678672356426
    ],
    "val_macro_f1": [
        0.0725321253905976,
        0.2061424569591684,
        0.21412255240513273,
        0.2372580634677448,
        0.2239829145331275,
        0.2113751912518777,
        0.20790717134939224,
        0.22510070313332703,
        0.22129146820794848,
        0.229430922044732
    ],
    "val_micro_f1": [
        0.2229999999994998,
        0.2819999999994997,
        0.2909999999994997,
        0.2969999999994997,
        0.2949999999994997,
        0.3019999999994997,
        0.2989999999994997,
        0.2999999999994997,
        0.2979999999994997,
        0.3159999999994997
    ],
    "val_weighted_f1": [
        0.11266987945672786,
        0.24670925697958757,
        0.2551631146788283,
        0.27700802660871,
        0.26101561067912615,
        0.24776970195080383,
        0.23914008420619573,
        0.27070982079988093,
        0.2608591729921581,
        0.27233640519830266
    ],
    "val_confidence": [
        0.24299683380126952,
        0.2942746982574463,
        0.2991638708114624,
        0.3047053003311157,
        0.34226341247558595,
        0.38980162429809573,
        0.40775289726257324,
        0.3582095375061035,
        0.36308898162841796,
        0.41027308654785155
    ],
    "grad_norm": [
        1.796858817944393,
        1.453272709504329,
        1.5742329430943676,
        1.4197279691167757,
        1.475033091705151,
        1.5309587020562365,
        1.6453029944088067,
        1.6469875121386806,
        1.4099260152807054,
        1.3796623192657858
    ],
    "fractional_applied_params": [
        2.0,
        2.0,
        2.0,
        2.0,
        2.0,
        2.0,
        2.0,
        2.0,
        2.0,
        2.0
    ],
    "epoch_time": [
        4.399536848068237,
        1.1959562301635742,
        1.1906325817108154,
        1.1870174407958984,
        1.1900417804718018,
        1.0761690139770508,
        0.9423713684082031,
        0.9062912464141846,
        0.376798152923584,
        0.6919782161712646
    ],
    "throughput_samples_per_sec": [
        909.1866117126244,
        3344.604007333035,
        3359.558659357713,
        3369.7904196908758,
        3361.226526361257,
        3716.8882843204588,
        4244.611131126107,
        4413.592226369092,
        10615.763291204918,
        5780.528789088355
    ],
    "lr": [
        0.0003,
        0.0003,
        0.0003,
        0.0003,
        0.0003,
        0.0003,
        0.0003,
        0.0003,
        0.0003,
        0.0003
    ]
}