{
    "train_loss": [
        0.45361809695208516,
        0.28458685090667324,
        NaN,
        NaN,
        NaN
    ],
    "train_accuracy": [
        0.8693055510520935,
        0.9078124761581421,
        0.0,
        0.0,
        0.0
    ],
    "train_macro_precision": [
        0.8704513516161143,
        0.9080419679961571,
        0.0,
        0.0,
        0.0
    ],
    "train_macro_recall": [
        0.8692796100515323,
        0.9076237325062461,
        0.0,
        0.0,
        0.0
    ],
    "train_macro_f1": [
        0.8693829026963028,
        0.9075667765892219,
        0.0,
        0.0,
        0.0
    ],
    "train_micro_f1": [
        0.8693055555550555,
        0.9078124999995,
        0.0,
        0.0,
        0.0
    ],
    "train_weighted_f1": [
        0.8693826282983422,
        0.9077515444418893,
        0.0,
        0.0,
        0.0
    ],
    "train_confidence": [
        0.7813221429100743,
        0.9039008174287645,
        NaN,
        NaN,
        NaN
    ],
    "val_loss": [
        0.2945254656473796,
        0.0,
        0.0,
        0.0,
        0.0
    ],
    "val_accuracy": [
        0.9042500257492065,
        0.2589166760444641,
        0.2589166760444641,
        0.2589166760444641,
        0.2589166760444641
    ],
    "val_macro_precision": [
        0.905381204012634,
        0.06472916666666666,
        0.06472916666666666,
        0.06472916666666666,
        0.06472916666666666
    ],
    "val_macro_recall": [
        0.9046053318465819,
        0.24999999999999992,
        0.24999999999999992,
        0.24999999999999992,
        0.24999999999999992
    ],
    "val_macro_f1": [
        0.9040647639606516,
        0.10283312371740025,
        0.10283312371740025,
        0.10283312371740025,
        0.10283312371740025
    ],
    "val_micro_f1": [
        0.9042499999994998,
        0.25891666666616664,
        0.25891666666616664,
        0.25891666666616664,
        0.25891666666616664
    ],
    "val_weighted_f1": [
        0.9040361373367523,
        0.10650083846332085,
        0.10650083846332085,
        0.10650083846332085,
        0.10650083846332085
    ],
    "val_confidence": [
        0.9095171707471211,
        NaN,
        NaN,
        NaN,
        NaN
    ],
    "test_loss": [
        0.29729691957172594,
        0.0,
        0.0,
        0.0,
        0.0
    ],
    "test_accuracy": [
        0.9043421149253845,
        0.25,
        0.25,
        0.25,
        0.25
    ],
    "test_macro_precision": [
        0.9053630080502764,
        0.06249999999999999,
        0.06249999999999999,
        0.06249999999999999,
        0.06249999999999999
    ],
    "test_macro_recall": [
        0.9043421052631575,
        0.2499999999999999,
        0.2499999999999999,
        0.2499999999999999,
        0.2499999999999999
    ],
    "test_macro_f1": [
        0.9040636028691521,
        0.09999999999991997,
        0.09999999999991997,
        0.09999999999991997,
        0.09999999999991997
    ],
    "test_micro_f1": [
        0.9043421052626578,
        0.24999999999949996,
        0.24999999999949996,
        0.24999999999949996,
        0.24999999999949996
    ],
    "test_weighted_f1": [
        0.9040636028691521,
        0.09999999999991997,
        0.09999999999991997,
        0.09999999999991997,
        0.09999999999991997
    ],
    "test_confidence": [
        0.9092573027861746,
        NaN,
        NaN,
        NaN,
        NaN
    ],
    "grad_norm": [
        0.9438485266714283,
        0.94632361265498,
        0.0,
        0.0,
        0.0
    ],
    "nonfinite_grad_tensors": [
        0.0,
        0.002631578947368421,
        0.0,
        0.0,
        0.0
    ],
    "nonfinite_train_loss_batches": [
        0,
        2615,
        3375,
        3375,
        3375
    ],
    "nonfinite_val_loss_batches": [
        0,
        375,
        375,
        375,
        375
    ],
    "nonfinite_test_loss_batches": [
        0,
        238,
        238,
        238,
        238
    ],
    "fractional_applied_params": [
        32.0,
        32.0,
        0.0,
        0.0,
        0.0
    ],
    "epoch_time": [
        227.98227286338806,
        68.21755790710449,
        20.68257784843445,
        21.71257495880127,
        20.530338525772095
    ],
    "throughput_samples_per_sec": [
        473.7210426212215,
        356.50645883744255,
        0.0,
        0.0,
        0.0
    ],
    "lr": [
        2e-05,
        2e-05,
        2e-05,
        2e-05,
        2e-05
    ]
}