{
    "train_loss": [
        0.23163279457003982,
        0.13936695920979536,
        0.09696760083679799
    ],
    "train_accuracy": [
        0.9230185151100159,
        0.9544259309768677,
        0.9689537286758423
    ],
    "train_macro_precision": [
        0.9231771780822601,
        0.9546141446040808,
        0.9690935609387956
    ],
    "train_macro_recall": [
        0.9230037209508639,
        0.9544151208012289,
        0.9689469107097557
    ],
    "train_macro_f1": [
        0.9229389582260353,
        0.954439977282954,
        0.9689797785953274
    ],
    "train_micro_f1": [
        0.9230185185180185,
        0.9544259259254259,
        0.9689537037032037
    ],
    "train_weighted_f1": [
        0.92293218245007,
        0.9544332232749646,
        0.9689741080799671
    ],
    "train_confidence": [
        0.9267045776490812,
        0.9643130925849632,
        0.9783663845238862
    ],
    "val_loss": [
        0.19053836699326834,
        0.17844416343172392,
        0.21069446047147114
    ],
    "val_accuracy": [
        0.9355000257492065,
        0.9421666860580444,
        0.9419166445732117
    ],
    "val_macro_precision": [
        0.9355548794301138,
        0.9430032449976598,
        0.9419372584413962
    ],
    "val_macro_recall": [
        0.9357178522635914,
        0.9424988876050451,
        0.9420786467870141
    ],
    "val_macro_f1": [
        0.9352852941643965,
        0.9421889400676944,
        0.9417948432485794
    ],
    "val_micro_f1": [
        0.9354999999994998,
        0.9421666666661666,
        0.9419166666661666
    ],
    "val_weighted_f1": [
        0.9354078839289645,
        0.9423084499544666,
        0.941909232418807
    ],
    "val_confidence": [
        0.9501386578877767,
        0.9603267629941304,
        0.9755694225629171
    ],
    "test_loss": [
        0.1799069831245824,
        0.1757326046887197,
        0.19590418037615323
    ],
    "test_accuracy": [
        0.9394736886024475,
        0.9439473748207092,
        0.9436842203140259
    ],
    "test_macro_precision": [
        0.9398645684035234,
        0.945005854240407,
        0.9439171867125478
    ],
    "test_macro_recall": [
        0.9394736842105258,
        0.9439473684210522,
        0.9436842105263153
    ],
    "test_macro_f1": [
        0.9393710302835113,
        0.9440738350514115,
        0.9436644498478115
    ],
    "test_micro_f1": [
        0.9394736842100262,
        0.9439473684205525,
        0.9436842105258156
    ],
    "test_weighted_f1": [
        0.9393710302835113,
        0.9440738350514115,
        0.9436644498478114
    ],
    "test_confidence": [
        0.9502054558302226,
        0.9595627125940824,
        0.9738423299789428
    ],
    "grad_norm": [
        NaN,
        NaN,
        NaN
    ],
    "fractional_applied_params": [
        0.0,
        4.0,
        4.0
    ],
    "epoch_time": [
        483.8690071105957,
        489.57561469078064,
        505.54694747924805
    ],
    "throughput_samples_per_sec": [
        223.20090440368904,
        220.599222590393,
        213.63001109690853
    ],
    "lr": [
        2e-05,
        2e-05,
        2e-05
    ]
}