{
    "train_loss": [
        2.31349112701416,
        2.1932421636581423,
        2.1131337537765504,
        2.106868413925171,
        2.066831883430481,
        2.03419084072113,
        2.071915141105652,
        2.0384644412994386,
        2.0168992166519164,
        2.0160265741348264
    ],
    "train_accuracy": [
        0.21299999952316284,
        0.27912500500679016,
        0.2746250033378601,
        0.27950000762939453,
        0.27674999833106995,
        0.2815000116825104,
        0.2750000059604645,
        0.2798750102519989,
        0.2862499952316284,
        0.2853749990463257
    ],
    "train_macro_precision": [
        0.07954675722127211,
        0.06933990726911435,
        0.13556170931338546,
        0.14387813430528965,
        0.12895594745349243,
        0.13392538194480783,
        0.14305539441834847,
        0.14839484192569524,
        0.15559457790613745,
        0.14411406759925408
    ],
    "train_macro_recall": [
        0.09605476632029154,
        0.10034694370656094,
        0.12408197543651837,
        0.12806104987281808,
        0.1297124812083436,
        0.13334842928635274,
        0.1344435943791383,
        0.13252308594042678,
        0.13912249557550077,
        0.14399580249596908
    ],
    "train_macro_f1": [
        0.07153092741529618,
        0.045483543424800266,
        0.09446456503071479,
        0.09740653851788267,
        0.100241842796375,
        0.10409082951574211,
        0.10506935171330142,
        0.1059813403351207,
        0.10790720750886576,
        0.12143254930798042
    ],
    "train_micro_f1": [
        0.21299999999949998,
        0.27912499999949997,
        0.27462499999949996,
        0.2794999999995,
        0.2767499999995,
        0.2814999999995,
        0.2749999999995,
        0.2798749999995,
        0.28624999999949996,
        0.2853749999995
    ],
    "train_weighted_f1": [
        0.13719977366754219,
        0.1239417474443379,
        0.17813158240682955,
        0.17976233945752176,
        0.18671916023120746,
        0.19221111985706035,
        0.19189791392023692,
        0.18838473255241672,
        0.19700419625569016,
        0.20682694625653447
    ],
    "train_confidence": [
        0.30653596556186674,
        0.27604163682460786,
        0.29663403117656706,
        0.3005069184303284,
        0.2868875877857208,
        0.2991854522228241,
        0.29239147317409514,
        0.30316525852680204,
        0.289415642619133,
        0.3009301903247833
    ],
    "val_loss": [
        2.2481400718688964,
        2.0926394958496095,
        2.1002930068969725,
        2.08696852684021,
        2.047870101928711,
        2.03875807762146,
        2.050166265487671,
        2.009920076370239,
        2.007282823562622,
        2.019361566543579
    ],
    "val_accuracy": [
        0.28850001096725464,
        0.28850001096725464,
        0.2750000059604645,
        0.265500009059906,
        0.289000004529953,
        0.2865000069141388,
        0.2874999940395355,
        0.2854999899864197,
        0.2824999988079071,
        0.2705000042915344
    ],
    "val_macro_precision": [
        0.028849999999999987,
        0.028849999999999987,
        0.11555894166883326,
        0.0807410373636776,
        0.05406765778302256,
        0.2510068723212153,
        0.03702735562309997,
        0.06724379762187191,
        0.19013313785874922,
        0.12059102676502756
    ],
    "val_macro_recall": [
        0.09999999999999983,
        0.09999999999999983,
        0.14109305844978265,
        0.1476016148486263,
        0.11811354857901002,
        0.15856710369360275,
        0.10066730331647374,
        0.11821172143033956,
        0.1519488299098583,
        0.150843802785632
    ],
    "val_macro_f1": [
        0.04478075281331406,
        0.04478075281331406,
        0.07530401829874925,
        0.08958554312255015,
        0.06715424742239585,
        0.10466530221142822,
        0.04724914078376403,
        0.07633550491531493,
        0.10466783226341321,
        0.08284724521665227
    ],
    "val_micro_f1": [
        0.2884999999994999,
        0.2884999999994999,
        0.27499999999949987,
        0.2654999999994999,
        0.2889999999994999,
        0.2864999999994999,
        0.2874999999994999,
        0.2854999999994999,
        0.2824999999994999,
        0.27049999999949986
    ],
    "val_weighted_f1": [
        0.12919247186641106,
        0.12919247186641106,
        0.17354702131821756,
        0.19587952723932858,
        0.15757607159212206,
        0.21068606337940501,
        0.13131377116121268,
        0.16074819812088756,
        0.20502840124800706,
        0.1862961357582807
    ],
    "val_confidence": [
        0.16860683393478393,
        0.3418478147983551,
        0.19697307765483857,
        0.22930462396144866,
        0.3447990138530731,
        0.23237337160110474,
        0.3692013120651245,
        0.3015896470546722,
        0.2573872344493866,
        0.2960653648376465
    ],
    "grad_norm": [
        1.535560168567896,
        0.7558121730070813,
        0.7407202161895946,
        0.9184582893897989,
        0.63816403730101,
        0.4726659632694979,
        0.8713303545697215,
        0.6518329693472268,
        0.48953467460938127,
        0.5410580352517501
    ],
    "epoch_time": [
        128.81724333763123,
        129.01667594909668,
        132.40659165382385,
        132.49718737602234,
        132.00146579742432,
        127.4137909412384,
        129.53476977348328,
        127.18904304504395,
        127.07213807106018,
        128.19574999809265
    ],
    "throughput_samples_per_sec": [
        62.10348702333214,
        62.00748811073374,
        60.4199526630513,
        60.37864016914021,
        60.60538761196165,
        62.78755180975266,
        61.75947982143756,
        62.898499811550614,
        62.95636574184586,
        62.40456489485047
    ],
    "lr": [
        0.0003,
        0.0003,
        0.0003,
        0.0003,
        0.0003,
        0.0003,
        0.0003,
        0.0003,
        0.0003,
        0.0003
    ]
}