{
    "train_loss": [
        2.191993661880493,
        2.0687081956863405,
        2.0184715147018433,
        1.9987875909805297,
        1.9910808925628662,
        1.9803899097442628,
        1.9712950658798218,
        1.9603152065277099,
        1.9509796180725099,
        1.9348212661743165
    ],
    "train_accuracy": [
        0.26887500286102295,
        0.28312501311302185,
        0.28987500071525574,
        0.28962498903274536,
        0.2902500033378601,
        0.289249986410141,
        0.2966249883174896,
        0.29362499713897705,
        0.3058750033378601,
        0.3050000071525574
    ],
    "train_macro_precision": [
        0.06814224906265856,
        0.13763839312560608,
        0.15451455303401873,
        0.15734513092868072,
        0.1629777511874259,
        0.15408956781619304,
        0.16664596008122573,
        0.16133088313966104,
        0.19134444692798108,
        0.1793461492623687
    ],
    "train_macro_recall": [
        0.09955735690722321,
        0.1300647476751207,
        0.1483287144455814,
        0.15203603883379774,
        0.15504445178338597,
        0.15447124200055942,
        0.16315364107879649,
        0.1605652742938585,
        0.17686354447331515,
        0.17678592038241953
    ],
    "train_macro_f1": [
        0.05261297204675501,
        0.10636306405614473,
        0.13060976579021072,
        0.13592922606109858,
        0.14008651692633095,
        0.1377319102208005,
        0.1492413305623,
        0.14501338031031383,
        0.1652051795807312,
        0.16430411082262253
    ],
    "train_micro_f1": [
        0.2688749999995,
        0.28312499999949997,
        0.2898749999995,
        0.2896249999995,
        0.29024999999949996,
        0.28924999999949996,
        0.2966249999995,
        0.2936249999995,
        0.30587499999949996,
        0.30499999999949995
    ],
    "train_weighted_f1": [
        0.13057867880719753,
        0.19076940276033177,
        0.2149836983837669,
        0.2215864944530081,
        0.22416202206592142,
        0.22383451057130097,
        0.23781803641490848,
        0.23307595643119508,
        0.24997285075634443,
        0.2513064898233535
    ],
    "train_confidence": [
        0.28357763862609864,
        0.30234983110427854,
        0.30979945468902587,
        0.30864749240875244,
        0.3106389546394348,
        0.30742721891403196,
        0.314157696723938,
        0.3113430051803589,
        0.317835298538208,
        0.32038709449768066
    ],
    "val_loss": [
        2.110441682815552,
        2.030651178359985,
        2.0258872966766357,
        2.0139267139434813,
        2.006406310081482,
        2.0038421869277956,
        2.0040054197311403,
        1.999085515022278,
        2.0185212984085084,
        2.020629715919495
    ],
    "val_accuracy": [
        0.2849999964237213,
        0.3005000054836273,
        0.29100000858306885,
        0.3034999966621399,
        0.2985000014305115,
        0.3019999861717224,
        0.2985000014305115,
        0.2985000014305115,
        0.2994999885559082,
        0.28349998593330383
    ],
    "val_macro_precision": [
        0.0373504880813411,
        0.12401667475314652,
        0.14053801373446811,
        0.1381718364183474,
        0.17069227156088937,
        0.13259397162660083,
        0.1472426413137256,
        0.18728755381065137,
        0.20738929871887463,
        0.1944700922229911
    ],
    "val_macro_recall": [
        0.10039762170196934,
        0.1407409510897893,
        0.15023363001426607,
        0.15351746817225997,
        0.15019796143694256,
        0.14631954169420286,
        0.16532549613931585,
        0.16240448134552316,
        0.15713651193035674,
        0.16940989638379786
    ],
    "val_macro_f1": [
        0.048356006393802366,
        0.10768658892088585,
        0.10325811013255333,
        0.11583091080395655,
        0.12383436092843096,
        0.10486681760917407,
        0.13168577701735065,
        0.1466775935393245,
        0.13422502159451716,
        0.1424083464009695
    ],
    "val_micro_f1": [
        0.2849999999994999,
        0.3004999999994999,
        0.2909999999994999,
        0.3034999999994999,
        0.2984999999994999,
        0.3019999999994999,
        0.2984999999994999,
        0.2984999999994999,
        0.2994999999994999,
        0.2834999999994999
    ],
    "val_weighted_f1": [
        0.13324385736528863,
        0.19739015093045562,
        0.19009918644607407,
        0.2047204028146038,
        0.21601660318301413,
        0.2041790396820216,
        0.22641869026577988,
        0.23936593162533654,
        0.21141192629624284,
        0.23296026763842495
    ],
    "val_confidence": [
        0.27512158393859865,
        0.31251164817810057,
        0.3101076536178589,
        0.34132269859313963,
        0.3199428539276123,
        0.31050944614410403,
        0.3020689334869385,
        0.3070665817260742,
        0.32892784118652346,
        0.28395107746124265
    ],
    "grad_norm": [
        1.6250344811061477,
        1.37235792189253,
        1.3096153658741443,
        1.277311171775374,
        1.2725004162957385,
        1.2649815171168177,
        1.1709168509423857,
        1.1729170524079775,
        1.2375713608345715,
        1.2439654518418355
    ],
    "fractional_applied_params": [
        2.0,
        2.0,
        2.0,
        2.0,
        2.0,
        2.0,
        2.0,
        2.0,
        2.0,
        2.0
    ],
    "epoch_time": [
        5.296875476837158,
        2.2557435035705566,
        1.8606395721435547,
        2.519984483718872,
        2.5079383850097656,
        2.5057976245880127,
        2.514495372772217,
        2.5171046257019043,
        2.5066871643066406,
        2.5197062492370605
    ],
    "throughput_samples_per_sec": [
        1510.3243478128577,
        3546.502511184012,
        4299.596826688781,
        3174.6227215629456,
        3189.8710302521445,
        3192.596210284663,
        3181.5528819923998,
        3178.2548561203207,
        3191.4632643091827,
        3174.9732741355515
    ],
    "lr": [
        0.0003,
        0.0003,
        0.0003,
        0.0003,
        0.0003,
        0.0003,
        0.0003,
        0.0003,
        0.0003,
        0.0003
    ]
}