{
    "prefix": "epoch_3",
    "retain_em_acc": 1.0,
    "forget_em_acc": 0.9333333333333333,
    "retain_answer_nll": 0.003094909538049251,
    "forget_answer_nll": 0.02032783202594146,
    "general_ppl": 1.0941221064145612,
    "forget_minus_retain_nll": 0.01723292248789221,
    "retain_eval_n": 30,
    "forget_eval_n": 30
}