{
    "train_loss": [
        2.2785200233459473,
        2.189092529296875,
        2.1122274322509766,
        2.030110593795776,
        1.976723497390747,
        1.9467406911849976,
        1.920980097770691,
        1.9036879405975342,
        1.8938167581558227,
        1.8782990798950194
    ],
    "train_accuracy": [
        0.19249999523162842,
        0.2240000069141388,
        0.25450000166893005,
        0.28700000047683716,
        0.3190000057220459,
        0.32225000858306885,
        0.3317500054836273,
        0.33274999260902405,
        0.33924999833106995,
        0.3395000100135803
    ],
    "train_macro_precision": [
        0.0710525953637857,
        0.13821295114908702,
        0.19908959926165853,
        0.2169792003070164,
        0.2615839848939784,
        0.2595970074072027,
        0.27075463473525824,
        0.2800004830554532,
        0.281739077994586,
        0.2844991657790631
    ],
    "train_macro_recall": [
        0.09515521787272566,
        0.112261781176064,
        0.15139461833445494,
        0.20173665877031505,
        0.24579631737052834,
        0.2528708174847768,
        0.26365971847109837,
        0.26821757583368555,
        0.27726921175532965,
        0.27940269256010564
    ],
    "train_macro_f1": [
        0.05330089412310644,
        0.06831223736800282,
        0.12840926130716832,
        0.1900507884702592,
        0.23784231902887307,
        0.24365149925086205,
        0.25610649707496447,
        0.26140528258698187,
        0.2678087954747448,
        0.27040141525278866
    ],
    "train_micro_f1": [
        0.19249999999949996,
        0.22399999999949996,
        0.25449999999949996,
        0.28699999999949993,
        0.31899999999949996,
        0.32224999999949994,
        0.33174999999949994,
        0.33274999999949995,
        0.33924999999949995,
        0.3394999999994999
    ],
    "train_weighted_f1": [
        0.09405232163298415,
        0.11273683965663038,
        0.17327908038314233,
        0.23699526042343305,
        0.2830798140580103,
        0.28901187783980925,
        0.2994607130705582,
        0.3025900315436628,
        0.3102968376522747,
        0.31060485584985764
    ],
    "train_confidence": [
        0.23621937322616576,
        0.21720615673065186,
        0.235717511177063,
        0.28891360664367677,
        0.31174970054626466,
        0.3187500925064087,
        0.32317218112945556,
        0.3331169376373291,
        0.32939558029174804,
        0.34301745223999025
    ],
    "val_loss": [
        2.2077656517028807,
        2.1487094707489014,
        2.079268783569336,
        2.02119313621521,
        1.9881954021453858,
        1.972654134750366,
        1.9548639011383058,
        1.9501399726867676,
        1.9480558357238769,
        1.9182192001342773
    ],
    "val_accuracy": [
        0.22599999606609344,
        0.23399999737739563,
        0.23899999260902405,
        0.28200000524520874,
        0.3019999861717224,
        0.3019999861717224,
        0.30799999833106995,
        0.3089999854564667,
        0.3100000023841858,
        0.3109999895095825
    ],
    "val_macro_precision": [
        0.04586432574816834,
        0.15496007855277907,
        0.11368556956649004,
        0.19285540956971509,
        0.22376147878434627,
        0.22403166522180945,
        0.22933561843378353,
        0.25171423245436164,
        0.24870711428605805,
        0.24032667712094483
    ],
    "val_macro_recall": [
        0.1021590561673847,
        0.11370810933460554,
        0.13874056235057056,
        0.19340902160342768,
        0.22116556637339674,
        0.2253620226123944,
        0.23290908806869867,
        0.24078455088767475,
        0.24370284532262715,
        0.2388700192943698
    ],
    "val_macro_f1": [
        0.04496831230394256,
        0.06779799226926202,
        0.10990259588568471,
        0.18158833755821707,
        0.20868149418067156,
        0.21382633190745975,
        0.215303673273888,
        0.23446328654977733,
        0.2303314871935492,
        0.23073515748137635
    ],
    "val_micro_f1": [
        0.22599999999949977,
        0.23399999999949977,
        0.23899999999949978,
        0.2819999999994997,
        0.3019999999994997,
        0.3019999999994997,
        0.3079999999994997,
        0.3089999999994997,
        0.3099999999994997,
        0.3109999999994997
    ],
    "val_weighted_f1": [
        0.09347714992048782,
        0.11435796483558806,
        0.16862572987241697,
        0.2378900154261166,
        0.2622701368998676,
        0.26587078469603576,
        0.2703466120097411,
        0.28557543390910073,
        0.28079801436149743,
        0.2800571662957738
    ],
    "val_confidence": [
        0.18586734008789063,
        0.21837040710449218,
        0.2413186798095703,
        0.30255636215209963,
        0.315045316696167,
        0.31808913993835447,
        0.32197462558746337,
        0.31483036231994627,
        0.32934999656677244,
        0.34269458961486815
    ],
    "grad_norm": [
        1.1346554900548986,
        0.8345586113403,
        0.9395257401531122,
        1.0268259496921768,
        0.9402040157928392,
        1.0435111437911568,
        0.9693156717600718,
        0.9882568964845033,
        1.014942700317083,
        1.0553422984527936
    ],
    "fractional_applied_params": [
        0.0,
        0.0,
        0.0,
        2.0,
        2.0,
        2.0,
        2.0,
        2.0,
        2.0,
        2.0
    ],
    "epoch_time": [
        3.9884719848632812,
        0.6537165641784668,
        0.5798280239105225,
        0.5760908126831055,
        0.6828908920288086,
        0.722611665725708,
        0.7301461696624756,
        0.733548641204834,
        0.5943644046783447,
        0.4804668426513672
    ],
    "throughput_samples_per_sec": [
        1002.8903337369471,
        6118.859792128484,
        6898.597230645874,
        6943.349749617183,
        5857.451090197371,
        5535.476646343455,
        5478.355110524073,
        5452.944461092733,
        6729.878116043475,
        8325.236301274697
    ],
    "lr": [
        0.0003,
        0.0003,
        0.0003,
        0.0003,
        0.0003,
        0.0003,
        0.0003,
        0.0003,
        0.0003,
        0.0003
    ]
}