{
    "train_loss": [
        2.199554033279419,
        2.112334713935852,
        2.0491497383117676,
        2.026110589981079,
        2.0054623346328735,
        1.9986539192199706,
        1.9889140529632567,
        1.9781659145355224,
        1.9697368087768554,
        1.963005750656128
    ],
    "train_accuracy": [
        0.2721250057220459,
        0.28174999356269836,
        0.28312501311302185,
        0.28575000166893005,
        0.29249998927116394,
        0.2916249930858612,
        0.2941249907016754,
        0.2932499945163727,
        0.3009999990463257,
        0.30274999141693115
    ],
    "train_macro_precision": [
        0.07273922923149281,
        0.13054040885914725,
        0.14053873720158627,
        0.14522466393667738,
        0.1529807362876065,
        0.15505744451642606,
        0.1544706486977569,
        0.15785713166595444,
        0.17530721047173847,
        0.1707367590881914
    ],
    "train_macro_recall": [
        0.10099321638204015,
        0.11672218418675273,
        0.13514286285470808,
        0.14176083035694265,
        0.14823793343316033,
        0.15074282214231371,
        0.15180182327296995,
        0.15483484668453962,
        0.16351430320448274,
        0.16615411985626466
    ],
    "train_macro_f1": [
        0.055026001041582916,
        0.08318737407938133,
        0.1123125443596212,
        0.12279864825558846,
        0.12727571373783753,
        0.13110777009646932,
        0.13361253131329204,
        0.1384330277212426,
        0.14849364223689987,
        0.14718212371464084
    ],
    "train_micro_f1": [
        0.27212499999949996,
        0.28174999999949996,
        0.28312499999949997,
        0.28574999999949996,
        0.2924999999995,
        0.2916249999995,
        0.2941249999995,
        0.29324999999949997,
        0.3009999999995,
        0.3027499999995
    ],
    "train_weighted_f1": [
        0.13376546744084553,
        0.1660734484338672,
        0.2005848935852356,
        0.21071188608482735,
        0.21468144352730986,
        0.21903768325764436,
        0.2228685277671062,
        0.2256093637164795,
        0.2361593812406452,
        0.23731269934559493
    ],
    "train_confidence": [
        0.2883416414260864,
        0.29401755952835085,
        0.30473235750198363,
        0.3083069334030151,
        0.30754258728027345,
        0.30319339418411256,
        0.3099385352134705,
        0.3089906873703003,
        0.30906265449523923,
        0.3152524037361145
    ],
    "val_loss": [
        2.1479902324676514,
        2.0457009239196777,
        2.0012707023620604,
        2.0179736499786376,
        1.9929134302139282,
        1.9850027885437012,
        1.9802018451690673,
        1.985692876815796,
        1.9766687545776367,
        2.0027609777450563
    ],
    "val_accuracy": [
        0.2784999907016754,
        0.28200000524520874,
        0.2915000021457672,
        0.28700000047683716,
        0.2980000078678131,
        0.29249998927116394,
        0.29249998927116394,
        0.3009999990463257,
        0.2930000126361847,
        0.2930000126361847
    ],
    "val_macro_precision": [
        0.027849999999999986,
        0.14886600543057732,
        0.09249625362267443,
        0.09614336238986497,
        0.13142926530035848,
        0.10988966744342148,
        0.10226698185638519,
        0.13122999641106903,
        0.12322713014999094,
        0.14334396903765728
    ],
    "val_macro_recall": [
        0.09999999999999981,
        0.14387460935861174,
        0.1419351099576734,
        0.16061702594117305,
        0.16123078818625217,
        0.13659481329741802,
        0.1376494193659097,
        0.16332672036900817,
        0.14952497821283628,
        0.16713593829031098
    ],
    "val_macro_f1": [
        0.04356667970274258,
        0.08562031037818281,
        0.10175658264193979,
        0.11903346385030145,
        0.1281659805036738,
        0.1006800555275124,
        0.10198853658421181,
        0.12093830457464201,
        0.11327953559887283,
        0.13774671661715016
    ],
    "val_micro_f1": [
        0.27849999999949987,
        0.2819999999994999,
        0.2914999999994999,
        0.2869999999994999,
        0.2979999999994999,
        0.2924999999994999,
        0.2924999999994999,
        0.3009999999994999,
        0.2929999999994999,
        0.2929999999994999
    ],
    "val_weighted_f1": [
        0.1213332029721381,
        0.18695502749980744,
        0.19445884717543344,
        0.21679692210508014,
        0.22118638303331414,
        0.1863967977942525,
        0.1891124521352621,
        0.21391969536284486,
        0.20815620356095027,
        0.2285247831879704
    ],
    "val_confidence": [
        0.26554292964935305,
        0.2530528507232666,
        0.29706492614746094,
        0.2374650478363037,
        0.2677117767333984,
        0.33550339317321776,
        0.3321988296508789,
        0.31880242252349855,
        0.3171492929458618,
        0.2805148887634277
    ],
    "grad_norm": [
        1.3502876450156027,
        1.1285487435078223,
        1.1680882126149867,
        1.0567356945290851,
        0.9606980808003265,
        0.9604621572206602,
        0.9908070011384276,
        0.9474580196491059,
        0.949257803875331,
        0.9482718994709503
    ],
    "fractional_applied_params": [
        0.0,
        0.0,
        0.0,
        66.0,
        66.0,
        66.0,
        66.0,
        66.0,
        66.0,
        66.0
    ],
    "epoch_time": [
        7.131309986114502,
        4.266796827316284,
        4.36420202255249,
        4.465194940567017,
        4.477372169494629,
        3.701763153076172,
        4.35381555557251,
        3.880915880203247,
        4.331560134887695,
        3.652994394302368
    ],
    "throughput_samples_per_sec": [
        1121.8135259267847,
        1874.9428022406714,
        1833.0957088281264,
        1791.635103614113,
        1786.7623456691513,
        2161.1323224047937,
        1837.4687438838992,
        2061.369080635943,
        1846.90960090005,
        2189.9841982998178
    ],
    "lr": [
        0.0003,
        0.0003,
        0.0003,
        0.0003,
        0.0003,
        0.0003,
        0.0003,
        0.0003,
        0.0003,
        0.0003
    ]
}