{
    "train_loss": [
        0.4309913518693712,
        0.2266295341209129,
        0.1821543088135896,
        0.14892219575246174,
        0.12173725220009132
    ],
    "train_accuracy": [
        0.882444441318512,
        0.9294351935386658,
        0.942120373249054,
        0.953000009059906,
        0.9617129564285278
    ],
    "train_macro_precision": [
        0.8825700422498421,
        0.9296624041222071,
        0.9423548098315384,
        0.9531576593909168,
        0.9618320235833963
    ],
    "train_macro_recall": [
        0.8825203140305187,
        0.9294764695639391,
        0.9421545755806311,
        0.9530310157270053,
        0.961740594587667
    ],
    "train_macro_f1": [
        0.8822026734575079,
        0.9294024083742249,
        0.9421148334123532,
        0.9530176761274022,
        0.9617419859992187
    ],
    "train_micro_f1": [
        0.8824444444439444,
        0.9294351851846852,
        0.9421203703698704,
        0.9529999999994999,
        0.9617129629624629
    ],
    "train_weighted_f1": [
        0.8821357294430547,
        0.9293578836440596,
        0.9420770744605104,
        0.9529845086643409,
        0.9617132779108808
    ],
    "train_confidence": [
        0.7867624641877634,
        0.9320891731403492,
        0.9493358611530728,
        0.9601693713046886,
        0.9698529345900924
    ],
    "val_loss": [
        0.2570717213948568,
        0.23418113009134928,
        0.23232953198750814,
        0.2432524009545644,
        0.25377707751592
    ],
    "val_accuracy": [
        0.9203333258628845,
        0.9265833497047424,
        0.9258333444595337,
        0.9276666641235352,
        0.9284999966621399
    ],
    "val_macro_precision": [
        0.9200536107587504,
        0.9264731308057885,
        0.9255092303156215,
        0.9278450117642407,
        0.9283359889931853
    ],
    "val_macro_recall": [
        0.9200200932361373,
        0.9262041059205094,
        0.9255371699326524,
        0.9274557996852038,
        0.9280213253730192
    ],
    "val_macro_f1": [
        0.9199494124751544,
        0.9260855539771384,
        0.9254333633276906,
        0.9272685611691576,
        0.9279337299403007
    ],
    "val_micro_f1": [
        0.9203333333328332,
        0.9265833333328332,
        0.9258333333328331,
        0.9276666666661665,
        0.9284999999994998
    ],
    "val_weighted_f1": [
        0.9203792930350485,
        0.9265055522568594,
        0.9258401155482546,
        0.9277007772202345,
        0.9283854511583914
    ],
    "val_confidence": [
        0.9221824975013733,
        0.9455608588854472,
        0.9496997566223144,
        0.9614192487398784,
        0.9687232151031494
    ],
    "test_loss": [
        0.26625762738679587,
        0.24702957554867394,
        0.25246643894597104,
        0.26237271057932,
        0.28301643534710536
    ],
    "test_accuracy": [
        0.917236864566803,
        0.9225000143051147,
        0.9214473962783813,
        0.9235526323318481,
        0.9210526347160339
    ],
    "test_macro_precision": [
        0.9171583178250435,
        0.9224691758417443,
        0.9213666675976476,
        0.924345289056273,
        0.9211930088620514
    ],
    "test_macro_recall": [
        0.9172368421052627,
        0.9224999999999995,
        0.9214473684210522,
        0.9235526315789468,
        0.9210526315789469
    ],
    "test_macro_f1": [
        0.9171721440391997,
        0.9223259040785945,
        0.9213495758845661,
        0.9235308139685917,
        0.920810618168461
    ],
    "test_micro_f1": [
        0.917236842104763,
        0.9224999999994998,
        0.9214473684205526,
        0.9235526315784472,
        0.9210526315784472
    ],
    "test_weighted_f1": [
        0.9171721440391998,
        0.9223259040785944,
        0.9213495758845661,
        0.9235308139685917,
        0.920810618168461
    ],
    "test_confidence": [
        0.9224785172311883,
        0.9450867533683777,
        0.9498288876131962,
        0.9609044607062088,
        0.9683005260166369
    ],
    "grad_norm": [
        0.578526538634425,
        0.4979749455684875,
        0.4832622839540284,
        0.4742809212037738,
        0.4620943823321749
    ],
    "nonfinite_grad_tensors": [
        0.0002962962962962963,
        0.0002962962962962963,
        0.0005925925925925926,
        0.0002962962962962963,
        0.0008888888888888889
    ],
    "nonfinite_train_loss_batches": [
        0,
        0,
        0,
        0,
        0
    ],
    "nonfinite_val_loss_batches": [
        0,
        0,
        0,
        0,
        0
    ],
    "nonfinite_test_loss_batches": [
        0,
        0,
        0,
        0,
        0
    ],
    "fractional_applied_params": [
        5.0,
        5.0,
        5.0,
        5.0,
        5.0
    ],
    "epoch_time": [
        348.18645691871643,
        335.14837741851807,
        336.96377539634705,
        331.3068540096283,
        129.61322331428528
    ],
    "throughput_samples_per_sec": [
        310.17863519376465,
        322.24533155097004,
        320.50922943561847,
        325.9817860479921,
        833.2483155528223
    ],
    "lr": [
        2e-05,
        2e-05,
        2e-05,
        2e-05,
        2e-05
    ]
}