{
    "train_loss": [
        2.198937671661377,
        2.003793309211731,
        1.9389249505996704,
        1.9131463012695313,
        1.884029499053955,
        1.8509635467529297,
        1.8087041969299316,
        1.771553913116455,
        1.749306848526001,
        1.7130755882263184
    ],
    "train_accuracy": [
        0.2290000021457672,
        0.30024999380111694,
        0.3162499964237213,
        0.32774999737739563,
        0.33550000190734863,
        0.3402499854564667,
        0.35899999737739563,
        0.36675000190734863,
        0.3725000023841858,
        0.3737500011920929
    ],
    "train_macro_precision": [
        0.16156397588906407,
        0.23519202326716213,
        0.25324927829061394,
        0.26649127347109,
        0.28167424864378854,
        0.2859473058868676,
        0.3034026100626884,
        0.3186768772001625,
        0.32263151459971956,
        0.318521820236083
    ],
    "train_macro_recall": [
        0.13906678402058584,
        0.22611911373243862,
        0.25050310978829315,
        0.2637558514401402,
        0.2716546713398639,
        0.2784203319280753,
        0.29668364479523857,
        0.30678776226026155,
        0.3110885655302914,
        0.31396548802880153
    ],
    "train_macro_f1": [
        0.1186806272423486,
        0.21561023754802036,
        0.23965972355006832,
        0.2540777708914842,
        0.26648158042778636,
        0.2713287550028414,
        0.2918047966886018,
        0.30193903546043377,
        0.307881109606726,
        0.30816144939825973
    ],
    "train_micro_f1": [
        0.22899999999949996,
        0.3002499999994999,
        0.31624999999949993,
        0.32774999999949994,
        0.3354999999994999,
        0.34024999999949995,
        0.35899999999949994,
        0.3667499999994999,
        0.3724999999995,
        0.3737499999994999
    ],
    "train_weighted_f1": [
        0.1614506588258607,
        0.26368668240183163,
        0.28291027403632174,
        0.29867485033431324,
        0.3125792419769376,
        0.31767627513066965,
        0.33513329237648365,
        0.3456471282183799,
        0.35107200850285,
        0.3524324749279602
    ],
    "train_confidence": [
        0.2500587873458862,
        0.3089376668930054,
        0.3187145318984985,
        0.3400477981567383,
        0.34557490921020506,
        0.35538189125061037,
        0.35840956020355225,
        0.3693768367767334,
        0.3801496124267578,
        0.386435302734375
    ],
    "val_loss": [
        2.0345778436660766,
        1.9883989419937134,
        1.9505183877944947,
        1.9176995487213135,
        1.8956503505706788,
        1.874041343688965,
        1.8504903163909912,
        1.8546072988510132,
        1.8364695949554444,
        1.8287843704223632
    ],
    "val_accuracy": [
        0.2809999883174896,
        0.3050000071525574,
        0.32499998807907104,
        0.32199999690055847,
        0.33000001311302185,
        0.3370000123977661,
        0.35499998927116394,
        0.3319999873638153,
        0.35600000619888306,
        0.3709999918937683
    ],
    "val_macro_precision": [
        0.26468756651690895,
        0.24656717770333056,
        0.27828076020241305,
        0.2681173187933034,
        0.31651735905216316,
        0.2855541275563102,
        0.30151137150099316,
        0.28062844995025255,
        0.32425581402101894,
        0.3457049448546908
    ],
    "val_macro_recall": [
        0.18888052018237078,
        0.2439137271226801,
        0.259931269133881,
        0.2595239509559103,
        0.26134586348797945,
        0.27785774170052224,
        0.2926390028458091,
        0.26588792279055284,
        0.2994832939471722,
        0.2998984809959203
    ],
    "val_macro_f1": [
        0.16005287547691857,
        0.22259736905441466,
        0.2532932241529652,
        0.2598579909887959,
        0.25355888878748595,
        0.26776807697931093,
        0.28197647091903394,
        0.24891137208032607,
        0.27626191144617,
        0.29769747015402365
    ],
    "val_micro_f1": [
        0.2809999999994997,
        0.30499999999949967,
        0.3249999999994997,
        0.3219999999994997,
        0.3299999999994997,
        0.33699999999949964,
        0.35499999999949966,
        0.3319999999994997,
        0.3559999999994996,
        0.3709999999994996
    ],
    "val_weighted_f1": [
        0.22023275895437103,
        0.26925072599518296,
        0.30849028670211914,
        0.3128179530947559,
        0.3045589761849659,
        0.3186941160330989,
        0.33334488169706394,
        0.3032318923671536,
        0.3279780470787164,
        0.34423195198093104
    ],
    "val_confidence": [
        0.2754409446716309,
        0.29577532863616945,
        0.3012806253433227,
        0.3126516304016113,
        0.34102137660980225,
        0.34401372909545896,
        0.3448276538848877,
        0.3551192684173584,
        0.37768963813781736,
        0.4031621913909912
    ],
    "grad_norm": [
        1.8967364806198839,
        1.4655616757811285,
        1.437755338706015,
        1.4792988349471206,
        1.4856451793769279,
        1.4679402281777865,
        1.2946420312887543,
        1.301589768474797,
        1.438367395323332,
        1.3524512935627218
    ],
    "fractional_applied_params": [
        0.0,
        0.0,
        0.0,
        2.0,
        2.0,
        2.0,
        2.0,
        2.0,
        2.0,
        2.0
    ],
    "epoch_time": [
        4.1766197681427,
        0.3699367046356201,
        0.8254961967468262,
        0.7361705303192139,
        0.9237680435180664,
        1.1430819034576416,
        1.158935308456421,
        1.164921522140503,
        1.1675493717193604,
        1.1687166690826416
    ],
    "throughput_samples_per_sec": [
        957.7122702215142,
        10812.660516992808,
        4845.570477203267,
        5433.523667764239,
        4330.0913341475325,
        3499.311806005006,
        3451.443726680117,
        3433.7076995969123,
        3425.9793177820884,
        3422.5574990213086
    ],
    "lr": [
        0.0003,
        0.0003,
        0.0003,
        0.0003,
        0.0003,
        0.0003,
        0.0003,
        0.0003,
        0.0003,
        0.0003
    ]
}