{
    "train_loss": [
        0.43475635528564455,
        0.22642405711279975,
        0.18074268584781222,
        0.14707471425444993,
        0.12113206358750661
    ],
    "train_accuracy": [
        0.8761481642723083,
        0.9285463094711304,
        0.9421573877334595,
        0.9534444212913513,
        0.9617037177085876
    ],
    "train_macro_precision": [
        0.8776451627201495,
        0.9287328196144382,
        0.9423267378262332,
        0.9535622518496729,
        0.9617841190200356
    ],
    "train_macro_recall": [
        0.8760998216197973,
        0.9285395802363614,
        0.9421524906256604,
        0.9534410513114582,
        0.9617005168099704
    ],
    "train_macro_f1": [
        0.8762450503945536,
        0.9284559382949648,
        0.9421112436834436,
        0.9534166302436566,
        0.9616929965324057
    ],
    "train_micro_f1": [
        0.876148148147648,
        0.9285462962957963,
        0.9421574074069073,
        0.9534444444439444,
        0.9617037037032037
    ],
    "train_weighted_f1": [
        0.8762729059391171,
        0.9284706246220104,
        0.9421232015602791,
        0.9534268027932423,
        0.9617018987610381
    ],
    "train_confidence": [
        0.7850102676815457,
        0.9316112254637259,
        0.9486353125395598,
        0.9597799976490162,
        0.9693362572104842
    ],
    "val_loss": [
        0.25042087427775067,
        0.22376597213745117,
        0.22677482064565022,
        0.24295999868710835,
        0.25552443114916484
    ],
    "val_accuracy": [
        0.9204166531562805,
        0.9284166693687439,
        0.9294999837875366,
        0.9279999732971191,
        0.9281666874885559
    ],
    "val_macro_precision": [
        0.9218213801107529,
        0.9292357812995864,
        0.9296080121083496,
        0.9284129602798021,
        0.9289103630684976
    ],
    "val_macro_recall": [
        0.920402020915081,
        0.928420399330844,
        0.9295795629673441,
        0.9279939940271885,
        0.9282253047698623
    ],
    "val_macro_f1": [
        0.9204620881460722,
        0.9285582247491562,
        0.9294699901452189,
        0.9278997392505391,
        0.928259378627996
    ],
    "val_micro_f1": [
        0.9204166666661665,
        0.9284166666661665,
        0.9294999999994998,
        0.9279999999994999,
        0.9281666666661664
    ],
    "val_weighted_f1": [
        0.9203572063722163,
        0.9284508457186987,
        0.9293577674898806,
        0.927790513478149,
        0.9281337010983295
    ],
    "val_confidence": [
        0.9223943506876627,
        0.9416736397743225,
        0.9533442978858948,
        0.9620989661216736,
        0.9672780599594116
    ],
    "test_loss": [
        0.266474619413677,
        0.24480119705200196,
        0.24969428062438964,
        0.2700995543128566,
        0.2772154324933102
    ],
    "test_accuracy": [
        0.9176315665245056,
        0.9214473962783813,
        0.9210526347160339,
        0.9201315641403198,
        0.9217105507850647
    ],
    "test_macro_precision": [
        0.9182167341980381,
        0.9216509833431195,
        0.920734322193022,
        0.920243003637373,
        0.9219374480191648
    ],
    "test_macro_recall": [
        0.917631578947368,
        0.9214473684210522,
        0.9210526315789469,
        0.920131578947368,
        0.921710526315789
    ],
    "test_macro_f1": [
        0.917537970046105,
        0.9214029660830163,
        0.9208198515085843,
        0.9197958435458937,
        0.9216183303271569
    ],
    "test_micro_f1": [
        0.9176315789468683,
        0.9214473684205526,
        0.9210526315784472,
        0.9201315789468683,
        0.9217105263152893
    ],
    "test_weighted_f1": [
        0.917537970046105,
        0.9214029660830162,
        0.9208198515085844,
        0.9197958435458938,
        0.9216183303271569
    ],
    "test_confidence": [
        0.9215905750425238,
        0.9398279331859789,
        0.9519144811128315,
        0.9603681531705355,
        0.9653524563187047
    ],
    "grad_norm": [
        0.5859177611303678,
        0.5007556730136139,
        0.48174886743116785,
        0.474869526855549,
        0.46189988440667473
    ],
    "nonfinite_grad_tensors": [
        0.0,
        0.0005925925925925926,
        0.0005925925925925926,
        0.0002962962962962963,
        0.0005925925925925926
    ],
    "nonfinite_train_loss_batches": [
        0,
        0,
        0,
        0,
        0
    ],
    "nonfinite_val_loss_batches": [
        0,
        0,
        0,
        0,
        0
    ],
    "nonfinite_test_loss_batches": [
        0,
        0,
        0,
        0,
        0
    ],
    "fractional_applied_params": [
        5.0,
        5.0,
        5.0,
        5.0,
        5.0
    ],
    "epoch_time": [
        240.24505734443665,
        230.7419900894165,
        233.72924184799194,
        232.29302263259888,
        221.0449674129486
    ],
    "throughput_samples_per_sec": [
        449.54098616547856,
        468.05525062060934,
        462.0731199318177,
        464.93002147040727,
        488.5883685297305
    ],
    "lr": [
        2e-05,
        2e-05,
        2e-05,
        2e-05,
        2e-05
    ]
}