{
    "train_loss": [
        0.22829555006380434,
        0.12093221932097717,
        0.0732097818851471,
        0.044328456123669945,
        0.030749096055825553
    ],
    "train_accuracy": [
        0.9246944189071655,
        0.9609537124633789,
        0.9770463109016418,
        0.986907422542572,
        0.9918055534362793
    ],
    "train_macro_precision": [
        0.924748850182412,
        0.9610879437632838,
        0.9770934765594257,
        0.9869207133040588,
        0.9918089684623907
    ],
    "train_macro_recall": [
        0.924700047154012,
        0.9609573677870455,
        0.9770482242034966,
        0.9869084598943029,
        0.9918057599120366
    ],
    "train_macro_f1": [
        0.9246337658148895,
        0.9609688884809335,
        0.9770564134596277,
        0.9869102874647466,
        0.991806911206158
    ],
    "train_micro_f1": [
        0.9246944444439444,
        0.9609537037032037,
        0.9770462962957962,
        0.9869074074069074,
        0.9918055555550556
    ],
    "train_weighted_f1": [
        0.9246324325580133,
        0.960968633236245,
        0.9770562036516168,
        0.986910195261688,
        0.991806896558129
    ],
    "train_confidence": [
        0.9288416950879274,
        0.9710192071949995,
        0.9855952750311957,
        0.9932113750599049,
        0.9964192376489992
    ],
    "val_loss": [
        0.16830064868927003,
        0.18908553208907444,
        0.22102039084831873,
        0.31064381677905717,
        0.3861284664273262
    ],
    "val_accuracy": [
        0.9442499876022339,
        0.9441666603088379,
        0.9413333535194397,
        0.937416672706604,
        0.9360833168029785
    ],
    "val_macro_precision": [
        0.9443629883210766,
        0.9443171268690648,
        0.941467725530103,
        0.9375348963214047,
        0.935901108308331
    ],
    "val_macro_recall": [
        0.9442653865946016,
        0.9441683149070087,
        0.9413008968572499,
        0.9373638044072758,
        0.9360636596991617
    ],
    "val_macro_f1": [
        0.9442638241748067,
        0.9442285708818843,
        0.9413278302065152,
        0.9372611905627939,
        0.9357757104245781
    ],
    "val_micro_f1": [
        0.9442499999994998,
        0.9441666666661664,
        0.9413333333328332,
        0.9374166666661665,
        0.9360833333328331
    ],
    "val_weighted_f1": [
        0.944267207305632,
        0.944233565694378,
        0.941329253922634,
        0.9372731993299368,
        0.9357846997495601
    ],
    "val_confidence": [
        0.956354056040446,
        0.9701398297945658,
        0.9783708883921305,
        0.9877432560920716,
        0.9918870037396749
    ],
    "test_loss": [
        0.17756426535154643,
        0.18875025636271425,
        0.22687684399516958,
        0.3115178493606417,
        0.3802414596551343
    ],
    "test_accuracy": [
        0.9436842203140259,
        0.9428947567939758,
        0.9398684501647949,
        0.9360526204109192,
        0.9342105388641357
    ],
    "test_macro_precision": [
        0.9438608031685205,
        0.943113388716497,
        0.9399228147555456,
        0.9362841294842115,
        0.9341766893790885
    ],
    "test_macro_recall": [
        0.9436842105263153,
        0.9428947368421048,
        0.9398684210526311,
        0.9360526315789469,
        0.934210526315789
    ],
    "test_macro_f1": [
        0.9437119326322376,
        0.9429746088263037,
        0.9398681422763806,
        0.9359795421816337,
        0.9340014779045241
    ],
    "test_micro_f1": [
        0.9436842105258156,
        0.9428947368416051,
        0.9398684210521314,
        0.9360526315784472,
        0.9342105263152893
    ],
    "test_weighted_f1": [
        0.9437119326322376,
        0.9429746088263037,
        0.9398681422763806,
        0.9359795421816337,
        0.9340014779045243
    ],
    "test_confidence": [
        0.9564699255792718,
        0.9701354212509958,
        0.9778826791361759,
        0.9873949131212737,
        0.9914632169823897
    ],
    "grad_norm": [
        0.9166781890614673,
        0.8381323551265605,
        0.7227252814949505,
        0.5605171269453831,
        0.4113047607130439
    ],
    "nonfinite_grad_tensors": [
        0.0005925925925925926,
        0.0005925925925925926,
        0.0002962962962962963,
        0.0005925925925925926,
        0.0005925925925925926
    ],
    "nonfinite_train_loss_batches": [
        0,
        0,
        0,
        0,
        0
    ],
    "nonfinite_val_loss_batches": [
        0,
        0,
        0,
        0,
        0
    ],
    "nonfinite_test_loss_batches": [
        0,
        0,
        0,
        0,
        0
    ],
    "fractional_applied_params": [
        4.0,
        4.0,
        4.0,
        4.0,
        4.0
    ],
    "epoch_time": [
        765.3032717704773,
        759.8075575828552,
        767.2106211185455,
        766.907815694809,
        762.6191482543945
    ],
    "throughput_samples_per_sec": [
        141.12052565795167,
        142.14125527202702,
        140.7696883061169,
        140.82526972574055,
        141.6172151554387
    ],
    "lr": [
        2e-05,
        2e-05,
        2e-05,
        2e-05,
        2e-05
    ]
}