{
    "train_loss": [
        2.310704814910889,
        2.196150749206543,
        2.125206962585449,
        2.03959748840332,
        1.9901290493011474,
        1.9505758800506592,
        1.9390589418411255,
        1.915380838394165,
        1.9005663976669311,
        1.8921165237426758
    ],
    "train_accuracy": [
        0.18549999594688416,
        0.22975000739097595,
        0.2487500011920929,
        0.29124999046325684,
        0.31025001406669617,
        0.3165000081062317,
        0.32749998569488525,
        0.33649998903274536,
        0.3400000035762787,
        0.335750013589859
    ],
    "train_macro_precision": [
        0.11621778248925589,
        0.2158473724840544,
        0.1967769507022949,
        0.23791050864549335,
        0.24843510339455338,
        0.2500855354878012,
        0.26529932841192494,
        0.27260555725526603,
        0.2809202101698022,
        0.27677755622091166
    ],
    "train_macro_recall": [
        0.09938993986673388,
        0.11388835170518068,
        0.138160857882957,
        0.20625521828206125,
        0.23647699150761223,
        0.24700662892450603,
        0.25928149729982763,
        0.27219182116883966,
        0.2733926892758198,
        0.26841181527661645
    ],
    "train_macro_f1": [
        0.06877463766348299,
        0.06838276712838429,
        0.10661166346639564,
        0.19215124865611197,
        0.22667342048198508,
        0.23252320550824584,
        0.2495174361801118,
        0.26251693884682126,
        0.2621712887915527,
        0.26086292576805375
    ],
    "train_micro_f1": [
        0.18549999999949998,
        0.22974999999949997,
        0.24874999999949995,
        0.29124999999949996,
        0.3102499999994999,
        0.31649999999949996,
        0.3274999999994999,
        0.3364999999994999,
        0.3399999999994999,
        0.33574999999949995
    ],
    "train_weighted_f1": [
        0.10712372567487712,
        0.11283959199645133,
        0.14992464705288955,
        0.23295980771075694,
        0.2693456372032496,
        0.27639718195866264,
        0.2935111672225937,
        0.30608039528997755,
        0.30797414541905294,
        0.3060147930480759
    ],
    "train_confidence": [
        0.24153110694885255,
        0.21534966278076173,
        0.23677921772003174,
        0.2677099657058716,
        0.3084360370635986,
        0.3244658479690552,
        0.33054280471801756,
        0.3272228298187256,
        0.34200702476501466,
        0.3428329954147339
    ],
    "val_loss": [
        2.223012668609619,
        2.1701841011047365,
        2.0984433755874634,
        2.0415870971679686,
        2.0136233978271485,
        1.9895001583099365,
        1.9902731103897096,
        1.9664216976165771,
        1.9541827869415282,
        1.9401538906097413
    ],
    "val_accuracy": [
        0.22100000083446503,
        0.22100000083446503,
        0.25600001215934753,
        0.30399999022483826,
        0.3070000112056732,
        0.3019999861717224,
        0.3009999990463257,
        0.3199999928474426,
        0.328000009059906,
        0.328000009059906
    ],
    "val_macro_precision": [
        0.13758420805253863,
        0.04441067207024405,
        0.20055208746241449,
        0.26407055258632317,
        0.2582410132163109,
        0.26026995291246946,
        0.2545713862708852,
        0.28673685759435014,
        0.2814345255223487,
        0.28770680675431726
    ],
    "val_macro_recall": [
        0.10190984964618029,
        0.1014872021182696,
        0.15509009278665342,
        0.22475524110845088,
        0.24328675752045337,
        0.23310566630434187,
        0.2474522335379504,
        0.2553871573483334,
        0.2674887778197429,
        0.27176221148710705
    ],
    "val_macro_f1": [
        0.0414602848325736,
        0.03985974671554293,
        0.12327233492831731,
        0.20851350481065484,
        0.22228363100710716,
        0.21738829323674086,
        0.2186705433716949,
        0.23513902814297866,
        0.2557496290062195,
        0.25794091637941985
    ],
    "val_micro_f1": [
        0.2209999999994998,
        0.2209999999994998,
        0.25599999999949974,
        0.3039999999994997,
        0.3069999999994997,
        0.3019999999994997,
        0.3009999999994997,
        0.3199999999994997,
        0.3279999999994997,
        0.3279999999994997
    ],
    "val_weighted_f1": [
        0.08533466561219688,
        0.0835128713456404,
        0.1598670551645674,
        0.24839930317314682,
        0.2629510495940693,
        0.2602513825636776,
        0.26112330917806936,
        0.2746983759424972,
        0.2987313894739611,
        0.30116159728373865
    ],
    "val_confidence": [
        0.20563721656799316,
        0.23840412235260008,
        0.24641336345672607,
        0.29049793815612796,
        0.3024308671951294,
        0.3236013526916504,
        0.3151378631591797,
        0.34423927116394043,
        0.32578282642364503,
        0.3237799224853516
    ],
    "grad_norm": [
        1.428633210555874,
        0.850094299064569,
        0.9013490435725676,
        0.9329484460726439,
        1.0327777613533453,
        0.991435355508582,
        1.0551320195596534,
        1.0212240429831927,
        1.0276687719739297,
        1.0994545235673228
    ],
    "fractional_applied_params": [
        0.0,
        0.0,
        0.0,
        0.0,
        0.0,
        0.0,
        0.0,
        0.0,
        0.0,
        0.0
    ],
    "epoch_time": [
        6.072785139083862,
        0.7687888145446777,
        0.7199866771697998,
        0.7172808647155762,
        0.7248084545135498,
        0.7265892028808594,
        0.7302377223968506,
        0.7396667003631592,
        0.7476255893707275,
        0.69358229637146
    ],
    "throughput_samples_per_sec": [
        658.6763582752803,
        5202.989331171574,
        5555.65835707353,
        5576.61607435481,
        5518.699423400866,
        5505.174015991935,
        5477.668267904385,
        5407.841123625131,
        5350.271655852201,
        5767.159889931405
    ],
    "lr": [
        0.0003,
        0.0003,
        0.0003,
        0.0003,
        0.0003,
        0.0003,
        0.0003,
        0.0003,
        0.0003,
        0.0003
    ]
}