{
    "train_loss": [
        2.1836867046356203,
        2.076977623939514,
        2.038344391822815,
        2.0256122102737426,
        2.006263452529907,
        2.0011653842926025,
        1.9884327945709228,
        1.9798531942367554,
        1.974737416267395,
        1.9555452623367309
    ],
    "train_accuracy": [
        0.27412500977516174,
        0.289249986410141,
        0.2903749942779541,
        0.2887499928474426,
        0.2917500138282776,
        0.2933749854564667,
        0.304625004529953,
        0.3033750057220459,
        0.304625004529953,
        0.30774998664855957
    ],
    "train_macro_precision": [
        0.05985004680965837,
        0.11272817709475973,
        0.14234903352753386,
        0.14290591730246274,
        0.14546962909739353,
        0.1438217768542036,
        0.17781267594803873,
        0.15963569058385146,
        0.16733173123816703,
        0.17874482832348676
    ],
    "train_macro_recall": [
        0.10008640906168391,
        0.12706587160013683,
        0.13827224125040352,
        0.13937380951348205,
        0.1413133153084237,
        0.14654903582351123,
        0.1594372092846234,
        0.15693190435886795,
        0.1609058313009187,
        0.1697559962914014
    ],
    "train_macro_f1": [
        0.05097532267131416,
        0.09432376943027856,
        0.10997488093902016,
        0.11865133906953182,
        0.1172546807626896,
        0.12506182825239648,
        0.14236622367273727,
        0.13749804681242356,
        0.14233649874984483,
        0.15271301642457513
    ],
    "train_micro_f1": [
        0.27412499999949996,
        0.28924999999949996,
        0.2903749999995,
        0.28874999999949996,
        0.29174999999949996,
        0.29337499999949995,
        0.3046249999995,
        0.30337499999949996,
        0.3046249999995,
        0.3077499999995
    ],
    "train_weighted_f1": [
        0.13055674221095806,
        0.18231896768892875,
        0.1988847814211853,
        0.20734013462283646,
        0.2086416989475699,
        0.21604791714840973,
        0.22963844639707223,
        0.228570080268343,
        0.23570750551156,
        0.24240370955202942
    ],
    "train_confidence": [
        0.2843086585998535,
        0.29606769037246705,
        0.306349591255188,
        0.30413663625717163,
        0.31363552713394166,
        0.3108429107666016,
        0.30953839778900144,
        0.31327129888534544,
        0.3140045824050903,
        0.3181534547805786
    ],
    "val_loss": [
        2.1344836311340334,
        2.069898698806763,
        2.0515417041778563,
        2.0376499729156494,
        2.037391311645508,
        2.02577565574646,
        2.028875440597534,
        2.0380026836395264,
        2.0247442989349365,
        2.0393716831207276
    ],
    "val_accuracy": [
        0.2750000059604645,
        0.2685000002384186,
        0.2759999930858612,
        0.2759999930858612,
        0.27300000190734863,
        0.28200000524520874,
        0.2800000011920929,
        0.27900001406669617,
        0.27549999952316284,
        0.2685000002384186
    ],
    "val_macro_precision": [
        0.027499999999999986,
        0.048514896237381464,
        0.10435811677441872,
        0.09350403560453957,
        0.140800844100604,
        0.17544281035791012,
        0.1096588109568015,
        0.13543316920643717,
        0.1310659043324628,
        0.0814337371357627
    ],
    "val_macro_recall": [
        0.09999999999999981,
        0.11914083655705962,
        0.12079454928498623,
        0.13135799516185112,
        0.14805426199619892,
        0.14624783078698522,
        0.12998248140863872,
        0.1679321128760193,
        0.13501584873904465,
        0.13993306161923133
    ],
    "val_macro_f1": [
        0.04313725490192692,
        0.06824794903380048,
        0.0856873854321463,
        0.0912778977681589,
        0.12477479094422397,
        0.10980082051186042,
        0.08714647960802265,
        0.12880239564932813,
        0.10182235123116982,
        0.09525420983405489
    ],
    "val_micro_f1": [
        0.27499999999949987,
        0.2684999999994999,
        0.27599999999949987,
        0.27599999999949987,
        0.27299999999949986,
        0.2819999999994999,
        0.27999999999949987,
        0.27899999999949987,
        0.27549999999949987,
        0.2684999999994999
    ],
    "val_weighted_f1": [
        0.11862745098029903,
        0.15531407164676372,
        0.1636003926013568,
        0.17425533928203357,
        0.20341102805931321,
        0.1918019675017981,
        0.17040334939653173,
        0.21750198105888943,
        0.1875895219681604,
        0.18400850190283097
    ],
    "val_confidence": [
        0.28213632774353026,
        0.3137604217529297,
        0.329606632232666,
        0.3103511943817139,
        0.265877703666687,
        0.2804215888977051,
        0.32141317176818845,
        0.29478601264953613,
        0.29369909381866455,
        0.31465280723571776
    ],
    "grad_norm": [
        1.1789663551349843,
        0.9481944147166705,
        0.9612887552130954,
        0.8224617182762645,
        0.8508848164408102,
        0.8053206955241861,
        0.8861679300877918,
        0.8101477398071169,
        0.8609918543393578,
        0.814707810677974
    ],
    "fractional_applied_params": [
        0.0,
        0.0,
        0.0,
        2.0,
        2.0,
        2.0,
        2.0,
        2.0,
        2.0,
        2.0
    ],
    "epoch_time": [
        6.398834466934204,
        2.2201943397521973,
        2.579737901687622,
        0.9397895336151123,
        0.7296237945556641,
        0.7165408134460449,
        2.5742783546447754,
        2.2240536212921143,
        1.8920001983642578,
        2.8348066806793213
    ],
    "throughput_samples_per_sec": [
        1250.2276846415973,
        3603.2881702116692,
        3101.0902288819852,
        8512.544260017663,
        10964.5546920135,
        11164.751330110235,
        3107.6670421306944,
        3597.035576575811,
        4228.329366411514,
        2822.06192560648
    ],
    "lr": [
        0.0003,
        0.0003,
        0.0003,
        0.0003,
        0.0003,
        0.0003,
        0.0003,
        0.0003,
        0.0003,
        0.0003
    ]
}