{
    "train_loss": [
        2.16937029838562,
        2.060716520309448,
        2.0273723611831667,
        2.0039309339523315,
        1.9953413314819335,
        1.9867767534255982,
        1.9719178285598755,
        1.9628297872543334,
        1.949884654045105,
        1.937891366004944
    ],
    "train_accuracy": [
        0.2782500088214874,
        0.28700000047683716,
        0.2878749966621399,
        0.2966249883174896,
        0.2913750112056732,
        0.29475000500679016,
        0.29612499475479126,
        0.3032500147819519,
        0.30512499809265137,
        0.3050000071525574
    ],
    "train_macro_precision": [
        0.11079827465609282,
        0.14516262921372813,
        0.13878393704011646,
        0.1578540247008992,
        0.14334560411545977,
        0.15047046436911074,
        0.159475396179106,
        0.16851224121927208,
        0.17847232540351693,
        0.18495877769519292
    ],
    "train_macro_recall": [
        0.10186085684402106,
        0.13245851343701878,
        0.13824591315342735,
        0.14963843481227396,
        0.14851241683902006,
        0.15025201633933,
        0.15837404678959288,
        0.16390837804194286,
        0.16915461168438767,
        0.17028968607452102
    ],
    "train_macro_f1": [
        0.05512390740229804,
        0.10789440391343252,
        0.11376510914601112,
        0.12862039934148697,
        0.1284471471263021,
        0.13087152329766344,
        0.1416659280513773,
        0.14672089559423337,
        0.15560016600419152,
        0.15636296736203317
    ],
    "train_micro_f1": [
        0.27824999999949995,
        0.2869999999995,
        0.2878749999995,
        0.2966249999995,
        0.29137499999949995,
        0.29474999999949997,
        0.2961249999995,
        0.3032499999995,
        0.3051249999995,
        0.30499999999949995
    ],
    "train_weighted_f1": [
        0.13629319490975203,
        0.19626318580774688,
        0.2010861950873777,
        0.2155788098085588,
        0.21800717125779095,
        0.22128378015934727,
        0.2281765250381632,
        0.23700950549788724,
        0.24386624473833068,
        0.2446495489551931
    ],
    "train_confidence": [
        0.2894933958053589,
        0.3062186489105225,
        0.31051025533676146,
        0.30755809926986694,
        0.31374517488479614,
        0.3100466136932373,
        0.3128623914718628,
        0.3152188410758972,
        0.3169192214012146,
        0.3215904302597046
    ],
    "val_loss": [
        2.1080184631347656,
        2.0371677455902097,
        2.01180495262146,
        2.006958471298218,
        2.0020399475097657,
        1.9852116889953613,
        2.0116580905914305,
        1.9991579055786133,
        1.9932828369140625,
        1.998035654067993
    ],
    "val_accuracy": [
        0.2669999897480011,
        0.2669999897480011,
        0.27649998664855957,
        0.27900001406669617,
        0.27649998664855957,
        0.28999999165534973,
        0.28600001335144043,
        0.2874999940395355,
        0.28600001335144043,
        0.2915000021457672
    ],
    "val_macro_precision": [
        0.04595267675626803,
        0.055910727813317365,
        0.1106207508626218,
        0.16381953440488886,
        0.1087549785349455,
        0.18791118643032798,
        0.22685101766742202,
        0.1840919519859549,
        0.15803679170754853,
        0.19147452016673272
    ],
    "val_macro_recall": [
        0.1028974972424492,
        0.12187422115931053,
        0.14250198994020463,
        0.13833022251791185,
        0.13478009479237946,
        0.16375224598431942,
        0.15126952221693837,
        0.1594515577108099,
        0.1641531892795449,
        0.1819222608344986
    ],
    "val_macro_f1": [
        0.052030852074843925,
        0.0738311085399554,
        0.11128215979479394,
        0.11777988948413969,
        0.09896862624478014,
        0.15044187678891335,
        0.1192080120928362,
        0.13066019222384834,
        0.13171807394682672,
        0.1582775639272505
    ],
    "val_micro_f1": [
        0.2669999999994999,
        0.2669999999994999,
        0.27649999999949987,
        0.27899999999949987,
        0.27649999999949987,
        0.2899999999994999,
        0.2859999999994999,
        0.2874999999994999,
        0.2859999999994999,
        0.2914999999994999
    ],
    "val_weighted_f1": [
        0.12540642349463352,
        0.1496871285893373,
        0.19507707325684343,
        0.19468551627381678,
        0.1807101029067381,
        0.2247248051318895,
        0.19310303163575135,
        0.20808700005074823,
        0.22398551511375264,
        0.24238022455736194
    ],
    "val_confidence": [
        0.34150293254852293,
        0.34112350845336914,
        0.24904026699066162,
        0.3284947032928467,
        0.3044825439453125,
        0.2852428703308105,
        0.3361330451965332,
        0.3000364933013916,
        0.2830247592926025,
        0.2775182456970215
    ],
    "grad_norm": [
        1.4638711085696787,
        1.3859865928823039,
        1.3412961163261437,
        1.190853445133313,
        1.2756686460199083,
        1.2980763942204507,
        1.274398176043044,
        1.3163724586492962,
        1.2993227453020784,
        1.4816608400539337
    ],
    "fractional_applied_params": [
        0.0,
        0.0,
        0.0,
        2.0,
        2.0,
        2.0,
        2.0,
        2.0,
        2.0,
        2.0
    ],
    "epoch_time": [
        6.681001663208008,
        3.349611759185791,
        3.3498175144195557,
        2.817207098007202,
        3.0747694969177246,
        2.854942798614502,
        3.3600046634674072,
        3.3871145248413086,
        3.3885202407836914,
        3.365496873855591
    ],
    "throughput_samples_per_sec": [
        1197.425237005352,
        2388.3364924490847,
        2388.1897940897866,
        2839.6918372308987,
        2601.8210496817824,
        2802.1577188455,
        2380.9490763457097,
        2361.8923840122625,
        2360.912561097694,
        2377.0635659022364
    ],
    "lr": [
        0.0003,
        0.0003,
        0.0003,
        0.0003,
        0.0003,
        0.0003,
        0.0003,
        0.0003,
        0.0003,
        0.0003
    ]
}