{
    "prefix": "epoch_10",
    "retain_em_acc": 0.7,
    "forget_em_acc": 0.16666666666666666,
    "retain_answer_nll": 0.09582171775400639,
    "forget_answer_nll": 0.21840457618236542,
    "general_ppl": 1.1749152525440099,
    "forget_minus_retain_nll": 0.12258285842835903,
    "retain_eval_n": 30,
    "forget_eval_n": 30
}