{
    "prefix": "epoch_5",
    "retain_em_acc": 0.6,
    "forget_em_acc": 0.16666666666666666,
    "retain_answer_nll": 0.11441980116069317,
    "forget_answer_nll": 0.16515158116817474,
    "general_ppl": 1.1760404180094912,
    "forget_minus_retain_nll": 0.050731780007481575,
    "retain_eval_n": 30,
    "forget_eval_n": 30
}