{
    "train_loss": [
        2.2107858848571778,
        2.1623933238983155,
        2.1011065225601198,
        2.0390382957458497,
        2.022415036201477,
        2.0084689655303953,
        2.0017021636962893,
        1.9985026865005493,
        1.9881665897369385,
        1.9863630590438843
    ],
    "train_accuracy": [
        0.2621249854564667,
        0.27799999713897705,
        0.28025001287460327,
        0.29087498784065247,
        0.28600001335144043,
        0.29225000739097595,
        0.2865000069141388,
        0.2927500009536743,
        0.29350000619888306,
        0.2939999997615814
    ],
    "train_macro_precision": [
        0.07295558105505259,
        0.09299346872912512,
        0.13600394657349396,
        0.1571095404792731,
        0.15963333102806337,
        0.15763499066516085,
        0.14744329424240069,
        0.16936985478667993,
        0.16139511142404786,
        0.16638713133551394
    ],
    "train_macro_recall": [
        0.09912975611897518,
        0.1021302166072672,
        0.11550531388015157,
        0.1456240630310554,
        0.14446405832322395,
        0.15221337790743603,
        0.14746536855778453,
        0.15794067288039476,
        0.1584219944906941,
        0.16097255519854023
    ],
    "train_macro_f1": [
        0.05438505124049205,
        0.04984120723311749,
        0.07681628321003,
        0.12458613518511263,
        0.12469389535942751,
        0.13343061737860004,
        0.12678032867515535,
        0.13900875956466358,
        0.1404494578562468,
        0.14373408818852723
    ],
    "train_micro_f1": [
        0.2621249999995,
        0.2779999999995,
        0.28024999999949995,
        0.2908749999995,
        0.2859999999995,
        0.29224999999949997,
        0.2864999999995,
        0.29274999999949997,
        0.2934999999995,
        0.2939999999995
    ],
    "train_weighted_f1": [
        0.13000004311834992,
        0.12758355709983218,
        0.15801950237997783,
        0.2104187065495825,
        0.20760575386123148,
        0.21727433996651047,
        0.21063031418575553,
        0.22163757020511216,
        0.22452128899543486,
        0.22696492125583292
    ],
    "train_confidence": [
        0.2823275365829468,
        0.27320987606048586,
        0.29028437614440916,
        0.29776429080963135,
        0.30466121101379395,
        0.3082691950798035,
        0.30486206674575805,
        0.3063611359596252,
        0.30718857717514036,
        0.30782610607147215
    ],
    "val_loss": [
        2.130398700714111,
        2.1041289138793946,
        2.0181169452667236,
        1.9994059400558473,
        1.9907473649978638,
        1.9818716373443603,
        1.981923436164856,
        1.9766405849456787,
        1.9770743122100831,
        1.9758216524124146
    ],
    "val_accuracy": [
        0.29600000381469727,
        0.29750001430511475,
        0.2849999964237213,
        0.3084999918937683,
        0.30000001192092896,
        0.30399999022483826,
        0.3005000054836273,
        0.3100000023841858,
        0.31200000643730164,
        0.30649998784065247
    ],
    "val_macro_precision": [
        0.029599999999999987,
        0.057036427624660435,
        0.09405991858475789,
        0.11777743786982846,
        0.1669549459736952,
        0.12944355976236904,
        0.13704971506319305,
        0.16476009438467237,
        0.14837809843151128,
        0.21697285706653857
    ],
    "val_macro_recall": [
        0.09999999999999983,
        0.10140186915887832,
        0.12666510583688995,
        0.13507631631510802,
        0.13953634806485657,
        0.14804629275700673,
        0.1450552305181015,
        0.15170983440537694,
        0.15844283232935094,
        0.1511198723066705
    ],
    "val_macro_f1": [
        0.04567901234564374,
        0.04854035903392145,
        0.09166881387187367,
        0.0989456803785789,
        0.11274754087759897,
        0.11557730601807856,
        0.11097238020739937,
        0.11971063738640977,
        0.12252543109793845,
        0.1284229938125615
    ],
    "val_micro_f1": [
        0.2959999999994999,
        0.2974999999994999,
        0.2849999999994999,
        0.3084999999994999,
        0.2999999999994999,
        0.3039999999994999,
        0.3004999999994999,
        0.3099999999994999,
        0.31199999999949984,
        0.3064999999994999
    ],
    "val_weighted_f1": [
        0.13520987654310546,
        0.1386394627404251,
        0.1976501027593473,
        0.19689482119753096,
        0.209601539438157,
        0.2198413248800048,
        0.21068353221970287,
        0.21415707190456718,
        0.21869007737667337,
        0.22384490051985736
    ],
    "val_confidence": [
        0.2982109832763672,
        0.281155611038208,
        0.2878773441314697,
        0.34381212615966794,
        0.31634388542175296,
        0.3088651885986328,
        0.3255634460449219,
        0.32349606895446775,
        0.32124057579040527,
        0.3308754568099976
    ],
    "grad_norm": [
        1.1615239839837386,
        0.84263481982357,
        0.8879700024200152,
        0.8914428715041018,
        0.9037907308344915,
        0.8671268811500136,
        0.9020050940934897,
        0.9434975927538864,
        0.9269906440513651,
        0.9176757006608058
    ],
    "fractional_applied_params": [
        0.0,
        0.0,
        0.0,
        0.0,
        0.0,
        0.0,
        0.0,
        0.0,
        0.0,
        0.0
    ],
    "epoch_time": [
        5.03216552734375,
        0.4718179702758789,
        0.9747090339660645,
        1.3900303840637207,
        1.697392225265503,
        1.3314108848571777,
        1.6522629261016846,
        1.7500746250152588,
        1.7572605609893799,
        1.7483851909637451
    ],
    "throughput_samples_per_sec": [
        1589.7728237534416,
        16955.691609885656,
        8207.577565428135,
        5755.269878786527,
        4713.112197004823,
        6008.663509505685,
        4841.844402376707,
        4571.233640925597,
        4552.540572296124,
        4575.650744096179
    ],
    "lr": [
        0.0003,
        0.0003,
        0.0003,
        0.0003,
        0.0003,
        0.0003,
        0.0003,
        0.0003,
        0.0003,
        0.0003
    ]
}