{
    "prefix": "epoch_1",
    "retain_em_acc": 0.36666666666666664,
    "forget_em_acc": 0.4666666666666667,
    "retain_answer_nll": 0.155188312754035,
    "forget_answer_nll": 0.13824306055903435,
    "general_ppl": 1.1806163755541852,
    "forget_minus_retain_nll": -0.01694525219500065,
    "retain_eval_n": 30,
    "forget_eval_n": 30
}