{
    "prefix": "epoch_10",
    "retain_em_acc": 0.6333333333333333,
    "forget_em_acc": 0.13333333333333333,
    "retain_answer_nll": 0.10756406467407942,
    "forget_answer_nll": 0.21487299352884293,
    "general_ppl": 1.1779829581997618,
    "forget_minus_retain_nll": 0.10730892885476351,
    "retain_eval_n": 30,
    "forget_eval_n": 30
}