{
    "train_loss": [
        2.1232054090499877,
        2.0931346726417543,
        2.05216778755188,
        1.9800311946868896,
        1.9652460598945618,
        1.9523426961898804,
        1.953825511932373,
        1.9483000946044922,
        1.9491723012924194,
        1.9371092438697814
    ],
    "train_accuracy": [
        0.3332291543483734,
        0.3387500047683716,
        0.3348958194255829,
        0.3334375023841858,
        0.33406248688697815,
        0.33677083253860474,
        0.33531248569488525,
        0.33520832657814026,
        0.3361458480358124,
        0.3422916531562805
    ],
    "train_macro_precision": [
        0.05383873472872567,
        0.03388558924663957,
        0.11979003838475207,
        0.131218168895944,
        0.12446549714534931,
        0.13886909318127197,
        0.14521971292859318,
        0.12810777848799554,
        0.1390228941751053,
        0.1464811133042732
    ],
    "train_macro_recall": [
        0.09983168167842257,
        0.09993853718500303,
        0.10412635934619134,
        0.11794145200238529,
        0.12031307954868872,
        0.12243129355141327,
        0.12468720256451075,
        0.12109741273487029,
        0.12459973226021111,
        0.12535100639126956
    ],
    "train_macro_f1": [
        0.05396589303796756,
        0.05061084740483338,
        0.06368878254937826,
        0.0925297640128417,
        0.09620881987573286,
        0.10044827295845582,
        0.10422577187406139,
        0.0978763320625591,
        0.10326486999459983,
        0.10130946525717617
    ],
    "train_micro_f1": [
        0.3332291666661666,
        0.33874999999949995,
        0.3348958333328333,
        0.33343749999949995,
        0.33406249999949994,
        0.3367708333328333,
        0.33531249999949997,
        0.3352083333328333,
        0.33614583333283327,
        0.3422916666661666
    ],
    "train_weighted_f1": [
        0.17357289063818693,
        0.1715496848492998,
        0.18478804454240663,
        0.21248279108146997,
        0.21783026247100432,
        0.22239007890953227,
        0.22400608511543021,
        0.21925633330959818,
        0.22297845733509072,
        0.22207081961658942
    ],
    "train_confidence": [
        0.34045539021492005,
        0.3382854215304057,
        0.3413868772983551,
        0.34475165685017906,
        0.34651871760686237,
        0.3441046337286631,
        0.3434939972559611,
        0.34442787130673724,
        0.3466299267609914,
        0.34466784954071045
    ],
    "val_loss": [
        2.044354476928711,
        2.0469122314453125,
        1.946438102722168,
        1.9272152805328369,
        1.920759358406067,
        1.9268728590011597,
        1.9282183408737184,
        1.924888768196106,
        1.923797092437744,
        1.9167720508575439
    ],
    "val_accuracy": [
        0.3570833206176758,
        0.3570833206176758,
        0.34833332896232605,
        0.35499998927116394,
        0.3512499928474426,
        0.3383333384990692,
        0.3558333218097687,
        0.3499999940395355,
        0.3570833206176758,
        0.351666659116745
    ],
    "val_macro_precision": [
        0.03570833333333332,
        0.03570833333333332,
        0.07512951417258429,
        0.07459177004270681,
        0.06311475149382585,
        0.05849418985268284,
        0.1741894233499508,
        0.13122310799500037,
        0.11019520161357114,
        0.15743041787569026
    ],
    "val_macro_recall": [
        0.09999999999999988,
        0.09999999999999988,
        0.12393594950552422,
        0.11213578322765505,
        0.11896014432794591,
        0.12470475683298494,
        0.10604847770091304,
        0.11800664597006656,
        0.12067577896394772,
        0.11710058284338279
    ],
    "val_macro_f1": [
        0.05262511513658998,
        0.05262511513658998,
        0.08435396746673023,
        0.07662690913458695,
        0.07882693669188248,
        0.07655526529061277,
        0.06698545298043732,
        0.08724300026043741,
        0.08146071825035636,
        0.08482570901829364
    ],
    "val_micro_f1": [
        0.3570833333328332,
        0.3570833333328332,
        0.34833333333283323,
        0.3549999999994999,
        0.35124999999949985,
        0.3383333333328332,
        0.3558333333328332,
        0.3499999999994999,
        0.3570833333328332,
        0.3516666666661665
    ],
    "val_weighted_f1": [
        0.18791551530024006,
        0.18791551530024006,
        0.22904579781991355,
        0.21091017513507643,
        0.21541474757919413,
        0.22567365470579645,
        0.2029683838085548,
        0.22544277879776406,
        0.2134930661220409,
        0.22080999131892876
    ],
    "val_confidence": [
        0.3450307242075602,
        0.3076967485745748,
        0.3295731830596924,
        0.3489005716641744,
        0.3620616833368937,
        0.3202835480372111,
        0.40853246053059894,
        0.3431626836458842,
        0.33425222873687743,
        0.3374431626001994
    ],
    "grad_norm": [
        1.3263614708711253,
        1.0460681411278316,
        1.0343677453050641,
        1.0177252995999206,
        0.9906770987941671,
        0.9383589247777371,
        0.9705533790622455,
        1.057305306801794,
        1.0678226057611866,
        0.900019486617188
    ],
    "fractional_applied_params": [
        2.0,
        2.0,
        2.0,
        2.0,
        2.0,
        2.0,
        2.0,
        2.0,
        2.0,
        2.0
    ],
    "epoch_time": [
        7.905562400817871,
        4.449992656707764,
        4.605879783630371,
        4.5922465324401855,
        4.6441662311553955,
        3.9932239055633545,
        3.780764579772949,
        3.8070075511932373,
        4.582561254501343,
        4.627148628234863
    ],
    "throughput_samples_per_sec": [
        1214.3348585809442,
        2157.3069307270193,
        2084.292350425448,
        2090.480102099144,
        2067.1094707158386,
        2404.0725556674374,
        2539.168942536094,
        2521.665605047475,
        2094.8983476369563,
        2074.7118303961092
    ],
    "lr": [
        0.0003,
        0.0003,
        0.0003,
        0.0003,
        0.0003,
        0.0003,
        0.0003,
        0.0003,
        0.0003,
        0.0003
    ]
}