{
    "prefix": "epoch_1",
    "retain_em_acc": 0.4,
    "forget_em_acc": 0.4,
    "retain_answer_nll": 0.1445031464099884,
    "forget_answer_nll": 0.138593427836895,
    "general_ppl": 1.1804772178503011,
    "forget_minus_retain_nll": -0.005909718573093414,
    "retain_eval_n": 30,
    "forget_eval_n": 30
}