{
    "train_loss": [
        2.207162414550781,
        2.0894493579864504,
        2.0589246978759768,
        2.047209419250488,
        2.0282181062698363,
        2.0179298305511475,
        1.9994334611892701,
        1.9986987018585205,
        1.9825787057876587,
        1.9730990934371948
    ],
    "train_accuracy": [
        0.26337501406669617,
        0.28224998712539673,
        0.28337499499320984,
        0.2837499976158142,
        0.29100000858306885,
        0.28824999928474426,
        0.28999999165534973,
        0.2928749918937683,
        0.29600000381469727,
        0.2998749911785126
    ],
    "train_macro_precision": [
        0.0799520223589792,
        0.12851612065612714,
        0.13458097790144583,
        0.14389508842032284,
        0.15175393573004334,
        0.14601451446999522,
        0.14984045684766018,
        0.16413185015156903,
        0.16248594730105884,
        0.17018025910401746
    ],
    "train_macro_recall": [
        0.09970675247867619,
        0.12076858887470392,
        0.1356574689334324,
        0.13546870024211413,
        0.14547652150518556,
        0.14365811757929436,
        0.1482491510216623,
        0.15506733614339346,
        0.15755391864404436,
        0.16238065718411748
    ],
    "train_macro_f1": [
        0.0537387602521718,
        0.0853262394929345,
        0.10692214068868214,
        0.11019624717039408,
        0.1225029248747034,
        0.12078535926113074,
        0.12732831086636123,
        0.1348565951990983,
        0.13890762475333662,
        0.14505173003673072
    ],
    "train_micro_f1": [
        0.2633749999995,
        0.28224999999949996,
        0.2833749999995,
        0.28374999999949996,
        0.2909999999995,
        0.28824999999949996,
        0.2899999999995,
        0.29287499999949995,
        0.2959999999995,
        0.29987499999949996
    ],
    "train_weighted_f1": [
        0.1294900803414405,
        0.1674048901433698,
        0.19067514718619194,
        0.19833108685627882,
        0.20707634245772966,
        0.20925189819578266,
        0.2136199089005315,
        0.22230153133877026,
        0.22619188043649252,
        0.23298666084597372
    ],
    "train_confidence": [
        0.28312345504760744,
        0.29541721439361573,
        0.2992307710647583,
        0.3010303182601929,
        0.3000113124847412,
        0.3058793468475342,
        0.3058346700668335,
        0.30552633237838744,
        0.31195485496520997,
        0.31403316736221315
    ],
    "val_loss": [
        2.1176516380310058,
        2.0262470541000366,
        2.0119173307418823,
        2.003026777267456,
        1.9954033241271973,
        1.9938223915100097,
        1.9979284276962281,
        1.9893702278137206,
        1.9902413120269775,
        1.9874853763580322
    ],
    "val_accuracy": [
        0.29249998927116394,
        0.2930000126361847,
        0.2919999957084656,
        0.30000001192092896,
        0.2955000102519989,
        0.3009999990463257,
        0.28349998593330383,
        0.29100000858306885,
        0.29750001430511475,
        0.2980000078678131
    ],
    "val_macro_precision": [
        0.029249999999999988,
        0.16807566733430374,
        0.05832387930774028,
        0.10561547219499265,
        0.0909718728539455,
        0.13259347274410457,
        0.10940122027988367,
        0.10692828668651493,
        0.1447797087678234,
        0.1930446692656829
    ],
    "val_macro_recall": [
        0.09999999999999983,
        0.14372625628083965,
        0.12534671139185855,
        0.13482732441876594,
        0.14753102420071115,
        0.14287784802321454,
        0.12715503103663087,
        0.14031891926328705,
        0.15818658793740062,
        0.16875325091129428
    ],
    "val_macro_f1": [
        0.04526112185683148,
        0.09684875934937233,
        0.07761916528397006,
        0.0904007519524125,
        0.1002653877981183,
        0.09876525443963544,
        0.09109394431783648,
        0.10751794230131131,
        0.13018001338667518,
        0.1485925837408239
    ],
    "val_micro_f1": [
        0.2924999999994999,
        0.2929999999994999,
        0.2919999999994999,
        0.2999999999994999,
        0.2954999999994999,
        0.3009999999994999,
        0.2834999999994999,
        0.2909999999994999,
        0.2974999999994999,
        0.2979999999994999
    ],
    "val_weighted_f1": [
        0.1323887814312321,
        0.1895111404834251,
        0.17386091225697864,
        0.18260674427464782,
        0.19572859876016288,
        0.1906365879962799,
        0.1892543880903941,
        0.20383327165237095,
        0.2209716444940473,
        0.23989904085694944
    ],
    "val_confidence": [
        0.3095248622894287,
        0.29086578273773195,
        0.3036151714324951,
        0.3250800809860229,
        0.29658404541015626,
        0.30852657222747804,
        0.3170845127105713,
        0.3133337869644165,
        0.3261792001724243,
        0.3091188726425171
    ],
    "grad_norm": [
        1.3658312634043843,
        0.9662462674989879,
        0.9475966420551613,
        1.0749140534128547,
        0.926720937385648,
        1.0166596038627094,
        0.9628532482825181,
        1.0675660007302483,
        1.0913942914336725,
        1.083950000462607
    ],
    "fractional_applied_params": [
        0.0,
        0.0,
        0.0,
        2.0,
        2.0,
        2.0,
        2.0,
        2.0,
        2.0,
        2.0
    ],
    "epoch_time": [
        4.80541205406189,
        2.5206751823425293,
        2.3209807872772217,
        2.7017252445220947,
        2.718730926513672,
        2.7509520053863525,
        2.7237093448638916,
        2.708968162536621,
        2.7236738204956055,
        2.5008673667907715
    ],
    "throughput_samples_per_sec": [
        1664.7895976449738,
        3173.7528325904295,
        3446.818708648133,
        2961.0708995004084,
        2942.549379190935,
        2908.084177526919,
        2937.170963225437,
        2953.153939066219,
        2937.2092721970293,
        3198.890155564695
    ],
    "lr": [
        0.0003,
        0.0003,
        0.0003,
        0.0003,
        0.0003,
        0.0003,
        0.0003,
        0.0003,
        0.0003,
        0.0003
    ]
}