{
    "train_loss": [
        2.2031625413894655,
        2.127134606361389,
        2.044910804748535,
        2.0217057590484617,
        2.0060855226516723,
        1.997651865005493,
        1.9800308799743653,
        1.980037893295288,
        1.9665659170150758,
        1.9601212825775147
    ],
    "train_accuracy": [
        0.27300000190734863,
        0.28450000286102295,
        0.2841250002384186,
        0.2836250066757202,
        0.2901250123977661,
        0.2917500138282776,
        0.29862499237060547,
        0.30149999260902405,
        0.30274999141693115,
        0.3087500035762787
    ],
    "train_macro_precision": [
        0.06638055934050599,
        0.12703449316348953,
        0.13169825730586088,
        0.1439437739474318,
        0.15317924509272712,
        0.15111834916733616,
        0.167110729986997,
        0.171146310311584,
        0.17523756453912168,
        0.1799547185753397
    ],
    "train_macro_recall": [
        0.09980794161794322,
        0.11511527875146384,
        0.13988628574207437,
        0.14134302794665615,
        0.15106975488006802,
        0.15149344499031123,
        0.16251601060333587,
        0.16337014777768466,
        0.16947330803228847,
        0.17177031584421076
    ],
    "train_macro_f1": [
        0.050070050547730394,
        0.07547273161906651,
        0.11640763417259688,
        0.12173206296753858,
        0.13336131288754255,
        0.13174172518034957,
        0.14281149491110753,
        0.14595058682597462,
        0.15165598238092376,
        0.15612575545880106
    ],
    "train_micro_f1": [
        0.2729999999995,
        0.2844999999995,
        0.28412499999949997,
        0.28362499999949997,
        0.2901249999995,
        0.29174999999949996,
        0.2986249999995,
        0.3014999999995,
        0.3027499999995,
        0.3087499999995
    ],
    "train_weighted_f1": [
        0.12879114143805379,
        0.15808401826612822,
        0.20393568773250606,
        0.20899251915627418,
        0.21974644724739922,
        0.22055576446307085,
        0.23100882012720622,
        0.23238381221602386,
        0.24161275292066256,
        0.2442050359461597
    ],
    "train_confidence": [
        0.27950116205215453,
        0.2975135264396668,
        0.3030421257019043,
        0.3038488421440125,
        0.303996259689331,
        0.3074798603057861,
        0.30776699447631833,
        0.30886881637573244,
        0.30794174003601077,
        0.31677718353271483
    ],
    "val_loss": [
        2.150048816680908,
        2.0401789569854736,
        2.02786817741394,
        2.006852710723877,
        2.011277505874634,
        1.9866535844802857,
        1.9886365985870362,
        1.9909472513198851,
        1.9879930992126464,
        1.9995231876373292
    ],
    "val_accuracy": [
        0.2865000069141388,
        0.296999990940094,
        0.28949999809265137,
        0.28999999165534973,
        0.29249998927116394,
        0.28949999809265137,
        0.28349998593330383,
        0.28999999165534973,
        0.2915000021457672,
        0.2930000126361847
    ],
    "val_macro_precision": [
        0.028649999999999988,
        0.08614604696546296,
        0.11141708839405078,
        0.20975044606247675,
        0.2173347316157172,
        0.1286740452770503,
        0.12273311831094635,
        0.14964513348527,
        0.18710769313440206,
        0.14585773578086275
    ],
    "val_macro_recall": [
        0.09999999999999983,
        0.1339406877785571,
        0.1384791634328872,
        0.1385723442119697,
        0.12873603138137696,
        0.14119507405374698,
        0.1390233502792866,
        0.14768916618292954,
        0.15221058904081136,
        0.1588225612626479
    ],
    "val_macro_f1": [
        0.04453944811500616,
        0.07639280520769194,
        0.09815471930704245,
        0.10134528830218537,
        0.09451593881322345,
        0.10451345269664977,
        0.11073665508006207,
        0.12301590437387559,
        0.12051545153157354,
        0.11448273371776804
    ],
    "val_micro_f1": [
        0.2864999999994999,
        0.2969999999994999,
        0.2894999999994999,
        0.2899999999994999,
        0.2924999999994999,
        0.2894999999994999,
        0.2834999999994999,
        0.2899999999994999,
        0.2914999999994999,
        0.2929999999994999
    ],
    "val_weighted_f1": [
        0.12760551884949264,
        0.17633563996241094,
        0.19449766010987957,
        0.19921381680617445,
        0.18431648207027154,
        0.19872606830875114,
        0.20415990782998825,
        0.21468103770619282,
        0.21531870869662115,
        0.21155366689549648
    ],
    "val_confidence": [
        0.32557598686218264,
        0.30386563777923586,
        0.306941104888916,
        0.2853921766281128,
        0.3591834840774536,
        0.3094118385314941,
        0.329544792175293,
        0.33119314765930175,
        0.32724043655395507,
        0.33409246063232423
    ],
    "grad_norm": [
        1.297330174352156,
        1.0137629515795192,
        1.0466701665203564,
        1.095471271023894,
        1.053079147372204,
        1.0888466571239654,
        0.9636869230982941,
        1.1188742171331771,
        0.9819156906437969,
        1.061338360038126
    ],
    "fractional_applied_params": [
        2.0,
        2.0,
        2.0,
        2.0,
        2.0,
        2.0,
        2.0,
        2.0,
        2.0,
        2.0
    ],
    "epoch_time": [
        7.352385520935059,
        4.279325246810913,
        4.274369955062866,
        4.267117261886597,
        4.271702766418457,
        4.285734176635742,
        4.273410320281982,
        4.275507926940918,
        3.2258474826812744,
        1.0472750663757324
    ],
    "throughput_samples_per_sec": [
        1088.082225451989,
        1869.4536027524082,
        1871.6208667254537,
        1874.8020054323524,
        1872.78947938306,
        1866.6580031055307,
        1872.0411569259554,
        1871.122714938788,
        2479.968455715868,
        7638.871827327385
    ],
    "lr": [
        0.0003,
        0.0003,
        0.0003,
        0.0003,
        0.0003,
        0.0003,
        0.0003,
        0.0003,
        0.0003,
        0.0003
    ]
}