{
    "train_loss": [
        2.272089221954346,
        2.1866931133270264,
        2.077001949310303,
        2.0083015336990355,
        1.958308650970459,
        1.9206353511810303,
        1.8795897254943847,
        1.850964853286743,
        1.8146205034255982,
        1.7907945680618287
    ],
    "train_accuracy": [
        0.19625000655651093,
        0.2292499989271164,
        0.2682499885559082,
        0.28600001335144043,
        0.3082500100135803,
        0.320250004529953,
        0.3362500071525574,
        0.3467499911785126,
        0.3544999957084656,
        0.36125001311302185
    ],
    "train_macro_precision": [
        0.07173345325487347,
        0.11161604041579623,
        0.18501831771237817,
        0.20168444712759212,
        0.23502978874044675,
        0.2551843299667993,
        0.27493657324280607,
        0.2886617746075714,
        0.2912923356972638,
        0.31028972508300456
    ],
    "train_macro_recall": [
        0.10140680253447525,
        0.11146245589781537,
        0.1709654687922701,
        0.20171149625049037,
        0.2327654963081363,
        0.2512696198795053,
        0.2724832736387587,
        0.2830179928849454,
        0.2952963817700877,
        0.29871138534362063
    ],
    "train_macro_f1": [
        0.06517156708009678,
        0.06120731125063252,
        0.14746170049897364,
        0.1850435389587821,
        0.21637437892848427,
        0.24073151512063298,
        0.26340190061627966,
        0.2754923135636799,
        0.28547648119485236,
        0.2941382122140404
    ],
    "train_micro_f1": [
        0.19624999999949996,
        0.22924999999949996,
        0.26824999999949994,
        0.28599999999949993,
        0.3082499999994999,
        0.32024999999949993,
        0.33624999999949995,
        0.34674999999949996,
        0.35449999999949994,
        0.36124999999949986
    ],
    "train_weighted_f1": [
        0.10851081411090736,
        0.10963861008061444,
        0.20091216383328703,
        0.2350618509746296,
        0.266561535187293,
        0.2871787577193125,
        0.30741770439970173,
        0.3203340857283659,
        0.3281907707800803,
        0.3373674891504165
    ],
    "train_confidence": [
        0.23243768978118898,
        0.2409462032318115,
        0.2662192373275757,
        0.2955647850036621,
        0.3006692371368408,
        0.32991478538513186,
        0.3397447156906128,
        0.35112637996673585,
        0.3626381816864014,
        0.37273866081237794
    ],
    "val_loss": [
        2.237014682769775,
        2.1135417461395263,
        2.0515410022735594,
        1.9928969097137452,
        1.9821406173706055,
        1.963214430809021,
        1.9419248638153077,
        1.919676794052124,
        1.9112017822265626,
        1.9007694034576417
    ],
    "val_accuracy": [
        0.2150000035762787,
        0.24799999594688416,
        0.2639999985694885,
        0.29600000381469727,
        0.29600000381469727,
        0.28600001335144043,
        0.3050000071525574,
        0.29499998688697815,
        0.3190000057220459,
        0.31299999356269836
    ],
    "val_macro_precision": [
        0.021499999999999977,
        0.16408860221900984,
        0.1694763733829486,
        0.22371473394480113,
        0.22026331801457882,
        0.20874227907069992,
        0.24037387032061214,
        0.22016431457764424,
        0.2756647545314145,
        0.2664929213707762
    ],
    "val_macro_recall": [
        0.09999999999999953,
        0.14282075891378124,
        0.18455701848890546,
        0.2175933196490453,
        0.21722509595747225,
        0.2259332578233125,
        0.23307168651808077,
        0.2277161241757663,
        0.24770084236395476,
        0.2386069371225228
    ],
    "val_macro_f1": [
        0.03539094650202842,
        0.08381146119564443,
        0.14058997703238615,
        0.17984826717554858,
        0.19050344204553696,
        0.20187516337913722,
        0.22367126121836658,
        0.20688107601985184,
        0.23820086251468675,
        0.23058459028757045
    ],
    "val_micro_f1": [
        0.21499999999949979,
        0.24799999999949976,
        0.26399999999949975,
        0.2959999999994997,
        0.2959999999994997,
        0.2859999999994997,
        0.30499999999949967,
        0.2949999999994997,
        0.3189999999994997,
        0.3129999999994997
    ],
    "val_weighted_f1": [
        0.07609053497936111,
        0.1344700447088731,
        0.1894039475642925,
        0.23249107554434978,
        0.24403418524109027,
        0.25030076074753144,
        0.26883017722433494,
        0.255159350341746,
        0.2847772276600992,
        0.26987759755274593
    ],
    "val_confidence": [
        0.2902030849456787,
        0.2378311185836792,
        0.2874445991516113,
        0.29023171234130857,
        0.2987893409729004,
        0.2983941822052002,
        0.34185531044006345,
        0.3561145353317261,
        0.3785947914123535,
        0.37614544677734374
    ],
    "grad_norm": [
        1.49909287386834,
        0.9247726805260021,
        1.0149423972225071,
        1.1358374211824702,
        1.1164238133162425,
        1.1658061835833462,
        1.2224537914615126,
        1.3977427712749264,
        1.22864253732885,
        1.3210862793170612
    ],
    "fractional_applied_params": [
        2.0,
        2.0,
        2.0,
        2.0,
        2.0,
        2.0,
        2.0,
        2.0,
        2.0,
        2.0
    ],
    "epoch_time": [
        4.789632797241211,
        1.0403411388397217,
        1.041337490081787,
        1.0396831035614014,
        1.010906457901001,
        0.8078305721282959,
        0.4324209690093994,
        0.39231300354003906,
        0.3726041316986084,
        0.3048264980316162
    ],
    "throughput_samples_per_sec": [
        835.1370907398093,
        3844.892651713404,
        3841.2138601538663,
        3847.32615765143,
        3956.8448383497453,
        4951.5333264271885,
        9250.245216283794,
        10195.940394292244,
        10735.254012791022,
        13122.21878947389
    ],
    "lr": [
        0.0003,
        0.0003,
        0.0003,
        0.0003,
        0.0003,
        0.0003,
        0.0003,
        0.0003,
        0.0003,
        0.0003
    ]
}