{
    "train_loss": [
        2.1653691520690916,
        2.0455320091247557,
        2.0161409521102907,
        1.9986450672149658,
        1.9875038948059083,
        1.9783883600234986,
        1.9687543840408326,
        1.9511566638946534,
        1.9363567419052123,
        1.9211485662460328
    ],
    "train_accuracy": [
        0.27562499046325684,
        0.29124999046325684,
        0.2918750047683716,
        0.289000004529953,
        0.29587501287460327,
        0.29899999499320984,
        0.29899999499320984,
        0.30387499928474426,
        0.31062498688697815,
        0.31562501192092896
    ],
    "train_macro_precision": [
        0.26231550816979465,
        0.15033579199318275,
        0.14943044955925244,
        0.15550364214095325,
        0.15683891829062171,
        0.1760459705691167,
        0.17485131993221248,
        0.1835440489036816,
        0.1937588592887925,
        0.20267406161452678
    ],
    "train_macro_recall": [
        0.10364045222335713,
        0.1461094192928895,
        0.15107000630673983,
        0.1502347308237651,
        0.15639418648225994,
        0.16583904961777135,
        0.16652599715878363,
        0.17315662438368967,
        0.18247714256880304,
        0.19137714033170264
    ],
    "train_macro_f1": [
        0.05887369502583465,
        0.1249452576558134,
        0.13211344740061282,
        0.13353649051666006,
        0.13700830589192733,
        0.14769034619809376,
        0.1551181720025726,
        0.16019154800538174,
        0.1696833455022899,
        0.17972376397656592
    ],
    "train_micro_f1": [
        0.27562499999949996,
        0.29124999999949996,
        0.29187499999949995,
        0.2889999999995,
        0.29587499999949995,
        0.2989999999995,
        0.2989999999995,
        0.30387499999949996,
        0.3106249999995,
        0.3156249999995
    ],
    "train_weighted_f1": [
        0.13782634120580503,
        0.20979397402914102,
        0.21737910938420096,
        0.21914466014252548,
        0.22470439744694745,
        0.2327378754536493,
        0.24098927787699848,
        0.24600097895691989,
        0.2549796056155409,
        0.26428701090492934
    ],
    "train_confidence": [
        0.2844010190963745,
        0.3068664059638977,
        0.30863630056381225,
        0.3097505826950073,
        0.3127694869041443,
        0.31151554107666013,
        0.31137298011779785,
        0.32036609745025635,
        0.3171292152404785,
        0.3232987208366394
    ],
    "val_loss": [
        2.0822466831207276,
        2.05194437789917,
        2.014497661590576,
        2.0228105068206785,
        2.0207027759552,
        2.0177901248931884,
        2.0139515857696533,
        2.0065743408203125,
        2.0189150161743163,
        2.022685167312622
    ],
    "val_accuracy": [
        0.28999999165534973,
        0.289000004529953,
        0.2944999933242798,
        0.29249998927116394,
        0.2854999899864197,
        0.28450000286102295,
        0.29499998688697815,
        0.2854999899864197,
        0.28600001335144043,
        0.28299999237060547
    ],
    "val_macro_precision": [
        0.07866338864924151,
        0.22928538919752536,
        0.10454273007198996,
        0.251901021685874,
        0.17121134829665446,
        0.17810164086971408,
        0.1602846554587301,
        0.18460237186134504,
        0.19092089662116413,
        0.1760856122798425
    ],
    "val_macro_recall": [
        0.12372417253526664,
        0.12478844946663947,
        0.13984036317664592,
        0.16429780813715075,
        0.16455676140826422,
        0.16365970827049975,
        0.17802285850210112,
        0.15805082685809013,
        0.17024875362857445,
        0.16529056274138618
    ],
    "val_macro_f1": [
        0.08391156106330354,
        0.0887326066893235,
        0.10548325650120198,
        0.11535328311327471,
        0.12415514103628164,
        0.1391491919141024,
        0.15282415668114688,
        0.1386501978105242,
        0.1526896502091592,
        0.15622194753614252
    ],
    "val_micro_f1": [
        0.2899999999994999,
        0.2889999999994999,
        0.2944999999994999,
        0.2924999999994999,
        0.2854999999994999,
        0.2844999999994999,
        0.2949999999994999,
        0.2854999999994999,
        0.2859999999994999,
        0.2829999999994999
    ],
    "val_weighted_f1": [
        0.17564512773934995,
        0.17583318138341325,
        0.19862072713426962,
        0.20074214645855298,
        0.21377386030074552,
        0.23214299720930273,
        0.24158506139148483,
        0.23077583173234698,
        0.2328272359662646,
        0.24480431059226648
    ],
    "val_confidence": [
        0.27306735038757324,
        0.3846410789489746,
        0.3404541893005371,
        0.2962028398513794,
        0.2791001377105713,
        0.26392984771728517,
        0.3135361328125,
        0.28060208129882813,
        0.2937303810119629,
        0.31118534088134764
    ],
    "grad_norm": [
        1.521591424884077,
        1.3856165224624186,
        1.3433944161068485,
        1.332273060786489,
        1.3016484781969444,
        1.2933487422587486,
        1.2488158444757704,
        1.2391589844575877,
        1.298242137840119,
        1.3194334103890784
    ],
    "fractional_applied_params": [
        0.0,
        0.0,
        0.0,
        0.0,
        0.0,
        0.0,
        0.0,
        0.0,
        0.0,
        0.0
    ],
    "epoch_time": [
        6.332342147827148,
        3.136733055114746,
        2.650444269180298,
        3.187614679336548,
        3.1828806400299072,
        2.8553082942962646,
        2.8445372581481934,
        2.9081170558929443,
        3.140622138977051,
        3.1994316577911377
    ],
    "throughput_samples_per_sec": [
        1263.3556136484324,
        2550.4242342061043,
        3018.3618999369332,
        2509.713627515693,
        2513.446435718315,
        2801.799026739326,
        2812.408231632036,
        2750.920903884861,
        2547.2660020812705,
        2500.4440962252456
    ],
    "lr": [
        0.0003,
        0.0003,
        0.0003,
        0.0003,
        0.0003,
        0.0003,
        0.0003,
        0.0003,
        0.0003,
        0.0003
    ]
}