{
    "train_loss": [
        2.2283763542175294,
        2.079950714111328,
        1.9940138607025146,
        1.955542565345764,
        1.92104461479187,
        1.9011175422668456,
        1.8644705867767335,
        1.83344495677948,
        1.8271179132461548,
        1.7863438940048217
    ],
    "train_accuracy": [
        0.21375000476837158,
        0.2722499966621399,
        0.3019999861717224,
        0.320250004529953,
        0.32249999046325684,
        0.3319999873638153,
        0.3395000100135803,
        0.3479999899864197,
        0.35225000977516174,
        0.3630000054836273
    ],
    "train_macro_precision": [
        0.12345721677546424,
        0.20459990835693337,
        0.2373809114940927,
        0.25990812166618127,
        0.25996163204852185,
        0.28100834494066695,
        0.28429091515823834,
        0.29153070431650346,
        0.3002431534113322,
        0.3189947278813022
    ],
    "train_macro_recall": [
        0.11692705526444899,
        0.18826156858494986,
        0.22900590635997387,
        0.2543232199901411,
        0.25659462714285464,
        0.27081762421815386,
        0.27654976563394207,
        0.2869723720513194,
        0.2844860974517646,
        0.3049081452782159
    ],
    "train_macro_f1": [
        0.0841166386451741,
        0.17608819726104302,
        0.22216758201878842,
        0.2445302947748853,
        0.24886699289027062,
        0.26447263938692006,
        0.2700748912339224,
        0.2780914999393665,
        0.2794251680575307,
        0.30111615086332044
    ],
    "train_micro_f1": [
        0.21374999999949995,
        0.27224999999949995,
        0.30199999999949995,
        0.32024999999949993,
        0.32249999999949996,
        0.3319999999994999,
        0.3394999999994999,
        0.34799999999949993,
        0.3522499999994999,
        0.3629999999994999
    ],
    "train_weighted_f1": [
        0.12672479167284065,
        0.2230643806694282,
        0.267467609922499,
        0.2873693694706138,
        0.2957009964820265,
        0.3071200213641223,
        0.3137717250003858,
        0.3225179237267837,
        0.3226033502831186,
        0.34268182389691526
    ],
    "train_confidence": [
        0.2333157844543457,
        0.28753575229644773,
        0.3144943981170654,
        0.32697784614562986,
        0.336275200843811,
        0.34779030418395995,
        0.3448286304473877,
        0.3529956302642822,
        0.3632165355682373,
        0.36875301170349123
    ],
    "val_loss": [
        2.1153994407653807,
        1.9627931957244873,
        1.9903557271957397,
        1.9067460241317749,
        1.8814466857910157,
        1.875041872024536,
        1.8400570755004884,
        1.8215331716537475,
        1.82170157623291,
        1.8348672199249267
    ],
    "val_accuracy": [
        0.2619999945163727,
        0.3109999895095825,
        0.3240000009536743,
        0.33799999952316284,
        0.3440000116825104,
        0.335999995470047,
        0.3370000123977661,
        0.3529999852180481,
        0.3529999852180481,
        0.3499999940395355
    ],
    "val_macro_precision": [
        0.06247974762697637,
        0.26130227943149575,
        0.3437832140185299,
        0.282462055063406,
        0.2844853106975678,
        0.3561869416052176,
        0.29541480575053325,
        0.3368120901295595,
        0.30377910007986975,
        0.33866095079002095
    ],
    "val_macro_recall": [
        0.14301842713333263,
        0.24192303994906292,
        0.2755338801015618,
        0.28909059910599144,
        0.2879273800678372,
        0.2687606871284092,
        0.27836341945280296,
        0.2785263505234216,
        0.2900370580830776,
        0.29057009291162006
    ],
    "val_macro_f1": [
        0.07905802662258872,
        0.22908091266090852,
        0.23965733679793777,
        0.26983216153095074,
        0.2608968527134469,
        0.2532154719345344,
        0.264900944462504,
        0.27768717406735605,
        0.28372973370628884,
        0.2751040984006331
    ],
    "val_micro_f1": [
        0.26199999999949974,
        0.3109999999994997,
        0.3239999999994997,
        0.33799999999949965,
        0.34399999999949965,
        0.33599999999949964,
        0.33699999999949964,
        0.35299999999949966,
        0.35299999999949966,
        0.34999999999949966
    ],
    "val_weighted_f1": [
        0.13741612763582944,
        0.27751011521385566,
        0.29253275819172625,
        0.3185911300313719,
        0.3018123631389792,
        0.3008847298880093,
        0.3135495531015755,
        0.31854198318982535,
        0.3289607890480421,
        0.32601252666343666
    ],
    "val_confidence": [
        0.27626186752319337,
        0.2881517400741577,
        0.30209037017822266,
        0.30175435066223144,
        0.35407654285430906,
        0.339797794342041,
        0.351544939994812,
        0.3680923261642456,
        0.3696461772918701,
        0.3751232843399048
    ],
    "grad_norm": [
        0.8860733594061649,
        0.8968522938582081,
        1.0426452889787963,
        0.9320914933865134,
        1.0934281580767182,
        1.1144377100785885,
        0.9233445514764734,
        0.9380285252265652,
        1.102391208810004,
        0.9891738132807453
    ],
    "fractional_applied_params": [
        2.0,
        2.0,
        2.0,
        2.0,
        2.0,
        2.0,
        2.0,
        2.0,
        2.0,
        2.0
    ],
    "epoch_time": [
        4.653392553329468,
        0.5853190422058105,
        0.5340445041656494,
        0.5889794826507568,
        1.4295473098754883,
        1.3355457782745361,
        1.3338298797607422,
        1.596574068069458,
        1.5823030471801758,
        1.582726001739502
    ],
    "throughput_samples_per_sec": [
        859.5879144427714,
        6833.879835731563,
        7490.01247798495,
        6791.408050408868,
        2798.088578368487,
        2995.030245363672,
        2998.8831864506637,
        2505.364505159921,
        2527.9607513417895,
        2527.2852000938774
    ],
    "lr": [
        0.0003,
        0.0003,
        0.0003,
        0.0003,
        0.0003,
        0.0003,
        0.0003,
        0.0003,
        0.0003,
        0.0003
    ]
}