{
    "train_loss": [
        2.203123291015625,
        2.1296005725860594,
        2.052960897445679,
        2.0208485012054442,
        2.008464185714722,
        2.002134050369263,
        1.9934864263534546,
        1.98723530292511,
        1.9888315954208373,
        1.980185272216797
    ],
    "train_accuracy": [
        0.2671250104904175,
        0.28075000643730164,
        0.2777499854564667,
        0.28862500190734863,
        0.29100000858306885,
        0.2915000021457672,
        0.29074999690055847,
        0.2901250123977661,
        0.29212498664855957,
        0.29587501287460327
    ],
    "train_macro_precision": [
        0.06962301460691962,
        0.09807896070840035,
        0.13734891375013558,
        0.14078119411181986,
        0.14787021212484683,
        0.15424462323406912,
        0.16137846653249255,
        0.1569338095776135,
        0.1536284399522573,
        0.1619011956231357
    ],
    "train_macro_recall": [
        0.09926009225386387,
        0.10212026057544799,
        0.12248774047082651,
        0.14071812370878625,
        0.143424633136854,
        0.14600721601662164,
        0.14523768040687374,
        0.14956929350905762,
        0.15283479900110858,
        0.153601709741898
    ],
    "train_macro_f1": [
        0.053239738955933445,
        0.05253575796127746,
        0.09578864211648475,
        0.11851645336448827,
        0.12416131561035366,
        0.1249496654215875,
        0.12465325304068928,
        0.12967471868395325,
        0.1332562409314906,
        0.13601194668193167
    ],
    "train_micro_f1": [
        0.26712499999949996,
        0.28074999999949996,
        0.27774999999949995,
        0.2886249999995,
        0.2909999999995,
        0.2914999999995,
        0.29074999999949996,
        0.2901249999995,
        0.2921249999995,
        0.29587499999949995
    ],
    "train_weighted_f1": [
        0.13231721336607363,
        0.13438211005347125,
        0.18345025892043576,
        0.20508675658320133,
        0.212012637431391,
        0.21309048371020708,
        0.2133020391441967,
        0.21828676088453094,
        0.2241719552711237,
        0.22433361959952752
    ],
    "train_confidence": [
        0.2877642560005188,
        0.2884610996246338,
        0.2990840482711792,
        0.2999352178573608,
        0.30429734563827515,
        0.3056000542640686,
        0.3055601019859314,
        0.30874747037887573,
        0.30665225887298586,
        0.3073058066368103
    ],
    "val_loss": [
        2.144484857559204,
        2.068913816452026,
        2.0255721759796144,
        2.0076110954284667,
        2.0007220001220705,
        2.0045603046417235,
        1.991922378540039,
        1.9949847812652588,
        1.9981578178405761,
        1.9935290241241455
    ],
    "val_accuracy": [
        0.2775000035762787,
        0.28850001096725464,
        0.29750001430511475,
        0.2985000014305115,
        0.30149999260902405,
        0.29899999499320984,
        0.30300000309944153,
        0.2994999885559082,
        0.29499998688697815,
        0.3019999861717224
    ],
    "val_macro_precision": [
        0.027763881940970476,
        0.20369429935040767,
        0.13974543287443433,
        0.15189709173432944,
        0.11669019695899294,
        0.13764006365212836,
        0.15274531366093164,
        0.1629607451401432,
        0.18226019374715952,
        0.15243909505066575
    ],
    "val_macro_recall": [
        0.09999999999999981,
        0.11920273883753359,
        0.14724073617860078,
        0.14274157033322085,
        0.15007809846321912,
        0.14198736834330838,
        0.16150705853681133,
        0.14949823452848773,
        0.13345037660956505,
        0.1544773326928851
    ],
    "val_macro_f1": [
        0.043461237274828916,
        0.07528604937118667,
        0.1077607055237159,
        0.11442872163885738,
        0.12127328556879369,
        0.11472667381826077,
        0.12065483274858986,
        0.11970661678158234,
        0.09816893747964858,
        0.11678848636665373
    ],
    "val_micro_f1": [
        0.27749999999949987,
        0.2884999999994999,
        0.2974999999994999,
        0.2984999999994999,
        0.3014999999994999,
        0.2989999999994999,
        0.3029999999994999,
        0.2994999999994999,
        0.2949999999994999,
        0.3019999999994999
    ],
    "val_weighted_f1": [
        0.12060493343765025,
        0.15772215134754466,
        0.19305283109406274,
        0.19540845358218237,
        0.20944354754559596,
        0.19735315954293908,
        0.2094503403027617,
        0.20395135055262514,
        0.1816341808780494,
        0.20386442299789048
    ],
    "val_confidence": [
        0.27442763805389403,
        0.29162600326538085,
        0.28419248962402344,
        0.3191898365020752,
        0.293755069732666,
        0.33554067039489743,
        0.2993716554641724,
        0.31504809951782226,
        0.3388337497711182,
        0.30163313293457034
    ],
    "grad_norm": [
        1.265999677670735,
        0.9234350934763886,
        0.921652438815887,
        0.8518191182996369,
        0.9201317847431847,
        0.882891611724766,
        0.8661126484114332,
        0.8755397340252971,
        0.994938841550825,
        0.8560510290238551
    ],
    "fractional_applied_params": [
        2.0,
        2.0,
        2.0,
        2.0,
        2.0,
        2.0,
        2.0,
        2.0,
        2.0,
        2.0
    ],
    "epoch_time": [
        5.432332754135132,
        1.753760814666748,
        1.7648439407348633,
        1.738534927368164,
        1.324707269668579,
        1.0282623767852783,
        0.9893996715545654,
        1.7159900665283203,
        0.9615371227264404,
        1.1320059299468994
    ],
    "throughput_samples_per_sec": [
        1472.6638374481645,
        4561.625469730985,
        4532.978704433708,
        4601.575656642453,
        6039.070052058727,
        7780.115445836796,
        8085.711194375305,
        4662.031649277015,
        8320.011584488786,
        7067.100788398933
    ],
    "lr": [
        0.0003,
        0.0003,
        0.0003,
        0.0003,
        0.0003,
        0.0003,
        0.0003,
        0.0003,
        0.0003,
        0.0003
    ]
}