{
    "train_loss": [
        2.943421902619562,
        2.749794004170211,
        2.530357447047956
    ],
    "train_accuracy": [
        0.10399685800075531,
        0.22233133018016815,
        0.3052145838737488
    ],
    "train_macro_precision": [
        0.12566567136629841,
        0.2508600777776043,
        0.3302553642903471
    ],
    "train_macro_recall": [
        0.10117777530790222,
        0.21331737642483506,
        0.29315469814063755
    ],
    "train_macro_f1": [
        0.08514771039078149,
        0.17665474925399155,
        0.25876548085008866
    ],
    "train_micro_f1": [
        0.1039968575071107,
        0.2223313365407943,
        0.3052145733079552
    ],
    "train_weighted_f1": [
        0.08753938028169753,
        0.1834109773918909,
        0.2685895478508687
    ],
    "train_confidence": [
        0.06467233893094686,
        0.07859316100355895,
        0.10002547047712544
    ],
    "val_loss": [
        2.8592644785485577,
        2.630700499688915,
        2.419126636469712
    ],
    "val_accuracy": [
        0.15296198427677155,
        0.2590627670288086,
        0.36339521408081055
    ],
    "val_macro_precision": [
        0.1850304895096328,
        0.26995652395124786,
        0.36737017989121157
    ],
    "val_macro_recall": [
        0.16207130286943403,
        0.2565371112159317,
        0.35270440370533707
    ],
    "val_macro_f1": [
        0.10052867982767093,
        0.2046791744260847,
        0.3186745386932896
    ],
    "val_micro_f1": [
        0.15296198054768734,
        0.25906277630365543,
        0.3633952254636907
    ],
    "val_weighted_f1": [
        0.0985954620374545,
        0.2135700146419395,
        0.33330826010201
    ],
    "val_confidence": [
        0.0722901917051995,
        0.08999507454620011,
        0.1128160250492585
    ],
    "test_loss": [
        2.849368994374004,
        2.62073201229138,
        2.408761031185764
    ],
    "test_accuracy": [
        0.15932023525238037,
        0.2733669579029083,
        0.36245352029800415
    ],
    "test_macro_precision": [
        0.18395702593455115,
        0.3046629212867165,
        0.3825100295285925
    ],
    "test_macro_recall": [
        0.15375822565637937,
        0.2628234494426225,
        0.34876147621173426
    ],
    "test_macro_f1": [
        0.095435807357533,
        0.21099519178465959,
        0.31074614380407123
    ],
    "test_micro_f1": [
        0.15932023366917605,
        0.2733669676043858,
        0.36245353159801297
    ],
    "test_weighted_f1": [
        0.09887738114278671,
        0.21967553308749066,
        0.3228817117159828
    ],
    "test_confidence": [
        0.07252030649909426,
        0.09099716945208582,
        0.11395712830700015
    ],
    "grad_norm": [
        0.9873586428874642,
        0.9877126543935218,
        0.9876277830370467
    ],
    "fractional_applied_params": [
        41.0,
        41.0,
        41.0
    ],
    "epoch_time": [
        34.41666603088379,
        10.35331916809082,
        9.91317868232727
    ],
    "throughput_samples_per_sec": [
        295.87409747540005,
        983.5493173420416,
        1027.2184459010866
    ],
    "lr": [
        2e-05,
        2e-05,
        2e-05
    ]
}