{
    "train_loss": [
        2.249696466445923,
        2.0372480278015135,
        1.951613941192627,
        1.8825055656433105,
        1.8124757452011109,
        1.7661714382171632,
        1.7011298942565918,
        1.649772521018982,
        1.6015072784423827,
        1.561868278503418
    ],
    "train_accuracy": [
        0.21950000524520874,
        0.26625001430511475,
        0.29600000381469727,
        0.32475000619888306,
        0.3452500104904175,
        0.3712500035762787,
        0.38850000500679016,
        0.4099999964237213,
        0.41999998688697815,
        0.43799999356269836
    ],
    "train_macro_precision": [
        0.12601341966569685,
        0.17709486990199758,
        0.22134377795374421,
        0.26230205677603247,
        0.2909628190991259,
        0.32962382481179386,
        0.35029757468924266,
        0.37840766040177426,
        0.394333208634754,
        0.4101520944347657
    ],
    "train_macro_recall": [
        0.12806301284242927,
        0.18216138084654318,
        0.21598634905841402,
        0.24799891151282893,
        0.27402328614472754,
        0.3035437192154463,
        0.3228162439066963,
        0.34994611945517473,
        0.362174515319456,
        0.3812313203562622
    ],
    "train_macro_f1": [
        0.10489655867653809,
        0.16486068609338317,
        0.20343139818439732,
        0.2365446994693441,
        0.2679818012746121,
        0.3019796129983192,
        0.3242039562952784,
        0.35296942554219213,
        0.3674410386760272,
        0.38790900117589133
    ],
    "train_micro_f1": [
        0.21949999999949996,
        0.26624999999949994,
        0.29599999999949994,
        0.32474999999949994,
        0.34524999999949996,
        0.3712499999994999,
        0.38849999999949997,
        0.40999999999949993,
        0.41999999999949994,
        0.4379999999994999
    ],
    "train_weighted_f1": [
        0.15442309384643174,
        0.22239467896266266,
        0.25936569134508475,
        0.2903118245275764,
        0.31599339481103744,
        0.3469141427971283,
        0.3679521980103428,
        0.39402339747090126,
        0.40538196254802555,
        0.42413877061863664
    ],
    "train_confidence": [
        0.27319235920906065,
        0.290312726020813,
        0.3149254221916199,
        0.3357906956672668,
        0.35404022932052615,
        0.374348961353302,
        0.39231445598602294,
        0.4074873640537262,
        0.41923518872261045,
        0.4317119996547699
    ],
    "val_loss": [
        2.115728750228882,
        2.08316215133667,
        1.964373867034912,
        1.9079986381530762,
        1.932644443511963,
        1.910931894302368,
        1.8712058544158936,
        1.8819698314666748,
        1.8584405269622803,
        1.8931486167907714
    ],
    "val_accuracy": [
        0.23899999260902405,
        0.23499999940395355,
        0.2770000100135803,
        0.3199999928474426,
        0.3330000042915344,
        0.3160000145435333,
        0.3449999988079071,
        0.32600000500679016,
        0.3330000042915344,
        0.3240000009536743
    ],
    "val_macro_precision": [
        0.07728220154811538,
        0.15954077962389648,
        0.17662964774267004,
        0.3232629452754693,
        0.3870148424368204,
        0.3259925527763577,
        0.3359262400115552,
        0.31063861480034327,
        0.2952931455340206,
        0.2933399090786848
    ],
    "val_macro_recall": [
        0.1448205462634074,
        0.19505834602701558,
        0.21505177118492796,
        0.24011584971458727,
        0.2535237365526766,
        0.24755273968463176,
        0.2826178693482664,
        0.28080210171736325,
        0.27563451104422343,
        0.2795952392949899
    ],
    "val_macro_f1": [
        0.09080555735699286,
        0.13461058450681318,
        0.18339136215960777,
        0.21919732672992773,
        0.22945372232333439,
        0.22073801002087728,
        0.2575841898387326,
        0.2555722450890931,
        0.26707114837993845,
        0.2630364902923731
    ],
    "val_micro_f1": [
        0.23899999999949978,
        0.23499999999949978,
        0.2769999999994997,
        0.3199999999994997,
        0.3329999999994997,
        0.3159999999994997,
        0.34499999999949965,
        0.3259999999994997,
        0.3329999999994997,
        0.3239999999994997
    ],
    "val_weighted_f1": [
        0.13721000506672407,
        0.18780117911231967,
        0.229752400399461,
        0.2564905802799562,
        0.26226193714992024,
        0.26600477370393605,
        0.29752793648696624,
        0.29066412725931967,
        0.3047000575208032,
        0.3097896519536139
    ],
    "val_confidence": [
        0.32368105125427243,
        0.3479256820678711,
        0.27020381355285644,
        0.3417161340713501,
        0.41532829761505125,
        0.43051145362854004,
        0.41277561855316164,
        0.3877554054260254,
        0.4159714994430542,
        0.4574169273376465
    ],
    "grad_norm": [
        2.025712786742452,
        1.6326946706047454,
        1.552052412540553,
        1.5464447775468273,
        1.5282158643252257,
        1.5687288139107838,
        1.5399439393380203,
        1.6309240327702756,
        1.6675730899475327,
        1.7590197652838047
    ],
    "epoch_time": [
        33.108715772628784,
        32.58986210823059,
        31.879171133041382,
        31.191705465316772,
        29.074707984924316,
        28.918296098709106,
        28.532193183898926,
        29.473222494125366,
        28.965534448623657,
        29.430346965789795
    ],
    "throughput_samples_per_sec": [
        120.81410911464071,
        122.73755521628296,
        125.47377669597479,
        128.23922066229275,
        137.57661820968457,
        138.32073599172247,
        140.19251777172357,
        135.71641176316177,
        138.0951560584813,
        135.9141298826565
    ],
    "lr": [
        0.01,
        0.01,
        0.01,
        0.01,
        0.01,
        0.01,
        0.01,
        0.01,
        0.01,
        0.01
    ]
}