{
    "train_loss": [
        2.1797058696746827,
        2.087786416053772,
        2.0332783403396606,
        2.008296591758728,
        1.9944062089920045,
        1.9853234558105468,
        1.985445876121521,
        1.9763555088043212,
        1.964142882347107,
        1.9561594724655151
    ],
    "train_accuracy": [
        0.27787500619888306,
        0.28812500834465027,
        0.28687500953674316,
        0.2915000021457672,
        0.29624998569488525,
        0.2957499921321869,
        0.2939999997615814,
        0.3017500042915344,
        0.3009999990463257,
        0.2998749911785126
    ],
    "train_macro_precision": [
        0.12343344630715454,
        0.12140527474250917,
        0.13458351643829225,
        0.15964355509848963,
        0.154204450658556,
        0.16227054670226293,
        0.1469950789311179,
        0.1599815189939785,
        0.17189606771157265,
        0.17214331777820185
    ],
    "train_macro_recall": [
        0.1012940553105713,
        0.12248611293561973,
        0.13870356127097047,
        0.14823092982095626,
        0.15206373289376754,
        0.15173075683936313,
        0.15161347031596012,
        0.161555288242128,
        0.16317780031684004,
        0.16359803193959355
    ],
    "train_macro_f1": [
        0.05371202350352783,
        0.08930806258939947,
        0.11305990544269966,
        0.13439788413767112,
        0.13277658061275838,
        0.13546761928981432,
        0.1309225576480324,
        0.14443800734886592,
        0.14478386298097604,
        0.14655268320240433
    ],
    "train_micro_f1": [
        0.2778749999995,
        0.2881249999995,
        0.2868749999995,
        0.2914999999995,
        0.29624999999949997,
        0.29574999999949997,
        0.2939999999995,
        0.3017499999995,
        0.3009999999995,
        0.29987499999949996
    ],
    "train_weighted_f1": [
        0.13431222663349413,
        0.1797515568771667,
        0.2013092159485501,
        0.21920213473327904,
        0.22124299383482998,
        0.22408887308353453,
        0.2199827794941326,
        0.2333771789133543,
        0.23291442501802664,
        0.23502525634898158
    ],
    "train_confidence": [
        0.28625251722335815,
        0.29997901821136475,
        0.31148098611831665,
        0.31262376022338867,
        0.3120733151435852,
        0.3083314309120178,
        0.3129082179069519,
        0.3122463583946228,
        0.3089966421127319,
        0.30890207052230834
    ],
    "val_loss": [
        2.1550165920257567,
        2.0672124176025393,
        2.0372134017944337,
        2.0247690601348878,
        2.018622465133667,
        2.0216740436553957,
        2.02064634513855,
        2.0077514839172363,
        2.0055090217590332,
        2.010539108276367
    ],
    "val_accuracy": [
        0.27000001072883606,
        0.27250000834465027,
        0.2849999964237213,
        0.289000004529953,
        0.28600001335144043,
        0.2865000069141388,
        0.2915000021457672,
        0.2939999997615814,
        0.28850001096725464,
        0.28600001335144043
    ],
    "val_macro_precision": [
        0.026999999999999986,
        0.1743676537381276,
        0.10127456094591547,
        0.10857042371911393,
        0.10334573153598961,
        0.11201055303976382,
        0.1304870992839826,
        0.16081515501996246,
        0.11236608423981802,
        0.21222223348413527
    ],
    "val_macro_recall": [
        0.09999999999999981,
        0.1290885276744178,
        0.1544537513921316,
        0.1437723670842474,
        0.14581153657751397,
        0.1438113735593479,
        0.1555346555349,
        0.15289351400182738,
        0.15177598706726866,
        0.14149356625498463
    ],
    "val_macro_f1": [
        0.042519685039336556,
        0.07635733753497816,
        0.09401883327949566,
        0.08922202865752854,
        0.10700691225715735,
        0.11093555337204575,
        0.1205376031484275,
        0.12349420549507337,
        0.11931627368321274,
        0.0973125296534238
    ],
    "val_micro_f1": [
        0.26999999999949986,
        0.27249999999949986,
        0.2849999999994999,
        0.2889999999994999,
        0.2859999999994999,
        0.2864999999994999,
        0.2914999999994999,
        0.2939999999994999,
        0.2884999999994999,
        0.2859999999994999
    ],
    "val_weighted_f1": [
        0.1148031496062087,
        0.1631538002622567,
        0.1797529982894624,
        0.18148452352026404,
        0.18544888118359706,
        0.19163725634986103,
        0.20282733362974453,
        0.20659052655102636,
        0.2084267046013158,
        0.1763937345296185
    ],
    "val_confidence": [
        0.3450212602615356,
        0.34358544158935544,
        0.31466562747955323,
        0.3277567653656006,
        0.30310127449035645,
        0.3417146577835083,
        0.29481193351745605,
        0.29946155166625976,
        0.2878212900161743,
        0.3153296480178833
    ],
    "grad_norm": [
        0.7722995464039409,
        0.6452263025610206,
        0.702585326741537,
        0.6653261930504967,
        0.5695094463138775,
        0.5621382457697357,
        0.6761569698809279,
        0.5860833922682576,
        0.6186272804582141,
        0.6382658991641497
    ],
    "fractional_applied_params": [
        2.0,
        2.0,
        2.0,
        2.0,
        2.0,
        2.0,
        2.0,
        2.0,
        2.0,
        2.0
    ],
    "epoch_time": [
        6.242725849151611,
        2.7660796642303467,
        2.690126657485962,
        1.7222561836242676,
        1.847876787185669,
        2.237994909286499,
        2.029693126678467,
        2.7160749435424805,
        2.0406250953674316,
        2.5659902095794678
    ],
    "throughput_samples_per_sec": [
        1281.4914819761311,
        2892.1798975829483,
        2973.837673307301,
        4645.069691760389,
        4329.292978556251,
        3574.628327707189,
        3941.482529968343,
        2945.4268259497594,
        3920.3673512402497,
        3117.7048026660614
    ],
    "lr": [
        0.0003,
        0.0003,
        0.0003,
        0.0003,
        0.0003,
        0.0003,
        0.0003,
        0.0003,
        0.0003,
        0.0003
    ]
}