{
    "train_loss": [
        0.6289489963107638,
        0.4902947536892361,
        0.43772234700520835
    ],
    "train_accuracy": [
        0.6458222270011902,
        0.7735111117362976,
        0.8015555739402771
    ],
    "train_macro_precision": [
        0.645870049038862,
        0.7735118161996297,
        0.8016267403495227
    ],
    "train_macro_recall": [
        0.6458230213990954,
        0.7735110382104575,
        0.8015562374443947
    ],
    "train_macro_f1": [
        0.6457939550050824,
        0.7735109321562857,
        0.8015440927418521
    ],
    "train_micro_f1": [
        0.6458222222217221,
        0.7735111111106111,
        0.8015555555550555
    ],
    "train_weighted_f1": [
        0.6457936737392452,
        0.7735109500517182,
        0.8015439586738614
    ],
    "train_confidence": [
        0.5969434959835477,
        0.7467304679234823,
        0.8009654108047486
    ],
    "val_loss": [
        0.5190482421875,
        0.433491943359375,
        0.4181294677734375
    ],
    "val_accuracy": [
        0.7635999917984009,
        0.8040000200271606,
        0.8095999956130981
    ],
    "val_macro_precision": [
        0.7677126874207161,
        0.804150544478031,
        0.8122799373900689
    ],
    "val_macro_recall": [
        0.7636494487356467,
        0.8040088345656535,
        0.8096369981676783
    ],
    "val_macro_f1": [
        0.7627112492207847,
        0.8039787983463287,
        0.8092032649004048
    ],
    "val_micro_f1": [
        0.7635999999994997,
        0.8039999999994997,
        0.8095999999994996
    ],
    "val_weighted_f1": [
        0.7626996315635466,
        0.8039771674499309,
        0.8091963046355084
    ],
    "val_confidence": [
        0.6946045581817627,
        0.8041296028137207,
        0.8265723485946656
    ],
    "test_loss": [
        0.5398134326171875,
        0.4585389331054687,
        0.4474268408203125
    ],
    "test_accuracy": [
        0.7410399913787842,
        0.7873600125312805,
        0.7948399782180786
    ],
    "test_macro_precision": [
        0.746167235781132,
        0.7883219046126341,
        0.8001656102976472
    ],
    "test_macro_recall": [
        0.7410399999999999,
        0.7873599999999998,
        0.7948399999999999
    ],
    "test_macro_f1": [
        0.739684520219593,
        0.7871824986260827,
        0.793925946169295
    ],
    "test_micro_f1": [
        0.7410399999995,
        0.7873599999995,
        0.7948399999995
    ],
    "test_weighted_f1": [
        0.739684520219593,
        0.7871824986260828,
        0.793925946169295
    ],
    "test_confidence": [
        0.6921376133346557,
        0.7992819169998169,
        0.8242972958755493
    ],
    "grad_norm": [
        0.9993997454748947,
        0.9998291707039901,
        NaN
    ],
    "fractional_applied_params": [
        0.0,
        2.0,
        2.0
    ],
    "epoch_time": [
        46.582594871520996,
        32.71520495414734,
        14.757195234298706
    ],
    "throughput_samples_per_sec": [
        483.01302368528485,
        687.7536005516497,
        1524.6799708731542
    ],
    "lr": [
        2e-05,
        2e-05,
        2e-05
    ]
}