{
    "train_loss": [
        2.2554574108123777,
        2.1650598068237303,
        2.0845349445343015,
        2.001072940826416,
        1.9603984565734864,
        1.95033473777771,
        1.9298851623535156,
        1.91486501789093,
        1.8941762619018554,
        1.8876452989578247
    ],
    "train_accuracy": [
        0.2029999941587448,
        0.2342499941587448,
        0.26774999499320984,
        0.30375000834465027,
        0.31850001215934753,
        0.3264999985694885,
        0.3264999985694885,
        0.33550000190734863,
        0.33149999380111694,
        0.3412500023841858
    ],
    "train_macro_precision": [
        0.09064891123814374,
        0.14693852511019567,
        0.2023833435303654,
        0.24091288066264976,
        0.25231050893693807,
        0.26718163380054893,
        0.2575297717452057,
        0.2719606775465019,
        0.26891239491752306,
        0.27442544363842386
    ],
    "train_macro_recall": [
        0.10604533204291722,
        0.12565205485105427,
        0.1757511630846464,
        0.2265958039118512,
        0.2486642964034961,
        0.2574824271335527,
        0.25940186644151675,
        0.2706805219981651,
        0.2659388248348162,
        0.2770408070019258
    ],
    "train_macro_f1": [
        0.0713799633493534,
        0.08978961464058519,
        0.1589613190357211,
        0.21442809360574105,
        0.23786248700088714,
        0.2466093977173204,
        0.24516674919119152,
        0.2574823420659812,
        0.2542179502821762,
        0.26696222542650205
    ],
    "train_micro_f1": [
        0.20299999999949997,
        0.23424999999949997,
        0.26774999999949994,
        0.3037499999994999,
        0.31849999999949996,
        0.3264999999994999,
        0.3264999999994999,
        0.3354999999994999,
        0.3314999999994999,
        0.34124999999949995
    ],
    "train_weighted_f1": [
        0.11453847356921346,
        0.13449223749876746,
        0.20434369645369435,
        0.2579011798399593,
        0.2845782875455335,
        0.2895938729680762,
        0.28922106828719846,
        0.3019043882325047,
        0.2990890366074233,
        0.3132024609111438
    ],
    "train_confidence": [
        0.2298370428085327,
        0.22870606899261475,
        0.24944159126281737,
        0.30525882720947267,
        0.30803530979156496,
        0.32752023792266843,
        0.3227319107055664,
        0.3280436658859253,
        0.33586194896697996,
        0.3358389253616333
    ],
    "val_loss": [
        2.2005146484375,
        2.1287387523651122,
        2.0242725229263305,
        1.975604387283325,
        1.9419045505523682,
        1.9398854513168335,
        1.917083921432495,
        1.9089310312271117,
        1.8969362726211547,
        1.8882844161987304
    ],
    "val_accuracy": [
        0.2329999953508377,
        0.25699999928474426,
        0.2809999883174896,
        0.3149999976158142,
        0.32100000977516174,
        0.32499998807907104,
        0.32600000500679016,
        0.34599998593330383,
        0.3330000042915344,
        0.33399999141693115
    ],
    "val_macro_precision": [
        0.12316824511998944,
        0.23505751138495712,
        0.20539275911292004,
        0.26424165238103037,
        0.2608979912892887,
        0.2674807571787743,
        0.2846627171962422,
        0.29656185589960044,
        0.28124484905901953,
        0.2711450235755028
    ],
    "val_macro_recall": [
        0.11313617430456342,
        0.1446645544858462,
        0.1959056921270129,
        0.23648094270084377,
        0.245291109062858,
        0.24725554227698726,
        0.25551696457785045,
        0.2732776819779949,
        0.2578384181592359,
        0.26049760434503244
    ],
    "val_macro_f1": [
        0.06049552889398576,
        0.10030996199569284,
        0.17087960246500894,
        0.22063515671691425,
        0.21909799304862862,
        0.2243927902544804,
        0.23344052084634032,
        0.2628005309007812,
        0.247639965154123,
        0.24863289569781047
    ],
    "val_micro_f1": [
        0.2329999999994998,
        0.25699999999949974,
        0.2809999999994997,
        0.3149999999994997,
        0.3209999999994997,
        0.3249999999994997,
        0.3259999999994997,
        0.34599999999949965,
        0.3329999999994997,
        0.33399999999949964
    ],
    "val_weighted_f1": [
        0.10903481945127154,
        0.14904667627402085,
        0.21469481892494013,
        0.2688968861321586,
        0.2644586382247295,
        0.2699997181284068,
        0.2803230573266976,
        0.3054691528734238,
        0.29241562731809995,
        0.2955574301483715
    ],
    "val_confidence": [
        0.20647316551208497,
        0.22566114425659178,
        0.2944980163574219,
        0.30145681762695314,
        0.3379861011505127,
        0.34462743759155273,
        0.3289504747390747,
        0.3393322706222534,
        0.35004716300964356,
        0.3480397872924805
    ],
    "grad_norm": [
        1.1126402183386574,
        0.9025013554561153,
        0.9828383089426942,
        1.0335764538105838,
        1.0892013323047094,
        1.1885351244695426,
        1.0737824046167628,
        1.029856445113343,
        0.9476762113714569,
        1.0503502686430006
    ],
    "fractional_applied_params": [
        30.0,
        30.0,
        30.0,
        30.0,
        30.0,
        30.0,
        30.0,
        30.0,
        30.0,
        30.0
    ],
    "epoch_time": [
        4.324404001235962,
        0.6160824298858643,
        0.7528812885284424,
        0.6555836200714111,
        0.46507835388183594,
        0.29759836196899414,
        0.30685925483703613,
        0.28479790687561035,
        0.455580472946167,
        0.45370984077453613
    ],
    "throughput_samples_per_sec": [
        924.9829569246435,
        6492.637682819557,
        5312.922582812852,
        6101.433711178278,
        8600.701293907765,
        13440.934195789518,
        13035.292033555519,
        14045.047043646491,
        8780.007567340697,
        8816.207277257925
    ],
    "lr": [
        0.0003,
        0.0003,
        0.0003,
        0.0003,
        0.0003,
        0.0003,
        0.0003,
        0.0003,
        0.0003,
        0.0003
    ]
}