{
    "train_loss": [
        2.1842106170654296,
        2.134012268066406,
        2.0745283584594727,
        2.0144692602157592,
        2.0036593828201292,
        1.9949407844543456,
        1.9874075889587401,
        1.9834229927062987,
        1.9758095455169677,
        1.9678343048095703
    ],
    "train_accuracy": [
        0.27562499046325684,
        0.28600001335144043,
        0.29362499713897705,
        0.29350000619888306,
        0.2957499921321869,
        0.2939999997615814,
        0.29512500762939453,
        0.2982499897480011,
        0.3007499873638153,
        0.3022499978542328
    ],
    "train_macro_precision": [
        0.087071936639072,
        0.12442135289366199,
        0.14952538839544866,
        0.14686759179932365,
        0.15699603220566027,
        0.1617908886233325,
        0.1602765331284223,
        0.16822259411467483,
        0.16296084167068642,
        0.17468771736711555
    ],
    "train_macro_recall": [
        0.10008590840979534,
        0.10261728379308299,
        0.1271006455721525,
        0.14377386513788135,
        0.14864232976558855,
        0.1476422641454576,
        0.15022005016594736,
        0.15322232822888945,
        0.1570144259056402,
        0.15769147284934903
    ],
    "train_macro_f1": [
        0.0520376566943224,
        0.05168891818460031,
        0.09614049789742733,
        0.12280697389166847,
        0.12952167950492502,
        0.1286912410683942,
        0.13173548154027664,
        0.1355611563255953,
        0.13961582458574792,
        0.14162803852176747
    ],
    "train_micro_f1": [
        0.27562499999949996,
        0.2859999999995,
        0.2936249999995,
        0.2934999999995,
        0.29574999999949997,
        0.2939999999995,
        0.2951249999995,
        0.29824999999949997,
        0.3007499999995,
        0.3022499999995
    ],
    "train_weighted_f1": [
        0.13328640043100903,
        0.13473687823219432,
        0.1850256977168694,
        0.21150199629887612,
        0.21782459820225875,
        0.21750304961400377,
        0.22084613619731186,
        0.2243364921176067,
        0.22991615893184467,
        0.23186675981691432
    ],
    "train_confidence": [
        0.2885298614501953,
        0.2858914051055908,
        0.29832932806015017,
        0.31111411476135253,
        0.3089697103500366,
        0.31286253118515017,
        0.3109782462120056,
        0.31213770055770873,
        0.30871565866470335,
        0.31216925144195556
    ],
    "val_loss": [
        2.159246816635132,
        2.1374753189086912,
        2.07085076713562,
        2.0484731874465942,
        2.0467219247817994,
        2.037334341049194,
        2.035284929275513,
        2.0311063957214355,
        2.0372514934539794,
        2.029009253501892
    ],
    "val_accuracy": [
        0.26600000262260437,
        0.2619999945163727,
        0.2775000035762787,
        0.273499995470047,
        0.28049999475479126,
        0.2759999930858612,
        0.2705000042915344,
        0.2824999988079071,
        0.27000001072883606,
        0.27649998664855957
    ],
    "val_macro_precision": [
        0.02659999999999999,
        0.06120549492945215,
        0.13721870724961244,
        0.13082196331354673,
        0.13599756784252262,
        0.18314518534762486,
        0.13699320967176162,
        0.15709280638285922,
        0.12741135862503167,
        0.1443255492098406
    ],
    "val_macro_recall": [
        0.09999999999999981,
        0.10413169139198922,
        0.13504463353362556,
        0.13259837713648515,
        0.14312569684000492,
        0.14145791075748745,
        0.15372738778997072,
        0.1478631984535482,
        0.13873593037517065,
        0.1517635768407241
    ],
    "val_macro_f1": [
        0.04202211690360026,
        0.05552592214103343,
        0.10232673106833683,
        0.10377534802416491,
        0.11529447814624716,
        0.11383824733998331,
        0.12086350382337867,
        0.12082761867213924,
        0.11140492663584863,
        0.11639953972753055
    ],
    "val_micro_f1": [
        0.2659999999994999,
        0.2619999999994999,
        0.27749999999949987,
        0.27349999999949987,
        0.28049999999949987,
        0.27599999999949987,
        0.27049999999949986,
        0.2824999999994999,
        0.26999999999949986,
        0.27649999999949987
    ],
    "val_weighted_f1": [
        0.11177883096357671,
        0.12820053971940332,
        0.1832738749863495,
        0.1764892941474575,
        0.18458834486006848,
        0.18154002598970218,
        0.19996964410641882,
        0.19223059934892986,
        0.18568055248814355,
        0.19214803628996946
    ],
    "val_confidence": [
        0.26787376499176024,
        0.25499518394470216,
        0.3215938892364502,
        0.3163225212097168,
        0.33103117752075195,
        0.313260799407959,
        0.26270432758331297,
        0.3136416473388672,
        0.3256916170120239,
        0.3092190227508545
    ],
    "grad_norm": [
        1.0444433092368528,
        0.8202407396227595,
        0.9754297540016408,
        0.8715163692427547,
        0.9202642950823938,
        1.000881771305732,
        0.9484058049426332,
        1.0001341479073609,
        0.88944650247225,
        0.93906058742313
    ],
    "fractional_applied_params": [
        2.0,
        2.0,
        2.0,
        2.0,
        2.0,
        2.0,
        2.0,
        2.0,
        2.0,
        2.0
    ],
    "epoch_time": [
        5.537007093429565,
        1.7639257907867432,
        1.7478935718536377,
        1.7512187957763672,
        1.7470042705535889,
        1.7438724040985107,
        1.7518293857574463,
        1.7517807483673096,
        1.749239444732666,
        1.604625940322876
    ],
    "throughput_samples_per_sec": [
        1444.8238669394375,
        4535.338188139906,
        4576.937708807988,
        4568.246994204606,
        4579.267569543473,
        4587.491596975855,
        4566.6547581864,
        4566.781549264165,
        4573.416191871108,
        4985.585611553976
    ],
    "lr": [
        0.0003,
        0.0003,
        0.0003,
        0.0003,
        0.0003,
        0.0003,
        0.0003,
        0.0003,
        0.0003,
        0.0003
    ]
}