{
    "train_loss": [
        2.1110074877738954,
        2.0548301768302917,
        1.9715941047668457,
        1.961168224811554,
        1.9541471481323243,
        1.9407680034637451,
        1.9351038551330566,
        1.9327976822853088,
        1.9278085470199584,
        1.915380825996399
    ],
    "train_accuracy": [
        0.33656251430511475,
        0.3386458456516266,
        0.3375000059604645,
        0.33656251430511475,
        0.33812499046325684,
        0.34187498688697815,
        0.34041666984558105,
        0.34291666746139526,
        0.3412500023841858,
        0.3461458384990692
    ],
    "train_macro_precision": [
        0.03919098247308881,
        0.13521110461808444,
        0.13434537917945052,
        0.13425063221690595,
        0.1251329440334844,
        0.15633876103002278,
        0.13229074101346217,
        0.14493302245241574,
        0.14119222544545446,
        0.15622858282140312
    ],
    "train_macro_recall": [
        0.0994396578441703,
        0.10195759387942431,
        0.12069969946583889,
        0.1195723855969553,
        0.11798840872775773,
        0.1256644347990243,
        0.12218157943074444,
        0.12497638926185142,
        0.1253986149883037,
        0.13254959577810388
    ],
    "train_macro_f1": [
        0.052923812814187676,
        0.05884824010335389,
        0.0972706160768646,
        0.09623727006210976,
        0.09276358008087732,
        0.10371817567974809,
        0.09827929086439728,
        0.10317310317150914,
        0.10423751391608989,
        0.11419381580796369
    ],
    "train_micro_f1": [
        0.33656249999949994,
        0.33864583333283327,
        0.3374999999994999,
        0.33656249999949994,
        0.33812499999949996,
        0.34187499999949994,
        0.3404166666661666,
        0.3429166666661666,
        0.34124999999949995,
        0.3461458333328333
    ],
    "train_weighted_f1": [
        0.17528750176087513,
        0.18252401915250704,
        0.22303558810867552,
        0.22074359069110333,
        0.21710842696916752,
        0.2268279993199621,
        0.22279577618339483,
        0.22667763990084897,
        0.22786434474715567,
        0.23709707628983562
    ],
    "train_confidence": [
        0.3425731710592906,
        0.34411386887232465,
        0.34759719371795655,
        0.34923380772272744,
        0.3527443468570709,
        0.3501455815633138,
        0.34535583019256594,
        0.3516483223438263,
        0.3479691016674042,
        0.34952703237533567
    ],
    "val_loss": [
        2.06787841796875,
        1.9685846996307372,
        1.9547975873947143,
        1.958522343635559,
        1.9478255414962768,
        1.9408659601211549,
        1.9507173681259156,
        1.9415462017059326,
        1.952992057800293,
        1.9572267150878906
    ],
    "val_accuracy": [
        0.34416666626930237,
        0.3229166567325592,
        0.3408333361148834,
        0.3412500023841858,
        0.32499998807907104,
        0.33500000834465027,
        0.33916667103767395,
        0.3316666781902313,
        0.33416667580604553,
        0.3387500047683716
    ],
    "val_macro_precision": [
        0.03441666666666665,
        0.07551056074838243,
        0.06071824882504666,
        0.07327699585016631,
        0.06520878754772366,
        0.04712322518104571,
        0.07602616491693498,
        0.10457879263800889,
        0.11310826171331478,
        0.07531897266881407
    ],
    "val_macro_recall": [
        0.09999999999999988,
        0.11881251376604288,
        0.11054762167594696,
        0.10762001998476481,
        0.11671276588007284,
        0.10473306056621272,
        0.10573286307852721,
        0.12271520456565328,
        0.11788881200883561,
        0.10479833827051774
    ],
    "val_macro_f1": [
        0.051208927464314005,
        0.08400056605730608,
        0.06700477726871197,
        0.06634707601996895,
        0.07840639595144351,
        0.06350143657593897,
        0.06570652529852485,
        0.0942050484264208,
        0.07526696213701356,
        0.06562501129903213
    ],
    "val_micro_f1": [
        0.3441666666661665,
        0.32291666666616653,
        0.3408333333328332,
        0.3412499999994999,
        0.3249999999994999,
        0.33499999999949986,
        0.33916666666616657,
        0.33166666666616657,
        0.33416666666616657,
        0.3387499999994999
    ],
    "val_weighted_f1": [
        0.17624405868968068,
        0.22436462528066348,
        0.1899081555371908,
        0.18998359551395713,
        0.21002538404096252,
        0.1951142565237399,
        0.19059006892984748,
        0.22022634299630364,
        0.20138364941131343,
        0.19291379246221643
    ],
    "val_confidence": [
        0.3253134783109029,
        0.31127806822458903,
        0.3857430426279704,
        0.399739670753479,
        0.3121163050333659,
        0.34495945771535236,
        0.40587141513824465,
        0.3445283381144206,
        0.38491586367289227,
        0.3861828327178955
    ],
    "grad_norm": [
        1.5511530716574728,
        1.4025197636754527,
        1.3149260893375325,
        1.187028892205228,
        1.1982387345463497,
        1.0117905524421074,
        1.0152432063484989,
        1.018600130971337,
        1.027015552035878,
        0.9713483037043105
    ],
    "fractional_applied_params": [
        0.0,
        0.0,
        0.0,
        42.0,
        42.0,
        42.0,
        42.0,
        42.0,
        42.0,
        42.0
    ],
    "epoch_time": [
        8.297866106033325,
        4.050545692443848,
        4.356957197189331,
        3.959496021270752,
        4.675366640090942,
        4.644378900527954,
        4.930552005767822,
        4.976521253585815,
        4.968122959136963,
        4.987843990325928
    ],
    "throughput_samples_per_sec": [
        1156.9239461480224,
        2370.0510323605204,
        2203.372575290148,
        2424.5509904361506,
        2053.3149031951143,
        2067.014816321018,
        1947.0436553087359,
        1929.058374478508,
        1932.3193244129495,
        1924.679283999156
    ],
    "lr": [
        0.0003,
        0.0003,
        0.0003,
        0.0003,
        0.0003,
        0.0003,
        0.0003,
        0.0003,
        0.0003,
        0.0003
    ]
}