{
    "train_loss": [
        2.9460377052351707,
        2.7781019453612315,
        2.5561206484313894
    ],
    "train_accuracy": [
        0.10763036459684372,
        0.24236471951007843,
        0.32829225063323975
    ],
    "train_macro_precision": [
        0.12688825403391163,
        0.24495485944862172,
        0.34221177890730436
    ],
    "train_macro_recall": [
        0.10406166903636496,
        0.23567843610817155,
        0.3175645628697833
    ],
    "train_macro_f1": [
        0.08485482655704071,
        0.19373744106273388,
        0.2629601054955682
    ],
    "train_micro_f1": [
        0.10763036433221136,
        0.24236472552243035,
        0.3282922517917026
    ],
    "train_weighted_f1": [
        0.08688947688037632,
        0.19808983760692656,
        0.270325163429903
    ],
    "train_confidence": [
        0.06664666579711605,
        0.07637670734220646,
        0.09733190332100104
    ],
    "val_loss": [
        2.864089439865976,
        2.653393706423745,
        2.4298368777773423
    ],
    "val_accuracy": [
        0.2104332447052002,
        0.30680814385414124,
        0.3625110387802124
    ],
    "val_macro_precision": [
        0.19154839905978116,
        0.35313275973583325,
        0.37686740742643754
    ],
    "val_macro_recall": [
        0.2099271277223659,
        0.28959324396329617,
        0.3355125538149541
    ],
    "val_macro_f1": [
        0.16011582412577446,
        0.23042013184701773,
        0.27010834373050874
    ],
    "val_micro_f1": [
        0.2104332449155034,
        0.3068081343938411,
        0.3625110521657243
    ],
    "val_weighted_f1": [
        0.17137337464148694,
        0.2527944594286534,
        0.29730238007296045
    ],
    "val_confidence": [
        0.06873239836368172,
        0.08849508218486998,
        0.11461348590547274
    ],
    "test_loss": [
        2.869170704992034,
        2.662526605107717,
        2.440460674951384
    ],
    "test_accuracy": [
        0.2022039294242859,
        0.2956717908382416,
        0.34957513213157654
    ],
    "test_macro_precision": [
        0.19631818720921393,
        0.30908019816746346,
        0.3544241088990409
    ],
    "test_macro_recall": [
        0.19758957290330542,
        0.28656230152688134,
        0.33588286976272175
    ],
    "test_macro_f1": [
        0.15359806633537204,
        0.23259448112718886,
        0.27155138858368005
    ],
    "test_micro_f1": [
        0.20220392989859717,
        0.29567180031814044,
        0.3495751460430475
    ],
    "test_weighted_f1": [
        0.15803735053486298,
        0.2404236071975289,
        0.2816831728068727
    ],
    "test_confidence": [
        0.06855744405180232,
        0.08819287271494569,
        0.11335637302900083
    ],
    "grad_norm": [
        0.9999996091483038,
        0.9957185689269012,
        0.9952741498162281
    ],
    "fractional_applied_params": [
        0.0,
        5.0,
        5.0
    ],
    "epoch_time": [
        33.81659197807312,
        11.697552919387817,
        14.530529975891113
    ],
    "throughput_samples_per_sec": [
        301.1243713323542,
        870.5239523321532,
        700.8003160858906
    ],
    "lr": [
        2e-05,
        2e-05,
        2e-05
    ]
}