{
    "train_loss": [
        2.11066695690155,
        2.070045893192291,
        1.9758496332168578,
        1.9641283226013184,
        1.9593903183937074,
        1.95335191488266,
        1.9486531472206117,
        1.9444188261032105,
        1.9348704814910889,
        1.935857081413269
    ],
    "train_accuracy": [
        0.3356249928474426,
        0.3414583206176758,
        0.33812499046325684,
        0.3389583230018616,
        0.3387500047683716,
        0.33927083015441895,
        0.33812499046325684,
        0.34177082777023315,
        0.3410416543483734,
        0.3408333361148834
    ],
    "train_macro_precision": [
        0.0706067210960992,
        0.09392152956654698,
        0.13260098012392085,
        0.13931311603219287,
        0.13687276726367875,
        0.14130702445931267,
        0.1273210673382053,
        0.1396624947002932,
        0.14247966012028607,
        0.14722188184637575
    ],
    "train_macro_recall": [
        0.0997600524848472,
        0.10068031188622384,
        0.12162584839999695,
        0.12348998384908269,
        0.12462210980908699,
        0.12247254017297571,
        0.11872640688396674,
        0.12449572674986487,
        0.12476623957574903,
        0.123889794893375
    ],
    "train_macro_f1": [
        0.05457711209858808,
        0.053495436465699,
        0.09903647395953122,
        0.10215011519437463,
        0.10350376205002303,
        0.10102098000413966,
        0.09382203063007472,
        0.10213407151947207,
        0.10279106469165775,
        0.10133905707242039
    ],
    "train_micro_f1": [
        0.33562499999949996,
        0.34145833333283326,
        0.33812499999949996,
        0.33895833333283326,
        0.33874999999949995,
        0.33927083333283325,
        0.33812499999949996,
        0.34177083333283326,
        0.3410416666661666,
        0.3408333333328333
    ],
    "train_weighted_f1": [
        0.17623043190952312,
        0.17711760451864603,
        0.22297299698737205,
        0.22550502713770995,
        0.22633842377323873,
        0.22285088506166464,
        0.21813744790657083,
        0.22455739912588318,
        0.22427575299537192,
        0.22222812770206118
    ],
    "train_confidence": [
        0.3449991047382355,
        0.3420442728201548,
        0.34936121543248494,
        0.35149806102116904,
        0.34542678515116376,
        0.3475632655620575,
        0.34828418731689453,
        0.34632349173227944,
        0.34816430528958636,
        0.3487795488039653
    ],
    "val_loss": [
        2.066561670303345,
        1.9761593198776246,
        1.965907735824585,
        1.9566030263900758,
        1.9437029933929444,
        1.9482470417022706,
        1.9420661878585816,
        1.9486875200271607,
        1.945151596069336,
        1.9427914381027223
    ],
    "val_accuracy": [
        0.34416666626930237,
        0.34166666865348816,
        0.34375,
        0.32499998807907104,
        0.34041666984558105,
        0.33416667580604553,
        0.34333333373069763,
        0.3370833396911621,
        0.33916667103767395,
        0.3320833444595337
    ],
    "val_macro_precision": [
        0.03441666666666665,
        0.10426726810515177,
        0.04306119970479144,
        0.06223267472318468,
        0.07628032345013194,
        0.09028965320561841,
        0.06731440459816017,
        0.052421836577615344,
        0.06451935217696605,
        0.08815204796694039
    ],
    "val_macro_recall": [
        0.09999999999999988,
        0.11356226060158417,
        0.10445783358672582,
        0.12454344901802498,
        0.10351781981049095,
        0.13934732994651788,
        0.1083409068697148,
        0.1159461442512287,
        0.1183115453225965,
        0.12500439946973044
    ],
    "val_macro_f1": [
        0.051208927464314005,
        0.07343421676249803,
        0.0586080965875486,
        0.07488986214207563,
        0.061597541024289215,
        0.09228274603459026,
        0.06708794868384513,
        0.0690899212305228,
        0.0736030556958923,
        0.09470815797245039
    ],
    "val_micro_f1": [
        0.3441666666661665,
        0.3416666666661666,
        0.3437499999994999,
        0.3249999999994999,
        0.34041666666616655,
        0.33416666666616657,
        0.3433333333328332,
        0.3370833333328332,
        0.33916666666616657,
        0.33208333333283324
    ],
    "val_weighted_f1": [
        0.17624405868968068,
        0.20360226366176146,
        0.18339496785772338,
        0.21385065552267116,
        0.18956676377334938,
        0.22601538186638304,
        0.18944707311614412,
        0.194576019105238,
        0.19820540338974335,
        0.22300387448354295
    ],
    "val_confidence": [
        0.31420899868011476,
        0.3118609404563904,
        0.3957478141784668,
        0.29783751646677653,
        0.34177415053049726,
        0.3163792753219605,
        0.3825218137105306,
        0.36688404242197675,
        0.31510284582773845,
        0.2911440865198771
    ],
    "grad_norm": [
        1.2661370714596694,
        0.9552691153672396,
        1.0613631535204429,
        1.0448443027201888,
        0.9805057884335544,
        0.9339192478861856,
        0.9926162136955948,
        0.9448788792636215,
        0.9223470891130853,
        0.9537069889854056
    ],
    "fractional_applied_params": [
        0.0,
        0.0,
        0.0,
        2.0,
        2.0,
        2.0,
        2.0,
        2.0,
        2.0,
        2.0
    ],
    "epoch_time": [
        6.637860059738159,
        3.324714422225952,
        4.592094659805298,
        4.6007914543151855,
        4.577145099639893,
        4.652273654937744,
        4.596682071685791,
        4.618298292160034,
        4.609497547149658,
        4.6231184005737305
    ],
    "throughput_samples_per_sec": [
        1446.249229963231,
        2887.4660439475097,
        2090.5492397682924,
        2086.597511607692,
        2097.377249577533,
        2063.5071605925264,
        2088.4629065675817,
        2078.68773143061,
        2082.656493859354,
        2076.520471292415
    ],
    "lr": [
        0.0003,
        0.0003,
        0.0003,
        0.0003,
        0.0003,
        0.0003,
        0.0003,
        0.0003,
        0.0003,
        0.0003
    ]
}