{
    "prefix": "after",
    "retain_em_acc": 1.0,
    "forget_em_acc": 0.9,
    "retain_answer_nll": 0.003512662078719586,
    "forget_answer_nll": 0.043068754486739635,
    "general_ppl": 1.0963194162649632,
    "forget_minus_retain_nll": 0.03955609240802005,
    "retain_eval_n": 30,
    "forget_eval_n": 30
}