{
    "train_loss": [
        2.1100751733779908,
        2.0828981518745424,
        2.0703694796562195,
        2.0065364336967466,
        1.9588414740562439,
        1.948149094581604,
        1.9429950428009033,
        1.9449519443511962,
        1.9409732103347779,
        1.9373290348052978
    ],
    "train_accuracy": [
        0.3323958218097687,
        0.3407291769981384,
        0.3407291769981384,
        0.3385416567325592,
        0.3402083218097687,
        0.3372916579246521,
        0.3427083194255829,
        0.3401041626930237,
        0.343854159116745,
        0.3394791781902313
    ],
    "train_macro_precision": [
        0.06891220885251989,
        0.03407646629857276,
        0.03408001667013961,
        0.09756555919071139,
        0.13626711010747608,
        0.12701518456002528,
        0.14811536274181267,
        0.14233568805718488,
        0.16296926799179098,
        0.14223393217223632
    ],
    "train_macro_recall": [
        0.10096815905181944,
        0.09999999999999996,
        0.09999999999999996,
        0.10525082415787254,
        0.12131485286490677,
        0.11837315860075495,
        0.1270651538937671,
        0.1254977499789688,
        0.12724131469324065,
        0.12601889189683174
    ],
    "train_macro_f1": [
        0.057993984472844,
        0.05083139083135291,
        0.05083534074127841,
        0.06544549165449112,
        0.09687767844183938,
        0.09333294243720974,
        0.10542555033397698,
        0.10408661004843851,
        0.10641658618944379,
        0.10540277550182256
    ],
    "train_micro_f1": [
        0.3323958333328333,
        0.3407291666661666,
        0.3407291666661666,
        0.33854166666616664,
        0.3402083333328333,
        0.3372916666661666,
        0.3427083333328333,
        0.3401041666661666,
        0.34385416666616664,
        0.3394791666661666
    ],
    "train_weighted_f1": [
        0.1781100666495922,
        0.17319737438474517,
        0.17321083287991842,
        0.18989984258130482,
        0.22066791386227705,
        0.21640298134039265,
        0.22617113879071957,
        0.22553205739715357,
        0.2249349663242265,
        0.2262567941326202
    ],
    "train_confidence": [
        0.34024012366930645,
        0.3379225234190623,
        0.3395560363928477,
        0.3435351951917012,
        0.341727157831192,
        0.3473769195874532,
        0.34553676764170327,
        0.34423636277516684,
        0.34771243810653685,
        0.3431204919020335
    ],
    "val_loss": [
        2.0584029150009155,
        2.0550563764572143,
        2.0407677125930785,
        1.9578617429733276,
        1.942044825553894,
        1.9335558462142943,
        1.938574833869934,
        1.9367439079284667,
        1.9280130052566529,
        1.9343724632263184
    ],
    "val_accuracy": [
        0.3499999940395355,
        0.3499999940395355,
        0.3499999940395355,
        0.335833340883255,
        0.3504166603088379,
        0.34041666984558105,
        0.34291666746139526,
        0.351666659116745,
        0.3387500047683716,
        0.34458333253860474
    ],
    "val_macro_precision": [
        0.03499999999999999,
        0.03499999999999999,
        0.03499999999999999,
        0.06657143262551886,
        0.142319967393091,
        0.09232824348014984,
        0.07583473125055006,
        0.0972778212017466,
        0.12084028325947356,
        0.1793057580049093
    ],
    "val_macro_recall": [
        0.09999999999999988,
        0.09999999999999988,
        0.09999999999999988,
        0.11373888369030268,
        0.11408920489555374,
        0.11059967785536506,
        0.11027888184843808,
        0.11149749461931643,
        0.11307774724499428,
        0.108090360193789
    ],
    "val_macro_f1": [
        0.0518518518518134,
        0.0518518518518134,
        0.0518518518518134,
        0.07703047610858918,
        0.0756927123400301,
        0.07663481828209603,
        0.07413422828851593,
        0.07423344656538153,
        0.08056134909498906,
        0.0708721874790859
    ],
    "val_micro_f1": [
        0.3499999999994999,
        0.3499999999994999,
        0.3499999999994999,
        0.3358333333328332,
        0.35041666666616655,
        0.34041666666616655,
        0.34291666666616655,
        0.3516666666661665,
        0.3387499999994999,
        0.3445833333328332
    ],
    "val_weighted_f1": [
        0.1814814814813469,
        0.1814814814813469,
        0.1814814814813469,
        0.2133781116759331,
        0.20097267037654454,
        0.2088242613116816,
        0.20391096278856305,
        0.20058693787824883,
        0.20979718484721827,
        0.2000584427897004
    ],
    "val_confidence": [
        0.33290132363637287,
        0.3327789576848348,
        0.3910059388478597,
        0.3072479828198751,
        0.3945803117752075,
        0.346813759803772,
        0.37348275184631347,
        0.39690150737762453,
        0.35337809403737386,
        0.38621489524841307
    ],
    "grad_norm": [
        1.0815782756761911,
        0.7893553869364122,
        0.7988030602656114,
        0.8710051109231748,
        0.8168318459121009,
        0.8562886875556494,
        0.788027209499614,
        0.8897998004792912,
        0.9132017436697305,
        0.7951721173226359
    ],
    "fractional_applied_params": [
        30.0,
        30.0,
        30.0,
        30.0,
        30.0,
        30.0,
        30.0,
        30.0,
        30.0,
        30.0
    ],
    "epoch_time": [
        5.415973663330078,
        1.9174644947052002,
        1.8193604946136475,
        1.327519416809082,
        1.4538369178771973,
        1.788498878479004,
        1.3378949165344238,
        1.8516733646392822,
        1.9409008026123047,
        1.781174659729004
    ],
    "throughput_samples_per_sec": [
        1772.5344687325014,
        5006.611609502552,
        5276.579341159444,
        7231.532645356877,
        6603.216551975669,
        5367.62986855443,
        7175.45143595214,
        5184.499698125831,
        4946.15695303909,
        5389.701648607885
    ],
    "lr": [
        0.0003,
        0.0003,
        0.0003,
        0.0003,
        0.0003,
        0.0003,
        0.0003,
        0.0003,
        0.0003,
        0.0003
    ]
}