{
    "prefix": "epoch_5",
    "retain_em_acc": 0.6,
    "forget_em_acc": 0.3333333333333333,
    "retain_answer_nll": 0.1290554478764534,
    "forget_answer_nll": 0.15813292749226093,
    "general_ppl": 1.1822569954064464,
    "forget_minus_retain_nll": 0.029077479615807533,
    "retain_eval_n": 30,
    "forget_eval_n": 30
}