{
    "prefix": "epoch_1",
    "retain_em_acc": 0.4666666666666667,
    "forget_em_acc": 0.5333333333333333,
    "retain_answer_nll": 0.15643142350018024,
    "forget_answer_nll": 0.13098986446857452,
    "general_ppl": 1.1922957519512678,
    "forget_minus_retain_nll": -0.02544155903160572,
    "retain_eval_n": 30,
    "forget_eval_n": 30
}