{
    "train_loss": [
        1.8895819420010498,
        0.9257023112895411,
        0.5726836218846099,
        0.3649164960487066,
        0.24174379335236576
    ],
    "train_accuracy": [
        0.5074143409729004,
        0.7453598976135254,
        0.8416969180107117,
        0.8987528085708618,
        0.9316508173942566
    ],
    "train_macro_precision": [
        0.49502741678311485,
        0.7336872187419861,
        0.8348139994469117,
        0.8977004329620062,
        0.9340129829452865
    ],
    "train_macro_recall": [
        0.49320011198311775,
        0.7296816162177809,
        0.82835336769246,
        0.8906310921309947,
        0.9255520704561688
    ],
    "train_macro_f1": [
        0.47203144582610956,
        0.720454449845866,
        0.8251353395734021,
        0.892109995546322,
        0.9279627603119097
    ],
    "train_micro_f1": [
        0.5074143179804486,
        0.7453599135809591,
        0.841696945889709,
        0.8987528233325058,
        0.9316507905327415
    ],
    "train_weighted_f1": [
        0.4863715523556022,
        0.7353205613983356,
        0.8370033937468577,
        0.8988277850989561,
        0.9328868184509468
    ],
    "train_confidence": [
        0.26493278380216695,
        0.6141108793183557,
        0.7742146454823927,
        0.8580078958329477,
        0.91236968524187
    ],
    "val_loss": [
        1.1567142123568912,
        0.9191103931763444,
        0.9130015217235508,
        0.8986432910703327,
        1.019120820900911
    ],
    "val_accuracy": [
        0.6808134317398071,
        0.7188329100608826,
        0.7276746034622192,
        0.7435897588729858,
        0.744473934173584
    ],
    "val_macro_precision": [
        0.6405320719923349,
        0.6926967307223737,
        0.7295895000875078,
        0.7436257711980935,
        0.7503663705218295
    ],
    "val_macro_recall": [
        0.6644991492248667,
        0.7042554554495568,
        0.7125226061707843,
        0.7283021458618792,
        0.7326327373224766
    ],
    "val_macro_f1": [
        0.6456234926254142,
        0.6915628692369307,
        0.7128463903030867,
        0.7317076162724901,
        0.7352419356291846
    ],
    "val_micro_f1": [
        0.6808134394336285,
        0.7188328912461839,
        0.7276746242258476,
        0.743589743589243,
        0.7444739168872092
    ],
    "val_weighted_f1": [
        0.6607356682670963,
        0.7068861665739503,
        0.7263948822984451,
        0.7441274502555597,
        0.7464894676335122
    ],
    "val_confidence": [
        0.5063281459791485,
        0.7108993816965982,
        0.78578441528806,
        0.837027244500414,
        0.8798263559923248
    ],
    "test_loss": [
        1.2769467621740989,
        1.085766505131491,
        1.1260076594428692,
        1.1816729040963816,
        1.376577775401127
    ],
    "test_accuracy": [
        0.6509559154510498,
        0.6833510398864746,
        0.6821561455726624,
        0.6874668002128601,
        0.674986720085144
    ],
    "test_macro_precision": [
        0.6216152047001734,
        0.6780438123886471,
        0.6942622157129705,
        0.6990483481839018,
        0.6901867170814746
    ],
    "test_macro_recall": [
        0.6334737171688024,
        0.6672125625597897,
        0.6717604602131473,
        0.6758702781785376,
        0.662182435662378
    ],
    "test_macro_f1": [
        0.6219722218828727,
        0.6609262249957142,
        0.6750106239737785,
        0.6803129836565687,
        0.6671397334915896
    ],
    "test_micro_f1": [
        0.6509559214015179,
        0.6833510355810187,
        0.6821561338284962,
        0.6874668082841521,
        0.6749867233133607
    ],
    "test_weighted_f1": [
        0.6385385343468233,
        0.6762196785646151,
        0.6856616579408843,
        0.6922076381542537,
        0.6804576991687294
    ],
    "test_confidence": [
        0.488633037942936,
        0.6916183929017928,
        0.7662990313543643,
        0.8153149135810418,
        0.8572098442802896
    ],
    "grad_norm": [
        0.9516669183164205,
        0.9262299019161241,
        0.9205572076175154,
        0.9170998237421886,
        0.9069820012658403
    ],
    "nonfinite_grad_tensors": [
        0.003134796238244514,
        0.0,
        0.0,
        0.0,
        0.0
    ],
    "nonfinite_train_loss_batches": [
        0,
        0,
        0,
        0,
        0
    ],
    "nonfinite_val_loss_batches": [
        0,
        0,
        0,
        0,
        0
    ],
    "nonfinite_test_loss_batches": [
        0,
        0,
        0,
        0,
        0
    ],
    "fractional_applied_params": [
        4.0,
        4.0,
        4.0,
        4.0,
        4.0
    ],
    "epoch_time": [
        91.38412499427795,
        85.79334545135498,
        95.40525984764099,
        95.99154949188232,
        95.59963464736938
    ],
    "throughput_samples_per_sec": [
        111.43073264243228,
        118.6921893117431,
        106.73415717604995,
        106.08225467660715,
        106.51714347613571
    ],
    "lr": [
        2e-05,
        2e-05,
        2e-05,
        2e-05,
        2e-05
    ]
}