{
    "prefix": "epoch_3",
    "retain_em_acc": 1.0,
    "forget_em_acc": 0.9666666666666667,
    "retain_answer_nll": 0.004306957416702062,
    "forget_answer_nll": 0.023785633617080748,
    "general_ppl": 1.0972659470707502,
    "forget_minus_retain_nll": 0.019478676200378686,
    "retain_eval_n": 30,
    "forget_eval_n": 30
}