{
    "train_loss": [
        0.23295629456308153,
        0.14208417637811765,
        0.09981784458182476,
        0.07020792549296662,
        0.0499377882403356
    ],
    "train_accuracy": [
        0.9230092763900757,
        0.9536481499671936,
        0.9683333039283752,
        0.9791759252548218,
        0.9852407574653625
    ],
    "train_macro_precision": [
        0.9232083899239794,
        0.9538529785394823,
        0.9684974638952841,
        0.9792508036293414,
        0.9852713854522395
    ],
    "train_macro_recall": [
        0.9230086405875202,
        0.9536495477509445,
        0.9683337259863855,
        0.979176704435722,
        0.9852415354191513
    ],
    "train_macro_f1": [
        0.9229661308980524,
        0.953674740173575,
        0.9683652036602922,
        0.9791914362347338,
        0.9852491899586245
    ],
    "train_micro_f1": [
        0.9230092592587592,
        0.9536481481476481,
        0.9683333333328333,
        0.9791759259254259,
        0.9852407407402407
    ],
    "train_weighted_f1": [
        0.9229518167721332,
        0.9536621709088223,
        0.9683551562238172,
        0.9791844841169615,
        0.9852446895422644
    ],
    "train_confidence": [
        0.9269978555308448,
        0.9636948204923559,
        0.977523868949325,
        0.9876863368528861,
        0.9924970267260517
    ],
    "val_loss": [
        0.1788452055454254,
        0.17546393237511318,
        0.19066741055250166,
        0.2550409502188365,
        0.2877183814148108
    ],
    "val_accuracy": [
        0.9388333559036255,
        0.9424166679382324,
        0.9440833330154419,
        0.9334166646003723,
        0.9409166574478149
    ],
    "val_macro_precision": [
        0.9395169287743411,
        0.943406745254328,
        0.9439715746168627,
        0.9343758771889521,
        0.9412415533932138
    ],
    "val_macro_recall": [
        0.9389514103308276,
        0.9425237611731302,
        0.9440175303868958,
        0.9330444046704911,
        0.9409862510196072
    ],
    "val_macro_f1": [
        0.9388916617849176,
        0.942327270011815,
        0.9439345530218173,
        0.9333017777460376,
        0.9408001743286563
    ],
    "val_micro_f1": [
        0.9388333333328331,
        0.9424166666661665,
        0.944083333332833,
        0.9334166666661665,
        0.9409166666661665
    ],
    "val_weighted_f1": [
        0.9390103182605684,
        0.9424723966640196,
        0.9440823344048237,
        0.9334496947289562,
        0.9409296375006351
    ],
    "val_confidence": [
        0.9478682190577189,
        0.9625585845311483,
        0.9733782533009847,
        0.9733437113761901,
        0.9883277419408163
    ],
    "test_loss": [
        0.17716906409514577,
        0.17301034020750147,
        0.18477282078642593,
        0.26706751657159705,
        0.29235089176579526
    ],
    "test_accuracy": [
        0.9393420815467834,
        0.9440789222717285,
        0.9459210634231567,
        0.9306579232215881,
        0.9388157725334167
    ],
    "test_macro_precision": [
        0.9401848809002289,
        0.9450991420168069,
        0.9459673130166403,
        0.9317993432138694,
        0.9394509185076114
    ],
    "test_macro_recall": [
        0.9393421052631574,
        0.9440789473684206,
        0.9459210526315784,
        0.9306578947368417,
        0.9388157894736837
    ],
    "test_macro_f1": [
        0.9395392743533661,
        0.9441117408274411,
        0.9459254322299672,
        0.930702371906425,
        0.9388645887869526
    ],
    "test_micro_f1": [
        0.9393421052626577,
        0.9440789473679209,
        0.9459210526310788,
        0.930657894736342,
        0.938815789473184
    ],
    "test_weighted_f1": [
        0.9395392743533663,
        0.9441117408274411,
        0.9459254322299672,
        0.930702371906425,
        0.9388645887869526
    ],
    "test_confidence": [
        0.9482808477000186,
        0.9628696356321635,
        0.9732806230846204,
        0.9735423341550326,
        0.9880283628012004
    ],
    "grad_norm": [
        0.9899519410791775,
        0.9586914531235288,
        0.9077069490135773,
        0.786735049479088,
        0.670771071973704
    ],
    "nonfinite_grad_tensors": [
        0.0005925925925925926,
        0.0005925925925925926,
        0.0002962962962962963,
        0.0005925925925925926,
        0.0005925925925925926
    ],
    "nonfinite_train_loss_batches": [
        0,
        0,
        0,
        0,
        0
    ],
    "nonfinite_val_loss_batches": [
        0,
        0,
        0,
        0,
        0
    ],
    "nonfinite_test_loss_batches": [
        0,
        0,
        0,
        0,
        0
    ],
    "fractional_applied_params": [
        4.0,
        4.0,
        4.0,
        4.0,
        4.0
    ],
    "epoch_time": [
        781.8574607372284,
        677.4034259319305,
        389.87103748321533,
        388.6440622806549,
        389.63994431495667
    ],
    "throughput_samples_per_sec": [
        138.1325950361396,
        159.43232033617213,
        277.01467823100245,
        277.88923202950934,
        277.17897401376445
    ],
    "lr": [
        2e-05,
        2e-05,
        2e-05,
        2e-05,
        2e-05
    ]
}