{
    "train_loss": [
        1.9047607133820028,
        1.030802252003946,
        0.7330073971189006,
        0.5355719531052452,
        0.3860381848566497
    ],
    "train_accuracy": [
        0.5043700337409973,
        0.7067661881446838,
        0.7801237106323242,
        0.8398311138153076,
        0.890110969543457
    ],
    "train_macro_precision": [
        0.4991396871938659,
        0.7043672285487388,
        0.7698216258194963,
        0.8303945013132775,
        0.8871107915792935
    ],
    "train_macro_recall": [
        0.491831431352046,
        0.6924391270358634,
        0.7668834775402688,
        0.8275493601757894,
        0.8828450360225316
    ],
    "train_macro_f1": [
        0.48050956278943974,
        0.681302342666587,
        0.7597135665818419,
        0.8239304836081602,
        0.8833223599107656
    ],
    "train_micro_f1": [
        0.5043700284783371,
        0.7067661789251602,
        0.7801237356373276,
        0.8398310910335762,
        0.8901109692619961
    ],
    "train_weighted_f1": [
        0.4923199021434241,
        0.695083268204239,
        0.7720508623323659,
        0.8348028474476583,
        0.8894229849448105
    ],
    "train_confidence": [
        0.2629122000996495,
        0.5784103753559016,
        0.7127153253222828,
        0.7916922808559776,
        0.8481901904097431
    ],
    "val_loss": [
        1.2986010380491126,
        1.0771700237621573,
        1.052746247338785,
        1.0595161180175794,
        1.1080616207696188
    ],
    "val_accuracy": [
        0.6321839094161987,
        0.686118483543396,
        0.6976127028465271,
        0.7117595076560974,
        0.7126436829566956
    ],
    "val_macro_precision": [
        0.5951959459828101,
        0.6477104794371213,
        0.6761417664866143,
        0.7031769943606311,
        0.6969803701129258
    ],
    "val_macro_recall": [
        0.6079029498747365,
        0.6556593005509384,
        0.6698467433399472,
        0.6932439459743519,
        0.6900894561915337
    ],
    "val_macro_f1": [
        0.5902165950252241,
        0.6439070755908765,
        0.6617497355294488,
        0.6911749446165475,
        0.6889198350120463
    ],
    "val_micro_f1": [
        0.6321839080454764,
        0.6861184792214269,
        0.6976127320949901,
        0.7117595048624525,
        0.712643678160419
    ],
    "val_weighted_f1": [
        0.6190600406290205,
        0.6730671906151201,
        0.6906434244997247,
        0.7133651655654298,
        0.71227830968165
    ],
    "val_confidence": [
        0.48808572399837585,
        0.6725212589604574,
        0.7540020685507912,
        0.8020671621874094,
        0.8379095332165085
    ],
    "test_loss": [
        1.3073063555766595,
        1.11440228482098,
        1.1015752062035316,
        1.1120194552809521,
        1.1775481506857668
    ],
    "test_accuracy": [
        0.6355549693107605,
        0.6703398823738098,
        0.6825544238090515,
        0.687865138053894,
        0.6910515427589417
    ],
    "test_macro_precision": [
        0.6116636112155242,
        0.6497762504234946,
        0.671064502315134,
        0.6861837964730849,
        0.6851542241829008
    ],
    "test_macro_recall": [
        0.6181004785488192,
        0.6527927248787226,
        0.6657992156505406,
        0.6740468652791678,
        0.676598225328976
    ],
    "test_macro_f1": [
        0.6059065884042417,
        0.6431580126083969,
        0.6619500008101898,
        0.6760454001713379,
        0.6767415437708012
    ],
    "test_micro_f1": [
        0.6355549654801159,
        0.6703398831646619,
        0.6825544344126704,
        0.6878651088683262,
        0.6910515135417198
    ],
    "test_weighted_f1": [
        0.6226571207964342,
        0.6588799980095963,
        0.6769549409159586,
        0.6894905665867627,
        0.6902412394445951
    ],
    "test_confidence": [
        0.47887732554672247,
        0.6567643454780112,
        0.7348535052019424,
        0.7778165858284438,
        0.8191356914700565
    ],
    "grad_norm": [
        0.9999997447130355,
        0.9957233287035767,
        0.9991633126630308,
        0.9961728561744642,
        0.9994721503435561
    ],
    "nonfinite_grad_tensors": [
        0.0,
        0.003134796238244514,
        0.0,
        0.003134796238244514,
        0.0
    ],
    "nonfinite_train_loss_batches": [
        0,
        0,
        0,
        0,
        0
    ],
    "nonfinite_val_loss_batches": [
        0,
        0,
        0,
        0,
        0
    ],
    "nonfinite_test_loss_batches": [
        0,
        0,
        0,
        0,
        0
    ],
    "fractional_applied_params": [
        0.0,
        4.0,
        4.0,
        4.0,
        4.0
    ],
    "epoch_time": [
        83.45178961753845,
        75.53720951080322,
        75.82819676399231,
        75.60917687416077,
        69.05480289459229
    ],
    "throughput_samples_per_sec": [
        122.02254794856925,
        134.80773337997934,
        134.29041483992518,
        134.6794188349379,
        147.4625887433738
    ],
    "lr": [
        2e-05,
        2e-05,
        2e-05,
        2e-05,
        2e-05
    ]
}