{
    "prefix": "teach",
    "retain_em_acc": 0.3333333333333333,
    "forget_em_acc": 0.4666666666666667,
    "retain_answer_nll": 0.1618762221187353,
    "forget_answer_nll": 0.133803840726614,
    "general_ppl": 1.1826014095074557,
    "forget_minus_retain_nll": -0.028072381392121315,
    "retain_eval_n": 30,
    "forget_eval_n": 30
}