{
    "train_loss": [
        2.937383767699933,
        2.73792986784119,
        2.5120373339523305
    ],
    "train_accuracy": [
        0.11695963889360428,
        0.23372286558151245,
        0.29627811908721924
    ],
    "train_macro_precision": [
        0.1174784480202434,
        0.21247637219804955,
        0.3205799058613803
    ],
    "train_macro_recall": [
        0.11297439321651621,
        0.22414332879445595,
        0.28525859479036597
    ],
    "train_macro_f1": [
        0.0894528439091114,
        0.17842476953926878,
        0.24815465434998968
    ],
    "train_micro_f1": [
        0.11695963861287521,
        0.23372287145192067,
        0.2962781105759509
    ],
    "train_weighted_f1": [
        0.09295403149978256,
        0.18541852988913227,
        0.25610927969990754
    ],
    "train_confidence": [
        0.06786860942512789,
        0.0803438356228712,
        0.10421299072774351
    ],
    "val_loss": [
        2.8457635656908273,
        2.5949173844250613,
        2.3875839284412845
    ],
    "val_accuracy": [
        0.216622456908226,
        0.2829354405403137,
        0.32272323966026306
    ],
    "val_macro_precision": [
        0.14556663719403556,
        0.3069182430185734,
        0.3369754141124724
    ],
    "val_macro_recall": [
        0.20737047667978664,
        0.2680088785536695,
        0.3100557268369467
    ],
    "val_macro_f1": [
        0.14338995609313726,
        0.2146045552564372,
        0.26304110640137196
    ],
    "val_micro_f1": [
        0.21662245800126814,
        0.28293545534874825,
        0.32272325375723626
    ],
    "val_weighted_f1": [
        0.15013913179593308,
        0.22313079857602108,
        0.269822608736348
    ],
    "val_confidence": [
        0.07050088224529061,
        0.0956676616592812,
        0.12057360666816368
    ],
    "test_loss": [
        2.848103560352984,
        2.600352817688353,
        2.403887942567887
    ],
    "test_accuracy": [
        0.21229420602321625,
        0.27642059326171875,
        0.319835364818573
    ],
    "test_macro_precision": [
        0.16769420242677582,
        0.30452138059213685,
        0.3363626170270633
    ],
    "test_macro_recall": [
        0.20271879934752507,
        0.2643370912433217,
        0.3068135841714422
    ],
    "test_macro_f1": [
        0.1460300558750884,
        0.21324555142868168,
        0.260127105749674
    ],
    "test_micro_f1": [
        0.21229421136434332,
        0.2764206054163879,
        0.31983536909137467
    ],
    "test_weighted_f1": [
        0.15243745917626597,
        0.22199271790316144,
        0.2696055698247738
    ],
    "test_confidence": [
        0.06978907290127957,
        0.09448952994255455,
        0.11875539666721306
    ],
    "grad_norm": [
        0.9982469694126479,
        0.9979150335868802,
        0.9976023879201051
    ],
    "fractional_applied_params": [
        5.0,
        5.0,
        5.0
    ],
    "epoch_time": [
        29.236438035964966,
        13.334063529968262,
        10.655913591384888
    ],
    "throughput_samples_per_sec": [
        348.298243016932,
        763.6831770835456,
        955.6196109015721
    ],
    "lr": [
        2e-05,
        2e-05,
        2e-05
    ]
}