{
    "train_loss": [
        2.25259326171875,
        2.0619353466033936,
        1.9786560020446777,
        1.90840283203125,
        1.8747095346450806,
        1.844151575088501,
        1.7975210361480713,
        1.7831029872894286,
        1.7650832090377808,
        1.722722234725952
    ],
    "train_accuracy": [
        0.21549999713897705,
        0.27149999141693115,
        0.3122499883174896,
        0.3297500014305115,
        0.3397499918937683,
        0.3467499911785126,
        0.35374999046325684,
        0.36375001072883606,
        0.3687500059604645,
        0.3824999928474426
    ],
    "train_macro_precision": [
        0.1112770923421261,
        0.1966982541312238,
        0.2480723109561843,
        0.2653654831521842,
        0.2841885015617952,
        0.2953266931537267,
        0.30598012382833917,
        0.3178315223252934,
        0.3196072912746349,
        0.33984456535761737
    ],
    "train_macro_recall": [
        0.11833208453732073,
        0.1792934576894437,
        0.23522306891735117,
        0.2602729649437149,
        0.27627549710896293,
        0.28352543475046343,
        0.28933143321312316,
        0.30477382978053746,
        0.30285582515011106,
        0.3199997658705134
    ],
    "train_macro_f1": [
        0.08448291913056746,
        0.15929064361945017,
        0.22379032847058972,
        0.2532904861650934,
        0.2692025563779092,
        0.28049976591394365,
        0.28654222027077547,
        0.3014637736259914,
        0.3004171383952222,
        0.319801581689093
    ],
    "train_micro_f1": [
        0.21549999999949995,
        0.2714999999995,
        0.3122499999994999,
        0.32974999999949994,
        0.33974999999949995,
        0.34674999999949996,
        0.3537499999994999,
        0.3637499999994999,
        0.3687499999994999,
        0.3824999999994999
    ],
    "train_weighted_f1": [
        0.13010753471851647,
        0.20589175332554716,
        0.27220657774874646,
        0.29969912901637813,
        0.3144095567037567,
        0.32527026296287725,
        0.3275945284871725,
        0.3430990609096308,
        0.34434253175301704,
        0.36493095604990927
    ],
    "train_confidence": [
        0.23857092571258545,
        0.2803015556335449,
        0.33202835083007814,
        0.3266553354263306,
        0.3476245059967041,
        0.36000736713409426,
        0.36349435234069827,
        0.3711520080566406,
        0.3819989461898804,
        0.3871056289672852
    ],
    "val_loss": [
        2.1543105278015138,
        2.018419487953186,
        1.9746983776092528,
        1.9791806116104127,
        1.9246969394683837,
        1.9253136539459228,
        1.910849747657776,
        1.906312614440918,
        1.9184501781463623,
        1.8894726858139037
    ],
    "val_accuracy": [
        0.2199999988079071,
        0.30300000309944153,
        0.296999990940094,
        0.2980000078678131,
        0.3140000104904175,
        0.30399999022483826,
        0.32100000977516174,
        0.3199999928474426,
        0.3190000057220459,
        0.32100000977516174
    ],
    "val_macro_precision": [
        0.24735583504050646,
        0.30624882273321014,
        0.24185065418984436,
        0.2585651662071996,
        0.26268341166937276,
        0.25611195087907274,
        0.25980132040434156,
        0.281426740825294,
        0.27619567317782695,
        0.27617161449632466
    ],
    "val_macro_recall": [
        0.11241609858506522,
        0.23108294999758971,
        0.23011354797686012,
        0.24154171867909002,
        0.25610576679777536,
        0.24980704172334817,
        0.2626089952358974,
        0.26205728453851457,
        0.27022929495535547,
        0.25943635551645317
    ],
    "val_macro_f1": [
        0.06091112479878765,
        0.19805927070275262,
        0.2182079400954909,
        0.21601665920148472,
        0.24568894159909319,
        0.22625562094751844,
        0.24008931738833952,
        0.25050761896028273,
        0.24076278067842147,
        0.24614576997043267
    ],
    "val_micro_f1": [
        0.2199999999994998,
        0.3029999999994997,
        0.2969999999994997,
        0.2979999999994997,
        0.3139999999994997,
        0.3039999999994997,
        0.3209999999994997,
        0.3199999999994997,
        0.3189999999994997,
        0.3209999999994997
    ],
    "val_weighted_f1": [
        0.09699482702688884,
        0.2376901335173066,
        0.2689378221005592,
        0.26606700127757354,
        0.2897653328386692,
        0.26437024087780875,
        0.2885555432962113,
        0.2978867876822779,
        0.2890397320426912,
        0.2911951650698118
    ],
    "val_confidence": [
        0.2837533111572266,
        0.3177139139175415,
        0.2950908088684082,
        0.30935423183441163,
        0.3251631565093994,
        0.3419311056137085,
        0.3736070404052734,
        0.35549809837341306,
        0.3600431871414185,
        0.3627645568847656
    ],
    "grad_norm": [
        1.9506138507223942,
        1.5026448143872897,
        1.4071864411399173,
        1.3874719020178259,
        1.4879806475268207,
        1.4515851096756762,
        1.2376018384426601,
        1.412026994694091,
        1.4196613550051116,
        1.3566884979498768
    ],
    "fractional_applied_params": [
        0.0,
        0.0,
        0.0,
        2.0,
        2.0,
        2.0,
        2.0,
        2.0,
        2.0,
        2.0
    ],
    "epoch_time": [
        4.467105150222778,
        0.6097629070281982,
        0.6388170719146729,
        0.9243659973144531,
        1.1215643882751465,
        0.9446117877960205,
        0.908360481262207,
        1.1478724479675293,
        1.156855583190918,
        1.0892510414123535
    ],
    "throughput_samples_per_sec": [
        895.4344850826976,
        6559.926741845944,
        6261.573423532867,
        4327.290285039844,
        3566.447046479069,
        4234.543811201899,
        4403.538113461104,
        3484.707736545612,
        3457.6485242582544,
        3672.2480382607555
    ],
    "lr": [
        0.0003,
        0.0003,
        0.0003,
        0.0003,
        0.0003,
        0.0003,
        0.0003,
        0.0003,
        0.0003,
        0.0003
    ]
}