{
    "train_loss": [
        2.206333242416382,
        2.094604115486145,
        2.047139709472656,
        2.0315067567825316,
        2.02020770740509,
        2.0072418880462646,
        2.0000545778274534,
        1.9865698280334472,
        1.9731281442642212,
        1.964733648300171
    ],
    "train_accuracy": [
        0.2681249976158142,
        0.2840000092983246,
        0.28349998593330383,
        0.2848750054836273,
        0.2852500081062317,
        0.2878749966621399,
        0.2930000126361847,
        0.2966249883174896,
        0.3006249964237213,
        0.3019999861717224
    ],
    "train_macro_precision": [
        0.09584962171160862,
        0.14772380381986158,
        0.12496597094484392,
        0.14076785589958812,
        0.12899494485297114,
        0.14308986218357808,
        0.15648566137750103,
        0.1607507886111681,
        0.17038568373869353,
        0.17081816800386207
    ],
    "train_macro_recall": [
        0.09964081340540684,
        0.11935677191764109,
        0.1308669322658951,
        0.13685742740617782,
        0.1358032711929371,
        0.14384642786203666,
        0.14787399823696537,
        0.15688491017852335,
        0.16098048674298854,
        0.1629385048136845
    ],
    "train_macro_f1": [
        0.05381564656644976,
        0.08545180451490716,
        0.10523827626934246,
        0.11467791397069096,
        0.11333061804432065,
        0.12423749202149895,
        0.13084236467747914,
        0.1398762686345972,
        0.14452474785651231,
        0.14870264424169705
    ],
    "train_micro_f1": [
        0.26812499999949996,
        0.2839999999995,
        0.2834999999995,
        0.2848749999995,
        0.28524999999949996,
        0.2878749999995,
        0.2929999999995,
        0.2966249999995,
        0.3006249999995,
        0.3019999999995
    ],
    "train_weighted_f1": [
        0.13132417776366215,
        0.16976044790446201,
        0.1922480406788333,
        0.2021707556493467,
        0.20433061476844652,
        0.21389221370267042,
        0.21919473293427943,
        0.22870139174818022,
        0.23174531998586428,
        0.23828381307056676
    ],
    "train_confidence": [
        0.2861540055274963,
        0.2932210688591003,
        0.298571204662323,
        0.30386815118789673,
        0.3105100345611572,
        0.30863184452056885,
        0.30631351757049563,
        0.3113063817024231,
        0.3144873285293579,
        0.31173410749435426
    ],
    "val_loss": [
        2.157598627090454,
        2.050932523727417,
        2.0370467338562013,
        2.0303344078063965,
        2.0370018310546874,
        2.0271630992889405,
        2.0241793746948242,
        2.016884883880615,
        2.0299942169189453,
        2.0168338470458984
    ],
    "val_accuracy": [
        0.2784999907016754,
        0.28049999475479126,
        0.28600001335144043,
        0.2879999876022339,
        0.2874999940395355,
        0.28450000286102295,
        0.29350000619888306,
        0.2854999899864197,
        0.2879999876022339,
        0.2915000021457672
    ],
    "val_macro_precision": [
        0.027849999999999986,
        0.17396560948480774,
        0.06183467142432336,
        0.122187490492038,
        0.10351237819657881,
        0.11788529922067344,
        0.1315251894791506,
        0.1291927754436042,
        0.09961999773903475,
        0.16567251409683598
    ],
    "val_macro_recall": [
        0.09999999999999981,
        0.12868610523647944,
        0.1304258854535434,
        0.14073331355675264,
        0.12457846083477533,
        0.15106363661572758,
        0.15224752041782086,
        0.14750518110386654,
        0.1336560220639446,
        0.16138959078995535
    ],
    "val_macro_f1": [
        0.04356667970274258,
        0.08926283936750759,
        0.08039170838459483,
        0.09993998728166,
        0.08236266906939056,
        0.12522205061467984,
        0.12265383174026159,
        0.11212122794180046,
        0.10160680406389991,
        0.14433141735982788
    ],
    "val_micro_f1": [
        0.27849999999949987,
        0.28049999999949987,
        0.2859999999994999,
        0.2879999999994999,
        0.2874999999994999,
        0.2844999999994999,
        0.2934999999994999,
        0.2854999999994999,
        0.2879999999994999,
        0.2914999999994999
    ],
    "val_weighted_f1": [
        0.1213332029721381,
        0.17726433535123393,
        0.16962013271159757,
        0.18564668759552988,
        0.1657740933306298,
        0.20902221096360465,
        0.2114995939473324,
        0.1960349278645836,
        0.1861341159111671,
        0.22670522921039274
    ],
    "val_confidence": [
        0.28285902404785157,
        0.28667033386230467,
        0.3171961307525635,
        0.3014140224456787,
        0.3346187973022461,
        0.2921555881500244,
        0.3226270570755005,
        0.29509423542022706,
        0.34969143295288085,
        0.3030169620513916
    ],
    "grad_norm": [
        1.4170296193993903,
        0.9780371896976322,
        0.983949307556185,
        0.9487767958566192,
        1.068555789876301,
        0.977166331897192,
        1.019221938268018,
        0.9939720629788081,
        1.0137774389011784,
        1.0109206495931147
    ],
    "fractional_applied_params": [
        0.0,
        0.0,
        0.0,
        2.0,
        2.0,
        2.0,
        2.0,
        2.0,
        2.0,
        2.0
    ],
    "epoch_time": [
        5.878660202026367,
        2.716696262359619,
        2.7160935401916504,
        2.724703550338745,
        2.7175610065460205,
        2.713428258895874,
        2.70812726020813,
        2.0714848041534424,
        2.5092976093292236,
        2.0338640213012695
    ],
    "throughput_samples_per_sec": [
        1360.8542975901905,
        2944.7531955786267,
        2945.406659093012,
        2936.099231421125,
        2943.8161574771343,
        2948.2998025734773,
        2954.0709247855543,
        3861.9641254232492,
        3188.143156179283,
        3933.3996354788687
    ],
    "lr": [
        0.0003,
        0.0003,
        0.0003,
        0.0003,
        0.0003,
        0.0003,
        0.0003,
        0.0003,
        0.0003,
        0.0003
    ]
}