{
    "train_loss": [
        2.103649129867554,
        2.0665377593040466,
        1.9756649351119995,
        1.9600347447395325,
        1.9506052732467651,
        1.9474487161636354,
        1.9414053130149842,
        1.938839910030365,
        1.934609272480011,
        1.9320856571197509
    ],
    "train_accuracy": [
        0.335833340883255,
        0.3410416543483734,
        0.336041659116745,
        0.3375000059604645,
        0.3388541638851166,
        0.3386458456516266,
        0.3361458480358124,
        0.33770832419395447,
        0.33781251311302185,
        0.3373958468437195
    ],
    "train_macro_precision": [
        0.05878283528918027,
        0.0466720609730617,
        0.12696912866936472,
        0.1382122855607801,
        0.14719071572043987,
        0.14371179378298607,
        0.13218342919946072,
        0.1379268845991101,
        0.1397933411990547,
        0.12462623162650717
    ],
    "train_macro_recall": [
        0.10047113235826435,
        0.09999287966636147,
        0.11290919726513012,
        0.12077991798206615,
        0.12141761789979219,
        0.12221156302497356,
        0.11807984032096916,
        0.11952510230640116,
        0.12014068501473292,
        0.11724365995077883
    ],
    "train_macro_f1": [
        0.055496207187344826,
        0.0511496107361459,
        0.08291879056024104,
        0.0974219120724571,
        0.09856443537717574,
        0.0999933170082579,
        0.09306011609661122,
        0.09586734443139484,
        0.09728029913762647,
        0.09076388706460262
    ],
    "train_micro_f1": [
        0.3358333333328333,
        0.3410416666661666,
        0.33604166666616664,
        0.3374999999994999,
        0.33885416666616663,
        0.33864583333283327,
        0.33614583333283327,
        0.3377083333328333,
        0.33781249999949997,
        0.3373958333328333
    ],
    "train_weighted_f1": [
        0.1766082389994821,
        0.17403019042770884,
        0.2055717794933238,
        0.2204396121016411,
        0.21919240300418802,
        0.22090419042971352,
        0.21542204630787812,
        0.21779169702104118,
        0.21910486905051874,
        0.21455810873496028
    ],
    "train_confidence": [
        0.3411333870887756,
        0.3419272685050964,
        0.34609905441602073,
        0.3434201455116272,
        0.3483989405632019,
        0.34594241658846536,
        0.34517534136772154,
        0.3466750379403432,
        0.3442646817366282,
        0.347908695936203
    ],
    "val_loss": [
        2.0681050777435304,
        1.9866653442382813,
        1.944051399230957,
        1.9365753746032714,
        1.9363165473937989,
        1.9283142375946045,
        1.9303221988677979,
        1.9262472915649413,
        1.933416805267334,
        1.9271880722045898
    ],
    "val_accuracy": [
        0.3474999964237213,
        0.34833332896232605,
        0.3499999940395355,
        0.3487499952316284,
        0.34708333015441895,
        0.34458333253860474,
        0.34833332896232605,
        0.3462499976158142,
        0.3466666638851166,
        0.3474999964237213
    ],
    "val_macro_precision": [
        0.03474999999999999,
        0.06115678250778619,
        0.059509982868057365,
        0.11869927282664743,
        0.07929775585776197,
        0.05698762022291224,
        0.10417459515433354,
        0.0719916159771942,
        0.08472642280049054,
        0.11952606936785819
    ],
    "val_macro_recall": [
        0.09999999999999988,
        0.10269820992338292,
        0.11726352819663219,
        0.10783845149048592,
        0.10894745750548047,
        0.10245567831449112,
        0.12163558529156215,
        0.11605294321459278,
        0.11571741178485762,
        0.11832618233463947
    ],
    "val_macro_f1": [
        0.05157699443409898,
        0.058063641963865834,
        0.07334136038986509,
        0.07027346428034767,
        0.07105298649298916,
        0.0589127108917567,
        0.08747347943960447,
        0.08103786176724231,
        0.08070406058830631,
        0.08707231249951135
    ],
    "val_micro_f1": [
        0.3474999999994999,
        0.34833333333283323,
        0.3499999999994999,
        0.3487499999994999,
        0.3470833333328332,
        0.3445833333328332,
        0.34833333333283323,
        0.3462499999994999,
        0.3466666666661665,
        0.3474999999994999
    ],
    "val_weighted_f1": [
        0.17923005565849393,
        0.18671804294010108,
        0.2005955526967459,
        0.1998376489551572,
        0.20189887498228193,
        0.18985941693044053,
        0.2167804596451309,
        0.21544842492633473,
        0.2140479029799655,
        0.22026909911396644
    ],
    "val_confidence": [
        0.387562354405721,
        0.3262120882670085,
        0.3919484043121338,
        0.38713298002878826,
        0.3941688760121663,
        0.366362091700236,
        0.34642768462498985,
        0.3508659847577413,
        0.3660282325744629,
        0.34058837890625
    ],
    "grad_norm": [
        1.2326078341717381,
        0.9609407180211202,
        1.0386641805087318,
        1.0363983631222828,
        0.9224657295224152,
        1.0037372382734788,
        0.9464826779861588,
        0.970397624900659,
        0.9420505441088938,
        0.9293336313674707
    ],
    "fractional_applied_params": [
        42.0,
        42.0,
        42.0,
        42.0,
        42.0,
        42.0,
        42.0,
        42.0,
        42.0,
        42.0
    ],
    "epoch_time": [
        6.425530433654785,
        2.040668249130249,
        2.837576389312744,
        2.1563169956207275,
        3.001490831375122,
        3.0010838508605957,
        3.0110669136047363,
        3.008122682571411,
        3.0213873386383057,
        3.007335662841797
    ],
    "throughput_samples_per_sec": [
        1494.0400795113198,
        4704.341337251464,
        3383.1688324433453,
        4452.035586370964,
        3198.4105697240443,
        3198.8443099472506,
        3188.238679328199,
        3191.3592007469933,
        3177.3483251328435,
        3192.1943794356603
    ],
    "lr": [
        0.0003,
        0.0003,
        0.0003,
        0.0003,
        0.0003,
        0.0003,
        0.0003,
        0.0003,
        0.0003,
        0.0003
    ]
}