{
    "train_loss": [
        2.1158437371253966,
        2.0849178004264832,
        2.0073253464698793,
        1.969024567604065,
        1.9665137887001038,
        1.952484233379364,
        1.9490929174423217,
        1.9448379373550415,
        1.946021144390106,
        1.9393543028831481
    ],
    "train_accuracy": [
        0.33520832657814026,
        0.34166666865348816,
        0.33687499165534973,
        0.33906251192092896,
        0.33781251311302185,
        0.33812499046325684,
        0.3370833396911621,
        0.3370833396911621,
        0.33906251192092896,
        0.3387500047683716
    ],
    "train_macro_precision": [
        0.10879267510140256,
        0.034188034188034185,
        0.12421545700710712,
        0.13435619728708023,
        0.1311067403065042,
        0.13741256882050265,
        0.142338536597426,
        0.12848867091274468,
        0.1468648208923505,
        0.1246199322641438
    ],
    "train_macro_recall": [
        0.09971464049271044,
        0.09990862016448368,
        0.11182664866590013,
        0.1206922155860933,
        0.11859987535578347,
        0.11946358186548585,
        0.11821338019346941,
        0.1192207468018319,
        0.1216249921881041,
        0.11955983691086454
    ],
    "train_macro_f1": [
        0.054396822397920076,
        0.05094354275060268,
        0.08149141501991676,
        0.09800124240758587,
        0.09295219990279711,
        0.09599736345860108,
        0.0933081371441547,
        0.09462645668365938,
        0.09824597375940991,
        0.09315082553487831
    ],
    "train_micro_f1": [
        0.3352083333328333,
        0.34166666666616663,
        0.33687499999949994,
        0.33906249999949994,
        0.33781249999949997,
        0.33812499999949996,
        0.3370833333328333,
        0.3370833333328333,
        0.33906249999949994,
        0.33874999999949995
    ],
    "train_weighted_f1": [
        0.1759308920395748,
        0.17421630296898813,
        0.20477521167049004,
        0.2219012961531076,
        0.21710189371190197,
        0.22006718847767967,
        0.2147409159436725,
        0.21862499982940628,
        0.21977589437387418,
        0.21657220413583014
    ],
    "train_confidence": [
        0.34411999861399334,
        0.3370817331473033,
        0.346880099773407,
        0.34675033688545226,
        0.35088864803314207,
        0.3444232193628947,
        0.34901896238327024,
        0.3455672534306844,
        0.344196484486262,
        0.347205163637797
    ],
    "val_loss": [
        2.0773075580596925,
        2.0495788288116454,
        1.9637021827697754,
        1.9568428134918212,
        1.951259446144104,
        1.9440226173400879,
        1.9469737577438355,
        1.9411892223358154,
        1.944811029434204,
        1.9423119926452637
    ],
    "val_accuracy": [
        0.3449999988079071,
        0.3449999988079071,
        0.34416666626930237,
        0.34041666984558105,
        0.33916667103767395,
        0.3466666638851166,
        0.3454166650772095,
        0.34333333373069763,
        0.34458333253860474,
        0.34291666746139526
    ],
    "val_macro_precision": [
        0.03449999999999999,
        0.03449999999999999,
        0.06149122441321975,
        0.06998161965014794,
        0.06998538635084765,
        0.04826217931412746,
        0.10976475710618525,
        0.060158672956797124,
        0.08665813335443297,
        0.06980163659594005
    ],
    "val_macro_recall": [
        0.09999999999999988,
        0.09999999999999988,
        0.10225130562147462,
        0.11626979974858857,
        0.11637825365923979,
        0.11161962878209997,
        0.12438786231351465,
        0.10187887040819621,
        0.11385271628434986,
        0.11512704125193159
    ],
    "val_macro_f1": [
        0.05130111524159751,
        0.05130111524159751,
        0.057158876827758984,
        0.0776134740237108,
        0.07072101609111094,
        0.06617308248405993,
        0.09131105481587831,
        0.05685026101324445,
        0.07518526600718643,
        0.07790222899309288
    ],
    "val_micro_f1": [
        0.3449999999994999,
        0.3449999999994999,
        0.3441666666661665,
        0.34041666666616655,
        0.33916666666616657,
        0.3466666666661665,
        0.34541666666616655,
        0.3433333333328332,
        0.3445833333328332,
        0.34291666666616655
    ],
    "val_weighted_f1": [
        0.17698884758351138,
        0.17698884758351138,
        0.18394401707467564,
        0.21159356990999023,
        0.20831575059321353,
        0.19416726444027196,
        0.2246519382443226,
        0.18201107384258705,
        0.2039121331809226,
        0.20552180978699958
    ],
    "val_confidence": [
        0.2744949738184611,
        0.3501134093602498,
        0.380456223487854,
        0.3379970693588257,
        0.31870694875717165,
        0.3348192071914673,
        0.32499382495880125,
        0.33272844076156616,
        0.36176758925120034,
        0.34550634543100994
    ],
    "grad_norm": [
        1.2571411425516976,
        1.004352212405778,
        1.128275643826364,
        1.057191628054744,
        1.082271249038571,
        0.9281862239641735,
        0.920514957667779,
        0.8951462743850196,
        0.9618421669489026,
        0.919728185272849
    ],
    "fractional_applied_params": [
        0.0,
        0.0,
        0.0,
        2.0,
        2.0,
        2.0,
        2.0,
        2.0,
        2.0,
        2.0
    ],
    "epoch_time": [
        9.019261360168457,
        5.493168115615845,
        6.075449466705322,
        5.912703514099121,
        5.452804803848267,
        5.52047872543335,
        6.071658611297607,
        6.078944206237793,
        6.100275039672852,
        6.08008599281311
    ],
    "throughput_samples_per_sec": [
        1064.3887139579128,
        1747.6253771861366,
        1580.130005625085,
        1623.6227602328354,
        1760.5618292488462,
        1738.9796206933872,
        1581.1165637898623,
        1579.2216007097322,
        1573.6995360974468,
        1578.9250368082885
    ],
    "lr": [
        0.0003,
        0.0003,
        0.0003,
        0.0003,
        0.0003,
        0.0003,
        0.0003,
        0.0003,
        0.0003,
        0.0003
    ]
}