{
    "prefix": "after",
    "retain_em_acc": 1.0,
    "forget_em_acc": 0.8333333333333334,
    "retain_answer_nll": 0.005990391713567078,
    "forget_answer_nll": 0.0739380563609302,
    "general_ppl": 1.1037859042297342,
    "forget_minus_retain_nll": 0.06794766464736313,
    "retain_eval_n": 30,
    "forget_eval_n": 30
}