{
    "train_loss": [
        2.1135139417648316,
        2.0509283208847044,
        1.969937620162964,
        1.9623871159553528,
        1.9533420062065125,
        1.95090922832489,
        1.9498805069923402,
        1.9394888019561767,
        1.9399443316459655,
        1.9299577283859253
    ],
    "train_accuracy": [
        0.33145833015441895,
        0.3409374952316284,
        0.3382291793823242,
        0.3389583230018616,
        0.34041666984558105,
        0.33791667222976685,
        0.33677083253860474,
        0.34187498688697815,
        0.3373958468437195,
        0.3427083194255829
    ],
    "train_macro_precision": [
        0.07099106085857373,
        0.08916305834182478,
        0.12023177783355185,
        0.12873559968672224,
        0.13196667578277338,
        0.13339813339078338,
        0.12220843838080328,
        0.13314919793047608,
        0.12732572548147636,
        0.14621181091739058
    ],
    "train_macro_recall": [
        0.09917066541075167,
        0.10192929642085033,
        0.11478382308302093,
        0.11806081458979871,
        0.12097969230593593,
        0.11948758032585254,
        0.11606579820543768,
        0.12075867972906847,
        0.1186873200318801,
        0.12173469970701849
    ],
    "train_macro_f1": [
        0.05523543434146909,
        0.05811741511431109,
        0.08682618045907195,
        0.09266145814781966,
        0.09755279669577122,
        0.09596029956188809,
        0.08979538819501384,
        0.09687249434425417,
        0.09427682710524223,
        0.09799141627783728
    ],
    "train_micro_f1": [
        0.33145833333283325,
        0.34093749999949996,
        0.3382291666661666,
        0.33895833333283326,
        0.3404166666661666,
        0.3379166666661666,
        0.3367708333328333,
        0.34187499999949994,
        0.3373958333328333,
        0.3427083333328333
    ],
    "train_weighted_f1": [
        0.1764100324890133,
        0.18298336970425733,
        0.2113044650631399,
        0.21582917838003474,
        0.2227557003032337,
        0.2197387109914433,
        0.21319757807882023,
        0.22120055954532702,
        0.2194680487116369,
        0.22129538144829491
    ],
    "train_confidence": [
        0.34166805664698285,
        0.3470881541570028,
        0.3476821021238963,
        0.34754937012990317,
        0.34927053968111677,
        0.34708483894666037,
        0.35037406245867414,
        0.3492497750123342,
        0.3455489933490753,
        0.34940289457639057
    ],
    "val_loss": [
        2.0729451513290407,
        1.987217402458191,
        1.9668738985061645,
        1.9623035049438478,
        1.9625715494155884,
        1.9585032987594604,
        1.9533365440368653,
        1.9537425804138184,
        1.951141219139099,
        1.9498906087875367
    ],
    "val_accuracy": [
        0.3395833373069763,
        0.3316666781902313,
        0.33666667342185974,
        0.34041666984558105,
        0.3387500047683716,
        0.33541667461395264,
        0.33791667222976685,
        0.3400000035762787,
        0.33500000834465027,
        0.3383333384990692
    ],
    "val_macro_precision": [
        0.03395833333333332,
        0.04889721020937535,
        0.06874976292371748,
        0.10091710950671344,
        0.10423279266844143,
        0.08842740094171549,
        0.057574213854423205,
        0.07908065509459943,
        0.05945487464777932,
        0.07316001950241609
    ],
    "val_macro_recall": [
        0.09999999999999988,
        0.1131688088165892,
        0.11491189508506709,
        0.11643295252117267,
        0.12453070792485485,
        0.11537545758967956,
        0.11171877026534272,
        0.10657156029692365,
        0.1116295178217744,
        0.10874052354720523
    ],
    "val_macro_f1": [
        0.050699844478966784,
        0.06828831136871134,
        0.06972341142943499,
        0.07060821516239123,
        0.0823700483432014,
        0.0776973856375349,
        0.07081183195023902,
        0.06522743653686291,
        0.07198955510284644,
        0.06812585369221807
    ],
    "val_micro_f1": [
        0.3395833333328332,
        0.33166666666616657,
        0.33666666666616657,
        0.34041666666616655,
        0.3387499999994999,
        0.33541666666616654,
        0.33791666666616654,
        0.33999999999949987,
        0.33499999999949986,
        0.3383333333328332
    ],
    "val_weighted_f1": [
        0.17216822187649136,
        0.19989434850720197,
        0.19131962942327815,
        0.1895147017540257,
        0.20402504650759465,
        0.20252937702838972,
        0.19335510450426663,
        0.18574047537658997,
        0.1975550699315326,
        0.19453768093370144
    ],
    "val_confidence": [
        0.3385563405354818,
        0.3312107992172241,
        0.33835705439249675,
        0.36466526667277016,
        0.32520864804585775,
        0.3465824270248413,
        0.3237782065073649,
        0.3748005294799805,
        0.32893585205078124,
        0.3504750394821167
    ],
    "grad_norm": [
        1.2443394729081003,
        0.9315769787863337,
        0.8813336461156763,
        0.8609824353680692,
        0.8870039235725236,
        0.9212809905245329,
        0.981041528154494,
        0.8986863811558695,
        0.9496818808488977,
        0.8790906845635175
    ],
    "fractional_applied_params": [
        0.0,
        0.0,
        0.0,
        0.0,
        0.0,
        0.0,
        0.0,
        0.0,
        0.0,
        0.0
    ],
    "epoch_time": [
        6.690819978713989,
        2.4333810806274414,
        2.3484954833984375,
        2.594302177429199,
        2.884922981262207,
        2.888831377029419,
        2.890688180923462,
        2.8913445472717285,
        2.881687641143799,
        2.8130035400390625
    ],
    "throughput_samples_per_sec": [
        1434.8017179570224,
        3945.128067456111,
        4087.7234245765408,
        3700.4170460640153,
        3327.6451615355854,
        3323.1430800477065,
        3321.008493186275,
        3320.2545884953615,
        3331.3811889027534,
        3412.722331613806
    ],
    "lr": [
        0.0003,
        0.0003,
        0.0003,
        0.0003,
        0.0003,
        0.0003,
        0.0003,
        0.0003,
        0.0003,
        0.0003
    ]
}