{
    "train_loss": [
        2.185364580154419,
        2.146652208328247,
        2.111083837509155,
        2.0449727039337158,
        2.0177242546081544,
        2.010509847640991,
        1.999861569404602,
        1.9973442554473877,
        1.987317255973816,
        1.983168258666992
    ],
    "train_accuracy": [
        0.2759999930858612,
        0.28174999356269836,
        0.2862499952316284,
        0.2878749966621399,
        0.29487499594688416,
        0.296875,
        0.2992500066757202,
        0.296750009059906,
        0.2998749911785126,
        0.3009999990463257
    ],
    "train_macro_precision": [
        0.08481763822527542,
        0.06471222597626987,
        0.10876257768964256,
        0.13635694088654518,
        0.15369489463989344,
        0.15239748995982932,
        0.16026142371792212,
        0.16278245790071585,
        0.16829851851792016,
        0.16541488674985344
    ],
    "train_macro_recall": [
        0.09967868604731765,
        0.10100373712840713,
        0.11005974176593492,
        0.1333061285495784,
        0.14660268878453137,
        0.15180632882709197,
        0.15403571225531476,
        0.15506898044972967,
        0.15684979241674069,
        0.16143230590378144
    ],
    "train_macro_f1": [
        0.049528859403189504,
        0.04856589536368653,
        0.06716216397859862,
        0.10588267436121848,
        0.12071877722333461,
        0.1281918356849008,
        0.13260953795411534,
        0.1323755795274608,
        0.13742077817736736,
        0.13676653608470812
    ],
    "train_micro_f1": [
        0.2759999999995,
        0.28174999999949996,
        0.28624999999949996,
        0.2878749999995,
        0.29487499999949995,
        0.29687499999949996,
        0.29924999999949997,
        0.29674999999949997,
        0.29987499999949996,
        0.3009999999995
    ],
    "train_weighted_f1": [
        0.12903584848332092,
        0.1297205321234234,
        0.1503309468079271,
        0.19552750655267548,
        0.20902008964529878,
        0.21590925158588617,
        0.22088004670806594,
        0.21856610514804278,
        0.22484452660520723,
        0.22491622474126638
    ],
    "train_confidence": [
        0.2831068773269653,
        0.2796775884628296,
        0.289270857334137,
        0.3068002519607544,
        0.30664590835571287,
        0.3090013799667358,
        0.31139271068573,
        0.31295756101608274,
        0.30697672891616823,
        0.31434620571136473
    ],
    "val_loss": [
        2.1603259410858153,
        2.152214569091797,
        2.093551342010498,
        2.0389814052581787,
        2.027085479736328,
        2.0309096374511717,
        2.0125181045532226,
        2.003361373901367,
        2.0031081523895264,
        2.01320637512207
    ],
    "val_accuracy": [
        0.27549999952316284,
        0.2759999930858612,
        0.2809999883174896,
        0.28200000524520874,
        0.2800000011920929,
        0.27549999952316284,
        0.2824999988079071,
        0.2874999940395355,
        0.28349998593330383,
        0.28450000286102295
    ],
    "val_macro_precision": [
        0.027549999999999984,
        0.047619047619043606,
        0.06065590111642598,
        0.11414018904447716,
        0.19051084065698423,
        0.07911449588170164,
        0.11509086575753555,
        0.1386725732918014,
        0.22212480630156345,
        0.13687709558347866
    ],
    "val_macro_recall": [
        0.09999999999999981,
        0.10049751243781076,
        0.11510776426397928,
        0.13918974411688265,
        0.14439095111103173,
        0.12347910108768456,
        0.13135382671563486,
        0.14049708078159973,
        0.14361595079438,
        0.1389988291547938
    ],
    "val_macro_f1": [
        0.04319874558993082,
        0.04425445587592131,
        0.06446967643078193,
        0.09657751240012968,
        0.10146483167034515,
        0.0830721841134864,
        0.0984306892770188,
        0.11161374916978942,
        0.10465247873366348,
        0.1011836850261614
    ],
    "val_micro_f1": [
        0.27549999999949987,
        0.27599999999949987,
        0.28099999999949987,
        0.2819999999994999,
        0.27999999999949987,
        0.27549999999949987,
        0.2824999999994999,
        0.2874999999994999,
        0.2834999999994999,
        0.2844999999994999
    ],
    "val_weighted_f1": [
        0.11901254410025941,
        0.12022199681195792,
        0.14653049215575373,
        0.18096890149246725,
        0.18971778090782035,
        0.17175197765043435,
        0.17873305787213292,
        0.19298890971544205,
        0.18786455311145986,
        0.18065546585606237
    ],
    "val_confidence": [
        0.2836029043197632,
        0.3312678899765015,
        0.31177727699279784,
        0.28077849769592284,
        0.2973595447540283,
        0.3253096981048584,
        0.3280573673248291,
        0.30804532146453856,
        0.31515490818023684,
        0.33019465827941896
    ],
    "grad_norm": [
        1.11205571946058,
        0.8716219500041402,
        0.8736748587294711,
        0.980223256237722,
        0.9700971342609758,
        1.0082431836922556,
        0.9899407453834408,
        1.0744411340931723,
        0.9875823297594446,
        0.9499885369975242
    ],
    "fractional_applied_params": [
        2.0,
        2.0,
        2.0,
        2.0,
        2.0,
        2.0,
        2.0,
        2.0,
        2.0,
        2.0
    ],
    "epoch_time": [
        5.46367073059082,
        1.073631763458252,
        0.9820747375488281,
        1.2376422882080078,
        1.4258692264556885,
        0.9578046798706055,
        1.3759043216705322,
        1.752373456954956,
        1.7447240352630615,
        1.695134162902832
    ],
    "throughput_samples_per_sec": [
        1464.2170794093427,
        7451.344373634563,
        8146.019538153781,
        6463.903242659286,
        5610.61270666859,
        8352.43361003494,
        5814.357782005458,
        4565.236918106114,
        4585.2523598632015,
        4719.390461873768
    ],
    "lr": [
        0.0003,
        0.0003,
        0.0003,
        0.0003,
        0.0003,
        0.0003,
        0.0003,
        0.0003,
        0.0003,
        0.0003
    ]
}