{
    "train_loss": [
        0.3618312557644314,
        0.19116693937513562,
        0.08654057242075602
    ],
    "train_accuracy": [
        0.8368444442749023,
        0.9283555746078491,
        0.9740444421768188
    ],
    "train_macro_precision": [
        0.836845430030001,
        0.9283622315734827,
        0.9740505787972182
    ],
    "train_macro_recall": [
        0.8368443680935851,
        0.928355381162314,
        0.9740442862146708
    ],
    "train_macro_f1": [
        0.8368443023172032,
        0.928355256097716,
        0.9740443540029378
    ],
    "train_micro_f1": [
        0.8368444444439443,
        0.9283555555550556,
        0.9740444444439444
    ],
    "train_weighted_f1": [
        0.8368443158530834,
        0.9283552691176004,
        0.9740443583096523
    ],
    "train_confidence": [
        0.841160363345676,
        0.938395018556383,
        0.9831371459113227
    ],
    "val_loss": [
        0.31642750091552735,
        0.36299774856567385,
        0.4703165716171265
    ],
    "val_accuracy": [
        0.871999979019165,
        0.8772000074386597,
        0.8808000087738037
    ],
    "val_macro_precision": [
        0.8726366258328258,
        0.8772839936089141,
        0.8808168615461018
    ],
    "val_macro_recall": [
        0.8720165580905965,
        0.8772060014118404,
        0.8807973637103121
    ],
    "val_macro_f1": [
        0.8719487795113043,
        0.8771943214649239,
        0.8807980927689836
    ],
    "val_micro_f1": [
        0.8719999999994996,
        0.8771999999994996,
        0.8807999999994996
    ],
    "val_weighted_f1": [
        0.8719467306917766,
        0.8771936534020328,
        0.8807984742150867
    ],
    "val_confidence": [
        0.9203242539405823,
        0.9484732620239258,
        0.9744778263092041
    ],
    "test_loss": [
        0.31109783462524415,
        0.3650686190032959,
        0.5102274588394166
    ],
    "test_accuracy": [
        0.8724799752235413,
        0.870959997177124,
        0.8653600215911865
    ],
    "test_macro_precision": [
        0.8727062810153101,
        0.8709887293672021,
        0.8656565878612426
    ],
    "test_macro_recall": [
        0.8724799999999999,
        0.87096,
        0.8653599999999999
    ],
    "test_macro_f1": [
        0.8724606417696132,
        0.8709575017367335,
        0.8653326924860838
    ],
    "test_micro_f1": [
        0.8724799999995,
        0.8709599999994999,
        0.8653599999995
    ],
    "test_weighted_f1": [
        0.8724606417696132,
        0.8709575017367336,
        0.8653326924860838
    ],
    "test_confidence": [
        0.9112360255050659,
        0.9435536922454834,
        0.9701929161453247
    ],
    "grad_norm": [
        NaN,
        0.9407200530742422,
        NaN
    ],
    "fractional_applied_params": [
        4.0,
        4.0,
        4.0
    ],
    "epoch_time": [
        124.46882724761963,
        119.12645649909973,
        96.88910961151123
    ],
    "throughput_samples_per_sec": [
        180.76815293871337,
        188.87492049400495,
        232.2242416120502
    ],
    "lr": [
        2e-05,
        2e-05,
        2e-05
    ]
}