{
    "prefix": "after",
    "retain_em_acc": 1.0,
    "forget_em_acc": 0.9333333333333333,
    "retain_answer_nll": 0.003155043756123632,
    "forget_answer_nll": 0.041172945173457265,
    "general_ppl": 1.0940241908347914,
    "forget_minus_retain_nll": 0.03801790141733363,
    "retain_eval_n": 30,
    "forget_eval_n": 30
}