{
    "train_loss": [
        2.244811887741089,
        2.1006459312438963,
        2.0044066705703734,
        1.9521077089309693,
        1.9144066619873046,
        1.8924059257507324,
        1.8586514234542846,
        1.8384453964233398,
        1.8173506679534912,
        1.7943170194625855
    ],
    "train_accuracy": [
        0.21375000476837158,
        0.25850000977516174,
        0.30300000309944153,
        0.3125,
        0.33375000953674316,
        0.32600000500679016,
        0.34049999713897705,
        0.34549999237060547,
        0.3512499928474426,
        0.36125001311302185
    ],
    "train_macro_precision": [
        0.10011347171877154,
        0.19167497868923727,
        0.2284161808357818,
        0.2402888429163152,
        0.27349380688137614,
        0.2644994835218003,
        0.2912435249353557,
        0.29177749538360775,
        0.300391749869292,
        0.3117865531664359
    ],
    "train_macro_recall": [
        0.11131565647391825,
        0.1560083173316094,
        0.2243066423463949,
        0.24092401809970979,
        0.264999904445637,
        0.259556501888912,
        0.2745323211178913,
        0.2822367578970443,
        0.2888900863609716,
        0.2970590597837191
    ],
    "train_macro_f1": [
        0.07376712218389739,
        0.13070055175280565,
        0.20825489617327678,
        0.2296396629135649,
        0.2578795715641228,
        0.2525222433618545,
        0.2694828329788692,
        0.27875804834370654,
        0.2804286741999817,
        0.2930275229132287
    ],
    "train_micro_f1": [
        0.21374999999949995,
        0.25849999999949996,
        0.30299999999949995,
        0.31249999999949996,
        0.33374999999949995,
        0.3259999999994999,
        0.3404999999994999,
        0.34549999999949993,
        0.3512499999994999,
        0.36124999999949986
    ],
    "train_weighted_f1": [
        0.11575596087737972,
        0.17848423876943828,
        0.25681080878237666,
        0.2766062769319618,
        0.3032318622600191,
        0.2978394818881066,
        0.31421929147972394,
        0.32078355207026055,
        0.32582418322577616,
        0.33531770805657884
    ],
    "train_confidence": [
        0.23663180637359618,
        0.2521852445602417,
        0.3137733144760132,
        0.31786676979064943,
        0.3344740915298462,
        0.34446614456176755,
        0.3420608158111572,
        0.35024232387542725,
        0.36286023807525636,
        0.35854166793823244
    ],
    "val_loss": [
        2.153114748001099,
        2.041204557418823,
        1.986620174407959,
        1.9535681190490723,
        1.9362335186004638,
        1.9211841449737548,
        1.8932584533691406,
        1.8843317718505859,
        1.8639177074432374,
        1.867498254776001
    ],
    "val_accuracy": [
        0.23999999463558197,
        0.28299999237060547,
        0.3019999861717224,
        0.3179999887943268,
        0.33799999952316284,
        0.3269999921321869,
        0.35100001096725464,
        0.35100001096725464,
        0.3499999940395355,
        0.3409999907016754
    ],
    "val_macro_precision": [
        0.10957025705212979,
        0.17915995164805307,
        0.2431609276121665,
        0.2543243913530535,
        0.261186528048553,
        0.26087566475998764,
        0.2860619289513606,
        0.292539994633198,
        0.28708888238524305,
        0.28507343431640286
    ],
    "val_macro_recall": [
        0.13185360582525257,
        0.2027263155656271,
        0.228411891499613,
        0.24336254201961083,
        0.2680241160102139,
        0.25685162273822437,
        0.2912318083855165,
        0.2970754950228743,
        0.2898790790842374,
        0.2701117401293011
    ],
    "val_macro_f1": [
        0.0859597618435731,
        0.15868774877103603,
        0.2055624615425422,
        0.22965575769769506,
        0.24835369397354393,
        0.240454919718101,
        0.2776380567570898,
        0.27572943202661354,
        0.27381020992340044,
        0.25292706530355524
    ],
    "val_micro_f1": [
        0.23999999999949975,
        0.2829999999994997,
        0.3019999999994997,
        0.3179999999994997,
        0.33799999999949965,
        0.3269999999994997,
        0.35099999999949966,
        0.35099999999949966,
        0.34999999999949966,
        0.34099999999949965
    ],
    "val_weighted_f1": [
        0.13279300974915012,
        0.2097035401736419,
        0.250634344311252,
        0.2766182103323753,
        0.2984084780809612,
        0.293261236449264,
        0.32160533594158613,
        0.3246491171948814,
        0.3209334433001003,
        0.3067829323264563
    ],
    "val_confidence": [
        0.2017125267982483,
        0.28083570861816404,
        0.3025619716644287,
        0.3149837055206299,
        0.3216615419387817,
        0.3257603302001953,
        0.334485424041748,
        0.3315752487182617,
        0.3323740692138672,
        0.3463528900146484
    ],
    "grad_norm": [
        1.4431053870837245,
        1.1531846986114243,
        1.1626045195522607,
        1.1849900099498267,
        1.1703559808723893,
        1.2047500317322397,
        1.1945616718087404,
        1.2244732126731417,
        1.2177514438901498,
        1.1434368567202893
    ],
    "fractional_applied_params": [
        2.0,
        2.0,
        2.0,
        2.0,
        2.0,
        2.0,
        2.0,
        2.0,
        2.0,
        2.0
    ],
    "epoch_time": [
        4.348775625228882,
        0.7121515274047852,
        0.7678337097167969,
        0.8565070629119873,
        1.0317480564117432,
        1.0364739894866943,
        1.0461442470550537,
        1.0243539810180664,
        1.0335557460784912,
        0.9792149066925049
    ],
    "throughput_samples_per_sec": [
        919.7991215721723,
        5616.782167942202,
        5209.461305723782,
        4670.130782577132,
        3876.9154689870397,
        3859.238186942799,
        3823.5644952980356,
        3904.9001362054087,
        3870.1347413303706,
        4084.9051343701494
    ],
    "lr": [
        0.0003,
        0.0003,
        0.0003,
        0.0003,
        0.0003,
        0.0003,
        0.0003,
        0.0003,
        0.0003,
        0.0003
    ]
}