{
    "train_loss": [
        2.115088605880737,
        2.022279629707336,
        1.9695263266563416,
        1.9644679188728333,
        1.9533273196220398,
        1.9485373973846436,
        1.9435406088829041,
        1.9448049330711366,
        1.9332909345626832,
        1.925102424621582
    ],
    "train_accuracy": [
        0.33510416746139526,
        0.33687499165534973,
        0.3346875011920929,
        0.3335416615009308,
        0.3370833396911621,
        0.3370833396911621,
        0.33645832538604736,
        0.3361458480358124,
        0.3369791805744171,
        0.3384374976158142
    ],
    "train_macro_precision": [
        0.10066226379657275,
        0.12726165856265698,
        0.13093156887509455,
        0.13140383247099355,
        0.14261439212374016,
        0.1336221499237965,
        0.1390353342011831,
        0.13454837375389028,
        0.13738497160250981,
        0.1402062797974817
    ],
    "train_macro_recall": [
        0.10082414874935508,
        0.10711834310063165,
        0.12040781608104052,
        0.1208343873269437,
        0.1242048381864298,
        0.12006655314110277,
        0.12407394974197801,
        0.11966098469476513,
        0.12188770605280616,
        0.12655069602481464
    ],
    "train_macro_f1": [
        0.05569394617739355,
        0.06999586546705297,
        0.0952376744141035,
        0.09912477947075468,
        0.10323575731501519,
        0.09590742549535239,
        0.10321720361291427,
        0.09465710908208594,
        0.0995568477116285,
        0.10610200559613048
    ],
    "train_micro_f1": [
        0.3351041666661666,
        0.33687499999949994,
        0.3346874999994999,
        0.33354166666616664,
        0.3370833333328333,
        0.3370833333328333,
        0.33645833333283326,
        0.33614583333283327,
        0.3369791666661666,
        0.33843749999949996
    ],
    "train_weighted_f1": [
        0.17543522245416387,
        0.19214638587866284,
        0.2160466079442454,
        0.22160174451360054,
        0.22496670548367229,
        0.2199195436024283,
        0.22435340877240875,
        0.21457718884659305,
        0.221990171838517,
        0.22672264981063425
    ],
    "train_confidence": [
        0.3405474332968394,
        0.34520233909289044,
        0.3481816260019938,
        0.3446484096844991,
        0.34995357275009153,
        0.3471111798286438,
        0.34237996061642967,
        0.3495492005348206,
        0.3464219625790914,
        0.3460849757989248
    ],
    "val_loss": [
        2.0488110256195067,
        1.961187744140625,
        1.9340663814544679,
        1.943686933517456,
        1.9210871791839599,
        1.926316728591919,
        1.9202124977111816,
        1.922378454208374,
        1.918322401046753,
        1.9313216304779053
    ],
    "val_accuracy": [
        0.3529166579246521,
        0.34458333253860474,
        0.35083332657814026,
        0.3529166579246521,
        0.3499999940395355,
        0.3474999964237213,
        0.34833332896232605,
        0.3466666638851166,
        0.3545833230018616,
        0.3454166650772095
    ],
    "val_macro_precision": [
        0.03529166666666665,
        0.07567163201101275,
        0.07888515530202896,
        0.06661260220152271,
        0.06456941903019064,
        0.08709579838389031,
        0.10077113464060365,
        0.12582903593854664,
        0.11084540563006658,
        0.12614850422631751
    ],
    "val_macro_recall": [
        0.09999999999999988,
        0.12314721039408641,
        0.13816370464774996,
        0.11159549781375817,
        0.1066490084583132,
        0.120609139279186,
        0.11525963187127712,
        0.11013869704039989,
        0.12551376392431945,
        0.11107454673690842
    ],
    "val_macro_f1": [
        0.052171234986102454,
        0.07301909700023163,
        0.098908062108131,
        0.06787749948437828,
        0.06661115940712092,
        0.08675184322602315,
        0.07165752611027686,
        0.06896639689560088,
        0.09259414728991519,
        0.07609922522758937
    ],
    "val_micro_f1": [
        0.35291666666616656,
        0.3445833333328332,
        0.35083333333283323,
        0.35291666666616656,
        0.3499999999994999,
        0.3474999999994999,
        0.34833333333283323,
        0.3466666666661665,
        0.3545833333328332,
        0.34541666666616655
    ],
    "val_weighted_f1": [
        0.18412098347178657,
        0.20926594583421862,
        0.23377028097392524,
        0.19983647478620134,
        0.2001762912115419,
        0.22379629116840746,
        0.21274379557403292,
        0.2003228498020635,
        0.22439795068321985,
        0.20973958213356406
    ],
    "val_confidence": [
        0.34396639664967854,
        0.35618316491444907,
        0.34442378679911295,
        0.4236717653274536,
        0.37469765027364094,
        0.33460623105367027,
        0.3346104637781779,
        0.3587825377782186,
        0.3471523920694987,
        0.3734081681569417
    ],
    "grad_norm": [
        1.5178806957526054,
        1.2732361126672134,
        1.275215763975064,
        1.2869513890857187,
        1.214522019879895,
        1.1763344797927742,
        1.24708319995705,
        1.2900260343090653,
        1.0919281166317523,
        1.092324027669258
    ],
    "fractional_applied_params": [
        2.0,
        2.0,
        2.0,
        2.0,
        2.0,
        2.0,
        2.0,
        2.0,
        2.0,
        2.0
    ],
    "epoch_time": [
        8.403974056243896,
        4.7654969692230225,
        2.587718963623047,
        4.5788350105285645,
        3.2346513271331787,
        4.833336114883423,
        4.836795330047607,
        4.436682462692261,
        4.386579275131226,
        4.2939133644104
    ],
    "throughput_samples_per_sec": [
        1142.3167106123433,
        2014.4803494786831,
        3709.830988199394,
        2096.6031704409043,
        2967.862384261469,
        1986.2057535039742,
        1984.7852441392242,
        2163.7789228157976,
        2188.493447371429,
        2235.722797662496
    ],
    "lr": [
        0.0003,
        0.0003,
        0.0003,
        0.0003,
        0.0003,
        0.0003,
        0.0003,
        0.0003,
        0.0003,
        0.0003
    ]
}