{
    "train_loss": [
        2.738950353140308,
        2.1163325403406987,
        1.6446863462610515,
        1.301727675518282,
        1.0277736513480964
    ],
    "train_accuracy": [
        0.23971325159072876,
        0.5320632457733154,
        0.6616910696029663,
        0.7314150929450989,
        0.7845428586006165
    ],
    "train_macro_precision": [
        0.23258826926063678,
        0.5303505233575176,
        0.6315059360249048,
        0.7530488568701277,
        0.8011528127714129
    ],
    "train_macro_recall": [
        0.23067011888083738,
        0.5145430131214259,
        0.643688350127557,
        0.7133721839618314,
        0.7673786580335508
    ],
    "train_macro_f1": [
        0.21319831868566902,
        0.4892095902388115,
        0.6250887217859811,
        0.6988912481989393,
        0.7554736605862622
    ],
    "train_micro_f1": [
        0.23971324756897852,
        0.5320632426588341,
        0.6616910537164791,
        0.7314151036035459,
        0.7845428655597473
    ],
    "train_weighted_f1": [
        0.22145394034861107,
        0.5037994339215812,
        0.6409714866901154,
        0.714903754560704,
        0.7711571235348651
    ],
    "train_confidence": [
        0.08423859335216524,
        0.1593334469031482,
        0.26230856064177677,
        0.37219007795128384,
        0.4749782597703736
    ],
    "val_loss": [
        2.361923904781527,
        1.8415883518129614,
        1.517065235305739,
        1.3181055208732342,
        1.1982222198912995
    ],
    "val_accuracy": [
        0.4580017626285553,
        0.598585307598114,
        0.6498673558235168,
        0.6710875034332275,
        0.679929256439209
    ],
    "val_macro_precision": [
        0.43067611730642374,
        0.5677894587002884,
        0.60952207654708,
        0.6293503860174892,
        0.6456539459352961
    ],
    "val_macro_recall": [
        0.4379692462446615,
        0.5774268133074152,
        0.6267496073401172,
        0.6487143180257747,
        0.6588746924424443
    ],
    "val_macro_f1": [
        0.39080898373645157,
        0.5517988774512222,
        0.6065220116448427,
        0.6321652092364315,
        0.6449018723917501
    ],
    "val_micro_f1": [
        0.4580017683460956,
        0.5985853227227532,
        0.6498673740048044,
        0.6710875331559981,
        0.6799292661356621
    ],
    "val_weighted_f1": [
        0.4076686369466585,
        0.5706769750013532,
        0.6288566541590773,
        0.6550157569747224,
        0.6691063687770187
    ],
    "val_confidence": [
        0.11850194104681175,
        0.21926140342530268,
        0.33588201171207177,
        0.44018761190453215,
        0.5253315557957117
    ],
    "test_loss": [
        2.3846403780100007,
        1.8884766792529324,
        1.5923031783141928,
        1.4134106587933153,
        1.2970923993160797
    ],
    "test_accuracy": [
        0.43945831060409546,
        0.5849707722663879,
        0.6190918684005737,
        0.6375464797019958,
        0.6477695107460022
    ],
    "test_macro_precision": [
        0.45920691959904464,
        0.5602099346638831,
        0.5936480204399813,
        0.6112294287697411,
        0.6202165506385355
    ],
    "test_macro_recall": [
        0.4222619314319485,
        0.5654735352990672,
        0.5996881568298649,
        0.6190833980900863,
        0.6297449042788933
    ],
    "test_macro_f1": [
        0.38199901037177864,
        0.5423666112307904,
        0.5820276634417305,
        0.6072442674209829,
        0.6186281482092776
    ],
    "test_micro_f1": [
        0.43945831120502304,
        0.5849707912899937,
        0.6190918746675828,
        0.6375464684009868,
        0.6477695167281244
    ],
    "test_weighted_f1": [
        0.39652071743752293,
        0.5594288100764525,
        0.5991929400974912,
        0.6240871098479573,
        0.6352451831609472
    ],
    "test_confidence": [
        0.11749071957453476,
        0.21470382197132404,
        0.3258919325269921,
        0.4231140674331754,
        0.507470377315819
    ],
    "grad_norm": [
        0.877283091060272,
        0.8070994751787323,
        0.7675003281905771,
        0.733508065231884,
        0.7120839863526747
    ],
    "nonfinite_grad_tensors": [
        0.0,
        0.0,
        0.0,
        0.0,
        0.0
    ],
    "nonfinite_train_loss_batches": [
        0,
        0,
        0,
        0,
        0
    ],
    "nonfinite_val_loss_batches": [
        0,
        0,
        0,
        0,
        0
    ],
    "nonfinite_test_loss_batches": [
        0,
        0,
        0,
        0,
        0
    ],
    "fractional_applied_params": [
        5.0,
        5.0,
        5.0,
        5.0,
        5.0
    ],
    "epoch_time": [
        52.441927433013916,
        43.04758071899414,
        50.948543310165405,
        51.095298767089844,
        51.07528114318848
    ],
    "throughput_samples_per_sec": [
        194.17669217072802,
        236.55220177116468,
        199.86832475283464,
        199.29426475061157,
        199.3723729381376
    ],
    "lr": [
        2e-05,
        2e-05,
        2e-05,
        2e-05,
        2e-05
    ]
}