{
    "train_loss": [
        2.178800569534302,
        2.0605447740554808,
        2.026731629371643,
        2.0042034912109377,
        1.9880329790115356,
        1.9786226816177368,
        1.9617601804733276,
        1.9457094373703003,
        1.935614459991455,
        1.9137183990478515
    ],
    "train_accuracy": [
        0.2763749957084656,
        0.2863749861717224,
        0.28737500309944153,
        0.29374998807907104,
        0.29462501406669617,
        0.29124999046325684,
        0.2985000014305115,
        0.3036249876022339,
        0.3083750009536743,
        0.3190000057220459
    ],
    "train_macro_precision": [
        0.07816991748776467,
        0.14050060735078523,
        0.13876526477455378,
        0.15093774259000384,
        0.15750749727889238,
        0.15943614190880306,
        0.1705861391129753,
        0.18294010690236465,
        0.19004245721199542,
        0.21013878030445504
    ],
    "train_macro_recall": [
        0.10207951144395733,
        0.13416514188588022,
        0.14434273542695714,
        0.15245713106528447,
        0.15734672531376653,
        0.15364358728623753,
        0.16669563106190277,
        0.17456487926788705,
        0.18263752589248947,
        0.19642049762248864
    ],
    "train_macro_f1": [
        0.054477455762232306,
        0.10838809446218411,
        0.12219850237822778,
        0.13377481962907162,
        0.13652566832793847,
        0.1332426383977191,
        0.15556607771414982,
        0.16054962076734897,
        0.17198077528780456,
        0.18667976755977128
    ],
    "train_micro_f1": [
        0.2763749999995,
        0.2863749999995,
        0.2873749999995,
        0.29374999999949997,
        0.2946249999995,
        0.29124999999949996,
        0.2984999999995,
        0.3036249999995,
        0.30837499999949997,
        0.31899999999949996
    ],
    "train_weighted_f1": [
        0.1339752893407769,
        0.19645596321813139,
        0.20890896543483597,
        0.22260629230723603,
        0.2240245204104503,
        0.2227923301569333,
        0.24175257431965033,
        0.24797833710898246,
        0.25697264540138554,
        0.27305132999481946
    ],
    "train_confidence": [
        0.28528121376037596,
        0.30326222372055056,
        0.3095511350631714,
        0.3125365891456604,
        0.30948464822769167,
        0.3156670365333557,
        0.31401063632965087,
        0.3178097128868103,
        0.32290095710754396,
        0.3272049288749695
    ],
    "val_loss": [
        2.108731073379517,
        2.0230371112823486,
        2.0141081447601317,
        2.0042587604522706,
        2.0319173316955568,
        1.9926283493041992,
        2.001658676147461,
        2.0141021060943602,
        2.0015907611846924,
        2.0160685234069824
    ],
    "val_accuracy": [
        0.2815000116825104,
        0.2919999957084656,
        0.2919999957084656,
        0.2980000078678131,
        0.2919999957084656,
        0.2919999957084656,
        0.2904999852180481,
        0.2985000014305115,
        0.2874999940395355,
        0.2944999933242798
    ],
    "val_macro_precision": [
        0.055911628311962225,
        0.10621125283788693,
        0.11961400794686076,
        0.12790204526558507,
        0.0827085318490185,
        0.1574898893677886,
        0.14183390192376938,
        0.17750339483956803,
        0.14164297983838373,
        0.16916411747875384
    ],
    "val_macro_recall": [
        0.10417967148253512,
        0.14420325577925877,
        0.13566525289137293,
        0.16137226126916468,
        0.1379843908356702,
        0.17359364177851105,
        0.16692876308138643,
        0.1659988081061672,
        0.166361914720783,
        0.16298676578309795
    ],
    "val_macro_f1": [
        0.0552761208919517,
        0.10287385958170733,
        0.10420096734240261,
        0.1179475807941226,
        0.09887804467656464,
        0.14555584941795519,
        0.13656316191740997,
        0.1479725306076347,
        0.1347682414476397,
        0.12558236093091732
    ],
    "val_micro_f1": [
        0.2814999999994999,
        0.2919999999994999,
        0.2919999999994999,
        0.2979999999994999,
        0.2919999999994999,
        0.2919999999994999,
        0.2904999999994999,
        0.2984999999994999,
        0.2874999999994999,
        0.2944999999994999
    ],
    "val_weighted_f1": [
        0.13736008252731746,
        0.1874017966137135,
        0.18809229560575438,
        0.2059200753859701,
        0.1890387678538304,
        0.23192658891569415,
        0.2302038823027177,
        0.23171845621096007,
        0.23275943958584555,
        0.22080230920571212
    ],
    "val_confidence": [
        0.29191184997558595,
        0.3105877647399902,
        0.33023231887817384,
        0.33237069892883303,
        0.3927367458343506,
        0.29691372871398924,
        0.3122130546569824,
        0.3503265037536621,
        0.30275906562805177,
        0.30639023113250735
    ],
    "grad_norm": [
        1.3743298050672197,
        1.2956564687426204,
        1.3452393839665358,
        1.169124891000214,
        1.096598403918861,
        1.1626325629367378,
        1.13272053708396,
        1.1292777384503847,
        1.2103876191499414,
        1.170715321730782
    ],
    "fractional_applied_params": [
        42.0,
        42.0,
        42.0,
        42.0,
        42.0,
        42.0,
        42.0,
        42.0,
        42.0,
        42.0
    ],
    "epoch_time": [
        6.780387878417969,
        2.736034631729126,
        3.181972026824951,
        2.8905019760131836,
        3.436800956726074,
        3.459308385848999,
        3.436171054840088,
        3.4429595470428467,
        3.440136671066284,
        3.3060739040374756
    ],
    "throughput_samples_per_sec": [
        1179.8735033233227,
        2923.9395975569723,
        2514.1641512111573,
        2767.6853592863663,
        2327.746093163588,
        2312.6009906273807,
        2328.1728040667354,
        2323.5823397551067,
        2325.4890037611117,
        2419.788617014932
    ],
    "lr": [
        0.0003,
        0.0003,
        0.0003,
        0.0003,
        0.0003,
        0.0003,
        0.0003,
        0.0003,
        0.0003,
        0.0003
    ]
}