{
    "prefix": "epoch_5",
    "retain_em_acc": 0.8333333333333334,
    "forget_em_acc": 0.5,
    "retain_answer_nll": 0.055657850578427315,
    "forget_answer_nll": 0.11723275110125542,
    "general_ppl": 1.1376598495471755,
    "forget_minus_retain_nll": 0.0615749005228281,
    "retain_eval_n": 30,
    "forget_eval_n": 30
}