{
    "train_loss": [
        2.122338812351227,
        2.0922258400917055,
        2.024046685695648,
        1.97602055311203,
        1.9640110230445862,
        1.953344395160675,
        1.9491193437576293,
        1.9451718354225158,
        1.9443550515174866,
        1.9334704613685607
    ],
    "train_accuracy": [
        0.33135417103767395,
        0.3395833373069763,
        0.3346875011920929,
        0.3329166769981384,
        0.33406248688697815,
        0.33656251430511475,
        0.33500000834465027,
        0.33500000834465027,
        0.33677083253860474,
        0.3369791805744171
    ],
    "train_macro_precision": [
        0.12029280511482346,
        0.04308485923172395,
        0.10929779111368547,
        0.12674574723473242,
        0.12635818286868677,
        0.14630541862129148,
        0.13565060928847902,
        0.12508279465720637,
        0.14294234629010721,
        0.1294506417701079
    ],
    "train_macro_recall": [
        0.09999586340678382,
        0.09999275367697869,
        0.1072940025271975,
        0.11704292481643097,
        0.11769553432493925,
        0.12471392907667336,
        0.12014904438381915,
        0.11837840129546132,
        0.12320318020002904,
        0.12176447024714951
    ],
    "train_macro_f1": [
        0.0563119906486639,
        0.05095152584132175,
        0.07200474327313132,
        0.09155285804594529,
        0.09163704969438002,
        0.10473891944439195,
        0.09689597332388189,
        0.09276058005518978,
        0.10203345554504044,
        0.09564870969137193
    ],
    "train_micro_f1": [
        0.3313541666661666,
        0.3395833333328333,
        0.3346874999994999,
        0.3329166666661666,
        0.33406249999949994,
        0.33656249999949994,
        0.3349999999994999,
        0.3349999999994999,
        0.3367708333328333,
        0.3369791666661666
    ],
    "train_weighted_f1": [
        0.17564577809462428,
        0.1726135863992142,
        0.1940460211727691,
        0.2119269807579257,
        0.21365793791304644,
        0.22613839086085813,
        0.21724949158665952,
        0.216351614798646,
        0.2226819430323825,
        0.2181549196585037
    ],
    "train_confidence": [
        0.3409984195232391,
        0.3381786878903707,
        0.3406659380594889,
        0.34824554006258646,
        0.34400514761606854,
        0.34234206835428876,
        0.34564121762911476,
        0.34492956042289735,
        0.34483528017997744,
        0.3461832594871521
    ],
    "val_loss": [
        2.054164628982544,
        2.051229228973389,
        1.972600212097168,
        1.9423213720321655,
        1.932517533302307,
        1.9289604711532593,
        1.9382555150985719,
        1.9334155416488648,
        1.9305380201339721,
        1.9309694528579713
    ],
    "val_accuracy": [
        0.35333332419395447,
        0.35333332419395447,
        0.35499998927116394,
        0.35333332419395447,
        0.3499999940395355,
        0.3541666567325592,
        0.351666659116745,
        0.3512499928474426,
        0.35333332419395447,
        0.351666659116745
    ],
    "val_macro_precision": [
        0.03533333333333332,
        0.03533333333333332,
        0.07559866793792694,
        0.1216672328638146,
        0.0567322203357852,
        0.08602814815736118,
        0.057651139650441094,
        0.07201955982421888,
        0.08856291176689399,
        0.103158291914943
    ],
    "val_macro_recall": [
        0.09999999999999988,
        0.09999999999999988,
        0.10473455816162966,
        0.10795957973578259,
        0.10467665193946292,
        0.1057855144363298,
        0.11426846579484928,
        0.12481458355173103,
        0.10933896591058616,
        0.11680733613700686
    ],
    "val_macro_f1": [
        0.052216748768434296,
        0.052216748768434296,
        0.06162312632892962,
        0.06850972439002974,
        0.06375019717110379,
        0.06380480520415423,
        0.07201217002387275,
        0.0799077982493406,
        0.06927540215627762,
        0.08356880582515955
    ],
    "val_micro_f1": [
        0.35333333333283323,
        0.35333333333283323,
        0.3549999999994999,
        0.35333333333283323,
        0.3499999999994999,
        0.35416666666616653,
        0.3516666666661665,
        0.35124999999949985,
        0.35333333333283323,
        0.3516666666661665
    ],
    "val_weighted_f1": [
        0.18449917898180118,
        0.18449917898180118,
        0.19102189839918898,
        0.2002330108730353,
        0.19673489595178892,
        0.19478947744207942,
        0.20513806544839602,
        0.21752100392682777,
        0.20166692665401492,
        0.21754634847290621
    ],
    "val_confidence": [
        0.3350899235407511,
        0.31769288301467896,
        0.42986337184906004,
        0.33711185137430827,
        0.3350114989280701,
        0.3356629705429077,
        0.3621491495768229,
        0.35178625106811523,
        0.38174418767293294,
        0.3387995910644531
    ],
    "grad_norm": [
        1.2630212661145608,
        0.9912120672525537,
        1.0612621706564551,
        1.0069011331095914,
        0.9918384212358867,
        0.9899175802672657,
        1.0356839784502545,
        0.9434118592061761,
        0.9596377682698511,
        0.923672846601438
    ],
    "fractional_applied_params": [
        0.0,
        0.0,
        0.0,
        2.0,
        2.0,
        2.0,
        2.0,
        2.0,
        2.0,
        2.0
    ],
    "epoch_time": [
        8.218454599380493,
        4.045999765396118,
        3.7547407150268555,
        3.907780885696411,
        4.4327356815338135,
        4.623336315155029,
        4.626131772994995,
        4.598359107971191,
        4.596819877624512,
        4.5514280796051025
    ],
    "throughput_samples_per_sec": [
        1168.1028207813727,
        2372.713928978719,
        2556.767758045135,
        2456.637227317102,
        2165.7054897255257,
        2076.422597363673,
        2075.1678661727533,
        2087.70123746067,
        2088.4002975032754,
        2109.2280998611163
    ],
    "lr": [
        0.0003,
        0.0003,
        0.0003,
        0.0003,
        0.0003,
        0.0003,
        0.0003,
        0.0003,
        0.0003,
        0.0003
    ]
}