{
    "train_loss": [
        2.103847179412842,
        2.0474910664558412,
        1.9801603317260743,
        1.9711429023742675,
        1.9604818367958068,
        1.9536263251304626,
        1.9464158606529236,
        1.9458970999717713,
        1.940361931324005,
        1.9317017221450805
    ],
    "train_accuracy": [
        0.3356249928474426,
        0.33927083015441895,
        0.33812499046325684,
        0.3398958444595337,
        0.33916667103767395,
        0.3357291519641876,
        0.3448958396911621,
        0.34468749165534973,
        0.3420833349227905,
        0.3451041579246521
    ],
    "train_macro_precision": [
        0.07990888348837276,
        0.08930661047130092,
        0.12172797166707608,
        0.142946048546759,
        0.1348134444029275,
        0.1275110528456666,
        0.15630900389713584,
        0.1498076683104202,
        0.14039699940572078,
        0.1566875920310456
    ],
    "train_macro_recall": [
        0.10002673200211169,
        0.10351247711642189,
        0.11365970938323493,
        0.12138090076629007,
        0.12007823871570392,
        0.11807525179335579,
        0.12683756968302232,
        0.12697225524766292,
        0.12572561937603244,
        0.12848509773638583
    ],
    "train_macro_f1": [
        0.05519156883634267,
        0.06206052313238005,
        0.08485427240901953,
        0.09830227990495422,
        0.09677181739929087,
        0.09359562515482979,
        0.10548533450575825,
        0.10689170629173324,
        0.10521115478134006,
        0.10810356997148925
    ],
    "train_micro_f1": [
        0.33562499999949996,
        0.33927083333283325,
        0.33812499999949996,
        0.3398958333328333,
        0.3391666666661666,
        0.3357291666661666,
        0.3448958333328333,
        0.34468749999949994,
        0.3420833333328333,
        0.3451041666661666
    ],
    "train_weighted_f1": [
        0.17676003299820636,
        0.18640467333843652,
        0.2087836961016749,
        0.22069212077931805,
        0.2210786681231968,
        0.22122900785273483,
        0.22809748950418973,
        0.23199803039111178,
        0.23063147214283353,
        0.23113527699129235
    ],
    "train_confidence": [
        0.33916113714377083,
        0.3438244887193044,
        0.3489323528607686,
        0.3477310633659363,
        0.34784432768821716,
        0.34860757072766624,
        0.34860556761423744,
        0.35069400906562803,
        0.35068750341733296,
        0.3499620982011159
    ],
    "val_loss": [
        2.0687546634674074,
        1.9737834215164185,
        1.9567810201644897,
        1.9495335960388183,
        1.9485473489761354,
        1.9398088598251342,
        1.9446140432357788,
        1.951459722518921,
        1.9428280687332153,
        1.9613944339752196
    ],
    "val_accuracy": [
        0.34416666626930237,
        0.3420833349227905,
        0.3362500071525574,
        0.3395833373069763,
        0.33916667103767395,
        0.33791667222976685,
        0.3400000035762787,
        0.33916667103767395,
        0.34166666865348816,
        0.335833340883255
    ],
    "val_macro_precision": [
        0.03441666666666665,
        0.050618369393638174,
        0.07219333047353649,
        0.05181333460948696,
        0.047150548580823584,
        0.07127585500716617,
        0.07302235696643486,
        0.05652477515222596,
        0.13274469899809144,
        0.07403225023349726
    ],
    "val_macro_recall": [
        0.09999999999999988,
        0.11681558276210915,
        0.12363332537598444,
        0.11957337243801769,
        0.10886874260938098,
        0.11767848829048191,
        0.11143860082473264,
        0.10736769218584674,
        0.11137561463180216,
        0.11637200301854955
    ],
    "val_macro_f1": [
        0.051208927464314005,
        0.07061122214269186,
        0.08098185420580083,
        0.0722584029454015,
        0.06519130543323497,
        0.07034720574685319,
        0.07265981164961306,
        0.06778562203739359,
        0.07174146264646665,
        0.07715804213820873
    ],
    "val_micro_f1": [
        0.3441666666661665,
        0.3420833333328332,
        0.3362499999994999,
        0.3395833333328332,
        0.33916666666616657,
        0.33791666666616654,
        0.33999999999949987,
        0.33916666666616657,
        0.3416666666661666,
        0.3358333333328332
    ],
    "val_weighted_f1": [
        0.17624405868968068,
        0.2049552125417054,
        0.21472830309760926,
        0.2080394694298552,
        0.19543681862374915,
        0.19612254094994255,
        0.19837562610489026,
        0.19801821498344988,
        0.19389995429661802,
        0.2072793263232285
    ],
    "val_confidence": [
        0.34921445687611896,
        0.34695644696553546,
        0.29160539706548055,
        0.3333671561876933,
        0.3686660146713257,
        0.35463900725046793,
        0.3693042230606079,
        0.4038440672556559,
        0.375055251121521,
        0.39034915924072267
    ],
    "grad_norm": [
        1.0958102952580915,
        0.9417532604771046,
        0.9595805732699294,
        1.0015931154439357,
        0.9058074004479113,
        0.8901887007314118,
        0.8707991078058589,
        0.946310047613199,
        0.9333777286740208,
        0.9023919754652434
    ],
    "fractional_applied_params": [
        0.0,
        0.0,
        0.0,
        2.0,
        2.0,
        2.0,
        2.0,
        2.0,
        2.0,
        2.0
    ],
    "epoch_time": [
        6.1362786293029785,
        2.8651480674743652,
        2.895253896713257,
        2.8671653270721436,
        2.8836920261383057,
        2.8930063247680664,
        2.8753976821899414,
        2.898873805999756,
        2.883936643600464,
        2.8101329803466797
    ],
    "throughput_samples_per_sec": [
        1564.4661169974393,
        3350.612175678035,
        3315.7713770450628,
        3348.2547760171224,
        3329.0656259350394,
        3318.34739447714,
        3338.668615983759,
        3311.6308754561937,
        3328.783252330688,
        3416.2084382268877
    ],
    "lr": [
        0.0003,
        0.0003,
        0.0003,
        0.0003,
        0.0003,
        0.0003,
        0.0003,
        0.0003,
        0.0003,
        0.0003
    ]
}