{
    "train_loss": [
        2.1788314189910887,
        2.062261018753052,
        2.023133111000061,
        2.01362717628479,
        1.9990905055999755,
        1.9880114965438842,
        1.9794192323684692,
        1.9689586477279664,
        1.9541425399780274,
        1.9409466409683227
    ],
    "train_accuracy": [
        0.273250013589859,
        0.28174999356269836,
        0.2865000069141388,
        0.28737500309944153,
        0.28812500834465027,
        0.2904999852180481,
        0.29649999737739563,
        0.29725000262260437,
        0.3072499930858612,
        0.31325000524520874
    ],
    "train_macro_precision": [
        0.09110542969329821,
        0.13730466555504783,
        0.1386049746447951,
        0.14930161227036948,
        0.15253293864539705,
        0.16420728119051137,
        0.15844209750838284,
        0.16361798605444425,
        0.19046843122235982,
        0.1916690992777422
    ],
    "train_macro_recall": [
        0.10290789098926423,
        0.13061223049702397,
        0.14449335852436934,
        0.1501997095355578,
        0.14885656396861469,
        0.15709989324705173,
        0.15957684722225837,
        0.1609525318962569,
        0.17775059401186144,
        0.18322557570906423
    ],
    "train_macro_f1": [
        0.05818729538903128,
        0.1062535677885909,
        0.12497034489625203,
        0.13312754907831886,
        0.1297679193398528,
        0.14111054131405112,
        0.14153156259037275,
        0.1440741080489695,
        0.16386279279193422,
        0.1698898726919457
    ],
    "train_micro_f1": [
        0.2732499999995,
        0.28174999999949996,
        0.2864999999995,
        0.2873749999995,
        0.2881249999995,
        0.2904999999995,
        0.2964999999995,
        0.29724999999949997,
        0.3072499999995,
        0.3132499999995
    ],
    "train_weighted_f1": [
        0.13687325947328202,
        0.19101522892540745,
        0.2111783275226786,
        0.21826520612767916,
        0.216151547323953,
        0.22734675405649957,
        0.22957040319439206,
        0.23185874053357847,
        0.2507721691640807,
        0.2575617900499968
    ],
    "train_confidence": [
        0.2823231768608093,
        0.30719723272323607,
        0.3121801896095276,
        0.31365131568908694,
        0.3095681552886963,
        0.3106386690139771,
        0.31487406396865847,
        0.31303058433532716,
        0.31658622646331785,
        0.3195042114257812
    ],
    "val_loss": [
        2.1096202182769774,
        2.0219470710754393,
        2.0156995220184326,
        1.999461700439453,
        1.9915762577056886,
        1.9908396282196046,
        1.9969260120391845,
        1.9975617752075194,
        2.0148100051879885,
        2.0020240516662597
    ],
    "val_accuracy": [
        0.28700000047683716,
        0.28700000047683716,
        0.29750001430511475,
        0.289000004529953,
        0.28700000047683716,
        0.28999999165534973,
        0.3009999990463257,
        0.2915000021457672,
        0.28600001335144043,
        0.29600000381469727
    ],
    "val_macro_precision": [
        0.1662636330077161,
        0.1281709893584412,
        0.1478645481898734,
        0.20197027697948883,
        0.1812625245103822,
        0.2393034236468325,
        0.23203844629361173,
        0.1587173692906432,
        0.14960073978729432,
        0.16790633476133474
    ],
    "val_macro_recall": [
        0.10347477617698184,
        0.15572230683260027,
        0.16285031267751787,
        0.15799171290639277,
        0.1514339573824862,
        0.15160831665611021,
        0.18142576972178817,
        0.17377488062046811,
        0.16322050994325263,
        0.1686918870185851
    ],
    "val_macro_f1": [
        0.05341412395930676,
        0.11935906649105461,
        0.12263099422853799,
        0.13033619391968615,
        0.12233782818782506,
        0.11294931130095229,
        0.15026253307248302,
        0.15232349712895674,
        0.12536189820525795,
        0.15274728288067657
    ],
    "val_micro_f1": [
        0.2869999999994999,
        0.2869999999994999,
        0.2974999999994999,
        0.2889999999994999,
        0.2869999999994999,
        0.2899999999994999,
        0.3009999999994999,
        0.2914999999994999,
        0.2859999999994999,
        0.2959999999994999
    ],
    "val_weighted_f1": [
        0.13636783938207878,
        0.20448618195804655,
        0.21427625942322953,
        0.21821019507407363,
        0.21073938659505473,
        0.2062618394302003,
        0.2396137601929568,
        0.24806443440282328,
        0.2224288169783859,
        0.2432895217214936
    ],
    "val_confidence": [
        0.3028981618881226,
        0.2838759937286377,
        0.3232803955078125,
        0.2666737442016602,
        0.2872556600570679,
        0.2912441749572754,
        0.26852759552001954,
        0.2911974439620972,
        0.3169137134552002,
        0.30488479804992674
    ],
    "grad_norm": [
        1.6945898515752058,
        1.4373335512631127,
        1.378241385741321,
        1.4066041699778413,
        1.322285935724189,
        1.3070913979783736,
        1.318962535827529,
        1.2223078525687892,
        1.297744557427414,
        1.2332984331735803
    ],
    "fractional_applied_params": [
        2.0,
        2.0,
        2.0,
        2.0,
        2.0,
        2.0,
        2.0,
        2.0,
        2.0,
        2.0
    ],
    "epoch_time": [
        6.0585877895355225,
        2.5168709754943848,
        2.5083417892456055,
        2.2437143325805664,
        0.8275549411773682,
        0.7570292949676514,
        0.7377116680145264,
        2.3200454711914062,
        0.8758773803710938,
        0.7460179328918457
    ],
    "throughput_samples_per_sec": [
        1320.439725874355,
        3178.549904978174,
        3189.358019030586,
        3565.516288697478,
        9667.031881434174,
        10567.62275011015,
        10844.345218954122,
        3448.2082783885194,
        9133.698596726566,
        10723.602808030359
    ],
    "lr": [
        0.0003,
        0.0003,
        0.0003,
        0.0003,
        0.0003,
        0.0003,
        0.0003,
        0.0003,
        0.0003,
        0.0003
    ]
}