{
    "train_loss": [
        2.18495316696167,
        2.1137644481658935,
        2.0554945611953737,
        2.0317161798477175,
        2.019386898994446,
        2.010955594062805,
        2.003180083274841,
        1.9913104448318482,
        1.9837952575683593,
        1.9771768627166748
    ],
    "train_accuracy": [
        0.2798750102519989,
        0.2788749933242798,
        0.2798750102519989,
        0.28725001215934753,
        0.28949999809265137,
        0.29212498664855957,
        0.29100000858306885,
        0.29237499833106995,
        0.29600000381469727,
        0.30125001072883606
    ],
    "train_macro_precision": [
        0.1629949221889591,
        0.13386098290399906,
        0.12892873112154798,
        0.14176872903229992,
        0.1387959099449116,
        0.16077168223077776,
        0.1343400469330936,
        0.16199075171392757,
        0.16243287523723843,
        0.18150026485555962
    ],
    "train_macro_recall": [
        0.10118223471454646,
        0.12070065493140913,
        0.13127629564288745,
        0.1418555709098362,
        0.143971049437872,
        0.15276178810252988,
        0.14757337334038617,
        0.15374208906786774,
        0.15501160783079876,
        0.16327835233827406
    ],
    "train_macro_f1": [
        0.04890268042766622,
        0.09343020479509714,
        0.1078466685463555,
        0.12178618457665238,
        0.12159693605816806,
        0.13281845046313573,
        0.12436137420034699,
        0.1345313296198242,
        0.13536723951422194,
        0.14642584765659278
    ],
    "train_micro_f1": [
        0.2798749999995,
        0.2788749999995,
        0.2798749999995,
        0.28724999999949996,
        0.2894999999995,
        0.2921249999995,
        0.2909999999995,
        0.29237499999949995,
        0.2959999999995,
        0.3012499999995
    ],
    "train_weighted_f1": [
        0.12803285644520113,
        0.1756080494937265,
        0.19254374509711003,
        0.20700771615703026,
        0.2086279535372539,
        0.21638917022571189,
        0.2135075883253339,
        0.22076722306170257,
        0.22262799709046358,
        0.2318005411576804
    ],
    "train_confidence": [
        0.2795060877799988,
        0.2910425601005554,
        0.30021820068359373,
        0.30459708404541014,
        0.3038383660316467,
        0.30688355255126953,
        0.310171875,
        0.3060165400505066,
        0.3100450124740601,
        0.31183350372314456
    ],
    "val_loss": [
        2.124162124633789,
        2.040180414199829,
        2.0000454397201537,
        1.989120958328247,
        1.9969809293746947,
        1.9879648056030272,
        1.9850058097839356,
        1.9845360593795776,
        1.9946400299072267,
        1.9870736541748046
    ],
    "val_accuracy": [
        0.28200000524520874,
        0.2809999883174896,
        0.29350000619888306,
        0.29899999499320984,
        0.2930000126361847,
        0.2980000078678131,
        0.2939999997615814,
        0.29100000858306885,
        0.2919999957084656,
        0.2865000069141388
    ],
    "val_macro_precision": [
        0.028199999999999985,
        0.052886036542873424,
        0.09087884504503885,
        0.14372108268511968,
        0.11864010208436052,
        0.1399089038434474,
        0.11338743122240125,
        0.152900194062165,
        0.10351191837926148,
        0.10304080715153804
    ],
    "val_macro_recall": [
        0.09999999999999983,
        0.11408842656150493,
        0.12463280780748012,
        0.15146084634444232,
        0.13150988388809676,
        0.14705033705546783,
        0.15066024652449603,
        0.1492404450940228,
        0.13680959373578008,
        0.14205006173120308
    ],
    "val_macro_f1": [
        0.04399375975035567,
        0.06943644377387373,
        0.07901164552082972,
        0.10180358750653955,
        0.0906813969163984,
        0.0954581517503273,
        0.119225942343035,
        0.09719303550907213,
        0.09711274599489834,
        0.10803031615202005
    ],
    "val_micro_f1": [
        0.2819999999994999,
        0.28099999999949987,
        0.2934999999994999,
        0.2989999999994999,
        0.2929999999994999,
        0.2979999999994999,
        0.2939999999994999,
        0.2909999999994999,
        0.2919999999994999,
        0.2864999999994999
    ],
    "val_weighted_f1": [
        0.12406240249600298,
        0.1575925896243264,
        0.17020449953001313,
        0.19629605827175836,
        0.1738408514030765,
        0.19416022228250437,
        0.20881721942026285,
        0.19615405527854113,
        0.1853322450350211,
        0.1957611253786846
    ],
    "val_confidence": [
        0.2675644826889038,
        0.299256649017334,
        0.3138375148773193,
        0.2935474224090576,
        0.3464969062805176,
        0.2958355016708374,
        0.2742840118408203,
        0.31565385818481445,
        0.33461399936676023,
        0.30426104068756105
    ],
    "grad_norm": [
        1.1177336668173443,
        1.0392133584406005,
        1.0271613968632376,
        0.9901328668778966,
        0.971770982700409,
        1.07178173086998,
        0.981991649043249,
        0.9510065410242019,
        1.0056219054417124,
        1.0467583335002306
    ],
    "fractional_applied_params": [
        2.0,
        2.0,
        2.0,
        2.0,
        2.0,
        2.0,
        2.0,
        2.0,
        2.0,
        2.0
    ],
    "epoch_time": [
        6.211848020553589,
        2.7056729793548584,
        2.7072160243988037,
        2.7155957221984863,
        2.044478178024292,
        2.53208589553833,
        2.2183430194854736,
        2.0180070400238037,
        1.4249117374420166,
        2.23966121673584
    ],
    "throughput_samples_per_sec": [
        1287.8615145653634,
        2956.750524192145,
        2955.065250759431,
        2945.9466056027577,
        3912.978913636977,
        3159.450480766243,
        3606.295297764876,
        3964.3072800705563,
        5614.382834940709,
        3571.968805022877
    ],
    "lr": [
        0.0003,
        0.0003,
        0.0003,
        0.0003,
        0.0003,
        0.0003,
        0.0003,
        0.0003,
        0.0003,
        0.0003
    ]
}