{
    "train_loss": [
        2.118232932090759,
        2.084601182937622,
        2.0279778695106505,
        1.9698578023910522,
        1.9583640217781066,
        1.9544128918647765,
        1.948430941104889,
        1.9417912793159484,
        1.9379114866256715,
        1.9370016527175904
    ],
    "train_accuracy": [
        0.3342708349227905,
        0.34375,
        0.34187498688697815,
        0.3372916579246521,
        0.33802083134651184,
        0.3439583480358124,
        0.33791667222976685,
        0.3388541638851166,
        0.3407291769981384,
        0.3385416567325592
    ],
    "train_macro_precision": [
        0.08109034332846696,
        0.03438574554548295,
        0.15201302908575662,
        0.1151450476611882,
        0.13852909317870513,
        0.14039182801929842,
        0.1294038579167453,
        0.13235639151784204,
        0.14011690187244658,
        0.12987388073036404
    ],
    "train_macro_recall": [
        0.09883453238539694,
        0.09996970614965159,
        0.10663144398330751,
        0.11569376412649054,
        0.12088063044822044,
        0.12238952983962337,
        0.11992601453687828,
        0.11829003156871135,
        0.11993197438281149,
        0.11891000271026775
    ],
    "train_macro_f1": [
        0.05435378460891662,
        0.05117072414323992,
        0.06875944283780244,
        0.08888398626289595,
        0.09778732721339967,
        0.09947570644785309,
        0.0958200451998937,
        0.09373253650465296,
        0.09495183228301085,
        0.09422660641352838
    ],
    "train_micro_f1": [
        0.3342708333328333,
        0.34374999999949996,
        0.34187499999949994,
        0.3372916666661666,
        0.3380208333328333,
        0.34395833333283327,
        0.3379166666661666,
        0.33885416666616663,
        0.3407291666661666,
        0.33854166666616664
    ],
    "train_weighted_f1": [
        0.17708155834195555,
        0.17595266708003646,
        0.19247545087836487,
        0.2148989586411805,
        0.21948321134267365,
        0.22498942689593515,
        0.21895793747550713,
        0.21698588930567708,
        0.21690452059466356,
        0.21801883777872103
    ],
    "train_confidence": [
        0.3429662573337555,
        0.34215513467788694,
        0.34638039072354637,
        0.3539850095907847,
        0.3469740879535675,
        0.34987088839213054,
        0.3496159609158834,
        0.3440386188030243,
        0.3474272652467092,
        0.3506095306078593
    ],
    "val_loss": [
        2.0802931785583496,
        2.0821444034576415,
        1.968250503540039,
        1.965480432510376,
        1.9622286319732667,
        1.9449824953079224,
        1.9426256608963013,
        1.9423608255386353,
        1.9542856884002686,
        1.9443175172805787
    ],
    "val_accuracy": [
        0.3375000059604645,
        0.3375000059604645,
        0.3375000059604645,
        0.33125001192092896,
        0.34333333373069763,
        0.3383333384990692,
        0.3375000059604645,
        0.34166666865348816,
        0.3395833373069763,
        0.33666667342185974
    ],
    "val_macro_precision": [
        0.03374999999999999,
        0.03374999999999999,
        0.06958937548143516,
        0.05881495272679545,
        0.15633471469823812,
        0.09954521882639844,
        0.1731296741645744,
        0.10482928808324958,
        0.06020250100411195,
        0.0928231523378553
    ],
    "val_macro_recall": [
        0.09999999999999988,
        0.09999999999999988,
        0.11072958648654022,
        0.12031460243076937,
        0.13297794603913565,
        0.11794257350458874,
        0.10961708629812059,
        0.11475596888587061,
        0.11261303511303491,
        0.11685094065423496
    ],
    "val_macro_f1": [
        0.0504672897195884,
        0.0504672897195884,
        0.0652577080479547,
        0.07804571807168588,
        0.09534606291387739,
        0.07851970984495685,
        0.0707021306396359,
        0.0767887545700369,
        0.06780752861486473,
        0.07123256562835253
    ],
    "val_micro_f1": [
        0.33749999999949987,
        0.33749999999949987,
        0.33749999999949987,
        0.3312499999994999,
        0.3433333333328332,
        0.3383333333328332,
        0.33749999999949987,
        0.3416666666661666,
        0.3395833333328332,
        0.33666666666616657
    ],
    "val_weighted_f1": [
        0.17032710280361088,
        0.17032710280361088,
        0.18589330691545208,
        0.20563288715865785,
        0.21677811109503708,
        0.2009192016099964,
        0.19207276233677056,
        0.19307013079400506,
        0.18988306131893767,
        0.19565296455143039
    ],
    "val_confidence": [
        0.36518707911173504,
        0.3169335746765137,
        0.3478591028849284,
        0.3062610069910685,
        0.28012298901875815,
        0.31920852184295656,
        0.3278646453221639,
        0.34039206663767496,
        0.3934497102101644,
        0.353354647954305
    ],
    "grad_norm": [
        1.2814974447569005,
        0.9391351238240477,
        0.936712754357351,
        1.0233831112873841,
        1.016785788027285,
        0.9934075580621388,
        0.9539763684281632,
        1.0011099084546402,
        0.9765795633605784,
        0.9780806131322655
    ],
    "fractional_applied_params": [
        0.0,
        0.0,
        0.0,
        0.0,
        0.0,
        0.0,
        0.0,
        0.0,
        0.0,
        0.0
    ],
    "epoch_time": [
        6.896656513214111,
        4.29417610168457,
        4.341043710708618,
        4.364173173904419,
        4.29132604598999,
        3.434457540512085,
        3.4910848140716553,
        2.167482614517212,
        3.813384771347046,
        3.7483670711517334
    ],
    "throughput_samples_per_sec": [
        1391.9788496942303,
        2235.5860059474503,
        2211.4497433689576,
        2199.7293914465213,
        2237.070755546686,
        2795.2012469976903,
        2749.8615792159776,
        4429.10126969499,
        2517.4485596450527,
        2561.115231718829
    ],
    "lr": [
        0.0003,
        0.0003,
        0.0003,
        0.0003,
        0.0003,
        0.0003,
        0.0003,
        0.0003,
        0.0003,
        0.0003
    ]
}