{
    "train_loss": [
        2.386827651977539,
        2.0995657615661623,
        2.0451279697418214,
        1.9977237243652344,
        1.970667417526245,
        1.9415703773498536,
        1.8972295837402344,
        1.8594697933197022,
        1.8159400444030762,
        1.7666225547790528
    ],
    "train_accuracy": [
        0.20800000429153442,
        0.2485000044107437,
        0.25850000977516174,
        0.2722499966621399,
        0.2809999883174896,
        0.30250000953674316,
        0.31299999356269836,
        0.3317500054836273,
        0.35225000977516174,
        0.37049999833106995
    ],
    "train_macro_precision": [
        0.116908841472193,
        0.1481388503754462,
        0.1717705758068456,
        0.19381254461787184,
        0.21163099060381557,
        0.23639113582457233,
        0.25159291511128146,
        0.27468263028642714,
        0.29855353730554957,
        0.32221157729801747
    ],
    "train_macro_recall": [
        0.12461479493349081,
        0.16272079518886923,
        0.17973544574555872,
        0.19794905697201298,
        0.20861045724417865,
        0.23555449018404806,
        0.24634955013585844,
        0.2696781196220829,
        0.2922495131663265,
        0.30951611939599977
    ],
    "train_macro_f1": [
        0.10352651034211731,
        0.13717986837377574,
        0.16350835034439107,
        0.18354183727289236,
        0.19814331614136405,
        0.22438048062823804,
        0.23957315516301025,
        0.26194949472527723,
        0.28385068969296734,
        0.3045830723809186
    ],
    "train_micro_f1": [
        0.20799999999949997,
        0.24849999999949995,
        0.25849999999949996,
        0.27224999999949995,
        0.2809999999994999,
        0.30249999999949995,
        0.31299999999949996,
        0.33174999999949994,
        0.3522499999994999,
        0.37049999999949995
    ],
    "train_weighted_f1": [
        0.14598476538217625,
        0.1927810651248816,
        0.21925770978894665,
        0.23829491414565923,
        0.2521738455109798,
        0.276145347395112,
        0.2920874986543306,
        0.3103643341194615,
        0.3304157807008281,
        0.35027336323023534
    ],
    "train_confidence": [
        0.2708926305770874,
        0.27321082186698914,
        0.28181407833099364,
        0.29103964483737943,
        0.3024077799320221,
        0.3072679765224457,
        0.32588260555267334,
        0.3430895507335663,
        0.35454930090904235,
        0.37292090654373167
    ],
    "val_loss": [
        2.4210657463073733,
        2.0678163070678712,
        2.066966829299927,
        2.009678913116455,
        2.076068042755127,
        2.015384693145752,
        1.9784032192230225,
        2.073459300994873,
        1.9170195140838624,
        1.941924114227295
    ],
    "val_accuracy": [
        0.13099999725818634,
        0.23800000548362732,
        0.25,
        0.2680000066757202,
        0.24799999594688416,
        0.25999999046325684,
        0.2800000011920929,
        0.27300000190734863,
        0.31200000643730164,
        0.3089999854564667
    ],
    "val_macro_precision": [
        0.08097598401578422,
        0.15437095717512167,
        0.11204331616822145,
        0.24268308437202793,
        0.26135417332953614,
        0.20678501549615252,
        0.30610826063242275,
        0.23012804315058663,
        0.2419629343154477,
        0.25831548775001256
    ],
    "val_macro_recall": [
        0.12938518927270581,
        0.17394397824999502,
        0.18394292718966643,
        0.20206517079082603,
        0.21895233207635453,
        0.1651829152363409,
        0.22267703935835453,
        0.23378998839444845,
        0.23250186485162194,
        0.2474151687125199
    ],
    "val_macro_f1": [
        0.05265148878065069,
        0.1266116144142469,
        0.13649210507446025,
        0.16976785183419046,
        0.1843244769912053,
        0.1362951931056926,
        0.19132912811465647,
        0.1946913255658636,
        0.19281597583306,
        0.21293037447774318
    ],
    "val_micro_f1": [
        0.13099999999949988,
        0.23799999999949978,
        0.24999999999949973,
        0.26799999999949975,
        0.24799999999949976,
        0.25999999999949974,
        0.2799999999994997,
        0.27299999999949975,
        0.3119999999994997,
        0.3089999999994997
    ],
    "val_weighted_f1": [
        0.07265869262599371,
        0.18880045194930545,
        0.19322296268052094,
        0.228243148581334,
        0.22945731396019461,
        0.20404178752846966,
        0.24634480277897322,
        0.24513311980249108,
        0.25022818846588735,
        0.25577374110104467
    ],
    "val_confidence": [
        0.26912612247467044,
        0.24444182109832763,
        0.28459615993499754,
        0.26233410358428955,
        0.2187206039428711,
        0.352437273979187,
        0.3338705368041992,
        0.35790816593170166,
        0.34905309867858886,
        0.38127712631225585
    ],
    "grad_norm": [
        2.6194783036004057,
        1.9239909193109348,
        1.8161757802216314,
        1.6278554132640966,
        1.7982100469443014,
        1.799081121703256,
        1.7787525546189829,
        1.8535085903119413,
        1.8210246010441102,
        1.8857038112016595
    ],
    "epoch_time": [
        51.42099618911743,
        51.834675788879395,
        51.13792896270752,
        52.316468954086304,
        49.978296518325806,
        50.217153787612915,
        51.24309730529785,
        49.79740595817566,
        49.941396713256836,
        51.59659194946289
    ],
    "throughput_samples_per_sec": [
        77.78923584616486,
        77.1684193857379,
        78.21982784866026,
        76.45775947743068,
        80.03474065054016,
        79.65405639908413,
        78.05929403854465,
        80.32546922945264,
        80.09387528679606,
        77.52450014368902
    ],
    "lr": [
        0.01,
        0.01,
        0.01,
        0.01,
        0.01,
        0.01,
        0.01,
        0.01,
        0.01,
        0.01
    ]
}