{
    "train_loss": [
        2.211171197891235,
        2.136728593826294,
        2.0449531450271605,
        2.019212827682495,
        2.0124114294052124,
        2.0013647832870483,
        1.9984293956756591,
        1.9874032049179078,
        1.9852094449996949,
        1.9718797807693482
    ],
    "train_accuracy": [
        0.27162501215934753,
        0.27912500500679016,
        0.2851249873638153,
        0.2862499952316284,
        0.2861250042915344,
        0.29237499833106995,
        0.2926250100135803,
        0.2966249883174896,
        0.2904999852180481,
        0.2981249988079071
    ],
    "train_macro_precision": [
        0.13488767537832105,
        0.09888278389965702,
        0.14902803721411137,
        0.14669254823401118,
        0.1512126800678984,
        0.16296511133213737,
        0.15359805486714068,
        0.17048767641442555,
        0.167683807101888,
        0.1695355725272954
    ],
    "train_macro_recall": [
        0.10240305763383765,
        0.10439900877137032,
        0.13842386582709537,
        0.1447001208367845,
        0.14711238293661427,
        0.1560820872486131,
        0.15690504529515442,
        0.163534952784603,
        0.15721402219034958,
        0.16617574137509367
    ],
    "train_macro_f1": [
        0.05732367974466181,
        0.05735931754580884,
        0.11708677816706832,
        0.12516176132244303,
        0.12913348163252358,
        0.1399867923607938,
        0.13863212230335623,
        0.14730369778743424,
        0.1399617938680588,
        0.14950827561505392
    ],
    "train_micro_f1": [
        0.27162499999949996,
        0.27912499999949997,
        0.2851249999995,
        0.28624999999949996,
        0.2861249999995,
        0.29237499999949995,
        0.2926249999995,
        0.2966249999995,
        0.2904999999995,
        0.2981249999995
    ],
    "train_weighted_f1": [
        0.13437191475914043,
        0.13752833305969928,
        0.20245844495164877,
        0.21064721187080387,
        0.21335507383264773,
        0.22202659003607625,
        0.22515374917034264,
        0.23128177329922292,
        0.22421473414705026,
        0.2336810174407243
    ],
    "train_confidence": [
        0.28370179390907285,
        0.2842628607749939,
        0.3050353922843933,
        0.30620613718032835,
        0.30732441329956056,
        0.30631868696212766,
        0.30943516778945923,
        0.3089101071357727,
        0.31043883657455446,
        0.3086153130531311
    ],
    "val_loss": [
        2.13075537109375,
        2.0568916244506834,
        1.995811809539795,
        2.002920253753662,
        1.9901600112915039,
        1.9990297317504884,
        1.986182830810547,
        1.9952576942443847,
        1.9875454921722413,
        1.9850093212127686
    ],
    "val_accuracy": [
        0.28600001335144043,
        0.2955000102519989,
        0.3005000054836273,
        0.28999999165534973,
        0.28600001335144043,
        0.29600000381469727,
        0.2944999933242798,
        0.3059999942779541,
        0.3009999990463257,
        0.3034999966621399
    ],
    "val_macro_precision": [
        0.12856428214097051,
        0.1792054648536867,
        0.11551798566411058,
        0.2198314216938352,
        0.12149111554598369,
        0.1758144150677913,
        0.16449926162507805,
        0.1325752550022974,
        0.1809801303424008,
        0.1567156464188723
    ],
    "val_macro_recall": [
        0.1005263157894735,
        0.11689303717275057,
        0.14743108336202365,
        0.15965936558695829,
        0.15493708941284595,
        0.17550021895264348,
        0.15965035206129566,
        0.14655599523435164,
        0.16128948043228178,
        0.15868661688328772
    ],
    "val_macro_f1": [
        0.045482918084182165,
        0.07496838911876588,
        0.11213581636367254,
        0.11097646507790057,
        0.12045582801224619,
        0.14651020417686308,
        0.1361056731401868,
        0.11383202419220532,
        0.13473656385283195,
        0.12899680224466792
    ],
    "val_micro_f1": [
        0.2859999999994999,
        0.2954999999994999,
        0.3004999999994999,
        0.2899999999994999,
        0.2859999999994999,
        0.2959999999994999,
        0.2944999999994999,
        0.3059999999994999,
        0.3009999999994999,
        0.3034999999994999
    ],
    "val_weighted_f1": [
        0.12785896673243632,
        0.15990786191814946,
        0.2103307432915102,
        0.2069049343252051,
        0.21277985076104144,
        0.23545709308575316,
        0.22956799224651805,
        0.20090417276657227,
        0.22378988162012156,
        0.22613064870740318
    ],
    "val_confidence": [
        0.24782783412933349,
        0.3189841365814209,
        0.2985012359619141,
        0.29109023094177244,
        0.2853079891204834,
        0.27091573905944827,
        0.2918061189651489,
        0.33780546283721924,
        0.27172984313964843,
        0.31716518592834475
    ],
    "grad_norm": [
        1.4763751549209978,
        1.0950852100850845,
        1.0388172952097225,
        0.9858178480563706,
        1.1493683787383782,
        1.0831755258804494,
        1.1749788728566353,
        1.0480757026091818,
        1.193422663493131,
        1.0178502703378525
    ],
    "fractional_applied_params": [
        0.0,
        0.0,
        0.0,
        2.0,
        2.0,
        2.0,
        2.0,
        2.0,
        2.0,
        2.0
    ],
    "epoch_time": [
        6.25125789642334,
        2.7104105949401855,
        1.7926206588745117,
        0.9919750690460205,
        0.708115816116333,
        2.0023725032806396,
        1.4053854942321777,
        0.6732614040374756,
        2.4255788326263428,
        2.7132651805877686
    ],
    "throughput_samples_per_sec": [
        1279.742434650985,
        2951.5823229640773,
        4462.740045081686,
        8064.7188116265625,
        11297.586945418147,
        3995.260615541309,
        5692.38833959272,
        11882.457470493435,
        3298.181816394664,
        2948.47700742136
    ],
    "lr": [
        0.0003,
        0.0003,
        0.0003,
        0.0003,
        0.0003,
        0.0003,
        0.0003,
        0.0003,
        0.0003,
        0.0003
    ]
}