{
    "train_loss": [
        2.201863718032837,
        2.118471725463867,
        2.0358634910583495,
        2.016437460899353,
        2.0065512380599975,
        2.003152062416077,
        1.9903824462890625,
        1.984924327850342,
        1.968082262992859,
        1.9639416542053223
    ],
    "train_accuracy": [
        0.27387499809265137,
        0.2847500145435333,
        0.2866249978542328,
        0.2901250123977661,
        0.2879999876022339,
        0.29362499713897705,
        0.29737499356269836,
        0.2932499945163727,
        0.2994999885559082,
        0.3058750033378601
    ],
    "train_macro_precision": [
        0.07997820609854525,
        0.1238651961731867,
        0.14079356153883718,
        0.1529183830921774,
        0.14724838291010886,
        0.15379889018792656,
        0.1630210871664283,
        0.15987317539603935,
        0.1634459638818045,
        0.1768506178818575
    ],
    "train_macro_recall": [
        0.10021648071638008,
        0.11716862522162963,
        0.14033009942827035,
        0.14523882428098278,
        0.1448115201767925,
        0.14584348153796522,
        0.1569881146085342,
        0.15354027501100093,
        0.16130460746861564,
        0.16876545021152153
    ],
    "train_macro_f1": [
        0.052513563329735516,
        0.08000845498581519,
        0.11979919354933384,
        0.12472031157261734,
        0.1251487342203367,
        0.12434305328044404,
        0.13911773398843402,
        0.13765458323296598,
        0.14502984885012618,
        0.15142232641095232
    ],
    "train_micro_f1": [
        0.2738749999995,
        0.28474999999949996,
        0.2866249999995,
        0.2901249999995,
        0.2879999999995,
        0.2936249999995,
        0.29737499999949996,
        0.29324999999949997,
        0.2994999999995,
        0.30587499999949996
    ],
    "train_weighted_f1": [
        0.1316417406632991,
        0.16669998165880226,
        0.20743924587704288,
        0.21506151236957427,
        0.2150767803846882,
        0.21436021309782474,
        0.23040994807019408,
        0.22467752209879058,
        0.23559077716193894,
        0.23890936038987304
    ],
    "train_confidence": [
        0.2839889225959778,
        0.29900772380828855,
        0.30744973754882815,
        0.30759443616867066,
        0.30762581157684327,
        0.30638559103012086,
        0.30949141025543214,
        0.30800811052322385,
        0.3095195670127869,
        0.31255691051483153
    ],
    "val_loss": [
        2.1494794883728026,
        2.05616148853302,
        2.0313668336868287,
        2.0277420167922973,
        2.0367012100219726,
        2.02686386680603,
        2.012602999687195,
        2.006988452911377,
        2.0145399007797242,
        2.0121819534301757
    ],
    "val_accuracy": [
        0.27649998664855957,
        0.2784999907016754,
        0.2720000147819519,
        0.2750000059604645,
        0.27399998903274536,
        0.2784999907016754,
        0.27649998664855957,
        0.27399998903274536,
        0.2680000066757202,
        0.2854999899864197
    ],
    "val_macro_precision": [
        0.027649999999999987,
        0.07958878212718475,
        0.06518934656773413,
        0.0629711319681455,
        0.13641230163726542,
        0.11973326031848457,
        0.10313139917157074,
        0.09369243948949477,
        0.10051133394216663,
        0.11089280861453503
    ],
    "val_macro_recall": [
        0.09999999999999981,
        0.14178991169571634,
        0.11911413254714556,
        0.13411679476754618,
        0.16051093832464602,
        0.14778712071215477,
        0.1378890507500876,
        0.13653965765218506,
        0.1414336423548094,
        0.15262682486255044
    ],
    "val_macro_f1": [
        0.04332158245198326,
        0.09355903363443051,
        0.06664505630339113,
        0.08440395540401638,
        0.13211326578646476,
        0.10950811076614589,
        0.10163639088573365,
        0.09844170587273697,
        0.10608786469644174,
        0.11409389136366029
    ],
    "val_micro_f1": [
        0.27649999999949987,
        0.27849999999949987,
        0.27199999999949986,
        0.27499999999949987,
        0.27399999999949987,
        0.27849999999949987,
        0.27649999999949987,
        0.27399999999949987,
        0.2679999999994999,
        0.2854999999994999
    ],
    "val_weighted_f1": [
        0.11978417547973372,
        0.18023005872518627,
        0.15358079531521998,
        0.17231989650392782,
        0.21511772363684084,
        0.19692930702566344,
        0.19249428066382038,
        0.18817885792496636,
        0.19809531383846837,
        0.20494071776301487
    ],
    "val_confidence": [
        0.26759063339233397,
        0.28594121932983396,
        0.3342156171798706,
        0.32022150421142576,
        0.2327263765335083,
        0.34031510734558107,
        0.2765574655532837,
        0.3043044853210449,
        0.26705263900756837,
        0.32025533390045163
    ],
    "grad_norm": [
        1.2387377254444947,
        1.119788751878832,
        1.1294270379212115,
        1.0986056971086442,
        1.0942798370144058,
        1.2370897610182239,
        1.0861478099772357,
        1.0716490573174446,
        1.0043506763876253,
        1.0175471866571348
    ],
    "fractional_applied_params": [
        0.0,
        0.0,
        0.0,
        2.0,
        2.0,
        2.0,
        2.0,
        2.0,
        2.0,
        2.0
    ],
    "epoch_time": [
        7.14736533164978,
        4.272271394729614,
        4.2750327587127686,
        4.26643705368042,
        4.281012058258057,
        4.268145322799683,
        4.290188312530518,
        4.277549743652344,
        2.8472189903259277,
        2.7268199920654297
    ],
    "throughput_samples_per_sec": [
        1119.2935618632232,
        1872.5402159303385,
        1871.3306895006895,
        1875.1009095748504,
        1868.7169975538914,
        1874.3504250582578,
        1864.720011621423,
        1870.2295658563817,
        2809.7592869329033,
        2933.8203560479255
    ],
    "lr": [
        0.0003,
        0.0003,
        0.0003,
        0.0003,
        0.0003,
        0.0003,
        0.0003,
        0.0003,
        0.0003,
        0.0003
    ]
}