{
    "train_loss": [
        0.23078313450239324,
        0.14097160445981555,
        0.09877126195254149
    ],
    "train_accuracy": [
        0.9240092635154724,
        0.9536759257316589,
        0.9686203598976135
    ],
    "train_macro_precision": [
        0.9243144751566954,
        0.9538500481299934,
        0.9687473484911346
    ],
    "train_macro_recall": [
        0.9240568059484072,
        0.9537068205195253,
        0.9686427525829824
    ],
    "train_macro_f1": [
        0.9240312144636964,
        0.9537171283353073,
        0.9686490995233649
    ],
    "train_micro_f1": [
        0.9240092592587592,
        0.9536759259254258,
        0.9686203703698704
    ],
    "train_weighted_f1": [
        0.9239927788909847,
        0.9536912014566058,
        0.9686310254005089
    ],
    "train_confidence": [
        0.9285814266028227,
        0.9641213948638351,
        0.978105553874263
    ],
    "val_loss": [
        0.18124882260958353,
        0.17658903670310974,
        0.20492547061045965
    ],
    "val_accuracy": [
        0.9381666779518127,
        0.9415000081062317,
        0.9449166655540466
    ],
    "val_macro_precision": [
        0.9386206069898523,
        0.9419369233314507,
        0.9448618620967705
    ],
    "val_macro_recall": [
        0.9378199041506297,
        0.9411506406489143,
        0.9446325028950711
    ],
    "val_macro_f1": [
        0.9378279571665568,
        0.9412042189801113,
        0.9446785846823718
    ],
    "val_micro_f1": [
        0.9381666666661664,
        0.9414999999994997,
        0.9449166666661665
    ],
    "val_weighted_f1": [
        0.9381334934803317,
        0.9414934907649357,
        0.9449545086345503
    ],
    "val_confidence": [
        0.9514304701487223,
        0.9569131229718526,
        0.9789425965944926
    ],
    "test_loss": [
        0.18229752728813572,
        0.17667400212664353,
        0.21119036153743143
    ],
    "test_accuracy": [
        0.9380263090133667,
        0.9424999952316284,
        0.9438157677650452
    ],
    "test_macro_precision": [
        0.9386375014216085,
        0.9429716182142682,
        0.9440273852657319
    ],
    "test_macro_recall": [
        0.9380263157894733,
        0.9424999999999996,
        0.9438157894736837
    ],
    "test_macro_f1": [
        0.9379679743190006,
        0.9425054860895581,
        0.9438641657341779
    ],
    "test_micro_f1": [
        0.9380263157889737,
        0.9424999999995,
        0.943815789473184
    ],
    "test_weighted_f1": [
        0.9379679743190005,
        0.9425054860895582,
        0.9438641657341779
    ],
    "test_confidence": [
        0.9518919267152485,
        0.9589008464311298,
        0.9796737557963321
    ],
    "grad_norm": [
        NaN,
        NaN,
        NaN
    ],
    "fractional_applied_params": [
        0.0,
        4.0,
        4.0
    ],
    "epoch_time": [
        525.3751182556152,
        532.5704827308655,
        513.4223990440369
    ],
    "throughput_samples_per_sec": [
        205.56740554936948,
        202.7900597235649,
        210.35311315028292
    ],
    "lr": [
        2e-05,
        2e-05,
        2e-05
    ]
}