{
    "train_loss": [
        2.112172462940216,
        2.0338449358940123,
        1.971839108467102,
        1.952630534172058,
        1.9519865083694459,
        1.9430638861656189,
        1.9392988109588623,
        1.9330308651924133,
        1.9262953209877014,
        1.9217665672302247
    ],
    "train_accuracy": [
        0.33395832777023315,
        0.33937498927116394,
        0.3371874988079071,
        0.33927083015441895,
        0.3395833373069763,
        0.33906251192092896,
        0.3427083194255829,
        0.33906251192092896,
        0.3423958420753479,
        0.3434374928474426
    ],
    "train_macro_precision": [
        0.07151910020762375,
        0.17434802839138525,
        0.13986559445845348,
        0.13833274079131797,
        0.14022929176762938,
        0.145470429035861,
        0.15195520932513468,
        0.13059691486549826,
        0.15924604144733986,
        0.14891948097767832
    ],
    "train_macro_recall": [
        0.0995349545835995,
        0.10475528896345214,
        0.12402488070434789,
        0.12336936885213465,
        0.12517387467270308,
        0.12718679139812275,
        0.127949124697398,
        0.12240830353882877,
        0.13298645862338218,
        0.12781061128592672
    ],
    "train_macro_f1": [
        0.05454370716440045,
        0.06400399846466313,
        0.10311789283337773,
        0.10041493335677083,
        0.10507481472026084,
        0.1078170492242835,
        0.10754044784561681,
        0.0987708714142538,
        0.11655896582883504,
        0.10702994137321684
    ],
    "train_micro_f1": [
        0.33395833333283326,
        0.33937499999949994,
        0.33718749999949993,
        0.33927083333283325,
        0.3395833333328333,
        0.33906249999949994,
        0.3427083333328333,
        0.33906249999949994,
        0.3423958333328333,
        0.34343749999949996
    ],
    "train_weighted_f1": [
        0.17603003155416033,
        0.18703273633314807,
        0.22484593050299684,
        0.22164006108421602,
        0.22972754635842188,
        0.2285784466737562,
        0.2294247030812179,
        0.22339916413921826,
        0.23521726524954578,
        0.22885933680613055
    ],
    "train_confidence": [
        0.34349689960479735,
        0.3416761863231659,
        0.352751544713974,
        0.3482238960266113,
        0.3478441230456034,
        0.3510603054364522,
        0.3490081898371379,
        0.3482102068265279,
        0.3485661800702413,
        0.3517769964536031
    ],
    "val_loss": [
        2.060117177963257,
        1.9578645277023314,
        1.9455672693252564,
        1.9413394355773925,
        1.9427254867553712,
        1.9394513320922853,
        1.938460750579834,
        1.9406476736068725,
        1.9348955869674682,
        1.9384010648727417
    ],
    "val_accuracy": [
        0.3491666615009308,
        0.3479166626930237,
        0.3425000011920929,
        0.3400000035762787,
        0.34458333253860474,
        0.34416666626930237,
        0.34333333373069763,
        0.33916667103767395,
        0.34416666626930237,
        0.34166666865348816
    ],
    "val_macro_precision": [
        0.03491666666666665,
        0.0620436493931227,
        0.09687446705224831,
        0.06569547544172652,
        0.09341046427633659,
        0.1204464721323171,
        0.08699155288052222,
        0.08005331831396574,
        0.1369329167766452,
        0.08650102236662596
    ],
    "val_macro_recall": [
        0.09999999999999988,
        0.10813692581058472,
        0.11368879412563504,
        0.12337193783620085,
        0.11664171619793248,
        0.11761873131454714,
        0.1149858313870612,
        0.116418092857473,
        0.11626410811840775,
        0.1162738807889254
    ],
    "val_macro_f1": [
        0.05176034589248785,
        0.06523200744833096,
        0.07584312370912215,
        0.07917000788595263,
        0.08079736500846343,
        0.08274351237338054,
        0.07969358872816279,
        0.07912367829979665,
        0.08072037923164622,
        0.08110736877810974
    ],
    "val_micro_f1": [
        0.3491666666661665,
        0.34791666666616655,
        0.34249999999949987,
        0.33999999999949987,
        0.3445833333328332,
        0.3441666666661665,
        0.3433333333328332,
        0.33916666666616657,
        0.3441666666661665,
        0.3416666666661666
    ],
    "val_weighted_f1": [
        0.18072987440793672,
        0.19112933858751732,
        0.20759185004391448,
        0.2164955049684902,
        0.21280658607235012,
        0.21171984657095735,
        0.21085240133382505,
        0.20759626487215863,
        0.2111108344817302,
        0.2135182850653665
    ],
    "val_confidence": [
        0.2876493644714355,
        0.3823150555292765,
        0.31183986107508344,
        0.3360136302312215,
        0.3035674047470093,
        0.3554084730148315,
        0.3246820569038391,
        0.37352113087972005,
        0.3468016576766968,
        0.3457737382253011
    ],
    "grad_norm": [
        1.577551830441743,
        1.3163322053896713,
        1.4360385839565142,
        1.0973443139345362,
        1.2505354810158322,
        1.1730471699764018,
        1.146922686866172,
        1.17002586358847,
        1.0415470692182456,
        1.1125085516204396
    ],
    "fractional_applied_params": [
        2.0,
        2.0,
        2.0,
        2.0,
        2.0,
        2.0,
        2.0,
        2.0,
        2.0,
        2.0
    ],
    "epoch_time": [
        7.275848150253296,
        3.6283316612243652,
        3.1030099391937256,
        2.846970558166504,
        3.2471654415130615,
        3.274416208267212,
        3.5230724811553955,
        2.4418952465057373,
        3.5718348026275635,
        2.8525631427764893
    ],
    "throughput_samples_per_sec": [
        1319.4338036955585,
        2645.844122408733,
        3093.77030306723,
        3372.0053663577605,
        2956.4246641916548,
        2931.8203274715106,
        2724.8942652612327,
        3931.372573715948,
        2687.694288923416,
        3365.3943907639564
    ],
    "lr": [
        0.0003,
        0.0003,
        0.0003,
        0.0003,
        0.0003,
        0.0003,
        0.0003,
        0.0003,
        0.0003,
        0.0003
    ]
}