{
    "train_loss": [
        2.2886953067779543,
        2.1916214504241944,
        2.127682018280029,
        2.056261023521423,
        2.0003479118347167,
        1.964667715072632,
        1.9419180622100831,
        1.9139888744354248,
        1.8983125133514405,
        1.8787392177581788
    ],
    "train_accuracy": [
        0.20024999976158142,
        0.23524999618530273,
        0.2472500056028366,
        0.27900001406669617,
        0.31025001406669617,
        0.31825000047683716,
        0.32475000619888306,
        0.33149999380111694,
        0.3310000002384186,
        0.34150001406669617
    ],
    "train_macro_precision": [
        0.11378919871094535,
        0.1817842816394411,
        0.17711586996671055,
        0.21400331342701034,
        0.24429375848143553,
        0.25488555192375684,
        0.2576869610429157,
        0.27499644511847954,
        0.27073840963142526,
        0.2811671808761994
    ],
    "train_macro_recall": [
        0.10825795470856507,
        0.11650016580294778,
        0.13474814053526532,
        0.1828280455778027,
        0.22531761769624054,
        0.23721892074153456,
        0.24666930241420978,
        0.2571793424799781,
        0.25843791520209386,
        0.2689203311548574
    ],
    "train_macro_f1": [
        0.0762486508045033,
        0.07336104191566122,
        0.10251337740888047,
        0.16604881865571708,
        0.2103469415766917,
        0.22625509023713422,
        0.2344463015094212,
        0.24959528537124437,
        0.24981890471856003,
        0.2621628199520238
    ],
    "train_micro_f1": [
        0.20024999999949997,
        0.23524999999949997,
        0.24724999999949995,
        0.2789999999994999,
        0.3102499999994999,
        0.31824999999949993,
        0.32474999999949994,
        0.3314999999994999,
        0.3309999999994999,
        0.3414999999994999
    ],
    "train_weighted_f1": [
        0.11678958882881736,
        0.12201462359167484,
        0.15114351068888618,
        0.21757750008842508,
        0.2643500391011401,
        0.27888830207269616,
        0.2854122379641212,
        0.2991110182056931,
        0.29804364946881096,
        0.31076997209520213
    ],
    "train_confidence": [
        0.2532375841140747,
        0.22119332218170165,
        0.23839778137207032,
        0.26637265872955324,
        0.30467936515808103,
        0.3146584167480469,
        0.31609066867828367,
        0.32608067226409915,
        0.3342916250228882,
        0.336201717376709
    ],
    "val_loss": [
        2.231651363372803,
        2.166625961303711,
        2.107570316314697,
        2.0443646335601806,
        1.9966641674041747,
        1.9724526290893554,
        1.93872802734375,
        1.918767286300659,
        1.9144086065292358,
        1.9005736980438233
    ],
    "val_accuracy": [
        0.20800000429153442,
        0.20600000023841858,
        0.24699999392032623,
        0.27300000190734863,
        0.2930000126361847,
        0.29600000381469727,
        0.3199999928474426,
        0.30799999833106995,
        0.32100000977516174,
        0.30000001192092896
    ],
    "val_macro_precision": [
        0.18187910028105722,
        0.3468915107870378,
        0.20166127740449924,
        0.21861571457668663,
        0.23839124378893098,
        0.24127496683315225,
        0.2721558086983158,
        0.259895094160424,
        0.26749570763993474,
        0.24386216891962392
    ],
    "val_macro_recall": [
        0.10713954254735089,
        0.10780685525678131,
        0.15611025697577757,
        0.2022844451691054,
        0.22089665617788765,
        0.23381359176980226,
        0.25508953751005836,
        0.24661184301371444,
        0.24894836856992036,
        0.232276174394713
    ],
    "val_macro_f1": [
        0.05114158157319876,
        0.05443411616409462,
        0.12622637541651777,
        0.16602258846694767,
        0.19704951235385965,
        0.20064903438938403,
        0.23513238674943576,
        0.23730970493320602,
        0.2361532809134727,
        0.21500995730007663
    ],
    "val_micro_f1": [
        0.2079999999994998,
        0.20599999999949983,
        0.24699999999949976,
        0.27299999999949975,
        0.2929999999994997,
        0.2959999999994997,
        0.3199999999994997,
        0.3079999999994997,
        0.3209999999994997,
        0.2999999999994997
    ],
    "val_weighted_f1": [
        0.0852411469281315,
        0.09124341394025537,
        0.16320260097508715,
        0.21445046539631005,
        0.23640057568316594,
        0.23856122586499803,
        0.2764958401998476,
        0.276218353236721,
        0.27495595553304264,
        0.2547692300884176
    ],
    "val_confidence": [
        0.20165526962280272,
        0.22184673213958742,
        0.24496249866485595,
        0.27009753227233885,
        0.3227786273956299,
        0.3161037483215332,
        0.3051245346069336,
        0.3181839714050293,
        0.34745451354980467,
        0.34694662094116213
    ],
    "grad_norm": [
        1.4115808579090714,
        0.9369369214516892,
        0.8515584103163685,
        1.0025869030091048,
        1.0038593282928,
        1.0077213691305853,
        1.0308576556771212,
        0.9918441313969898,
        1.0182936187094678,
        0.9818847143248783
    ],
    "fractional_applied_params": [
        2.0,
        2.0,
        2.0,
        2.0,
        2.0,
        2.0,
        2.0,
        2.0,
        2.0,
        2.0
    ],
    "epoch_time": [
        4.081120491027832,
        0.6113114356994629,
        0.2996659278869629,
        0.41111230850219727,
        0.4655773639678955,
        0.4227488040924072,
        0.6477363109588623,
        0.7406342029571533,
        0.7529501914978027,
        0.7536859512329102
    ],
    "throughput_samples_per_sec": [
        980.1229855364055,
        6543.309623225349,
        13348.197535186055,
        9729.701391265013,
        8591.482983429205,
        9461.88365591604,
        6175.352427099057,
        5400.776772162391,
        5312.436393758023,
        5307.250312224392
    ],
    "lr": [
        0.0003,
        0.0003,
        0.0003,
        0.0003,
        0.0003,
        0.0003,
        0.0003,
        0.0003,
        0.0003,
        0.0003
    ]
}