{
    "train_loss": [
        2.191401979446411,
        2.094476716041565,
        2.026029972076416,
        2.006059428215027,
        1.998735095024109,
        1.9863395824432373,
        1.9788464288711547,
        1.971606909751892,
        1.9636336965560912,
        1.9546620254516602
    ],
    "train_accuracy": [
        0.273375004529953,
        0.2853749990463257,
        0.29499998688697815,
        0.2930000126361847,
        0.29212498664855957,
        0.29212498664855957,
        0.2985000014305115,
        0.3003750145435333,
        0.3019999861717224,
        0.3108749985694885
    ],
    "train_macro_precision": [
        0.08664121282476858,
        0.10754191120351135,
        0.15456300081081817,
        0.14048847902744432,
        0.15201939095127562,
        0.15163505356091617,
        0.16790789906203368,
        0.16589076863594815,
        0.17120330008558837,
        0.18904047555125852
    ],
    "train_macro_recall": [
        0.10030600626234329,
        0.1161085267606494,
        0.1482556137481287,
        0.14693325353387363,
        0.15111571070489715,
        0.15328132819887252,
        0.15520832819289127,
        0.16513673458427913,
        0.16478491272671217,
        0.17620778814091684
    ],
    "train_macro_f1": [
        0.05258975643799115,
        0.07906082918917491,
        0.12497459933688326,
        0.12268540629370332,
        0.1285512216634095,
        0.13496553100051498,
        0.1336740831075564,
        0.1445623865034919,
        0.14518141338785,
        0.158732374276502
    ],
    "train_micro_f1": [
        0.2733749999995,
        0.2853749999995,
        0.2949999999995,
        0.2929999999995,
        0.2921249999995,
        0.2921249999995,
        0.2984999999995,
        0.30037499999949996,
        0.3019999999995,
        0.31087499999949997
    ],
    "train_weighted_f1": [
        0.13080447275517249,
        0.16266552186714442,
        0.21249546133790376,
        0.21316120296911997,
        0.21732745600411524,
        0.22467207485045879,
        0.22149708519751382,
        0.23416453123777725,
        0.23425416350682934,
        0.24720521453046299
    ],
    "train_confidence": [
        0.2839434576034546,
        0.2947279939651489,
        0.30700566911697386,
        0.3073104190826416,
        0.313286331653595,
        0.3075911293029785,
        0.31180835247039795,
        0.31107650995254515,
        0.3115772190093994,
        0.31477252435684205
    ],
    "val_loss": [
        2.1528532752990723,
        2.0304226064682007,
        2.0260521001815794,
        2.0520715141296386,
        2.0007828884124756,
        2.005061484336853,
        1.99590656375885,
        1.9922531938552857,
        2.0126828756332396,
        2.0015678844451905
    ],
    "val_accuracy": [
        0.2759999930858612,
        0.2809999883174896,
        0.28600001335144043,
        0.2865000069141388,
        0.2854999899864197,
        0.2874999940395355,
        0.29350000619888306,
        0.29249998927116394,
        0.28700000047683716,
        0.28999999165534973
    ],
    "val_macro_precision": [
        0.027599999999999986,
        0.09655568041101073,
        0.11442314117963068,
        0.08400860121887169,
        0.13866756017934975,
        0.16369232952558205,
        0.161062969293228,
        0.1331055327900566,
        0.17428110603098576,
        0.1821565299095863
    ],
    "val_macro_recall": [
        0.09999999999999981,
        0.13282817331542238,
        0.1307462524975383,
        0.138232250619491,
        0.1464416303361677,
        0.1455923970855285,
        0.15980820571064705,
        0.16592884206163197,
        0.1524732416185014,
        0.1638116015033984
    ],
    "val_macro_f1": [
        0.043260188087740355,
        0.0881776637688318,
        0.08599464443096719,
        0.07938272244632369,
        0.11170300584798873,
        0.11090807932765738,
        0.1235249776373564,
        0.13535587206991692,
        0.12049395883455363,
        0.13425112156696137
    ],
    "val_micro_f1": [
        0.27599999999949987,
        0.28099999999949987,
        0.2859999999994999,
        0.2864999999994999,
        0.2854999999994999,
        0.2874999999994999,
        0.2934999999994999,
        0.2924999999994999,
        0.2869999999994999,
        0.2899999999994999
    ],
    "val_weighted_f1": [
        0.11939811912216337,
        0.17420588973435427,
        0.16774566846662997,
        0.15890952597223054,
        0.2025653264281253,
        0.19525108962388102,
        0.21682860547648974,
        0.2287864861990393,
        0.20636429548282453,
        0.21918097021268132
    ],
    "val_confidence": [
        0.33071418952941894,
        0.3094642972946167,
        0.3486802206039429,
        0.3960823907852173,
        0.2650881576538086,
        0.32229634284973147,
        0.2944697685241699,
        0.28077720642089843,
        0.3390075368881226,
        0.3168264255523682
    ],
    "grad_norm": [
        1.2788546255766464,
        1.0044727986697253,
        1.1043894358082968,
        1.0617918069116503,
        1.1030864822266158,
        1.0343369669489264,
        0.9924497298089013,
        1.038887586614708,
        1.0548198447206265,
        1.0950102602009248
    ],
    "fractional_applied_params": [
        2.0,
        2.0,
        2.0,
        2.0,
        2.0,
        2.0,
        2.0,
        2.0,
        2.0,
        2.0
    ],
    "epoch_time": [
        5.661093473434448,
        1.2563533782958984,
        2.0821285247802734,
        2.6820578575134277,
        2.171264171600342,
        2.728017807006836,
        2.729555130004883,
        2.7505853176116943,
        2.7438504695892334,
        2.7272260189056396
    ],
    "throughput_samples_per_sec": [
        1413.154550007208,
        6367.635203760185,
        3842.2219881187393,
        2982.784274242655,
        3684.4894806621146,
        2932.5321775584557,
        2930.880535094995,
        2908.4718618894976,
        2915.6107771418156,
        2933.3835716374465
    ],
    "lr": [
        0.0003,
        0.0003,
        0.0003,
        0.0003,
        0.0003,
        0.0003,
        0.0003,
        0.0003,
        0.0003,
        0.0003
    ]
}