{
    "train_loss": [
        2.2456723403930665,
        2.064987939834595,
        1.983302728652954,
        1.9396761722564697,
        1.8955157260894775,
        1.869869153022766,
        1.8304372758865357,
        1.8106119804382323,
        1.7877480926513671,
        1.778517749786377
    ],
    "train_accuracy": [
        0.21375000476837158,
        0.2827500104904175,
        0.3160000145435333,
        0.3255000114440918,
        0.33375000953674316,
        0.3362500071525574,
        0.351749986410141,
        0.3647499978542328,
        0.37049999833106995,
        0.3709999918937683
    ],
    "train_macro_precision": [
        0.12321938248632806,
        0.22931228795720546,
        0.26095005059776927,
        0.27342222228295543,
        0.27869541078668736,
        0.28786238321335733,
        0.30022370567008616,
        0.3149985152886202,
        0.3224325078968162,
        0.32974526216447336
    ],
    "train_macro_recall": [
        0.10997010680475276,
        0.18960411283491946,
        0.24394168024965732,
        0.2594490838206898,
        0.27073146258445024,
        0.273037475355521,
        0.2883101148531259,
        0.30232434658201657,
        0.307562068497487,
        0.3064506121263295
    ],
    "train_macro_f1": [
        0.07604471414861107,
        0.17066371149608542,
        0.2328555240099463,
        0.25123472901348526,
        0.26176196325714884,
        0.26980819083013474,
        0.28159533762486805,
        0.29649895749469674,
        0.3033714355855577,
        0.301985605094392
    ],
    "train_micro_f1": [
        0.21374999999949995,
        0.28274999999949996,
        0.31599999999949996,
        0.3254999999994999,
        0.33374999999949995,
        0.33624999999949995,
        0.3517499999994999,
        0.3647499999994999,
        0.37049999999949995,
        0.37099999999949995
    ],
    "train_weighted_f1": [
        0.12091001573364972,
        0.22101441215415107,
        0.28050681880371403,
        0.2943244521123635,
        0.30652827700961555,
        0.3108719363033493,
        0.32492510716157774,
        0.3380708008628601,
        0.3460716018122019,
        0.34455875154728305
    ],
    "train_confidence": [
        0.23654463481903076,
        0.27490809631347657,
        0.3278797626495361,
        0.3273388643264771,
        0.3429826507568359,
        0.3456188726425171,
        0.35727669048309324,
        0.3617636823654175,
        0.37109458351135255,
        0.3797427577972412
    ],
    "val_loss": [
        2.1440849742889405,
        2.0257003803253175,
        1.9824413986206055,
        1.9715003032684326,
        1.9628233585357666,
        1.9150039205551148,
        1.9101327991485595,
        1.8890758380889892,
        1.910159836769104,
        1.8676440868377686
    ],
    "val_accuracy": [
        0.23800000548362732,
        0.28999999165534973,
        0.296999990940094,
        0.28999999165534973,
        0.29499998688697815,
        0.3050000071525574,
        0.31200000643730164,
        0.31200000643730164,
        0.3179999887943268,
        0.3230000138282776
    ],
    "val_macro_precision": [
        0.19952777798194665,
        0.23925639900269413,
        0.24558671906017113,
        0.25208844210141856,
        0.24286943528287855,
        0.24168404049637968,
        0.254871628514422,
        0.2762802623222723,
        0.28598564643525326,
        0.2794476081400759
    ],
    "val_macro_recall": [
        0.13726831601318795,
        0.21383936047527166,
        0.22069227225530758,
        0.22392059624177585,
        0.21270023318698783,
        0.24030018566321393,
        0.2610060760769265,
        0.24697379680618567,
        0.26055961795833654,
        0.25955650680823766
    ],
    "val_macro_f1": [
        0.09441501613018902,
        0.17722161137822262,
        0.20058842895307735,
        0.20387965069016115,
        0.19090984836170272,
        0.22320592819623702,
        0.24771607623947078,
        0.22895065144648669,
        0.2401019778933433,
        0.24788689503451372
    ],
    "val_micro_f1": [
        0.23799999999949978,
        0.2899999999994997,
        0.2969999999994997,
        0.2899999999994997,
        0.2949999999994997,
        0.30499999999949967,
        0.3119999999994997,
        0.3119999999994997,
        0.3179999999994997,
        0.3229999999994997
    ],
    "val_weighted_f1": [
        0.1350923120471599,
        0.22886620702894073,
        0.25240039910207124,
        0.24714366252033157,
        0.23876895529456213,
        0.2654746866095679,
        0.290873733619307,
        0.273849635718751,
        0.28231650924015145,
        0.2980493787233863
    ],
    "val_confidence": [
        0.20985795974731444,
        0.31379896450042727,
        0.3027483472824097,
        0.33786370754241946,
        0.3729805212020874,
        0.3563655281066895,
        0.3514953451156616,
        0.3713422555923462,
        0.3724375705718994,
        0.3603994092941284
    ],
    "grad_norm": [
        1.4272478844429557,
        1.206164559069507,
        1.424131262322278,
        1.3840114428911343,
        1.273612283434672,
        1.234495049960516,
        1.1891498682857438,
        1.1918316145851149,
        1.2287799121047864,
        1.3136972968892298
    ],
    "fractional_applied_params": [
        0.0,
        0.0,
        0.0,
        2.0,
        2.0,
        2.0,
        2.0,
        2.0,
        2.0,
        2.0
    ],
    "epoch_time": [
        4.538344383239746,
        1.1419098377227783,
        1.458625078201294,
        1.2528254985809326,
        1.535125494003296,
        1.5893614292144775,
        1.5832254886627197,
        1.584275245666504,
        1.432370901107788,
        1.203321933746338
    ],
    "throughput_samples_per_sec": [
        881.3786839914861,
        3502.9035286856692,
        2742.3085340974712,
        3192.7830368481277,
        2605.650167120091,
        2516.7340332255017,
        2526.487874685887,
        2524.813797944057,
        2792.5727874717513,
        3324.131213620183
    ],
    "lr": [
        0.0003,
        0.0003,
        0.0003,
        0.0003,
        0.0003,
        0.0003,
        0.0003,
        0.0003,
        0.0003,
        0.0003
    ]
}