{
    "train_loss": [
        2.2382702674865724,
        2.0576208877563475,
        1.9596612720489501,
        1.919495192527771,
        1.8997771911621093,
        1.8697830266952515,
        1.8377339687347412,
        1.8064501218795777,
        1.7613512573242187,
        1.7274342517852783
    ],
    "train_accuracy": [
        0.21400000154972076,
        0.2877500057220459,
        0.32249999046325684,
        0.3345000147819519,
        0.328000009059906,
        0.3362500071525574,
        0.34474998712539673,
        0.3449999988079071,
        0.367249995470047,
        0.3762499988079071
    ],
    "train_macro_precision": [
        0.14199923295600098,
        0.2170897946456404,
        0.2612615868845068,
        0.26322461180102913,
        0.2642924863747959,
        0.2852460420949363,
        0.28708322231240624,
        0.27852389654704235,
        0.3174180346614116,
        0.3242232100682922
    ],
    "train_macro_recall": [
        0.11635208817118928,
        0.20140901800622207,
        0.24833472584441657,
        0.26530755461110944,
        0.2614907534166013,
        0.2733067449992412,
        0.2808794213250957,
        0.2807241741546901,
        0.29956293378795495,
        0.3083740823106108
    ],
    "train_macro_f1": [
        0.08746814864462157,
        0.1869771714299639,
        0.2388584277040331,
        0.2527069542664798,
        0.2537180021504136,
        0.26607297773196137,
        0.276096574667246,
        0.27040337453835966,
        0.29558122098617134,
        0.30503858389315996
    ],
    "train_micro_f1": [
        0.21399999999949995,
        0.28774999999949996,
        0.32249999999949996,
        0.3344999999994999,
        0.3279999999994999,
        0.33624999999949995,
        0.34474999999949996,
        0.34499999999949993,
        0.3672499999994999,
        0.37624999999949993
    ],
    "train_weighted_f1": [
        0.13298615392395957,
        0.23695140521068306,
        0.28484417501413184,
        0.2988435362654067,
        0.29929905695567016,
        0.3105976854129519,
        0.3228820680436233,
        0.3184936709442879,
        0.34041146376076803,
        0.3513120817380459
    ],
    "train_confidence": [
        0.24464639472961425,
        0.290902099609375,
        0.32576120948791504,
        0.3365580053329468,
        0.3490390996932983,
        0.3589712266921997,
        0.35945958423614505,
        0.3668535232543945,
        0.3773645305633545,
        0.39321524047851564
    ],
    "val_loss": [
        2.126855960845947,
        2.0009386653900147,
        1.9570371017456054,
        1.927483497619629,
        1.9088715429306031,
        1.9089189300537108,
        1.8746262035369874,
        1.888194670677185,
        1.859734079360962,
        1.8310552072525024
    ],
    "val_accuracy": [
        0.2540000081062317,
        0.2919999957084656,
        0.30399999022483826,
        0.31299999356269836,
        0.3160000145435333,
        0.3109999895095825,
        0.33399999141693115,
        0.3190000057220459,
        0.32600000500679016,
        0.32899999618530273
    ],
    "val_macro_precision": [
        0.15912676135307607,
        0.24598771758648313,
        0.22527781922675488,
        0.28259499421726064,
        0.2714209822757249,
        0.27048340654403363,
        0.31097829231219415,
        0.3030684821599386,
        0.29013935192459195,
        0.3035811055884137
    ],
    "val_macro_recall": [
        0.1609274313107708,
        0.23941923003218096,
        0.2371816141844437,
        0.24347515029037972,
        0.2742158219477963,
        0.2739509538996446,
        0.27325857106327267,
        0.2532755436326718,
        0.2754385776437697,
        0.2653902565530378
    ],
    "val_macro_f1": [
        0.11022170155803371,
        0.2030147420755452,
        0.2047819509061078,
        0.2232629269407246,
        0.24597116661107044,
        0.2390141743427657,
        0.26743480592406493,
        0.23922796214359873,
        0.2643317758839841,
        0.25711016402920955
    ],
    "val_micro_f1": [
        0.25399999999949974,
        0.2919999999994997,
        0.3039999999994997,
        0.3129999999994997,
        0.3159999999994997,
        0.3109999999994997,
        0.33399999999949964,
        0.3189999999994997,
        0.3259999999994997,
        0.3289999999994997
    ],
    "val_weighted_f1": [
        0.15649298106457174,
        0.2384459546305967,
        0.23797177221106838,
        0.2607310450824578,
        0.27743408037840234,
        0.2755548883218697,
        0.29299238044583514,
        0.2692922715546929,
        0.29850949776708563,
        0.29378927325721454
    ],
    "val_confidence": [
        0.23339656162261962,
        0.3177012901306152,
        0.3491759567260742,
        0.3732580394744873,
        0.3415814151763916,
        0.3298576164245606,
        0.39007852649688723,
        0.41195073127746584,
        0.38902490806579587,
        0.3889332780838013
    ],
    "grad_norm": [
        1.1769894008692408,
        1.001020778099309,
        0.8293956681377082,
        0.8112990812184016,
        1.0343147407130842,
        1.0851921157726505,
        0.9618203837141651,
        0.9684809617415275,
        0.9054998148974376,
        0.9255079152828785
    ],
    "fractional_applied_params": [
        2.0,
        2.0,
        2.0,
        2.0,
        2.0,
        2.0,
        2.0,
        2.0,
        2.0,
        2.0
    ],
    "epoch_time": [
        4.613814830780029,
        1.1528306007385254,
        1.1560020446777344,
        1.1583983898162842,
        1.157961130142212,
        1.1315524578094482,
        0.6407859325408936,
        0.645359992980957,
        0.6414384841918945,
        0.45064878463745117
    ],
    "throughput_samples_per_sec": [
        866.9615376228145,
        3469.7205274023117,
        3460.2014922171734,
        3453.0434737865776,
        3454.347383412387,
        3534.9664722955285,
        6242.334291170989,
        6198.091055387175,
        6235.983806053253,
        8876.091839941422
    ],
    "lr": [
        0.0003,
        0.0003,
        0.0003,
        0.0003,
        0.0003,
        0.0003,
        0.0003,
        0.0003,
        0.0003,
        0.0003
    ]
}