{
    "train_loss": [
        2.2212673950195314,
        2.0982812595367433,
        2.042776394844055,
        2.039408679008484,
        2.010090915679932,
        2.007951045036316,
        2.0017933044433596,
        1.982100287437439,
        1.9698380889892577,
        1.9562055282592774
    ],
    "train_accuracy": [
        0.26612499356269836,
        0.2784999907016754,
        0.28450000286102295,
        0.2836250066757202,
        0.28975000977516174,
        0.2853749990463257,
        0.2913750112056732,
        0.29499998688697815,
        0.2996250092983246,
        0.30375000834465027
    ],
    "train_macro_precision": [
        0.12868934785618458,
        0.12919110694160196,
        0.146174368381999,
        0.1464392729508185,
        0.16258614442079228,
        0.15982194876127398,
        0.17713948210173064,
        0.165232485741519,
        0.17653456000465315,
        0.18838830387787395
    ],
    "train_macro_recall": [
        0.10108252131311217,
        0.12350298407684188,
        0.14396112278156933,
        0.14732002681417397,
        0.1582413966742908,
        0.15451902559823277,
        0.16050765873169445,
        0.16686958234984492,
        0.17206162754390691,
        0.17824159294004893
    ],
    "train_macro_f1": [
        0.055622288785146426,
        0.09190943601318502,
        0.12338955950974292,
        0.12841744444968212,
        0.14024601729819103,
        0.13945444451147088,
        0.14560627344161475,
        0.15072728441085084,
        0.15910638106714242,
        0.16623822153710766
    ],
    "train_micro_f1": [
        0.26612499999949996,
        0.2784999999995,
        0.2844999999995,
        0.28362499999949997,
        0.28974999999949996,
        0.2853749999995,
        0.29137499999949995,
        0.2949999999995,
        0.2996249999995,
        0.3037499999995
    ],
    "train_weighted_f1": [
        0.13136301007653498,
        0.17422295448823993,
        0.2080788215113939,
        0.2143559794115652,
        0.220667586915522,
        0.22282822592770782,
        0.22703582274341322,
        0.23374867749525063,
        0.2425057344316503,
        0.24645659191302652
    ],
    "train_confidence": [
        0.2836008243560791,
        0.29561681985855104,
        0.30524841928482055,
        0.31346261739730835,
        0.30935254907608034,
        0.30518804931640625,
        0.31548208618164064,
        0.30970087623596193,
        0.312144259929657,
        0.3164137678146362
    ],
    "val_loss": [
        2.099521255493164,
        1.9849560613632202,
        1.989826847076416,
        1.9658222141265869,
        1.9542157907485962,
        1.9688285665512084,
        1.9616341590881348,
        1.9574960384368896,
        1.9613593044281006,
        1.9687459630966186
    ],
    "val_accuracy": [
        0.3019999861717224,
        0.3095000088214874,
        0.30399999022483826,
        0.3050000071525574,
        0.3100000023841858,
        0.3089999854564667,
        0.3075000047683716,
        0.31200000643730164,
        0.3109999895095825,
        0.3089999854564667
    ],
    "val_macro_precision": [
        0.030199999999999987,
        0.11881366475243924,
        0.09717411165425235,
        0.09818497059250134,
        0.21094959541755273,
        0.115664065696726,
        0.21825692255024812,
        0.10155030679169708,
        0.14216698493418709,
        0.18139066236793341
    ],
    "val_macro_recall": [
        0.09999999999999984,
        0.1355072012534932,
        0.1604891741652914,
        0.14946547444006972,
        0.15538933498983126,
        0.14320580791827092,
        0.15261186260193843,
        0.15444902061545102,
        0.15647971963909707,
        0.14985029206666808
    ],
    "val_macro_f1": [
        0.04639016897077847,
        0.09364532910517061,
        0.10532149211322102,
        0.11178328563677739,
        0.11634572366153158,
        0.09884049605685667,
        0.11108775399352366,
        0.10628363145812833,
        0.1362450091842298,
        0.11721331023665837
    ],
    "val_micro_f1": [
        0.3019999999994999,
        0.3094999999994999,
        0.3039999999994999,
        0.3049999999994999,
        0.3099999999994999,
        0.3089999999994999,
        0.3074999999994999,
        0.31199999999949984,
        0.31099999999949984,
        0.3089999999994999
    ],
    "val_weighted_f1": [
        0.140098310291751,
        0.196653035056101,
        0.21784056432630533,
        0.2218981184756156,
        0.22155802164398017,
        0.20549722510975876,
        0.22464302977906794,
        0.21201500362028838,
        0.23510141283638825,
        0.2236931660785963
    ],
    "val_confidence": [
        0.30860003471374514,
        0.3056971035003662,
        0.2838636627197266,
        0.327885555267334,
        0.31113061141967774,
        0.31732830810546875,
        0.2936118192672729,
        0.3258830451965332,
        0.3195722236633301,
        0.3520210876464844
    ],
    "grad_norm": [
        0.9986986029445656,
        0.6526073772318836,
        0.6996927042747642,
        0.7718529767067865,
        0.5710382810767641,
        0.6843691016365322,
        0.6641251535709902,
        0.6333155060235998,
        0.6271072372682271,
        0.635998834768698
    ],
    "fractional_applied_params": [
        2.0,
        2.0,
        2.0,
        2.0,
        2.0,
        2.0,
        2.0,
        2.0,
        2.0,
        2.0
    ],
    "epoch_time": [
        6.735875606536865,
        3.2084543704986572,
        2.718876838684082,
        3.176988363265991,
        2.9308857917785645,
        3.368162155151367,
        3.3906493186950684,
        3.3803281784057617,
        2.7535500526428223,
        3.101158618927002
    ],
    "throughput_samples_per_sec": [
        1187.6703887221965,
        2493.4124273541224,
        2942.391463333788,
        2518.108058720077,
        2729.5502344174656,
        2375.182556981279,
        2359.430081987628,
        2366.634118872144,
        2905.3403232389774,
        2579.6810105663003
    ],
    "lr": [
        0.0003,
        0.0003,
        0.0003,
        0.0003,
        0.0003,
        0.0003,
        0.0003,
        0.0003,
        0.0003,
        0.0003
    ]
}