{
    "prefix": "epoch_10",
    "retain_em_acc": 0.8666666666666667,
    "forget_em_acc": 0.26666666666666666,
    "retain_answer_nll": 0.0675997948856093,
    "forget_answer_nll": 1.4430721402168274,
    "general_ppl": 1.0862173386311351,
    "forget_minus_retain_nll": 1.375472345331218,
    "retain_eval_n": 30,
    "forget_eval_n": 30
}