{
    "train_loss": [
        2.2080139865875243,
        2.132028979301453,
        2.052841527938843,
        2.0314757137298582,
        2.02506028175354,
        2.0062386703491213,
        1.9903175563812256,
        1.9865356712341309,
        1.9762153968811036,
        1.962532537460327
    ],
    "train_accuracy": [
        0.27562499046325684,
        0.28212499618530273,
        0.2863749861717224,
        0.28450000286102295,
        0.2862499952316284,
        0.2944999933242798,
        0.28837499022483826,
        0.29462501406669617,
        0.2997500002384186,
        0.2957499921321869
    ],
    "train_macro_precision": [
        0.08751246570919773,
        0.11905593584970435,
        0.1361589852742305,
        0.14271601014377036,
        0.14038134580678988,
        0.15554838452085443,
        0.15445985821099767,
        0.1576681091552708,
        0.16713793111979192,
        0.16939814368918732
    ],
    "train_macro_recall": [
        0.10168044758881337,
        0.11149057594624827,
        0.13748444877666294,
        0.14082231374119028,
        0.1394039413953349,
        0.14957864128409318,
        0.1470013291278528,
        0.15408727176906617,
        0.15971139361081543,
        0.1597096848466864
    ],
    "train_macro_f1": [
        0.05571940422926365,
        0.07437505425199054,
        0.11870618303521072,
        0.1239341308307701,
        0.11881678817699384,
        0.13001249597341794,
        0.13087852177835618,
        0.13725426138778435,
        0.14334681098049382,
        0.14277194936518905
    ],
    "train_micro_f1": [
        0.27562499999949996,
        0.28212499999949997,
        0.2863749999995,
        0.2844999999995,
        0.28624999999949996,
        0.2944999999995,
        0.2883749999995,
        0.2946249999995,
        0.29974999999949997,
        0.29574999999949997
    ],
    "train_weighted_f1": [
        0.13538280671272743,
        0.15832917842386499,
        0.20544964482806383,
        0.21204406714028579,
        0.20870446316185917,
        0.21917114875732063,
        0.21991651310502325,
        0.22612296335622944,
        0.2328183835328314,
        0.23133324648864562
    ],
    "train_confidence": [
        0.29162733364105226,
        0.2872929553985596,
        0.3112846646308899,
        0.3082055335044861,
        0.313351818561554,
        0.3057188229560852,
        0.3104847049713135,
        0.31147293519973757,
        0.31084666109085085,
        0.31310087060928343
    ],
    "val_loss": [
        2.174553943634033,
        2.0645553064346314,
        2.0243981132507325,
        2.008619874000549,
        2.002861999511719,
        1.9968815431594849,
        1.9829946155548095,
        2.005537204742432,
        1.9899423189163208,
        2.005934465408325
    ],
    "val_accuracy": [
        0.2705000042915344,
        0.27399998903274536,
        0.28999999165534973,
        0.2840000092983246,
        0.28049999475479126,
        0.28850001096725464,
        0.28949999809265137,
        0.2775000035762787,
        0.28200000524520874,
        0.28049999475479126
    ],
    "val_macro_precision": [
        0.027049999999999984,
        0.06201314575547582,
        0.12869787802204805,
        0.20890069258372143,
        0.09426654602460992,
        0.14544863858784976,
        0.14835936746504125,
        0.1228369333443905,
        0.14406034734412432,
        0.1215066300109513
    ],
    "val_macro_recall": [
        0.09999999999999981,
        0.12635352854741844,
        0.1456949128274514,
        0.14125413607485532,
        0.13281887564049105,
        0.15462699017454123,
        0.16387375944941468,
        0.15005969848959338,
        0.14266487547109624,
        0.14581177210784999
    ],
    "val_macro_f1": [
        0.0425816607634454,
        0.06964705830005258,
        0.09971931429520994,
        0.09076620645505397,
        0.09884192245658081,
        0.11250213254880873,
        0.11979736805429689,
        0.10641877319958004,
        0.1147501907017571,
        0.10933684507485801
    ],
    "val_micro_f1": [
        0.27049999999949986,
        0.27399999999949987,
        0.2899999999994999,
        0.2839999999994999,
        0.28049999999949987,
        0.2884999999994999,
        0.2894999999994999,
        0.27749999999949987,
        0.2819999999994999,
        0.28049999999949987
    ],
    "val_weighted_f1": [
        0.11518339236511979,
        0.1550971762187802,
        0.18712695989135295,
        0.1743919162239855,
        0.17638956056533686,
        0.19432683167298034,
        0.20377045383350909,
        0.20677407434047973,
        0.19143197712896956,
        0.18715698689229973
    ],
    "val_confidence": [
        0.252350754737854,
        0.30483351230621336,
        0.2912548236846924,
        0.33913171577453616,
        0.2681024656295776,
        0.27971166801452635,
        0.2925899639129639,
        0.2555500659942627,
        0.3308456115722656,
        0.3602454776763916
    ],
    "grad_norm": [
        1.4019927973162762,
        1.1808540833398782,
        1.10570017824864,
        1.1259651374012485,
        1.2615894792703248,
        1.0729076372601074,
        1.039493169921624,
        1.0399702167855625,
        1.0345748835284092,
        0.9703125086852813
    ],
    "fractional_applied_params": [
        2.0,
        2.0,
        2.0,
        2.0,
        2.0,
        2.0,
        2.0,
        2.0,
        2.0,
        2.0
    ],
    "epoch_time": [
        7.348063945770264,
        3.95599102973938,
        3.7440025806427,
        3.77567195892334,
        4.295372009277344,
        4.325900554656982,
        4.365488290786743,
        4.356980562210083,
        4.378106594085693,
        3.9195642471313477
    ],
    "throughput_samples_per_sec": [
        1088.7221530788402,
        2022.2492770735728,
        2136.750663944978,
        2118.828141595558,
        1862.4696493624367,
        1849.3259146671141,
        1832.5555967894372,
        1836.1339661203335,
        1827.2739203762326,
        2041.0432118455626
    ],
    "lr": [
        0.0003,
        0.0003,
        0.0003,
        0.0003,
        0.0003,
        0.0003,
        0.0003,
        0.0003,
        0.0003,
        0.0003
    ]
}