{
    "train_loss": [
        2.1082137203216553,
        2.0552700901031495,
        1.9812704348564147,
        1.9691730523109436,
        1.9640454602241517,
        1.9543842935562135,
        1.9502262878417969,
        1.9468633031845093,
        1.9404736709594728,
        1.9394896841049194
    ],
    "train_accuracy": [
        0.33927083015441895,
        0.3435416519641876,
        0.33916667103767395,
        0.33916667103767395,
        0.34177082777023315,
        0.3375000059604645,
        0.33791667222976685,
        0.34166666865348816,
        0.3407291769981384,
        0.33666667342185974
    ],
    "train_macro_precision": [
        0.06678493626976319,
        0.09415992360490717,
        0.12162293852582182,
        0.1372200267420604,
        0.14087426164374867,
        0.12536534974517505,
        0.13242052313223773,
        0.13479331869570604,
        0.1278183445173808,
        0.1332099805028075
    ],
    "train_macro_recall": [
        0.1003361990033413,
        0.10249832784893295,
        0.11762512997073223,
        0.12121386197941222,
        0.12156865282227922,
        0.11914668706267625,
        0.11712101139128779,
        0.11973303510075825,
        0.11934771921362153,
        0.12100625871540467
    ],
    "train_macro_f1": [
        0.05471315654836947,
        0.05782654996573613,
        0.0914519324244692,
        0.09884938928386688,
        0.09620492609170643,
        0.09448861785524601,
        0.0912375103369459,
        0.09421833095164396,
        0.09361801063003104,
        0.09894613641282786
    ],
    "train_micro_f1": [
        0.33927083333283325,
        0.3435416666661666,
        0.3391666666661666,
        0.3391666666661666,
        0.34177083333283326,
        0.3374999999994999,
        0.3379166666661666,
        0.34166666666616663,
        0.3407291666661666,
        0.3366666666661666
    ],
    "train_weighted_f1": [
        0.17852866652405952,
        0.1831753865015927,
        0.21737326938829124,
        0.22152144792455203,
        0.21861276054428677,
        0.21902534817049912,
        0.21405167056374144,
        0.2196949455794844,
        0.21933777704654736,
        0.22361748518773156
    ],
    "train_confidence": [
        0.34232001662254335,
        0.3489755896727244,
        0.34589271982510883,
        0.3495873991648356,
        0.35485392252604164,
        0.34639479279518126,
        0.3499999805291494,
        0.34449814120928446,
        0.35330577492713927,
        0.3443492809931437
    ],
    "val_loss": [
        2.0716394138336183,
        1.9671133327484132,
        1.9515953636169434,
        1.9536213636398316,
        1.951112642288208,
        1.9434563636779785,
        1.9409455919265748,
        1.9454514741897584,
        1.9491673469543458,
        1.9392371940612794
    ],
    "val_accuracy": [
        0.33916667103767395,
        0.3400000035762787,
        0.3383333384990692,
        0.33791667222976685,
        0.33666667342185974,
        0.33916667103767395,
        0.3375000059604645,
        0.33916667103767395,
        0.33375000953674316,
        0.3425000011920929
    ],
    "val_macro_precision": [
        0.03391666666666666,
        0.09558518939870522,
        0.054899529000746294,
        0.06618281513617537,
        0.03625816195764931,
        0.07093496420351478,
        0.06822865177980018,
        0.0746306116393358,
        0.08470991967687913,
        0.18687241175300023
    ],
    "val_macro_recall": [
        0.09999999999999988,
        0.12806591023267697,
        0.11329876056651991,
        0.10346643555191808,
        0.09962785401809779,
        0.11153811050927906,
        0.11435973144969233,
        0.12222434595315923,
        0.12950115368148118,
        0.11025895889817636
    ],
    "val_macro_f1": [
        0.05065339141253215,
        0.09078442968573501,
        0.07052445558305549,
        0.059493119242511404,
        0.05192317734416657,
        0.07057758579521385,
        0.07472482211977234,
        0.07985583661676636,
        0.09624948394673324,
        0.06726185860908487
    ],
    "val_micro_f1": [
        0.33916666666616657,
        0.33999999999949987,
        0.3383333333328332,
        0.33791666666616654,
        0.33666666666616657,
        0.33916666666616657,
        0.33749999999949987,
        0.33916666666616657,
        0.3337499999994999,
        0.34249999999949987
    ],
    "val_weighted_f1": [
        0.17179941920750488,
        0.22277782563798462,
        0.19533518218386814,
        0.18063561522979904,
        0.1741616653812727,
        0.19224421873964656,
        0.19893705994790606,
        0.2070993396459349,
        0.21861374298715616,
        0.18421568257439225
    ],
    "val_confidence": [
        0.33668270111083987,
        0.283523317972819,
        0.35308143615722654,
        0.3931166648864746,
        0.3832780170440674,
        0.3214070955912272,
        0.32539712111155195,
        0.30131661415100097,
        0.3389609654744466,
        0.36622165362040204
    ],
    "grad_norm": [
        0.9636615278878938,
        0.7339978243491,
        0.7858874476736005,
        0.7688721482671838,
        0.835797160671568,
        0.687904320924529,
        0.7316310787685134,
        0.7003212421558748,
        0.6993448575962512,
        0.7756602556399591
    ],
    "fractional_applied_params": [
        42.0,
        42.0,
        42.0,
        42.0,
        42.0,
        42.0,
        42.0,
        42.0,
        42.0,
        42.0
    ],
    "epoch_time": [
        7.470498085021973,
        3.87977933883667,
        3.2452497482299805,
        3.7175357341766357,
        3.49173903465271,
        2.06526255607605,
        3.6212892532348633,
        2.306300640106201,
        3.9178264141082764,
        3.934152841567993
    ],
    "throughput_samples_per_sec": [
        1285.0548772976178,
        2474.3675249527223,
        2958.1698620378966,
        2582.355809452957,
        2749.346358570242,
        4648.319397335985,
        2650.9895588772456,
        4162.510226575637,
        2450.3382705854324,
        2440.169557869498
    ],
    "lr": [
        0.0003,
        0.0003,
        0.0003,
        0.0003,
        0.0003,
        0.0003,
        0.0003,
        0.0003,
        0.0003,
        0.0003
    ]
}