{
    "train_loss": [
        2.293645046234131,
        2.1749997577667237,
        2.0977635555267335,
        2.02860613822937,
        1.9841181983947753,
        1.9324519758224488,
        1.9066703186035157,
        1.856019248008728,
        1.8293554334640503,
        1.7872074546813965
    ],
    "train_accuracy": [
        0.1912499964237213,
        0.2329999953508377,
        0.24650000035762787,
        0.2800000011920929,
        0.30274999141693115,
        0.32100000977516174,
        0.3307499885559082,
        0.34599998593330383,
        0.34975001215934753,
        0.359499990940094
    ],
    "train_macro_precision": [
        0.07890040886042246,
        0.1408314963006698,
        0.15749287486585611,
        0.2048129401582043,
        0.24070171080235636,
        0.2598049861803392,
        0.26339294285024467,
        0.2977242096969337,
        0.3032790907353872,
        0.3010830271590391
    ],
    "train_macro_recall": [
        0.09833483524936305,
        0.12040580992745642,
        0.1528489613907851,
        0.19488509118028444,
        0.2252058749743336,
        0.2496903331385397,
        0.26433427389573716,
        0.2832300196135461,
        0.28566574224854024,
        0.29769188080356085
    ],
    "train_macro_f1": [
        0.06401403590044162,
        0.07979235726913778,
        0.1266148761963985,
        0.17805911174833527,
        0.21629392683749255,
        0.24184351246351934,
        0.2557843757725157,
        0.2791084598476573,
        0.2816336260449713,
        0.2919467885536832
    ],
    "train_micro_f1": [
        0.19124999999949996,
        0.23299999999949997,
        0.24649999999949995,
        0.2799999999994999,
        0.3027499999994999,
        0.32099999999949996,
        0.33074999999949994,
        0.34599999999949993,
        0.3497499999994999,
        0.35949999999949994
    ],
    "train_weighted_f1": [
        0.10596304481032523,
        0.12523542679535937,
        0.18093676401176828,
        0.22796722995903806,
        0.2656499791906011,
        0.2888376340208848,
        0.3038800448175642,
        0.32364774027528115,
        0.32572948680729324,
        0.33834718591336543
    ],
    "train_confidence": [
        0.23100521421432496,
        0.22832147598266603,
        0.2677008991241455,
        0.2743561344146728,
        0.3038033924102783,
        0.3249104118347168,
        0.3365465126037598,
        0.34306092834472657,
        0.3574798164367676,
        0.37193807315826416
    ],
    "val_loss": [
        2.2127489910125733,
        2.115681140899658,
        2.0458015146255493,
        2.017425807952881,
        1.9844584159851075,
        1.9677840061187744,
        1.941524938583374,
        1.9227825555801392,
        1.917608549118042,
        1.8973404388427735
    ],
    "val_accuracy": [
        0.21699999272823334,
        0.23600000143051147,
        0.25999999046325684,
        0.27000001072883606,
        0.2939999997615814,
        0.3089999854564667,
        0.3190000057220459,
        0.3319999873638153,
        0.3179999887943268,
        0.3160000145435333
    ],
    "val_macro_precision": [
        0.021699999999999976,
        0.23158679927655634,
        0.17423217873791666,
        0.254892978733539,
        0.25234271579885525,
        0.25401789294549193,
        0.26239174492243034,
        0.30156787410064684,
        0.26623503424967315,
        0.2705511807171429
    ],
    "val_macro_recall": [
        0.09999999999999955,
        0.14431677331185946,
        0.1695429134028975,
        0.18182550381927687,
        0.21853357545904978,
        0.241641710814462,
        0.25326438442174726,
        0.2651992385125759,
        0.25831422183706765,
        0.2461602772702019
    ],
    "val_macro_f1": [
        0.035661462612953373,
        0.08639446243466671,
        0.13803598508385856,
        0.15677913317901399,
        0.20733193981890943,
        0.22779382434136636,
        0.2353248536910865,
        0.2599737959011591,
        0.2421303118610824,
        0.23816802043498675
    ],
    "val_micro_f1": [
        0.2169999999994998,
        0.23599999999949978,
        0.25999999999949974,
        0.26999999999949975,
        0.2939999999994997,
        0.3089999999994997,
        0.3189999999994997,
        0.3319999999994997,
        0.3179999999994997,
        0.3159999999994997
    ],
    "val_weighted_f1": [
        0.07738537387010883,
        0.13128868128818674,
        0.18733705443452936,
        0.20192769987257578,
        0.24990358444223332,
        0.27434799083405675,
        0.28180766839470084,
        0.3102644592663206,
        0.28745711601766333,
        0.2910072317910732
    ],
    "val_confidence": [
        0.22242410564422607,
        0.2529712257385254,
        0.26556629371643065,
        0.3191660261154175,
        0.3115899085998535,
        0.3293553638458252,
        0.33109359741210936,
        0.32779804611206054,
        0.3611733903884888,
        0.3511273126602173
    ],
    "grad_norm": [
        1.664528723520818,
        0.9317840872916615,
        1.0072723867000715,
        1.0910822226589134,
        1.1606436213476992,
        1.180603956144337,
        1.281197301133051,
        1.2372869598762177,
        1.3426783515324445,
        1.347468661307178
    ],
    "fractional_applied_params": [
        2.0,
        2.0,
        2.0,
        2.0,
        2.0,
        2.0,
        2.0,
        2.0,
        2.0,
        2.0
    ],
    "epoch_time": [
        4.715489625930786,
        0.803621768951416,
        0.8041596412658691,
        0.9708046913146973,
        0.8683829307556152,
        0.8160629272460938,
        0.9378001689910889,
        1.0374150276184082,
        1.0357856750488281,
        1.0077781677246094
    ],
    "throughput_samples_per_sec": [
        848.2682218202195,
        4977.465960409822,
        4974.136719549111,
        4120.293232805727,
        4606.2628114067575,
        4901.582790310668,
        4265.301001495137,
        3855.737475851678,
        3861.8027805911056,
        3969.1274608888534
    ],
    "lr": [
        0.0003,
        0.0003,
        0.0003,
        0.0003,
        0.0003,
        0.0003,
        0.0003,
        0.0003,
        0.0003,
        0.0003
    ]
}