{
    "train_loss": [
        2.1100122499465943,
        2.037428057193756,
        1.9694520831108093,
        1.9604252123832702,
        1.9488499665260315,
        1.9470636224746705,
        1.9399223589897157,
        1.9371440410614014,
        1.9295564985275269,
        1.9235482287406922
    ],
    "train_accuracy": [
        0.3386458456516266,
        0.34187498688697815,
        0.3385416567325592,
        0.33927083015441895,
        0.3397916555404663,
        0.34375,
        0.3402083218097687,
        0.3410416543483734,
        0.3447916805744171,
        0.34458333253860474
    ],
    "train_macro_precision": [
        0.08216974551944735,
        0.08751653829240115,
        0.12437411481537705,
        0.12829486069797852,
        0.12456930670583784,
        0.14053162149069304,
        0.1301445961070156,
        0.12237631447184734,
        0.14455905688982898,
        0.143750068412754
    ],
    "train_macro_recall": [
        0.09992205224791334,
        0.10256810080441311,
        0.11617691975596164,
        0.12089443198312104,
        0.11847388822640745,
        0.12095675246728936,
        0.11776002807015835,
        0.11614056210527916,
        0.12487795916495241,
        0.12156667893662672
    ],
    "train_macro_f1": [
        0.05544806825939415,
        0.06084493000112218,
        0.09135630914228524,
        0.09772595705356965,
        0.09397411789487271,
        0.09773600618660033,
        0.09250971634495792,
        0.08868091606694155,
        0.10261956536088138,
        0.09807781122504287
    ],
    "train_micro_f1": [
        0.33864583333283327,
        0.34187499999949994,
        0.33854166666616664,
        0.33927083333283325,
        0.3397916666661666,
        0.34374999999949996,
        0.3402083333328333,
        0.3410416666661666,
        0.3447916666661666,
        0.34458333333283325
    ],
    "train_weighted_f1": [
        0.17951618143982706,
        0.18793203240284453,
        0.21872310758437583,
        0.22360002332100096,
        0.22069024902650886,
        0.2225172608922273,
        0.2192222245302541,
        0.21637307523580215,
        0.22448082969336577,
        0.2239285978359986
    ],
    "train_confidence": [
        0.34561492363611857,
        0.3473521701494853,
        0.35391056060791015,
        0.3510172406832377,
        0.35030465523401894,
        0.3498262675603231,
        0.3514025298754374,
        0.34852298378944396,
        0.3512109005451202,
        0.34834736347198486
    ],
    "val_loss": [
        2.0819366550445557,
        2.0018146657943725,
        1.967351050376892,
        1.9592508840560914,
        1.957101092338562,
        1.9599724912643433,
        1.9582536554336547,
        1.9648298454284667,
        1.9545940351486206,
        1.964642539024353
    ],
    "val_accuracy": [
        0.3308333456516266,
        0.33125001192092896,
        0.3304166793823242,
        0.33250001072883606,
        0.3291666805744171,
        0.33000001311302185,
        0.3245833218097687,
        0.33375000953674316,
        0.3304166793823242,
        0.3245833218097687
    ],
    "val_macro_precision": [
        0.03308333333333332,
        0.05320770519262781,
        0.061454750738231326,
        0.17775210332419622,
        0.04387908737350847,
        0.04380874257761099,
        0.0604437405102059,
        0.066816638370118,
        0.06830821005562478,
        0.09103695828179306
    ],
    "val_macro_recall": [
        0.09999999999999987,
        0.10075511268433948,
        0.11706381363578607,
        0.12328002293131371,
        0.10458920628115102,
        0.10484109544991678,
        0.11115222579535108,
        0.12216714492481728,
        0.11227949327283411,
        0.11803583213045754
    ],
    "val_macro_f1": [
        0.049718221665585656,
        0.051530629834970476,
        0.07036474432905314,
        0.07805485372552257,
        0.05947869055348968,
        0.05958875542200013,
        0.07153960782359171,
        0.07391635222815307,
        0.07260116031136203,
        0.07921575043909321
    ],
    "val_micro_f1": [
        0.3308333333328332,
        0.3312499999994999,
        0.33041666666616654,
        0.33249999999949986,
        0.32916666666616656,
        0.32999999999949986,
        0.32458333333283323,
        0.3337499999994999,
        0.33041666666616654,
        0.32458333333283323
    ],
    "val_weighted_f1": [
        0.16448445001031256,
        0.1664931585985612,
        0.18867203546578493,
        0.19642887584455454,
        0.17822927681387446,
        0.1788080615335784,
        0.19320226356482056,
        0.1870016512401839,
        0.18879032477172403,
        0.19524958938484016
    ],
    "val_confidence": [
        0.3469017283121745,
        0.4096959972381592,
        0.351517972946167,
        0.31295557260513307,
        0.34892458756764727,
        0.34321956157684325,
        0.3397668139139811,
        0.33990732351938885,
        0.3296762402852376,
        0.3646634038289388
    ],
    "grad_norm": [
        1.225167556324732,
        1.014262092584542,
        1.0486782524657172,
        1.0130870333538935,
        0.9215245891001048,
        1.0793338946583853,
        0.9747187452252448,
        0.9546423027016568,
        0.9327581885664731,
        0.9063500454780384
    ],
    "fractional_applied_params": [
        0.0,
        0.0,
        0.0,
        2.0,
        2.0,
        2.0,
        2.0,
        2.0,
        2.0,
        2.0
    ],
    "epoch_time": [
        8.216346740722656,
        4.5804054737091064,
        4.574685335159302,
        4.590678453445435,
        4.5843892097473145,
        3.605668306350708,
        4.298520088195801,
        3.7471096515655518,
        4.586103439331055,
        4.616948127746582
    ],
    "throughput_samples_per_sec": [
        1168.4024911484744,
        2095.8843174698554,
        2098.5049892323805,
        2091.194166037686,
        2094.0630388860764,
        2662.474521877512,
        2233.3267736406847,
        2561.974666524396,
        2093.2803036383957,
        2079.295615713474
    ],
    "lr": [
        0.0003,
        0.0003,
        0.0003,
        0.0003,
        0.0003,
        0.0003,
        0.0003,
        0.0003,
        0.0003,
        0.0003
    ]
}