{
    "train_loss": [
        2.104669692516327,
        2.0803202748298646,
        1.9839543080329896,
        1.961130816936493,
        1.953961398601532,
        1.9480947589874267,
        1.941541118621826,
        1.9390300822257995,
        1.9313672852516175,
        1.9245301365852356
    ],
    "train_accuracy": [
        0.33510416746139526,
        0.34583333134651184,
        0.3409374952316284,
        0.34322917461395264,
        0.34333333373069763,
        0.34437501430511475,
        0.3440625071525574,
        0.34177082777023315,
        0.3439583480358124,
        0.34697917103767395
    ],
    "train_macro_precision": [
        0.0405640654789297,
        0.03459414400333437,
        0.10739470171529142,
        0.12624721623126056,
        0.1422966998652231,
        0.13003946865292762,
        0.11864571668585973,
        0.13892647208479353,
        0.13889084836060506,
        0.14909524181333025
    ],
    "train_macro_recall": [
        0.10057700180614085,
        0.09993979530403369,
        0.1086450051910143,
        0.11580578364429903,
        0.11936772237496099,
        0.12160402172060573,
        0.11779681262417933,
        0.12050587771689432,
        0.12361820507130505,
        0.1260234750959483
    ],
    "train_macro_f1": [
        0.05598017355995553,
        0.05139716696334904,
        0.0746895877957763,
        0.08716458697161004,
        0.09437942118312123,
        0.09698604331805352,
        0.09088640886699433,
        0.09761920232958596,
        0.10109182764081677,
        0.10494985677527194
    ],
    "train_micro_f1": [
        0.3351041666661666,
        0.3458333333328333,
        0.34093749999949996,
        0.3432291666661666,
        0.3433333333328333,
        0.34437499999949994,
        0.34406249999949995,
        0.34177083333283326,
        0.34395833333283327,
        0.3469791666661666
    ],
    "train_weighted_f1": [
        0.17886493607593795,
        0.17785561317942242,
        0.2018475648516543,
        0.21249406740675453,
        0.21763379537797153,
        0.22297729995006862,
        0.21938543567031737,
        0.223760967301346,
        0.22712692249152733,
        0.23108039008547357
    ],
    "train_confidence": [
        0.34928993066151937,
        0.34403812090555824,
        0.35222668329874673,
        0.34974822759628293,
        0.35207445700963336,
        0.3498598575592041,
        0.3515055231253306,
        0.3528484078248342,
        0.35320773084958396,
        0.3509846885999044
    ],
    "val_loss": [
        2.0930340576171873,
        2.0450669288635255,
        1.9781946659088134,
        1.9698649501800538,
        1.9660891151428224,
        1.9774134349822998,
        1.9804189682006836,
        1.9693141174316406,
        1.9699152088165284,
        1.972727575302124
    ],
    "val_accuracy": [
        0.32875001430511475,
        0.32875001430511475,
        0.32749998569488525,
        0.3279166519641876,
        0.3308333456516266,
        0.3295833468437195,
        0.3304166793823242,
        0.3295833468437195,
        0.32083332538604736,
        0.3199999928474426
    ],
    "val_macro_precision": [
        0.03287499999999999,
        0.03287499999999999,
        0.04573307684543989,
        0.07916182939506641,
        0.05943715374265131,
        0.09081305059551517,
        0.0694666263359542,
        0.11254607925513789,
        0.0933067365159572,
        0.11004806065331767
    ],
    "val_macro_recall": [
        0.09999999999999987,
        0.09999999999999987,
        0.11771530071327438,
        0.11454262351467163,
        0.10787192510153273,
        0.10411876903613079,
        0.1088757554614869,
        0.11459442867216882,
        0.12455921707711262,
        0.12024039664369057
    ],
    "val_macro_f1": [
        0.04948259642517439,
        0.04948259642517439,
        0.0658408215660284,
        0.07071560188860018,
        0.06358690416299334,
        0.05948849436139616,
        0.06803010352827629,
        0.0739842181876562,
        0.095792669504702,
        0.08955041293461427
    ],
    "val_micro_f1": [
        0.3287499999994999,
        0.3287499999994999,
        0.3274999999994999,
        0.32791666666616653,
        0.3308333333328332,
        0.32958333333283324,
        0.33041666666616654,
        0.32958333333283324,
        0.3208333333328332,
        0.3199999999994999
    ],
    "val_weighted_f1": [
        0.1626740357477608,
        0.1626740357477608,
        0.18070608686334497,
        0.1825210504902571,
        0.174024158711361,
        0.17376078881459409,
        0.18467478350294986,
        0.1868523708975111,
        0.22174055244073684,
        0.21107638556477537
    ],
    "val_confidence": [
        0.36314395427703855,
        0.3680707597732544,
        0.3227799654006958,
        0.3397474479675293,
        0.35863988240559896,
        0.37926974137624103,
        0.39763869444529215,
        0.3628368504842122,
        0.29044605255126954,
        0.33042691230773924
    ],
    "grad_norm": [
        1.1373984107021435,
        1.0016281656511408,
        0.9738334393693887,
        0.978513025318306,
        0.9386266999278583,
        0.8606306430098093,
        0.8740322230160423,
        0.9478926871027659,
        0.9794027100971431,
        0.927056832618449
    ],
    "fractional_applied_params": [
        2.0,
        2.0,
        2.0,
        2.0,
        2.0,
        2.0,
        2.0,
        2.0,
        2.0,
        2.0
    ],
    "epoch_time": [
        6.536730766296387,
        2.8901872634887695,
        2.8688628673553467,
        2.9021313190460205,
        2.8726439476013184,
        2.897404909133911,
        2.3686094284057617,
        2.181372880935669,
        2.617249011993408,
        2.3012635707855225
    ],
    "throughput_samples_per_sec": [
        1468.6240482012715,
        3321.584079092425,
        3346.273573839287,
        3307.9137174108587,
        3341.8690847559023,
        3313.3097723885685,
        4053.0109712775507,
        4400.898206767023,
        3667.9734927813506,
        4171.621244029469
    ],
    "lr": [
        0.0003,
        0.0003,
        0.0003,
        0.0003,
        0.0003,
        0.0003,
        0.0003,
        0.0003,
        0.0003,
        0.0003
    ]
}