{
    "train_loss": [
        2.167453184922536,
        2.092782156467438,
        2.0127754982312522,
        1.991677749156952,
        1.976109189192454,
        1.9747677238782246,
        1.9665508063634236,
        1.967078677813212,
        1.9514774441719056,
        1.9676569739977519
    ],
    "train_accuracy": [
        0.3087500035762787,
        0.3410416543483734,
        0.3359375,
        0.3362500071525574,
        0.3407291769981384,
        0.3384374976158142,
        0.3396874964237213,
        0.33927083015441895,
        0.34031251072883606,
        0.34052082896232605
    ],
    "train_macro_precision": [
        0.08030262361776919,
        0.03410416666666666,
        0.12899256063042694,
        0.12539065405027114,
        0.14494644852026076,
        0.1276854173624727,
        0.12064450076356506,
        0.15567234546007386,
        0.12730266118110095,
        0.15866759444989287
    ],
    "train_macro_recall": [
        0.10207073258490551,
        0.09999999999999996,
        0.11375745585573653,
        0.11260061316642796,
        0.12129770104068889,
        0.11708726403331648,
        0.11474903007121459,
        0.11737210003122218,
        0.11721511970855344,
        0.11689982957023363
    ],
    "train_macro_f1": [
        0.07016081757004387,
        0.050862202889506866,
        0.0818787468075023,
        0.08166309480687438,
        0.09538763990110025,
        0.0878032557920614,
        0.08423423914808645,
        0.08698639415236126,
        0.0873459623584535,
        0.08547070027092718
    ],
    "train_micro_f1": [
        0.3087499999995,
        0.3410416666661666,
        0.33593749999949996,
        0.33624999999949995,
        0.3407291666661666,
        0.33843749999949996,
        0.33968749999949993,
        0.33927083333283325,
        0.3403124999995,
        0.3405208333328333
    ],
    "train_weighted_f1": [
        0.1860207173134225,
        0.1734613044377557,
        0.19879139305704188,
        0.20242800802728642,
        0.2158537508960209,
        0.20850384646143372,
        0.2072043865975454,
        0.20614898737893056,
        0.20804914543848574,
        0.2050528258122388
    ],
    "train_confidence": [
        0.34274162342151004,
        0.34145014186700184,
        0.34653336455424627,
        0.33811958342790605,
        0.34026433289051056,
        0.34679208407799406,
        0.3528757553299268,
        0.3336830480893453,
        0.3431149356563886,
        0.3431596770882607
    ],
    "val_loss": [
        2.075806423823039,
        2.0574866994222005,
        2.0042367935180665,
        1.9624858474731446,
        1.9594966602325439,
        1.9621971956888835,
        1.9538277721405028,
        1.9416031773885092,
        1.9535348796844483,
        1.9678189214070638
    ],
    "val_accuracy": [
        0.3487499952316284,
        0.3487499952316284,
        0.3487499952316284,
        0.3462499976158142,
        0.3487499952316284,
        0.3474999964237213,
        0.3454166650772095,
        0.3420833349227905,
        0.3454166650772095,
        0.3412500023841858
    ],
    "val_macro_precision": [
        0.03487499999999999,
        0.03487499999999999,
        0.03487499999999999,
        0.04903768529676728,
        0.03487499999999999,
        0.07637435388179836,
        0.046600169447119186,
        0.09505197397721968,
        0.04874939731699703,
        0.1420731228176994
    ],
    "val_macro_recall": [
        0.09999999999999988,
        0.09999999999999988,
        0.09999999999999988,
        0.12376885454002355,
        0.09999999999999988,
        0.11739511868636868,
        0.1133196791261305,
        0.1154472657763013,
        0.1120675059887248,
        0.12701301092486345
    ],
    "val_macro_f1": [
        0.051714550509692855,
        0.051714550509692855,
        0.051714550509692855,
        0.07014055130885302,
        0.051714550509692855,
        0.07287157314894388,
        0.06592106510794997,
        0.0788709117893809,
        0.06768917042684738,
        0.08671730142081889
    ],
    "val_micro_f1": [
        0.3487499999994999,
        0.3487499999994999,
        0.3487499999994999,
        0.3462499999994999,
        0.3487499999994999,
        0.3474999999994999,
        0.34541666666616655,
        0.3420833333328332,
        0.34541666666616655,
        0.3412499999994999
    ],
    "val_weighted_f1": [
        0.18035449490255384,
        0.18035449490255384,
        0.18035449490255384,
        0.20166658067925824,
        0.18035449490255384,
        0.20346533128778876,
        0.196470457969381,
        0.21049720843338166,
        0.20283681519708704,
        0.21968310287911283
    ],
    "val_confidence": [
        0.3519706161816915,
        0.37207934776941937,
        0.3880450995763143,
        0.40065157095591225,
        0.4051304618517558,
        0.2914354779322942,
        0.29245991945266725,
        0.3491017822424571,
        0.3283027303218842,
        0.2668675714731216
    ],
    "grad_norm": [
        1.125856315710306,
        0.49814367130330717,
        0.6004267346023113,
        0.5152477198274503,
        0.5260186797415138,
        0.5397417502514195,
        0.5126115465353941,
        0.47693602438587457,
        0.36502573484802864,
        0.5023064373002293
    ],
    "epoch_time": [
        48.579862117767334,
        49.01264524459839,
        49.11458921432495,
        49.343870401382446,
        49.339712381362915,
        49.14075231552124,
        49.10785484313965,
        49.50818657875061,
        49.65469527244568,
        49.1212522983551
    ],
    "throughput_samples_per_sec": [
        197.61274695938152,
        195.86782047961393,
        195.4612703387943,
        194.55304016304,
        194.56943578832468,
        195.3572045124717,
        195.4880747828291,
        193.90732449328718,
        193.33519110985705,
        195.43475686839258
    ],
    "lr": [
        0.0003,
        0.0003,
        0.0003,
        0.0003,
        0.0003,
        0.0003,
        0.0003,
        0.0003,
        0.0003,
        0.0003
    ]
}