{
    "train_loss": [
        2.2152407722473146,
        2.0265237398147584,
        1.9638013954162599,
        1.9282788028717042,
        1.8953179683685302,
        1.8530741682052612,
        1.825072772026062,
        1.7884971027374268,
        1.7657726001739502,
        1.7380551795959474
    ],
    "train_accuracy": [
        0.22200000286102295,
        0.289249986410141,
        0.3165000081062317,
        0.33149999380111694,
        0.32899999618530273,
        0.3395000100135803,
        0.3490000069141388,
        0.35499998927116394,
        0.367000013589859,
        0.37724998593330383
    ],
    "train_macro_precision": [
        0.12811322488082783,
        0.21695694342962163,
        0.25124233560957226,
        0.27727426513670517,
        0.2717446355681909,
        0.2969069487031531,
        0.30602395057396603,
        0.30466390300642493,
        0.3249853449710428,
        0.33278158398683844
    ],
    "train_macro_recall": [
        0.122823300034217,
        0.21369401091258006,
        0.2472768303706657,
        0.26454024552926264,
        0.26821017128229385,
        0.2800573721973608,
        0.2865820783291533,
        0.29494597724695726,
        0.3066834086121867,
        0.31660259689718195
    ],
    "train_macro_f1": [
        0.09048293558605196,
        0.19373662409309667,
        0.23625473815998593,
        0.2558129152067665,
        0.25934155463561026,
        0.2755866901342813,
        0.2826007293777463,
        0.2911708875320582,
        0.3027203457449931,
        0.31373043714249294
    ],
    "train_micro_f1": [
        0.22199999999949996,
        0.28924999999949996,
        0.31649999999949996,
        0.3314999999994999,
        0.3289999999994999,
        0.3394999999994999,
        0.34899999999949993,
        0.35499999999949994,
        0.36699999999949995,
        0.37724999999949993
    ],
    "train_weighted_f1": [
        0.13254565618966446,
        0.2395613638460636,
        0.2801366685488569,
        0.3001678617271417,
        0.303117840208364,
        0.3203043533079122,
        0.32502208838372515,
        0.335719450116982,
        0.34678952847116107,
        0.3587962138424608
    ],
    "train_confidence": [
        0.23841608715057372,
        0.2946487922668457,
        0.3187016716003418,
        0.3489480314254761,
        0.33304886627197267,
        0.3516254062652588,
        0.35373265838623047,
        0.36544748878479005,
        0.3729107093811035,
        0.37819623279571535
    ],
    "val_loss": [
        2.0555227451324463,
        1.9746299991607665,
        1.9534809818267822,
        1.9520406799316405,
        1.9235020771026612,
        1.87476473903656,
        1.8704879016876221,
        1.8644884881973267,
        1.8542152547836304,
        1.85917547416687
    ],
    "val_accuracy": [
        0.2930000126361847,
        0.31200000643730164,
        0.3310000002384186,
        0.3199999928474426,
        0.32600000500679016,
        0.335999995470047,
        0.33399999141693115,
        0.3409999907016754,
        0.33399999141693115,
        0.335999995470047
    ],
    "val_macro_precision": [
        0.19691771829004392,
        0.2652057687315984,
        0.2741540793203137,
        0.2741647536976434,
        0.2901872457205098,
        0.2861101736925113,
        0.27845105972815143,
        0.31084628534087455,
        0.28033271347157535,
        0.2868470084738193
    ],
    "val_macro_recall": [
        0.18075880966411706,
        0.2356969354839929,
        0.25185565372468965,
        0.25755498479481503,
        0.24236154419704686,
        0.2644904931619374,
        0.2689634726300608,
        0.2740832461155945,
        0.26480155205569134,
        0.2665670857967682
    ],
    "val_macro_f1": [
        0.12390200199629631,
        0.2207597049607284,
        0.23391253736498094,
        0.23397620681159811,
        0.23379023338327576,
        0.2544307380398064,
        0.26446381011861886,
        0.2620158335517098,
        0.2596791929669016,
        0.2486568625030153
    ],
    "val_micro_f1": [
        0.2929999999994997,
        0.3119999999994997,
        0.3309999999994997,
        0.3199999999994997,
        0.3259999999994997,
        0.33599999999949964,
        0.33399999999949964,
        0.34099999999949965,
        0.33399999999949964,
        0.33599999999949964
    ],
    "val_weighted_f1": [
        0.18947946485820835,
        0.2662373073598293,
        0.2783033669306285,
        0.28307527550634676,
        0.28382094468960434,
        0.3064018871342924,
        0.3164876317604874,
        0.31381765809174095,
        0.31529532376848424,
        0.30950784155935596
    ],
    "val_confidence": [
        0.23024639892578125,
        0.335637393951416,
        0.3450833921432495,
        0.3364850902557373,
        0.38615194416046145,
        0.3532697744369507,
        0.3529867286682129,
        0.37672350406646726,
        0.3740027770996094,
        0.36962409591674805
    ],
    "grad_norm": [
        1.7784013026440968,
        1.5111315088215045,
        1.5477264570795801,
        1.6305545115734024,
        1.5004812489366084,
        1.3507855138368579,
        1.3252185950836866,
        1.3690302895586757,
        1.2853395028363057,
        1.344557445608924
    ],
    "fractional_applied_params": [
        2.0,
        2.0,
        2.0,
        2.0,
        2.0,
        2.0,
        2.0,
        2.0,
        2.0,
        2.0
    ],
    "epoch_time": [
        4.520828723907471,
        1.03029203414917,
        0.8651208877563477,
        1.032893180847168,
        1.1580469608306885,
        1.1751296520233154,
        1.0473113059997559,
        0.7041001319885254,
        0.6264817714691162,
        0.6258888244628906
    ],
    "throughput_samples_per_sec": [
        884.7935288604996,
        3882.3943769528005,
        4623.631282760749,
        3872.617298837468,
        3454.0913583769748,
        3403.879727749936,
        3819.303751506462,
        5681.010155051622,
        6384.862548546137,
        6390.911362625173
    ],
    "lr": [
        0.0003,
        0.0003,
        0.0003,
        0.0003,
        0.0003,
        0.0003,
        0.0003,
        0.0003,
        0.0003,
        0.0003
    ]
}