{
    "train_loss": [
        2.257821882247925,
        2.0739383296966554,
        1.983624538421631,
        1.94132395362854,
        1.9136953468322755,
        1.8834886226654053,
        1.8689165086746216,
        1.8357021446228028,
        1.8167143716812133,
        1.8040577421188355
    ],
    "train_accuracy": [
        0.20499999821186066,
        0.27274999022483826,
        0.3070000112056732,
        0.3240000009536743,
        0.328249990940094,
        0.34200000762939453,
        0.3402499854564667,
        0.3499999940395355,
        0.3555000126361847,
        0.35199999809265137
    ],
    "train_macro_precision": [
        0.1648900497878447,
        0.20610301068581593,
        0.23024522965139896,
        0.26255477600636346,
        0.25963016818920737,
        0.2790115422565204,
        0.28088936034724543,
        0.29411417447778077,
        0.3095411852664638,
        0.30194740191559943
    ],
    "train_macro_recall": [
        0.10310656481567174,
        0.17905953724886997,
        0.23343822208632176,
        0.2548517337621384,
        0.25998222450602493,
        0.2778584327764667,
        0.27421963712549713,
        0.2861173062143047,
        0.2947635950973801,
        0.28958089328466036
    ],
    "train_macro_f1": [
        0.06398488925754713,
        0.16231530642665631,
        0.2194615490422768,
        0.24531988235793106,
        0.24985074206547386,
        0.2666145055828577,
        0.2660881984704519,
        0.280600111977846,
        0.2885579625956083,
        0.28495006376950976
    ],
    "train_micro_f1": [
        0.20499999999949997,
        0.27274999999949995,
        0.30699999999949995,
        0.3239999999994999,
        0.32824999999949994,
        0.3419999999994999,
        0.34024999999949995,
        0.34999999999949993,
        0.35549999999949994,
        0.35199999999949994
    ],
    "train_weighted_f1": [
        0.10528136912170563,
        0.20514703494144335,
        0.2656470266914368,
        0.2911015865035067,
        0.29759432583774187,
        0.31202073444689205,
        0.31321297245078406,
        0.32529082919352403,
        0.32870433627599266,
        0.3270970175798118
    ],
    "train_confidence": [
        0.22988686323165894,
        0.25925131368637083,
        0.3143181395530701,
        0.33009227180480954,
        0.33629382610321046,
        0.3396532623767853,
        0.3517847375869751,
        0.35240607380867006,
        0.35943263888359067,
        0.3634248375892639
    ],
    "val_loss": [
        2.174370927810669,
        2.035078591346741,
        1.9921913604736328,
        1.9694478673934936,
        1.9547720165252687,
        1.934847085952759,
        1.913144341468811,
        1.9191011180877686,
        1.8975515899658204,
        1.8824566650390624
    ],
    "val_accuracy": [
        0.2280000001192093,
        0.3070000112056732,
        0.3089999854564667,
        0.3059999942779541,
        0.32600000500679016,
        0.32199999690055847,
        0.3190000057220459,
        0.30399999022483826,
        0.3230000138282776,
        0.33500000834465027
    ],
    "val_macro_precision": [
        0.05935313550822766,
        0.2707936382673269,
        0.28153903904135136,
        0.2548946542376588,
        0.2911939857844984,
        0.3281094793618519,
        0.29709268268710365,
        0.292290473119353,
        0.2786011898710522,
        0.28360022675526575
    ],
    "val_macro_recall": [
        0.11211770065199382,
        0.22848822593409152,
        0.23783368611978378,
        0.2576533328058909,
        0.2676399908120194,
        0.25439458438257984,
        0.26662625347147617,
        0.25081858745441454,
        0.2666780607831796,
        0.277396940078065
    ],
    "val_macro_f1": [
        0.056052631578849786,
        0.2146616906990982,
        0.2192558038315528,
        0.2355393665085344,
        0.23874965816746604,
        0.24467935438881994,
        0.2553583152423914,
        0.23866165002747014,
        0.25307215919068254,
        0.26324295351250937
    ],
    "val_micro_f1": [
        0.22799999999949977,
        0.3069999999994997,
        0.3089999999994997,
        0.30599999999949967,
        0.3259999999994997,
        0.3219999999994997,
        0.3189999999994997,
        0.3039999999994997,
        0.3229999999994997,
        0.33499999999949964
    ],
    "val_weighted_f1": [
        0.10016052631565735,
        0.2576167431655255,
        0.26632047954799865,
        0.2778444423754785,
        0.28556629162216063,
        0.2886421459157767,
        0.29625265242927956,
        0.2844791547534983,
        0.2973945927656069,
        0.30209792074934844
    ],
    "val_confidence": [
        0.24740110397338866,
        0.2918385963439941,
        0.3120894355773926,
        0.3000580167770386,
        0.3242319049835205,
        0.33047909927368163,
        0.32220973396301267,
        0.328070463180542,
        0.33904391956329344,
        0.3505213079452515
    ],
    "grad_norm": [
        1.6348621609869571,
        1.4788988008273274,
        1.603788516453642,
        1.6352238808643456,
        1.65252730142042,
        1.6648871873665039,
        1.6680128328930561,
        1.6680198382638394,
        1.6882028851333128,
        1.711814362460587
    ],
    "epoch_time": [
        11.482821941375732,
        11.874218225479126,
        12.088316679000854,
        13.383667230606079,
        13.053992509841919,
        13.437594175338745,
        12.423072099685669,
        13.277207374572754,
        12.5384202003479,
        12.686371088027954
    ],
    "throughput_samples_per_sec": [
        348.3464274218963,
        336.86428226634683,
        330.8980155151441,
        298.87174651598536,
        306.41966409772664,
        297.6723323986799,
        321.9815491613551,
        301.26817237640046,
        319.0194566847435,
        315.29899072357847
    ],
    "lr": [
        0.0003,
        0.0003,
        0.0003,
        0.0003,
        0.0003,
        0.0003,
        0.0003,
        0.0003,
        0.0003,
        0.0003
    ]
}