{
    "prefix": "epoch_1",
    "retain_em_acc": 0.6333333333333333,
    "forget_em_acc": 0.7,
    "retain_answer_nll": 0.08183242660015821,
    "forget_answer_nll": 0.07503368426114321,
    "general_ppl": 1.1374759197089166,
    "forget_minus_retain_nll": -0.006798742339015007,
    "retain_eval_n": 30,
    "forget_eval_n": 30
}