{
    "train_loss": [
        2.226105827331543,
        2.033568388938904,
        1.9604672508239747,
        1.9146182956695557,
        1.8875332326889038,
        1.8581670150756835,
        1.8180152816772461,
        1.8004282360076904,
        1.7637879972457886,
        1.7301070137023926
    ],
    "train_accuracy": [
        0.22474999725818634,
        0.2930000126361847,
        0.32600000500679016,
        0.33000001311302185,
        0.3334999978542328,
        0.3387500047683716,
        0.35249999165534973,
        0.3555000126361847,
        0.3675000071525574,
        0.3785000145435333
    ],
    "train_macro_precision": [
        0.12611822944867296,
        0.2458407359344396,
        0.2666816388139616,
        0.2714142072606687,
        0.2837790829833491,
        0.28640372640818523,
        0.30278599346768875,
        0.30050436737847963,
        0.33114828242314354,
        0.3278689131008668
    ],
    "train_macro_recall": [
        0.12755855767816915,
        0.20620718704638205,
        0.25196899776790016,
        0.26175770494388967,
        0.27032398218734105,
        0.27739256667296897,
        0.2937287344126499,
        0.29188300567159164,
        0.3075592756028205,
        0.3189711943421275
    ],
    "train_macro_f1": [
        0.09852529912125646,
        0.19239808515809534,
        0.24236469128880445,
        0.25329622473325325,
        0.26794443904349213,
        0.2703218974413435,
        0.2899737358055734,
        0.28730110126686187,
        0.3048180783171205,
        0.31602661082069117
    ],
    "train_micro_f1": [
        0.22474999999949996,
        0.29299999999949994,
        0.3259999999994999,
        0.3299999999994999,
        0.3334999999994999,
        0.33874999999949995,
        0.35249999999949994,
        0.35549999999949994,
        0.36749999999949995,
        0.3784999999994999
    ],
    "train_weighted_f1": [
        0.14235073816697244,
        0.24108291235333573,
        0.28930395345010906,
        0.29871772512555494,
        0.31071222234221646,
        0.3117513443230157,
        0.3339543874254738,
        0.32979497764938936,
        0.3450808026079684,
        0.3583236352481608
    ],
    "train_confidence": [
        0.23757900619506836,
        0.2890425004959106,
        0.3313582248687744,
        0.3330441761016846,
        0.3481558170318603,
        0.3513539409637451,
        0.37129399490356446,
        0.37209989547729494,
        0.3756183204650879,
        0.3857110013961792
    ],
    "val_loss": [
        2.1222487812042234,
        2.0131230258941653,
        1.9704648303985595,
        1.9505846242904663,
        1.9256067037582398,
        1.9296820373535157,
        1.9015378789901733,
        1.9041997985839845,
        1.886556121826172,
        1.864994782447815
    ],
    "val_accuracy": [
        0.25,
        0.3109999895095825,
        0.3059999942779541,
        0.3269999921321869,
        0.3330000042915344,
        0.32100000977516174,
        0.3330000042915344,
        0.3240000009536743,
        0.3269999921321869,
        0.33000001311302185
    ],
    "val_macro_precision": [
        0.18384122159235067,
        0.2528262033280006,
        0.23606552942092368,
        0.28374118687122174,
        0.2762130231765275,
        0.28141975668429475,
        0.2944970894456046,
        0.3038862379920722,
        0.2970754919824511,
        0.2890433043338641
    ],
    "val_macro_recall": [
        0.13777220648543437,
        0.23154330214480728,
        0.22800818549858604,
        0.2547935603645703,
        0.2661603522495168,
        0.2479138151700308,
        0.26829794200036405,
        0.2637088322354168,
        0.2652706710175182,
        0.2509721718262892
    ],
    "val_macro_f1": [
        0.09461974214600316,
        0.2221624054977674,
        0.20937800883623758,
        0.24185510953899308,
        0.24645784711710683,
        0.2380821957866337,
        0.2500518322890122,
        0.2529775867037236,
        0.25817267402333505,
        0.23285569590517374
    ],
    "val_micro_f1": [
        0.24999999999949973,
        0.3109999999994997,
        0.30599999999949967,
        0.3269999999994997,
        0.3329999999994997,
        0.3209999999994997,
        0.3329999999994997,
        0.3239999999994997,
        0.3269999999994997,
        0.3299999999994997
    ],
    "val_weighted_f1": [
        0.14920596767366368,
        0.27084533887274376,
        0.26364282006629935,
        0.2881366315633752,
        0.3002115065840376,
        0.2867452887257093,
        0.30347584743506933,
        0.30953190884788573,
        0.31377343293173615,
        0.2884587750318818
    ],
    "val_confidence": [
        0.24140460014343262,
        0.3244001007080078,
        0.3284550666809082,
        0.3440669937133789,
        0.352447811126709,
        0.3815912284851074,
        0.3381081695556641,
        0.3464498414993286,
        0.37189596939086916,
        0.3890634231567383
    ],
    "grad_norm": [
        1.9776409162403183,
        1.3836966896564722,
        1.5182931440379215,
        1.431917562649901,
        1.5249267726406839,
        1.4714358369948584,
        1.4484266538478416,
        1.386664504943285,
        1.4234047209015142,
        1.4186142335215493
    ],
    "fractional_applied_params": [
        0.0,
        0.0,
        0.0,
        0.0,
        0.0,
        0.0,
        0.0,
        0.0,
        0.0,
        0.0
    ],
    "epoch_time": [
        4.342646837234497,
        0.8214030265808105,
        0.3280501365661621,
        0.3218252658843994,
        0.3029625415802002,
        0.34038758277893066,
        0.8578875064849854,
        0.9052507877349854,
        0.9117739200592041,
        1.1667344570159912
    ],
    "throughput_samples_per_sec": [
        921.0972362991638,
        4869.716656207713,
        12193.258146055576,
        12429.10493372143,
        13202.952348949451,
        11751.309984177225,
        4662.615983754285,
        4418.665030945006,
        4387.052439205838,
        3428.372219528249
    ],
    "lr": [
        0.0003,
        0.0003,
        0.0003,
        0.0003,
        0.0003,
        0.0003,
        0.0003,
        0.0003,
        0.0003,
        0.0003
    ]
}