{
    "train_loss": [
        2.1271976947784426,
        2.072908203601837,
        1.9785733008384705,
        1.9618479084968568,
        1.9499835538864136,
        1.950257122516632,
        1.9415869688987732,
        1.9401537704467773,
        1.9315392446517945,
        1.928980631828308
    ],
    "train_accuracy": [
        0.32885417342185974,
        0.33937498927116394,
        0.33385416865348816,
        0.3376041650772095,
        0.33520832657814026,
        0.3373958468437195,
        0.3370833396911621,
        0.3387500047683716,
        0.34052082896232605,
        0.3395833373069763
    ],
    "train_macro_precision": [
        0.14633980099047667,
        0.10400543251146484,
        0.13141731736950243,
        0.1361054664148184,
        0.141784440201736,
        0.14214748750981104,
        0.13660175457146947,
        0.15369491837538665,
        0.14391399172376312,
        0.14094779182720168
    ],
    "train_macro_recall": [
        0.09925307943094495,
        0.10027331999631203,
        0.12066012028274256,
        0.12603278466679985,
        0.1228602583124175,
        0.12430227247226493,
        0.12313539114389231,
        0.12694841809418483,
        0.12841789769611828,
        0.12821567136356415
    ],
    "train_macro_f1": [
        0.054885528688668236,
        0.05152231956608351,
        0.09614616018268995,
        0.10528161099816843,
        0.10045153206266455,
        0.102173162926945,
        0.0997363845855372,
        0.10567133473404469,
        0.10878671026657798,
        0.10880851232737558
    ],
    "train_micro_f1": [
        0.3288541666661666,
        0.33937499999949994,
        0.33385416666616663,
        0.3376041666661666,
        0.3352083333328333,
        0.3373958333328333,
        0.3370833333328333,
        0.33874999999949995,
        0.3405208333328333,
        0.3395833333328333
    ],
    "train_weighted_f1": [
        0.17343429937408295,
        0.1728594311932409,
        0.21890670156650677,
        0.2255774901781742,
        0.21994438797827429,
        0.22252255287422584,
        0.22286193110749467,
        0.22375638357001915,
        0.23151239828872236,
        0.23184496804810636
    ],
    "train_confidence": [
        0.34168115417162576,
        0.3403558615843455,
        0.34772305329640707,
        0.34659788131713865,
        0.3488304165999095,
        0.3468672339121501,
        0.34546843051910403,
        0.3465457105636597,
        0.34596627910931904,
        0.34916200399398806
    ],
    "val_loss": [
        2.0678743648529054,
        1.9536023902893067,
        1.9334799671173095,
        1.9239961147308349,
        1.928994836807251,
        1.922929105758667,
        1.9299618625640869,
        1.9291138362884521,
        1.9267889308929442,
        1.9373059368133545
    ],
    "val_accuracy": [
        0.35499998927116394,
        0.3554166555404663,
        0.35333332419395447,
        0.35208332538604736,
        0.35333332419395447,
        0.3504166603088379,
        0.3454166650772095,
        0.3512499928474426,
        0.3512499928474426,
        0.33500000834465027
    ],
    "val_macro_precision": [
        0.03549999999999999,
        0.10285177031735522,
        0.0678161927152854,
        0.09035029312270228,
        0.08067327953310925,
        0.05518939704941206,
        0.08758191956299613,
        0.09464759419060939,
        0.10019627480960125,
        0.10521059477319794
    ],
    "val_macro_recall": [
        0.09999999999999988,
        0.10172812927144212,
        0.10458275681321907,
        0.10965005230379077,
        0.12405632068938918,
        0.10906163299033775,
        0.12044553706254515,
        0.1179555635678857,
        0.13036363441284493,
        0.13366823753446114
    ],
    "val_macro_f1": [
        0.05239852398520115,
        0.05664874442766301,
        0.06311369566579363,
        0.07107418348721863,
        0.08240032421173299,
        0.06760654261713134,
        0.08271298933175206,
        0.08457224821267395,
        0.10082482506188865,
        0.10508481507898988
    ],
    "val_micro_f1": [
        0.3549999999994999,
        0.35541666666616656,
        0.35333333333283323,
        0.3520833333328332,
        0.35333333333283323,
        0.35041666666616655,
        0.34541666666616655,
        0.35124999999949985,
        0.35124999999949985,
        0.33499999999949986
    ],
    "val_weighted_f1": [
        0.18601476014746407,
        0.19023204838898547,
        0.19529267993568877,
        0.20723343079615386,
        0.21782477051520327,
        0.20357139698732166,
        0.22622229731946272,
        0.21790896505587976,
        0.23341495103316556,
        0.24502339703142595
    ],
    "val_confidence": [
        0.29072258949279783,
        0.38347137769063316,
        0.36871087392171226,
        0.34878571271896364,
        0.3447104104359945,
        0.3748847929636637,
        0.31538026571273803,
        0.35568498611450194,
        0.3488338740666707,
        0.3032288614908854
    ],
    "grad_norm": [
        1.6980148551895977,
        1.2543257881624854,
        1.296511711590286,
        1.2158923663890129,
        1.1511623968968407,
        1.2645797170892652,
        1.148042415647006,
        1.2359244438547026,
        1.1968624014428364,
        1.177191846725825
    ],
    "fractional_applied_params": [
        42.0,
        42.0,
        42.0,
        42.0,
        42.0,
        42.0,
        42.0,
        42.0,
        42.0,
        42.0
    ],
    "epoch_time": [
        7.197929382324219,
        3.707047462463379,
        3.1678128242492676,
        2.858077049255371,
        3.3509304523468018,
        2.5552635192871094,
        3.1727511882781982,
        3.087325096130371,
        3.703562021255493,
        3.76957631111145
    ],
    "throughput_samples_per_sec": [
        1333.7168913569071,
        2589.6620146375685,
        3030.4820810475385,
        3358.9017491677264,
        2864.87593118404,
        3756.9510649446815,
        3025.7651578438986,
        3109.4878903529025,
        2592.0991588378038,
        2546.7053078889558
    ],
    "lr": [
        0.0003,
        0.0003,
        0.0003,
        0.0003,
        0.0003,
        0.0003,
        0.0003,
        0.0003,
        0.0003,
        0.0003
    ]
}