{
    "train_loss": [
        2.2309725379943846,
        2.030118413925171,
        1.9501818408966065,
        1.9103354005813598,
        1.876635516166687,
        1.8331910371780396,
        1.7993235168457031,
        1.76973814868927,
        1.7510928134918213,
        1.705075789451599
    ],
    "train_accuracy": [
        0.22050000727176666,
        0.29475000500679016,
        0.3190000057220459,
        0.33399999141693115,
        0.3434999883174896,
        0.34275001287460327,
        0.35374999046325684,
        0.36149999499320984,
        0.3675000071525574,
        0.3762499988079071
    ],
    "train_macro_precision": [
        0.13778288903103791,
        0.22615271845986906,
        0.2585647251278968,
        0.2797850755622291,
        0.28834002687422156,
        0.29057096175527775,
        0.299774833700475,
        0.3117388332255583,
        0.3192875103548212,
        0.33461305727488655
    ],
    "train_macro_recall": [
        0.12221255445398785,
        0.2123477840367542,
        0.24680811403141395,
        0.27069774948494835,
        0.2829778698557601,
        0.27938223221712905,
        0.29563460143465786,
        0.2989920145562063,
        0.30561702449009803,
        0.3139508424733802
    ],
    "train_macro_f1": [
        0.09191567566980255,
        0.19460806694118676,
        0.23592246384799026,
        0.2652215659640994,
        0.2759368594241257,
        0.2742901710457007,
        0.2898966281084389,
        0.2951445153595348,
        0.301268448346937,
        0.31208541554196423
    ],
    "train_micro_f1": [
        0.22049999999949996,
        0.29474999999949997,
        0.31899999999949996,
        0.3339999999994999,
        0.3434999999994999,
        0.34274999999949995,
        0.3537499999994999,
        0.36149999999949994,
        0.36749999999949995,
        0.37624999999949993
    ],
    "train_weighted_f1": [
        0.13438676533482316,
        0.24355231715127215,
        0.28145516089994177,
        0.3106289610618639,
        0.3183569832837947,
        0.3186301931894307,
        0.33340925625107976,
        0.33820140147125227,
        0.3454006489177189,
        0.35481527554453574
    ],
    "train_confidence": [
        0.234993501663208,
        0.2896181354522705,
        0.32257385063171384,
        0.34457155418395996,
        0.3469309778213501,
        0.3535035581588745,
        0.37087411308288576,
        0.37029074573516846,
        0.3831019887924194,
        0.39216816329956056
    ],
    "val_loss": [
        2.1110940380096435,
        2.029342800140381,
        1.951531831741333,
        1.9385496759414673,
        1.9187250366210937,
        1.9141068210601806,
        1.8905780124664306,
        1.8965810623168946,
        1.907170470237732,
        1.8766773128509522
    ],
    "val_accuracy": [
        0.26899999380111694,
        0.3089999854564667,
        0.3330000042915344,
        0.32199999690055847,
        0.3230000138282776,
        0.3310000002384186,
        0.3230000138282776,
        0.3190000057220459,
        0.3089999854564667,
        0.3199999928474426
    ],
    "val_macro_precision": [
        0.16847384572968968,
        0.2869899942570419,
        0.2697748518794244,
        0.2598505909606198,
        0.28296051072293854,
        0.30111675370278834,
        0.2929540445730632,
        0.28383005741093387,
        0.30238175660193733,
        0.2900301999979077
    ],
    "val_macro_recall": [
        0.15716702254310996,
        0.23724549625197322,
        0.2566611653566372,
        0.24710272103402103,
        0.2606842688780461,
        0.2567119809133051,
        0.2646665394875383,
        0.2444563401445023,
        0.25347147360539163,
        0.2609435971767059
    ],
    "val_macro_f1": [
        0.1157390537647113,
        0.20733895368792088,
        0.24677733742175229,
        0.22686395021583125,
        0.2535291570440499,
        0.25940734983848,
        0.2596154822988851,
        0.23837417535846256,
        0.23902221699039156,
        0.2569784399549135
    ],
    "val_micro_f1": [
        0.26899999999949975,
        0.3089999999994997,
        0.3329999999994997,
        0.3219999999994997,
        0.3229999999994997,
        0.3309999999994997,
        0.3229999999994997,
        0.3189999999994997,
        0.3089999999994997,
        0.3199999999994997
    ],
    "val_weighted_f1": [
        0.17587644312952733,
        0.25955812780577314,
        0.2965773213924428,
        0.274654418502076,
        0.3048790367467278,
        0.312097779973152,
        0.31389105187046734,
        0.2930997365839925,
        0.2934773211815405,
        0.3128159053088662
    ],
    "val_confidence": [
        0.22122557544708252,
        0.33637640380859374,
        0.3398788547515869,
        0.36796500205993654,
        0.3410105028152466,
        0.3449242572784424,
        0.34581420707702637,
        0.3781506404876709,
        0.37267718410491946,
        0.36640037155151367
    ],
    "grad_norm": [
        1.7418333591031903,
        1.3966580237231827,
        1.3415529960904549,
        1.1745500243736064,
        1.177211777504555,
        1.0499810168116988,
        1.0461381996711636,
        1.0634240563961284,
        1.0814991901142075,
        1.0569045998563045
    ],
    "fractional_applied_params": [
        0.0,
        0.0,
        0.0,
        42.0,
        42.0,
        42.0,
        42.0,
        42.0,
        42.0,
        42.0
    ],
    "epoch_time": [
        4.537088394165039,
        1.1367080211639404,
        0.99432373046875,
        0.9827020168304443,
        1.2257707118988037,
        1.1517291069030762,
        0.7162144184112549,
        0.6948566436767578,
        0.7109525203704834,
        0.92622971534729
    ],
    "throughput_samples_per_sec": [
        881.6226735066996,
        3518.933556837376,
        4022.8346940028237,
        4070.409881625552,
        3263.2530384118277,
        3473.0389082166525,
        5584.919679323148,
        5756.583082856398,
        5626.254757371936,
        4318.5831049484295
    ],
    "lr": [
        0.0003,
        0.0003,
        0.0003,
        0.0003,
        0.0003,
        0.0003,
        0.0003,
        0.0003,
        0.0003,
        0.0003
    ]
}