{
    "train_loss": [
        2.377034206390381,
        2.267710123062134,
        2.1457779998779296,
        2.1080447368621824,
        2.0916701526641845,
        2.0357648887634276,
        1.989396251678467,
        1.9272148046493531,
        1.8935775566101074,
        1.9182543334960938
    ],
    "train_accuracy": [
        0.16349999606609344,
        0.19900000095367432,
        0.25174999237060547,
        0.2574999928474426,
        0.26774999499320984,
        0.27900001406669617,
        0.30924999713897705,
        0.3165000081062317,
        0.32225000858306885,
        0.31575000286102295
    ],
    "train_macro_precision": [
        0.11368083001687324,
        0.138335672560538,
        0.1774360596322974,
        0.17271931267988744,
        0.18698998906668918,
        0.20177401293923353,
        0.224667179556562,
        0.2491719755897706,
        0.25629386844897795,
        0.24433046333943959
    ],
    "train_macro_recall": [
        0.10486730909414728,
        0.13301374340489766,
        0.17756312371912275,
        0.17582037238964154,
        0.20790464827370378,
        0.19974064842869477,
        0.2368310220571403,
        0.24846655766489106,
        0.2533832938811762,
        0.2466410506209375
    ],
    "train_macro_f1": [
        0.0943335744297423,
        0.11526235396286806,
        0.16348631055509386,
        0.155395635778328,
        0.1821639165130468,
        0.17906677064467785,
        0.21512758491619555,
        0.23712115200372014,
        0.240064162090802,
        0.23502105506365006
    ],
    "train_micro_f1": [
        0.16349999999949996,
        0.19899999999949997,
        0.25174999999949993,
        0.25749999999949996,
        0.26774999999949994,
        0.2789999999994999,
        0.3092499999994999,
        0.31649999999949996,
        0.32224999999949994,
        0.31574999999949993
    ],
    "train_weighted_f1": [
        0.12642231202290916,
        0.1547232385262164,
        0.21361050168264284,
        0.20011354037471998,
        0.22597641797776027,
        0.22962741298680991,
        0.2655751039688423,
        0.2838004244650173,
        0.29045234018585636,
        0.27998540297386937
    ],
    "train_confidence": [
        0.28252120637893674,
        0.27196957063674926,
        0.29296753168106077,
        0.31066062378883363,
        0.2999939670562744,
        0.3166684973239899,
        0.3232663855552673,
        0.33136624479293825,
        0.3451629712581635,
        0.35188854789733887
    ],
    "val_loss": [
        2.3455806274414064,
        2.182618139266968,
        2.142890142440796,
        2.1416679286956786,
        2.146473066329956,
        2.1125579090118407,
        2.050449294090271,
        2.003877403259277,
        1.9738682317733764,
        1.9969268798828126
    ],
    "val_accuracy": [
        0.09399999678134918,
        0.24899999797344208,
        0.2540000081062317,
        0.23100000619888306,
        0.24300000071525574,
        0.2709999978542328,
        0.27300000190734863,
        0.296999990940094,
        0.30000001192092896,
        0.30399999022483826
    ],
    "val_macro_precision": [
        0.08999338035563051,
        0.07409565388655244,
        0.1737233058439953,
        0.22117747765177084,
        0.2562974351532069,
        0.12264365856947615,
        0.19141381749704606,
        0.28944669953430235,
        0.2855047889660235,
        0.26455780401195167
    ],
    "val_macro_recall": [
        0.12235358619832903,
        0.14749328358685077,
        0.1719490855248633,
        0.1899877702756751,
        0.1826374611994191,
        0.17860563412180955,
        0.21875140819284494,
        0.22226603685175342,
        0.20873846420281902,
        0.22846511700327427
    ],
    "val_macro_f1": [
        0.052642426345271595,
        0.08033045550008926,
        0.11584960138026323,
        0.15113096268385434,
        0.14967528338217911,
        0.125998054738876,
        0.18302548597559756,
        0.19827634099772623,
        0.18060528926274214,
        0.20885764104081467
    ],
    "val_micro_f1": [
        0.09399999999949989,
        0.24899999999949976,
        0.25399999999949974,
        0.23099999999949977,
        0.24299999999949976,
        0.27099999999949975,
        0.27299999999949975,
        0.2969999999994997,
        0.2999999999994997,
        0.3039999999994997
    ],
    "val_weighted_f1": [
        0.04437292532273488,
        0.13892479024690055,
        0.15950809027063625,
        0.20535552106102778,
        0.21056406602610575,
        0.17480463853781508,
        0.22737757762914565,
        0.24544991180375855,
        0.2378108950345184,
        0.27778586323306836
    ],
    "val_confidence": [
        0.16500283193588255,
        0.3217860069274902,
        0.3137170696258545,
        0.22849207782745362,
        0.2609958505630493,
        0.3835779914855957,
        0.2663530750274658,
        0.3712900657653809,
        0.3322505149841309,
        0.34652410697937014
    ],
    "grad_norm": [
        1.3303555613181322,
        1.2965866683449923,
        1.0043545709098223,
        0.9693500562504954,
        0.9771601195267856,
        0.8408547549895127,
        0.7265641622024025,
        0.5616120238970139,
        0.5880115381269686,
        0.7004285011544072
    ],
    "epoch_time": [
        31.76210331916809,
        30.278231143951416,
        29.02640962600708,
        27.842774868011475,
        28.010857582092285,
        28.197743892669678,
        28.49193835258484,
        31.626737594604492,
        36.09649443626404,
        29.4271137714386
    ],
    "throughput_samples_per_sec": [
        125.93624420288447,
        132.10811361412925,
        137.8055381818935,
        143.6638416595321,
        142.8017685026985,
        141.8553205967604,
        140.3905887518219,
        126.4752644193816,
        110.81408492624796,
        135.92906294066543
    ],
    "lr": [
        0.0003,
        0.0003,
        0.0003,
        0.0003,
        0.0003,
        0.0003,
        0.0003,
        0.0003,
        0.0003,
        0.0003
    ]
}