{
    "train_loss": [
        2.189775215148926,
        2.1047780256271365,
        2.0546747722625733,
        2.0346657934188843,
        2.022702516555786,
        2.009345965385437,
        2.002104821205139,
        1.9852290287017822,
        1.9848212232589721,
        1.9651287174224854
    ],
    "train_accuracy": [
        0.2709999978542328,
        0.2787500023841858,
        0.28125,
        0.28224998712539673,
        0.2903749942779541,
        0.2919999957084656,
        0.29124999046325684,
        0.29587501287460327,
        0.2994999885559082,
        0.3022499978542328
    ],
    "train_macro_precision": [
        0.05211639887708001,
        0.11790984292264946,
        0.14080491994363145,
        0.13743921352537863,
        0.1526161016344581,
        0.14790063962459607,
        0.15176545555041882,
        0.15628745026748256,
        0.17912466587217457,
        0.1718586288372353
    ],
    "train_macro_recall": [
        0.09856049161689148,
        0.11604818144068582,
        0.1306799029792446,
        0.1351880488499561,
        0.14217880169751557,
        0.1444941924997796,
        0.14973372459329012,
        0.15611327273655648,
        0.16009701315115646,
        0.16414965571090925
    ],
    "train_macro_f1": [
        0.048630663394278364,
        0.08306758327251856,
        0.1071919316068192,
        0.11420353944138399,
        0.12001713678995632,
        0.12217221692593017,
        0.13051100631435908,
        0.13812478694518987,
        0.14485041830111017,
        0.1486392840018236
    ],
    "train_micro_f1": [
        0.2709999999995,
        0.27874999999949995,
        0.28124999999949996,
        0.28224999999949996,
        0.2903749999995,
        0.2919999999995,
        0.29124999999949996,
        0.29587499999949995,
        0.2994999999995,
        0.3022499999995
    ],
    "train_weighted_f1": [
        0.12666713063251275,
        0.16540696835880594,
        0.18966909116516414,
        0.19962977576166888,
        0.2064070411310023,
        0.20953720585080718,
        0.21678610403515305,
        0.22631401793639414,
        0.22988063315909565,
        0.23540606330200892
    ],
    "train_confidence": [
        0.2821314768791199,
        0.2874754948616028,
        0.3004369049072266,
        0.30295071864128115,
        0.30094198608398437,
        0.30929904079437254,
        0.30528653717041015,
        0.30752937507629396,
        0.3114378538131714,
        0.3109704804420471
    ],
    "val_loss": [
        2.1554741020202637,
        2.046959348678589,
        2.0308316822052004,
        2.034315427780151,
        2.009871633529663,
        1.9983055953979492,
        1.9952939834594727,
        1.9923057022094726,
        2.0035186653137207,
        1.9967583656311034
    ],
    "val_accuracy": [
        0.28049999475479126,
        0.28450000286102295,
        0.28850001096725464,
        0.2915000021457672,
        0.29100000858306885,
        0.29499998688697815,
        0.2915000021457672,
        0.2944999933242798,
        0.2955000102519989,
        0.2939999997615814
    ],
    "val_macro_precision": [
        0.028049999999999985,
        0.06389375100325503,
        0.08970791971467208,
        0.08697903545729417,
        0.08288333760311173,
        0.11569480141128233,
        0.12129723203940561,
        0.129202495106509,
        0.1373141044773338,
        0.16026833344653807
    ],
    "val_macro_recall": [
        0.09999999999999983,
        0.13777089783281687,
        0.14002121717291952,
        0.15003794341504512,
        0.13291679934917122,
        0.1477410576225235,
        0.1467978357216319,
        0.14388003028900798,
        0.13695156690422416,
        0.1565006432151667
    ],
    "val_macro_f1": [
        0.04381101132366742,
        0.0848639147836969,
        0.09010566815659707,
        0.09802733493148871,
        0.07943996950031204,
        0.10887898066433381,
        0.10790553150646216,
        0.1091177428156068,
        0.10552461600244649,
        0.11971123602556062
    ],
    "val_micro_f1": [
        0.28049999999949987,
        0.2844999999994999,
        0.2884999999994999,
        0.2914999999994999,
        0.2909999999994999,
        0.2949999999994999,
        0.2914999999994999,
        0.2944999999994999,
        0.2954999999994999,
        0.2939999999994999
    ],
    "val_weighted_f1": [
        0.12288988676288713,
        0.1792257727854117,
        0.18692738276314472,
        0.20048213919281954,
        0.1711892254247776,
        0.20585723702810915,
        0.1988623464242548,
        0.20203012394710174,
        0.18652000038497502,
        0.21495462416325023
    ],
    "val_confidence": [
        0.2863617935180664,
        0.2918993911743164,
        0.26550285911560056,
        0.2336699113845825,
        0.3323583745956421,
        0.28971427154541013,
        0.29821258926391603,
        0.3107486763000488,
        0.3303638896942139,
        0.31117603969573976
    ],
    "grad_norm": [
        1.2073240656155757,
        1.0091881008211796,
        1.0267249831494893,
        0.9654707403914368,
        1.0744529819348394,
        0.9624920445485983,
        1.0238733568313767,
        0.9622246993050574,
        1.0621154155032388,
        0.9749554576868465
    ],
    "fractional_applied_params": [
        0.0,
        0.0,
        0.0,
        2.0,
        2.0,
        2.0,
        2.0,
        2.0,
        2.0,
        2.0
    ],
    "epoch_time": [
        6.019865036010742,
        1.69962477684021,
        1.719416856765747,
        1.5093047618865967,
        2.6912856101989746,
        2.7099828720092773,
        2.7028768062591553,
        2.7113397121429443,
        2.704533100128174,
        2.7154219150543213
    ],
    "throughput_samples_per_sec": [
        1328.9334481992737,
        4706.921262275831,
        4652.74024069308,
        5300.45369365971,
        2972.557044738383,
        2952.048178101036,
        2959.8093340673513,
        2950.5708798389896,
        2957.996705464933,
        2946.1351680370312
    ],
    "lr": [
        0.0003,
        0.0003,
        0.0003,
        0.0003,
        0.0003,
        0.0003,
        0.0003,
        0.0003,
        0.0003,
        0.0003
    ]
}