{
    "train_loss": [
        2.21303971862793,
        2.150285367965698,
        2.1034441480636596,
        2.0385925521850585,
        2.0229814291000365,
        2.01014663028717,
        2.002814274787903,
        1.9927185211181642,
        1.9870121240615846,
        1.982500431060791
    ],
    "train_accuracy": [
        0.2626250088214874,
        0.28224998712539673,
        0.2852500081062317,
        0.289124995470047,
        0.2877500057220459,
        0.2917500138282776,
        0.289124995470047,
        0.2928749918937683,
        0.29462501406669617,
        0.2952499985694885
    ],
    "train_macro_precision": [
        0.11094358514379485,
        0.2145926097544042,
        0.14956380675011247,
        0.1414360522436475,
        0.14402114857591364,
        0.15281263821741037,
        0.1397872073386645,
        0.15570164179304474,
        0.16765291867624832,
        0.17128622040690722
    ],
    "train_macro_recall": [
        0.09937730615829646,
        0.10281065335869292,
        0.11757614456470211,
        0.14040603395081683,
        0.14466459726314168,
        0.14821659850782123,
        0.146000585949767,
        0.15503177217628755,
        0.15435435899405917,
        0.1577546773742608
    ],
    "train_macro_f1": [
        0.05497505769541292,
        0.05130688176052246,
        0.0815057904861859,
        0.11650322105030933,
        0.12152699181033152,
        0.12792297954125026,
        0.12315455147851614,
        0.13591430460844667,
        0.135210326306676,
        0.14037106023850357
    ],
    "train_micro_f1": [
        0.2626249999995,
        0.28224999999949996,
        0.28524999999949996,
        0.2891249999995,
        0.28774999999949996,
        0.29174999999949996,
        0.2891249999995,
        0.29287499999949995,
        0.2946249999995,
        0.29524999999949997
    ],
    "train_weighted_f1": [
        0.13087751609460788,
        0.1311670761473766,
        0.16589548937043086,
        0.2046494218759231,
        0.20784492108295888,
        0.21279712908371567,
        0.21230302782004418,
        0.22154974224620874,
        0.2222974734348,
        0.22831040690378482
    ],
    "train_confidence": [
        0.28342686271667483,
        0.2868498830795288,
        0.29062020587921145,
        0.3030022053718567,
        0.3043978657722473,
        0.30612128829956053,
        0.31022345113754274,
        0.3074899888038635,
        0.30896386289596556,
        0.30725339937210083
    ],
    "val_loss": [
        2.141127925872803,
        2.1201657962799074,
        2.047372751235962,
        2.016162748336792,
        2.0168985061645506,
        2.006835660934448,
        2.005183708190918,
        1.9995184249877929,
        2.0004210929870605,
        2.017979696273804
    ],
    "val_accuracy": [
        0.28299999237060547,
        0.2840000092983246,
        0.2824999988079071,
        0.289000004529953,
        0.2849999964237213,
        0.27950000762939453,
        0.2865000069141388,
        0.2904999852180481,
        0.30000001192092896,
        0.289000004529953
    ],
    "val_macro_precision": [
        0.028299999999999985,
        0.07487989567727171,
        0.1113551806235589,
        0.11040447327949103,
        0.12740352756743462,
        0.1251409050306784,
        0.14193228301932898,
        0.1938715684241871,
        0.1889002191144093,
        0.1861932993313971
    ],
    "val_macro_recall": [
        0.09999999999999983,
        0.1074707320703032,
        0.13822632024257206,
        0.1427116853874204,
        0.1449598779676222,
        0.14464200587986234,
        0.13269538820111626,
        0.1452673175220261,
        0.16256746847477757,
        0.13033475309936773
    ],
    "val_macro_f1": [
        0.04411535463753378,
        0.060470629389928865,
        0.10585175814720271,
        0.10521872035671868,
        0.10377489893039474,
        0.11495305357115633,
        0.10037278838005873,
        0.11696619384318292,
        0.1379301896484797,
        0.10051200483337867
    ],
    "val_micro_f1": [
        0.2829999999994999,
        0.2839999999994999,
        0.2824999999994999,
        0.2889999999994999,
        0.2849999999994999,
        0.27949999999949987,
        0.2864999999994999,
        0.2904999999994999,
        0.2999999999994999,
        0.2889999999994999
    ],
    "val_weighted_f1": [
        0.12484645362422059,
        0.14374210008594077,
        0.19749466200247345,
        0.19221170653545705,
        0.19194098268795995,
        0.2080615478144126,
        0.18712451667948007,
        0.2098442020514178,
        0.22698997302143337,
        0.18293712865840583
    ],
    "val_confidence": [
        0.27487362480163574,
        0.23388176345825196,
        0.26150251293182375,
        0.28858740043640135,
        0.3090234479904175,
        0.28962283325195315,
        0.3289418878555298,
        0.3047187147140503,
        0.2927920436859131,
        0.35017156887054446
    ],
    "grad_norm": [
        1.2508829103139345,
        0.9121752068301247,
        0.9154212839888607,
        0.9503266211270655,
        0.9077998450894744,
        0.9533923423473941,
        0.9296560141723337,
        0.8918443615118848,
        0.9325227948119186,
        0.9103369625038215
    ],
    "fractional_applied_params": [
        2.0,
        2.0,
        2.0,
        2.0,
        2.0,
        2.0,
        2.0,
        2.0,
        2.0,
        2.0
    ],
    "epoch_time": [
        5.0665061473846436,
        1.7449886798858643,
        1.7494423389434814,
        1.7396562099456787,
        1.7545068264007568,
        1.7359366416931152,
        1.3690123558044434,
        1.3715732097625732,
        1.493290662765503,
        0.9874000549316406
    ],
    "throughput_samples_per_sec": [
        1578.9973933278736,
        4584.556961437287,
        4572.885783038348,
        4598.609744996572,
        4559.685878459315,
        4608.4631246664285,
        5843.628778134096,
        5832.7181830744885,
        5357.2959367363765,
        8102.085836478765
    ],
    "lr": [
        0.0003,
        0.0003,
        0.0003,
        0.0003,
        0.0003,
        0.0003,
        0.0003,
        0.0003,
        0.0003,
        0.0003
    ]
}