{
    "train_loss": [
        2.2434490985870363,
        2.0898827142715453,
        2.0628966426849367,
        2.035599536895752,
        2.054012958526611,
        1.9801602993011476,
        1.9982309474945068,
        1.907419288635254,
        1.8658026466369628,
        1.8229365062713623
    ],
    "train_accuracy": [
        0.22224999964237213,
        0.27250000834465027,
        0.26774999499320984,
        0.28224998712539673,
        0.27524998784065247,
        0.31150001287460327,
        0.30300000309944153,
        0.3322499990463257,
        0.34424999356269836,
        0.3580000102519989
    ],
    "train_macro_precision": [
        0.13510645345764777,
        0.20088167628421333,
        0.22251070352345761,
        0.23861845356447803,
        0.2650133268179601,
        0.27376305117106187,
        0.28782966319655573,
        0.3112932022865686,
        0.3188144698687668,
        0.3235106325907956
    ],
    "train_macro_recall": [
        0.12416365018269822,
        0.19275013561397888,
        0.19225753842122842,
        0.21573504807932728,
        0.2083633077745796,
        0.2571173876187248,
        0.2271782643564205,
        0.26046673107937834,
        0.28678657385782974,
        0.29851700886583105
    ],
    "train_macro_f1": [
        0.09292532842597984,
        0.1760277098496012,
        0.17922161843933845,
        0.20310311638840045,
        0.20449685936005563,
        0.24658725355891847,
        0.2192645904215686,
        0.24291220514032838,
        0.28407761227204553,
        0.28530021671843847
    ],
    "train_micro_f1": [
        0.22224999999949996,
        0.2724999999995,
        0.26774999999949994,
        0.28224999999949996,
        0.27524999999949995,
        0.31149999999949995,
        0.30299999999949995,
        0.33224999999949995,
        0.34424999999949996,
        0.35799999999949994
    ],
    "train_weighted_f1": [
        0.14023127292045234,
        0.23362860893573348,
        0.22428597589905416,
        0.2524073953300706,
        0.23829705219350672,
        0.2939694974669572,
        0.26734354288613116,
        0.2856458455943218,
        0.3270033355151132,
        0.3251742308676608
    ],
    "train_confidence": [
        0.2490650749206543,
        0.31483208751678465,
        0.32431563663482665,
        0.3492479019165039,
        0.3334248323440552,
        0.3669012098312378,
        0.320826563835144,
        0.3606610488891602,
        0.3734681358337402,
        0.3591080894470215
    ],
    "val_loss": [
        2.1594091796875,
        2.122436477661133,
        2.036181936264038,
        2.1037197074890135,
        2.03286945438385,
        2.1420078144073487,
        2.0205200080871584,
        1.961564582824707,
        1.9899822397232056,
        1.947682029724121
    ],
    "val_accuracy": [
        0.25,
        0.23800000548362732,
        0.28299999237060547,
        0.2460000067949295,
        0.27300000190734863,
        0.26899999380111694,
        0.2759999930858612,
        0.32899999618530273,
        0.289000004529953,
        0.3059999942779541
    ],
    "val_macro_precision": [
        0.08853414648233271,
        0.17810815678855968,
        0.28443314692678806,
        0.35952348507683646,
        0.26931173764694866,
        0.511627127705803,
        0.26828152290765234,
        0.306761756585749,
        0.2770055571774399,
        0.3253025442948799
    ],
    "val_macro_recall": [
        0.14897085335357657,
        0.13688842025490275,
        0.23472924829898187,
        0.22871373331191625,
        0.1813932925542578,
        0.20134090505623706,
        0.20520755522134126,
        0.2624909112143965,
        0.19498095468830817,
        0.2481939638060902
    ],
    "val_macro_f1": [
        0.1004316794604905,
        0.10532000413960947,
        0.2012054443630873,
        0.18879136312512304,
        0.15701039424364233,
        0.16357456009466895,
        0.17235205505208032,
        0.26850497708182997,
        0.17985201469884016,
        0.23052322951798213
    ],
    "val_micro_f1": [
        0.24999999999949973,
        0.23799999999949978,
        0.2829999999994997,
        0.24599999999949976,
        0.27299999999949975,
        0.26899999999949975,
        0.2759999999994997,
        0.3289999999994997,
        0.2889999999994997,
        0.30599999999949967
    ],
    "val_weighted_f1": [
        0.16153083042152164,
        0.1474803462453467,
        0.24464776614173592,
        0.2342396956129144,
        0.20164075594836856,
        0.21109235131407025,
        0.21121642226313267,
        0.31505183198499437,
        0.21533368280395485,
        0.28727338382891043
    ],
    "val_confidence": [
        0.26946225452423095,
        0.35171988677978516,
        0.2955290575027466,
        0.2739008188247681,
        0.3429760665893555,
        0.4678324241638184,
        0.2339278335571289,
        0.4070726432800293,
        0.38512173652648923,
        0.3550367259979248
    ],
    "grad_norm": [
        1.9220431094607011,
        1.7719671506427919,
        2.0775060974044,
        2.1116557175593718,
        2.3527634462004183,
        1.9593423390312696,
        1.7651570128176994,
        1.4055527932179013,
        1.4943551132660307,
        1.5758192627104048
    ],
    "fractional_applied_params": [
        12.0,
        12.0,
        12.0,
        12.0,
        12.0,
        12.0,
        12.0,
        12.0,
        12.0,
        12.0
    ],
    "epoch_time": [
        4.814570665359497,
        0.9261901378631592,
        0.9574682712554932,
        1.0885696411132812,
        0.9114282131195068,
        0.5909545421600342,
        0.5429174900054932,
        0.6007390022277832,
        0.6116750240325928,
        0.6245529651641846
    ],
    "throughput_samples_per_sec": [
        830.8113595215714,
        4318.767644436939,
        4177.684128117317,
        3674.5467161009524,
        4388.71645887433,
        6768.710136958005,
        7367.602027261138,
        6658.465631774168,
        6539.420186930604,
        6404.58091324323
    ],
    "lr": [
        0.0003,
        0.0003,
        0.0003,
        0.0003,
        0.0003,
        0.0003,
        0.0003,
        0.0003,
        0.0003,
        0.0003
    ]
}