{
    "train_loss": [
        2.1899328594207765,
        2.108907745361328,
        2.046199857711792,
        2.0300946350097657,
        2.0161802339553834,
        2.008961911201477,
        2.0004143838882444,
        1.992446270942688,
        1.985171275138855,
        1.9714349670410156
    ],
    "train_accuracy": [
        0.2747499942779541,
        0.27812498807907104,
        0.2824999988079071,
        0.28600001335144043,
        0.28562501072883606,
        0.2887499928474426,
        0.2878749966621399,
        0.29237499833106995,
        0.2942500114440918,
        0.2997500002384186
    ],
    "train_macro_precision": [
        0.09281295449365345,
        0.11342684583487857,
        0.13701905297030118,
        0.15468270329514347,
        0.14957529759842886,
        0.14162046544715468,
        0.15562486854566138,
        0.16224458990984109,
        0.1632160753460417,
        0.18357316131014245
    ],
    "train_macro_recall": [
        0.10109464434441465,
        0.11791968771646277,
        0.134477347448485,
        0.14284144096699056,
        0.14351848094030892,
        0.14410829549265697,
        0.14882845375248707,
        0.1526712365072408,
        0.15824524116510907,
        0.16648039105216408
    ],
    "train_macro_f1": [
        0.050974115627361295,
        0.08424013573189251,
        0.11279746799393627,
        0.12468037564749353,
        0.12553856354222231,
        0.12358345046824352,
        0.1298700882952098,
        0.13588412527980293,
        0.14241775378054233,
        0.1512469866740831
    ],
    "train_micro_f1": [
        0.2747499999995,
        0.27812499999949997,
        0.2824999999995,
        0.2859999999995,
        0.2856249999995,
        0.28874999999949996,
        0.2878749999995,
        0.29237499999949995,
        0.29424999999949997,
        0.29974999999949997
    ],
    "train_weighted_f1": [
        0.12762382389637295,
        0.17096108040180194,
        0.19526998567112133,
        0.20927209242400135,
        0.20853292483314137,
        0.21106984908266202,
        0.21536762856702835,
        0.22178862092554405,
        0.22678191200232578,
        0.235728550513919
    ],
    "train_confidence": [
        0.28473681116104127,
        0.28994627952575686,
        0.29633408498764036,
        0.3024643092155457,
        0.3044418354034424,
        0.30536177968978884,
        0.3035877070426941,
        0.3042881398200989,
        0.30801633167266845,
        0.3109931507110596
    ],
    "val_loss": [
        2.1436728477478026,
        2.0205254974365237,
        2.003336254119873,
        2.0059342765808106,
        1.9892735176086427,
        1.9837651901245117,
        1.9868513107299806,
        1.987543041229248,
        1.995663902282715,
        1.9963670787811278
    ],
    "val_accuracy": [
        0.28700000047683716,
        0.30000001192092896,
        0.3005000054836273,
        0.296999990940094,
        0.29750001430511475,
        0.2980000078678131,
        0.2955000102519989,
        0.3034999966621399,
        0.29600000381469727,
        0.29499998688697815
    ],
    "val_macro_precision": [
        0.028757515030060105,
        0.06233285648889827,
        0.1023395788047368,
        0.06632908033177556,
        0.10141823641822985,
        0.11486959069346223,
        0.08590524458040587,
        0.1339539090480199,
        0.10990674419946053,
        0.12122835620847745
    ],
    "val_macro_recall": [
        0.09982608695652156,
        0.1257493962681874,
        0.14366057071342614,
        0.13017413166657657,
        0.14367048618871364,
        0.1460380267146144,
        0.13206348939373877,
        0.14348358969768604,
        0.13838005557954364,
        0.1319748793667364
    ],
    "val_macro_f1": [
        0.044651886425480604,
        0.07392564256907486,
        0.1077110483959007,
        0.08569173485438422,
        0.09326418132875233,
        0.10806852536401042,
        0.09582839932557859,
        0.10679048650408363,
        0.09504832766487611,
        0.10391137951863613
    ],
    "val_micro_f1": [
        0.2869999999994999,
        0.2999999999994999,
        0.3004999999994999,
        0.2969999999994999,
        0.2974999999994999,
        0.2979999999994999,
        0.2954999999994999,
        0.3034999999994999,
        0.2959999999994999,
        0.2949999999994999
    ],
    "val_weighted_f1": [
        0.12837417347325672,
        0.1681627555892149,
        0.20487150556923112,
        0.18664525751763025,
        0.1956878543767322,
        0.20988953345893394,
        0.199020175998879,
        0.19806360470839002,
        0.19481144173977394,
        0.19955076626375215
    ],
    "val_confidence": [
        0.23288577651977538,
        0.29191787910461425,
        0.28389469146728513,
        0.2814327917098999,
        0.2845575752258301,
        0.2929210119247437,
        0.2936510906219482,
        0.3431678695678711,
        0.349335431098938,
        0.3506858787536621
    ],
    "grad_norm": [
        1.1499539953220832,
        1.1765295917013578,
        0.984485802507275,
        1.0600226558681192,
        0.9115936899996164,
        0.9669047994197966,
        0.9751473739132704,
        1.0387893807796416,
        1.1160472205493916,
        0.9466535387028786
    ],
    "fractional_applied_params": [
        0.0,
        0.0,
        0.0,
        0.0,
        0.0,
        0.0,
        0.0,
        0.0,
        0.0,
        0.0
    ],
    "epoch_time": [
        5.2969982624053955,
        2.559645414352417,
        2.1840319633483887,
        2.6464929580688477,
        2.7116403579711914,
        2.7101144790649414,
        2.6935598850250244,
        2.71220064163208,
        2.6997764110565186,
        1.8511500358581543
    ],
    "throughput_samples_per_sec": [
        1510.2893381670012,
        3125.432903769594,
        3662.9500548769533,
        3022.8684250260085,
        2950.243743232041,
        2951.904822397098,
        2970.0472020230122,
        2949.6342848683794,
        2963.208348379233,
        4321.637817051046
    ],
    "lr": [
        0.0003,
        0.0003,
        0.0003,
        0.0003,
        0.0003,
        0.0003,
        0.0003,
        0.0003,
        0.0003,
        0.0003
    ]
}