{
    "train_loss": [
        2.0999097180366517,
        2.0848454308509825,
        2.051457941532135,
        1.9738837242126466,
        1.9557809853553771,
        1.945018825531006,
        1.9417560696601868,
        1.9357412052154541,
        1.9371246767044068,
        1.9272494387626649
    ],
    "train_accuracy": [
        0.34291666746139526,
        0.34697917103767395,
        0.3451041579246521,
        0.34437501430511475,
        0.34416666626930237,
        0.34697917103767395,
        0.3453125059604645,
        0.3414583206176758,
        0.34458333253860474,
        0.34708333015441895
    ],
    "train_macro_precision": [
        0.09591034519837296,
        0.034705146905605326,
        0.0955169798504065,
        0.13394647688043804,
        0.14023694912111606,
        0.14597582657821828,
        0.13708526042618918,
        0.12177131710995423,
        0.1300040978832163,
        0.13210922179576767
    ],
    "train_macro_recall": [
        0.09977241238252368,
        0.09996998799519805,
        0.1017374222140969,
        0.11836483551822681,
        0.11579179372559578,
        0.11840074765979947,
        0.12058903104249663,
        0.11355641619321574,
        0.1167130335163425,
        0.1208213537838703
    ],
    "train_macro_f1": [
        0.05350002906730409,
        0.051523588553712696,
        0.05733249298597781,
        0.09338388828193035,
        0.08805138404786583,
        0.09222251973845677,
        0.09603053526438789,
        0.08540416322846539,
        0.09021910885208466,
        0.09446492241860933
    ],
    "train_micro_f1": [
        0.3429166666661666,
        0.3469791666661666,
        0.3451041666661666,
        0.34437499999949994,
        0.34416666666616663,
        0.3469791666661666,
        0.3453124999994999,
        0.34145833333283326,
        0.34458333333283325,
        0.34708333333283325
    ],
    "train_weighted_f1": [
        0.1797005898508288,
        0.17882978860517781,
        0.1843432989781561,
        0.2205016249069981,
        0.21551592883975532,
        0.21756789162279339,
        0.2214470258734848,
        0.21299591376150162,
        0.21631255913781497,
        0.2202231879354376
    ],
    "train_confidence": [
        0.34347349842389424,
        0.3467702492078145,
        0.34770374615987143,
        0.35467622955640155,
        0.34742847323417664,
        0.3522643943627675,
        0.34811009804407755,
        0.34868293086687724,
        0.34910102089246114,
        0.3494797519842784
    ],
    "val_loss": [
        2.1082491207122804,
        2.0942148780822754,
        2.017215414047241,
        1.9869241333007812,
        1.975417423248291,
        1.975003604888916,
        1.9687011432647705,
        1.977518138885498,
        1.9620036315917968,
        1.9780527687072753
    ],
    "val_accuracy": [
        0.3245833218097687,
        0.3245833218097687,
        0.32249999046325684,
        0.32624998688697815,
        0.3254166543483734,
        0.31958332657814026,
        0.32374998927116394,
        0.3254166543483734,
        0.3199999928474426,
        0.32499998807907104
    ],
    "val_macro_precision": [
        0.032458333333333325,
        0.032458333333333325,
        0.0720472791988844,
        0.061450000455656816,
        0.06687389635200823,
        0.05682963475662085,
        0.053024062171871125,
        0.054898625436825145,
        0.1035344903646376,
        0.09312797024023223
    ],
    "val_macro_recall": [
        0.09999999999999987,
        0.09999999999999987,
        0.11391688320686917,
        0.10400406357724731,
        0.10608300457386304,
        0.12022971691752085,
        0.10343049603900549,
        0.10680839887984798,
        0.11275788406717173,
        0.10427646915007605
    ],
    "val_macro_f1": [
        0.04900912236548672,
        0.04900912236548672,
        0.07356453434432847,
        0.0572264919953159,
        0.06166508474842698,
        0.06989966715451387,
        0.057820638925962356,
        0.0613364060085733,
        0.06765361383439812,
        0.05794729371534505
    ],
    "val_micro_f1": [
        0.32458333333283323,
        0.32458333333283323,
        0.3224999999994999,
        0.3262499999994999,
        0.32541666666616653,
        0.31958333333283323,
        0.3237499999994999,
        0.32541666666616653,
        0.3199999999994999,
        0.3249999999994999
    ],
    "val_weighted_f1": [
        0.15907544301130896,
        0.15907544301130896,
        0.188020238036979,
        0.16847637743892518,
        0.17088611669518025,
        0.18277696926244802,
        0.16900710919184275,
        0.17013660174439546,
        0.1766345194297228,
        0.1655481584187553
    ],
    "val_confidence": [
        0.3889120705922445,
        0.35035739262898763,
        0.39955959320068357,
        0.37980292956034345,
        0.3217632548014323,
        0.32025792757670085,
        0.3566711759567261,
        0.40291097640991214,
        0.3624072964986165,
        0.4011031659444173
    ],
    "grad_norm": [
        1.1472877137303599,
        1.0083648615273064,
        0.9216693373892789,
        1.101143607085809,
        0.9195025353438389,
        0.9361526298201942,
        0.9542237094117545,
        0.9472992413540808,
        1.035426991016744,
        0.8976152866102164
    ],
    "fractional_applied_params": [
        2.0,
        2.0,
        2.0,
        2.0,
        2.0,
        2.0,
        2.0,
        2.0,
        2.0,
        2.0
    ],
    "epoch_time": [
        7.836529493331909,
        4.585164546966553,
        3.295640230178833,
        4.392247200012207,
        3.996098279953003,
        4.586788177490234,
        4.632983207702637,
        4.556384086608887,
        4.601521730422974,
        4.377553701400757
    ],
    "throughput_samples_per_sec": [
        1225.0320767845799,
        2093.7089392683097,
        2912.939316643513,
        2185.6693311736462,
        2402.343317770679,
        2092.9678085227947,
        2072.0990276932957,
        2106.933879480044,
        2086.2663619579525,
        2193.0056499199845
    ],
    "lr": [
        0.0003,
        0.0003,
        0.0003,
        0.0003,
        0.0003,
        0.0003,
        0.0003,
        0.0003,
        0.0003,
        0.0003
    ]
}