{
    "train_loss": [
        2.286103626251221,
        2.1721046714782717,
        2.07511990070343,
        2.024612226486206,
        1.963343915939331,
        1.9304754199981689,
        1.8938846073150635,
        1.867646858215332,
        1.8273640861511231,
        1.8018573236465454
    ],
    "train_accuracy": [
        0.20624999701976776,
        0.23849999904632568,
        0.26875001192092896,
        0.2919999957084656,
        0.3084999918937683,
        0.3294999897480011,
        0.3330000042915344,
        0.3370000123977661,
        0.3540000021457672,
        0.3632499873638153
    ],
    "train_macro_precision": [
        0.12793759658983234,
        0.1755577831126058,
        0.19751200448686515,
        0.22368864703289398,
        0.23164352518166215,
        0.26622787292003103,
        0.27946361375747236,
        0.28399358593442614,
        0.30380642587225004,
        0.31083211028308655
    ],
    "train_macro_recall": [
        0.09970529774344326,
        0.12520933214825775,
        0.18166997743651317,
        0.2144178393385859,
        0.23115946405357235,
        0.25852863522963765,
        0.26546680650069765,
        0.2752927943523661,
        0.2946211029038934,
        0.3003620919725293
    ],
    "train_macro_f1": [
        0.05411105367155644,
        0.0835805266117918,
        0.15999562162884431,
        0.19467868930140708,
        0.21185138572459167,
        0.24647107145464298,
        0.258275101522459,
        0.26760600304112625,
        0.28840892824841546,
        0.2941535463939155
    ],
    "train_micro_f1": [
        0.20624999999949997,
        0.23849999999949995,
        0.26874999999949994,
        0.29199999999949994,
        0.30849999999949995,
        0.3294999999994999,
        0.3329999999994999,
        0.3369999999994999,
        0.35399999999949994,
        0.3632499999994999
    ],
    "train_weighted_f1": [
        0.0972112136163929,
        0.1279563093129044,
        0.20776206930748045,
        0.24093019110271596,
        0.2605354176626981,
        0.29276673225433114,
        0.3038276219550265,
        0.3126515377727241,
        0.335029857927021,
        0.338182333772152
    ],
    "train_confidence": [
        0.23328902530670165,
        0.23479625415802002,
        0.2719400749206543,
        0.2872230701446533,
        0.31421121501922605,
        0.32072461318969725,
        0.33963990497589114,
        0.3567977495193481,
        0.3519079484939575,
        0.37016888427734373
    ],
    "val_loss": [
        2.2101357440948486,
        2.1129572944641115,
        2.065061019897461,
        2.0168217754364015,
        1.9913746395111085,
        1.947242347717285,
        1.9319616241455078,
        1.8977963027954101,
        1.895575400352478,
        1.9070614719390868
    ],
    "val_accuracy": [
        0.21899999678134918,
        0.25600001215934753,
        0.2759999930858612,
        0.2800000011920929,
        0.2930000126361847,
        0.3070000112056732,
        0.3179999887943268,
        0.31299999356269836,
        0.3230000138282776,
        0.32100000977516174
    ],
    "val_macro_precision": [
        0.02189999999999998,
        0.2979088036153834,
        0.2714109566459403,
        0.2029845775569416,
        0.24377568073208775,
        0.25293064329109677,
        0.2722901734177102,
        0.2813949763023552,
        0.30659443295179245,
        0.29066819392857834
    ],
    "val_macro_recall": [
        0.09999999999999955,
        0.1615168238500622,
        0.2058986460635242,
        0.199351632115161,
        0.21990881279443159,
        0.23639851339963566,
        0.2591461647521221,
        0.25041888868304485,
        0.24944454844726974,
        0.2692985829710142
    ],
    "val_macro_f1": [
        0.035931091058214924,
        0.10380915613227586,
        0.16468786788861062,
        0.17644818934731754,
        0.2069292838932031,
        0.22636534891649,
        0.2511057414971479,
        0.2408267203237313,
        0.24657482885635745,
        0.2406303259405787
    ],
    "val_micro_f1": [
        0.21899999999949976,
        0.25599999999949974,
        0.2759999999994997,
        0.2799999999994997,
        0.2929999999994997,
        0.3069999999994997,
        0.3179999999994997,
        0.3129999999994997,
        0.3229999999994997,
        0.3209999999994997
    ],
    "val_weighted_f1": [
        0.0786890894174907,
        0.15538919401610074,
        0.21106856271434388,
        0.22004239706328396,
        0.2523001672335896,
        0.274420238181644,
        0.2978896609340163,
        0.2877273443344996,
        0.2922103388874579,
        0.28432389821699083
    ],
    "val_confidence": [
        0.22517812156677247,
        0.24813906860351562,
        0.2727847080230713,
        0.30834833526611327,
        0.3097121276855469,
        0.32248558807373046,
        0.3201497755050659,
        0.3431958999633789,
        0.37327089500427246,
        0.4111672515869141
    ],
    "grad_norm": [
        1.5310877463776003,
        0.963585298066876,
        0.9639877734832454,
        1.163925514995667,
        1.0592202422734036,
        1.1454498250142084,
        1.1475862853416678,
        1.3766309966142727,
        1.3154064929335645,
        1.4297243945290288
    ],
    "fractional_applied_params": [
        2.0,
        2.0,
        2.0,
        2.0,
        2.0,
        2.0,
        2.0,
        2.0,
        2.0,
        2.0
    ],
    "epoch_time": [
        4.214548349380493,
        0.623431921005249,
        0.5970730781555176,
        0.7973670959472656,
        1.0156714916229248,
        1.0304317474365234,
        1.0325655937194824,
        1.0267579555511475,
        1.0397191047668457,
        1.0365321636199951
    ],
    "throughput_samples_per_sec": [
        949.0933946903159,
        6416.09751638996,
        6699.347443962519,
        5016.509986843679,
        3938.281258252573,
        3881.867974226413,
        3873.8459080273033,
        3895.757494133915,
        3847.192940536559,
        3859.021591795435
    ],
    "lr": [
        0.0003,
        0.0003,
        0.0003,
        0.0003,
        0.0003,
        0.0003,
        0.0003,
        0.0003,
        0.0003,
        0.0003
    ]
}