{
    "train_loss": [
        0.5027599622938368,
        0.3830705688476562,
        0.3311215840657552,
        0.2927081798977322,
        0.25602298295762804
    ],
    "train_accuracy": [
        0.7556444406509399,
        0.8303999900817871,
        0.8579555749893188,
        0.8783555626869202,
        0.9000444412231445
    ],
    "train_macro_precision": [
        0.7556519513027646,
        0.8304722959845664,
        0.8579528172101625,
        0.8783730026522855,
        0.9000416286842254
    ],
    "train_macro_recall": [
        0.7556547873867072,
        0.8304314256909019,
        0.8579533489344469,
        0.8783721147208083,
        0.9000466070706779
    ],
    "train_macro_f1": [
        0.7556442880562887,
        0.8303975222119924,
        0.8579530762926003,
        0.8783555533924874,
        0.9000433338143199
    ],
    "train_micro_f1": [
        0.7556444444439444,
        0.8303999999995001,
        0.8579555555550555,
        0.8783555555550555,
        0.9000444444439444
    ],
    "train_weighted_f1": [
        0.7556451221237855,
        0.8303947563096583,
        0.8579556083053205,
        0.8783554841903134,
        0.900044755420239
    ],
    "train_confidence": [
        0.7281629340277778,
        0.8362465281486511,
        0.8659159092585246,
        0.8852972565333048,
        0.9080274580425687
    ],
    "val_loss": [
        0.3984738525390625,
        0.38549013061523435,
        0.3729351806640625,
        0.38150502014160154,
        0.42389217987060546
    ],
    "val_accuracy": [
        0.8187999725341797,
        0.8256000280380249,
        0.8327999711036682,
        0.8396000266075134,
        0.8360000252723694
    ],
    "val_macro_precision": [
        0.8195881571151777,
        0.8294781669463622,
        0.8331455610635415,
        0.8412665272200013,
        0.8399506600570729
    ],
    "val_macro_recall": [
        0.8198091778212475,
        0.827680624742019,
        0.833568346541075,
        0.841009078346566,
        0.8380959828124153
    ],
    "val_macro_f1": [
        0.8187951002190099,
        0.8255124491259749,
        0.8327759197319412,
        0.8395968945953796,
        0.8359176700496256
    ],
    "val_micro_f1": [
        0.8187999999994997,
        0.8255999999994996,
        0.8327999999994995,
        0.8395999999994996,
        0.8359999999994996
    ],
    "val_weighted_f1": [
        0.818831283213398,
        0.8253623619142154,
        0.8328529765881285,
        0.8395697928866906,
        0.8357765329926958
    ],
    "val_confidence": [
        0.8267928396224976,
        0.842151293849945,
        0.862442555809021,
        0.894645862865448,
        0.9127739652633667
    ],
    "test_loss": [
        0.40374816772460936,
        0.3847113220214844,
        0.3647345098876953,
        0.38316734313964845,
        0.41999000198364256
    ],
    "test_accuracy": [
        0.8183199763298035,
        0.824720025062561,
        0.8388000130653381,
        0.8379600048065186,
        0.8348000049591064
    ],
    "test_macro_precision": [
        0.8194033835701634,
        0.8288211968613279,
        0.8392089090129025,
        0.8397171825063603,
        0.8391521215761859
    ],
    "test_macro_recall": [
        0.8183199999999999,
        0.8247199999999999,
        0.8387999999999999,
        0.8379599999999999,
        0.8347999999999999
    ],
    "test_macro_f1": [
        0.8181658092607091,
        0.824171748945251,
        0.8387514045747964,
        0.837750191267233,
        0.834268317913812
    ],
    "test_micro_f1": [
        0.8183199999995,
        0.8247199999995,
        0.8387999999995,
        0.8379599999995,
        0.8347999999994999
    ],
    "test_weighted_f1": [
        0.8181658092607093,
        0.824171748945251,
        0.8387514045747964,
        0.837750191267233,
        0.834268317913812
    ],
    "test_confidence": [
        0.8270709347915649,
        0.8438407674598694,
        0.8618822513198853,
        0.8950910105895996,
        0.912629967918396
    ],
    "grad_norm": [
        0.9951017480597861,
        0.9944916154834925,
        0.9930658653641674,
        0.9929647225582385,
        0.9943428316346505
    ],
    "nonfinite_grad_tensors": [
        0.0,
        0.0,
        0.002840909090909091,
        0.0014204545454545455,
        0.0
    ],
    "nonfinite_train_loss_batches": [
        0,
        0,
        0,
        0,
        0
    ],
    "nonfinite_val_loss_batches": [
        0,
        0,
        0,
        0,
        0
    ],
    "nonfinite_test_loss_batches": [
        0,
        0,
        0,
        0,
        0
    ],
    "fractional_applied_params": [
        5.0,
        5.0,
        5.0,
        5.0,
        5.0
    ],
    "epoch_time": [
        113.69113731384277,
        108.51615023612976,
        114.31859993934631,
        114.42271900177002,
        113.94841122627258
    ],
    "throughput_samples_per_sec": [
        197.90460832394587,
        207.34240895055976,
        196.8183656197483,
        196.6392705600008,
        197.45777723324917
    ],
    "lr": [
        2e-05,
        2e-05,
        2e-05,
        2e-05,
        2e-05
    ]
}