{
    "prefix": "after",
    "retain_em_acc": 1.0,
    "forget_em_acc": 0.8333333333333334,
    "retain_answer_nll": 0.006131922942586243,
    "forget_answer_nll": 0.07661873707547784,
    "general_ppl": 1.1040479779050218,
    "forget_minus_retain_nll": 0.0704868141328916,
    "retain_eval_n": 30,
    "forget_eval_n": 30
}