{
    "train_loss": [
        2.115290095806122,
        2.0734125757217408,
        1.9841863656044005,
        1.9622427821159363,
        1.9539687323570252,
        1.9608939337730407,
        1.94691504240036,
        1.9407456254959106,
        1.939907705783844,
        1.934527506828308
    ],
    "train_accuracy": [
        0.335833340883255,
        0.34197917580604553,
        0.3344791531562805,
        0.33635416626930237,
        0.3386458456516266,
        0.33520832657814026,
        0.33687499165534973,
        0.33770832419395447,
        0.3370833396911621,
        0.34041666984558105
    ],
    "train_macro_precision": [
        0.05735998224356731,
        0.11846358559076842,
        0.12187551016508233,
        0.12663056172484197,
        0.13849274695977126,
        0.13488129461692452,
        0.12425290755538321,
        0.13357085456797685,
        0.12994004909420592,
        0.13131279762719342
    ],
    "train_macro_recall": [
        0.10004244435353982,
        0.10061290129887165,
        0.11478850757213284,
        0.11792614264816696,
        0.12160185153685758,
        0.11591901169700794,
        0.11572411961607325,
        0.12014222117380033,
        0.11750711653237404,
        0.12093249898327223
    ],
    "train_macro_f1": [
        0.05425272230988483,
        0.0529528308388432,
        0.08847362658107225,
        0.09397118131935525,
        0.10011316066009637,
        0.09088333951159888,
        0.08950234510323324,
        0.09742022601636911,
        0.09313688474396589,
        0.09586632476401964
    ],
    "train_micro_f1": [
        0.3358333333328333,
        0.3419791666661666,
        0.3344791666661666,
        0.33635416666616663,
        0.33864583333283327,
        0.3352083333328333,
        0.33687499999949994,
        0.3377083333328333,
        0.3370833333328333,
        0.3404166666661666
    ],
    "train_weighted_f1": [
        0.17570245195471437,
        0.1765305302846383,
        0.21383888488959787,
        0.21846786770499307,
        0.2240566178401404,
        0.21348042090932368,
        0.21311706145368195,
        0.22130046919665716,
        0.21792032623526983,
        0.21693406251626887
    ],
    "train_confidence": [
        0.3435304923852285,
        0.34296663959821067,
        0.34759445905685427,
        0.34648136456807455,
        0.34820843815803526,
        0.3502938298384349,
        0.34512738784154257,
        0.34708693424860637,
        0.3459087642033895,
        0.3501887102921804
    ],
    "val_loss": [
        2.066493158340454,
        1.9748180627822876,
        1.9497237491607666,
        1.939240770339966,
        1.9359727001190186,
        1.9434070920944213,
        1.9370041179656983,
        1.9350984621047973,
        1.9293500471115113,
        1.9357089042663573
    ],
    "val_accuracy": [
        0.34375,
        0.34375,
        0.3425000011920929,
        0.34291666746139526,
        0.34583333134651184,
        0.3462499976158142,
        0.34291666746139526,
        0.3412500023841858,
        0.3454166650772095,
        0.3320833444595337
    ],
    "val_macro_precision": [
        0.03437499999999999,
        0.041677643395999955,
        0.039775233248515555,
        0.047707739175524407,
        0.10953258986317498,
        0.13829546462426465,
        0.07843295349423876,
        0.07485341696511047,
        0.1142916680985174,
        0.09486449683930134
    ],
    "val_macro_recall": [
        0.09999999999999988,
        0.10037139871622618,
        0.10073622127313389,
        0.10170631815874598,
        0.1094380651589493,
        0.12404884250735407,
        0.11861235268851147,
        0.11144051972464826,
        0.1162382689050371,
        0.12258307309438203
    ],
    "val_macro_f1": [
        0.05116279069763631,
        0.052245234196339696,
        0.05364012187756184,
        0.05578894305898513,
        0.06877826107379356,
        0.08920275168320313,
        0.08244630010379736,
        0.07442851711830976,
        0.07530972322053217,
        0.08339160937429509
    ],
    "val_micro_f1": [
        0.3437499999994999,
        0.3437499999994999,
        0.34249999999949987,
        0.34291666666616655,
        0.3458333333328332,
        0.3462499999994999,
        0.34291666666616655,
        0.3412499999994999,
        0.34541666666616655,
        0.33208333333283324
    ],
    "val_weighted_f1": [
        0.17587209302312481,
        0.1772043596774452,
        0.17842671965968027,
        0.1816294707041167,
        0.19532115382264126,
        0.2141783470898463,
        0.20841422271997848,
        0.19906538017522107,
        0.2006387408997846,
        0.21458621315649495
    ],
    "val_confidence": [
        0.38178790410359703,
        0.3791884136199951,
        0.4156829007466634,
        0.361841246287028,
        0.3829621601104736,
        0.2934772864977519,
        0.31703981558481853,
        0.3233824570973714,
        0.35655967871348065,
        0.3180111900965373
    ],
    "grad_norm": [
        1.2225281418706673,
        0.9818258865088755,
        1.1305432357777556,
        0.8215597710388781,
        0.8010029587165293,
        1.0193820695629885,
        0.7421417968878196,
        0.7244845899657874,
        0.8158609641473913,
        0.7774113814721448
    ],
    "fractional_applied_params": [
        0.0,
        0.0,
        0.0,
        2.0,
        2.0,
        2.0,
        2.0,
        2.0,
        2.0,
        2.0
    ],
    "epoch_time": [
        8.969931840896606,
        5.626514673233032,
        6.175083637237549,
        6.175671339035034,
        6.181131362915039,
        5.464806795120239,
        5.303379774093628,
        5.166913986206055,
        5.980320453643799,
        6.294342517852783
    ],
    "throughput_samples_per_sec": [
        1070.2422460147047,
        1706.2072273036083,
        1554.6348137066857,
        1554.4868683863651,
        1553.1137321554372,
        1756.695224536072,
        1810.166423851983,
        1857.975578000488,
        1605.2651483167156,
        1525.1791545775127
    ],
    "lr": [
        0.0003,
        0.0003,
        0.0003,
        0.0003,
        0.0003,
        0.0003,
        0.0003,
        0.0003,
        0.0003,
        0.0003
    ]
}