{
    "train_loss": [
        2.186682186126709,
        2.075907006263733,
        2.043660668373108,
        2.0324508113861084,
        2.017485836029053,
        2.0027815408706666,
        1.9914265861511231,
        1.9815884141921998,
        1.9610038595199586,
        1.9602675018310547
    ],
    "train_accuracy": [
        0.27125000953674316,
        0.28049999475479126,
        0.28349998593330383,
        0.2828750014305115,
        0.2863749861717224,
        0.28862500190734863,
        0.2906250059604645,
        0.2971250116825104,
        0.2997500002384186,
        0.29637500643730164
    ],
    "train_macro_precision": [
        0.07378207010365942,
        0.11192395384581524,
        0.13469978848234962,
        0.1385889335492066,
        0.15445806197327724,
        0.145587618506481,
        0.15127983733051203,
        0.1688342255524887,
        0.17479190182316645,
        0.17675998332972784
    ],
    "train_macro_recall": [
        0.09934900361505963,
        0.1220322598672495,
        0.1357694890527255,
        0.1389265401524486,
        0.142819603410122,
        0.14650078540929107,
        0.1490499681276029,
        0.15994542533205272,
        0.16528116472082585,
        0.16488966657377632
    ],
    "train_macro_f1": [
        0.050220081339737675,
        0.09029222862094516,
        0.11125153678802957,
        0.11668703450666693,
        0.12113804177261125,
        0.12475056007426273,
        0.1294051282215108,
        0.14401412370406602,
        0.1524950216371321,
        0.1519861274467406
    ],
    "train_micro_f1": [
        0.2712499999995,
        0.2804999999995,
        0.2834999999995,
        0.2828749999995,
        0.2863749999995,
        0.2886249999995,
        0.2906249999995,
        0.2971249999995,
        0.29974999999949997,
        0.29637499999949996
    ],
    "train_weighted_f1": [
        0.12794872992651404,
        0.1742421942658533,
        0.19532298434818837,
        0.20402148880814902,
        0.20701726808001172,
        0.21246833543077984,
        0.21709533249398422,
        0.2313420375870562,
        0.2399227625555864,
        0.2375401927598421
    ],
    "train_confidence": [
        0.28538550305366517,
        0.29041394662857056,
        0.2990672016143799,
        0.3071409602165222,
        0.3052492141723633,
        0.3103337516784668,
        0.30749915075302126,
        0.3103172283172607,
        0.31028453302383424,
        0.3155341572761536
    ],
    "val_loss": [
        2.0858290901184082,
        2.0459136009216308,
        2.0302934284210203,
        2.027699796676636,
        2.0046193714141847,
        1.9965584068298339,
        1.997487033843994,
        1.9947277603149414,
        1.9933564338684082,
        2.0005041408538817
    ],
    "val_accuracy": [
        0.2849999964237213,
        0.28949999809265137,
        0.28949999809265137,
        0.28700000047683716,
        0.2944999933242798,
        0.296999990940094,
        0.2980000078678131,
        0.2980000078678131,
        0.2985000014305115,
        0.29649999737739563
    ],
    "val_macro_precision": [
        0.128464232115958,
        0.05628546519819673,
        0.09444575146225273,
        0.12289665792547269,
        0.12538624876315616,
        0.16134666779122747,
        0.20962160875219235,
        0.13105760535059682,
        0.11566176443109306,
        0.14144747642046493
    ],
    "val_macro_recall": [
        0.1004854368932037,
        0.1195072599428576,
        0.13015744936890744,
        0.15838827394938537,
        0.14913375898004144,
        0.14816907738766258,
        0.1487117260274969,
        0.15334953475090224,
        0.15401340044328427,
        0.15883610044018354
    ],
    "val_macro_f1": [
        0.045280825319392,
        0.07292807602956704,
        0.09264453783680883,
        0.11835792355598511,
        0.1127114920447823,
        0.12122193207692619,
        0.11636483571089662,
        0.12609363259511172,
        0.12122091434062524,
        0.12052877355667971
    ],
    "val_micro_f1": [
        0.2849999999994999,
        0.2894999999994999,
        0.2894999999994999,
        0.2869999999994999,
        0.2944999999994999,
        0.2969999999994999,
        0.2979999999994999,
        0.2979999999994999,
        0.2984999999994999,
        0.2964999999994999
    ],
    "val_weighted_f1": [
        0.12707032484526623,
        0.15863131686113047,
        0.17662595101588055,
        0.2113985144060506,
        0.2091134030899817,
        0.21348174823728294,
        0.21534136914603694,
        0.22032090327477924,
        0.21588824200658296,
        0.214996055141667
    ],
    "val_confidence": [
        0.2887532138824463,
        0.3090458345413208,
        0.30934890365600587,
        0.25309833335876464,
        0.28899909782409666,
        0.3060236701965332,
        0.31651096534729006,
        0.311408203125,
        0.31553552436828614,
        0.3173535404205322
    ],
    "grad_norm": [
        1.1695264972473756,
        0.9452492005983542,
        1.0126057813328952,
        1.1246368584533346,
        1.0252694814594023,
        1.037988619735859,
        0.9797437209596835,
        1.082203030074866,
        1.0030496044719852,
        1.0220222228515474
    ],
    "fractional_applied_params": [
        2.0,
        2.0,
        2.0,
        2.0,
        2.0,
        2.0,
        2.0,
        2.0,
        2.0,
        2.0
    ],
    "epoch_time": [
        6.311394214630127,
        2.726292371749878,
        2.7124245166778564,
        2.1401329040527344,
        1.3986022472381592,
        2.02185320854187,
        1.0643932819366455,
        0.8331844806671143,
        2.340041399002075,
        2.30574631690979
    ],
    "throughput_samples_per_sec": [
        1267.5487741608029,
        2934.38813932681,
        2949.390831269399,
        3738.085604333512,
        5719.996529247483,
        3956.7659839012144,
        7516.018877387252,
        9601.715089069541,
        3418.7429348094647,
        3469.5924444636084
    ],
    "lr": [
        0.0003,
        0.0003,
        0.0003,
        0.0003,
        0.0003,
        0.0003,
        0.0003,
        0.0003,
        0.0003,
        0.0003
    ]
}