{
    "train_loss": [
        1.899646467208675,
        1.0298609811899342,
        0.7452829303575689,
        0.5403009883069482,
        0.39372608553481736
    ],
    "train_accuracy": [
        0.5040754079818726,
        0.6993027329444885,
        0.7814003825187683,
        0.8398311138153076,
        0.8849062323570251
    ],
    "train_macro_precision": [
        0.49924556451755403,
        0.6752602762510185,
        0.7680942947629138,
        0.8320779753274351,
        0.8810767412700693
    ],
    "train_macro_recall": [
        0.48790707299795394,
        0.6820002153442041,
        0.7653945380545172,
        0.8260731490224493,
        0.874837683581639
    ],
    "train_macro_f1": [
        0.47308550859716975,
        0.670249943225439,
        0.7586553779908489,
        0.8244606213528154,
        0.8754516976319001
    ],
    "train_micro_f1": [
        0.5040754198168425,
        0.6993027595006291,
        0.7814003731704711,
        0.8398310910335762,
        0.8849062162422573
    ],
    "train_weighted_f1": [
        0.4876861534060881,
        0.6869372334616513,
        0.773697373226776,
        0.8364013135348933,
        0.8836324389141379
    ],
    "train_confidence": [
        0.2606357439882709,
        0.5818640835262008,
        0.7139589876905237,
        0.790002948605896,
        0.8489376920081773
    ],
    "val_loss": [
        1.2908189744679512,
        1.0450211444014896,
        0.9883496786618422,
        0.9982378053833804,
        1.0360714068568775
    ],
    "val_accuracy": [
        0.621573805809021,
        0.6940760612487793,
        0.7179487347602844,
        0.7241379022598267,
        0.725906252861023
    ],
    "val_macro_precision": [
        0.6073354268495454,
        0.7064382469098742,
        0.7130285275833185,
        0.7212429219215654,
        0.7250029497746895
    ],
    "val_macro_recall": [
        0.6209691222965389,
        0.690908123811204,
        0.7174775537722533,
        0.7192835625942526,
        0.7232395189295944
    ],
    "val_macro_f1": [
        0.584706532882779,
        0.6768847449500537,
        0.7016303065995941,
        0.710507419213425,
        0.7170464248181018
    ],
    "val_micro_f1": [
        0.6215738284698796,
        0.6940760389031245,
        0.7179487179482174,
        0.7241379310339822,
        0.7259062776299149
    ],
    "val_weighted_f1": [
        0.5864772364806647,
        0.6822086123591958,
        0.7070044004600434,
        0.7171664315437394,
        0.7206826125972879
    ],
    "val_confidence": [
        0.4833627257275434,
        0.659729817185541,
        0.7420818217553258,
        0.803939979546477,
        0.8316889222378651
    ],
    "test_loss": [
        1.3122243045557704,
        1.1339754660713248,
        1.0874668106523777,
        1.1172789220663062,
        1.1907313194796563
    ],
    "test_accuracy": [
        0.616834819316864,
        0.6623739004135132,
        0.681890606880188,
        0.6893255710601807,
        0.6817578077316284
    ],
    "test_macro_precision": [
        0.6060803535461187,
        0.6566231139071929,
        0.6670019167108894,
        0.6834687006289664,
        0.676466054555591
    ],
    "test_macro_recall": [
        0.5988481627181113,
        0.6450640666146388,
        0.6661263004361472,
        0.6739417115729434,
        0.6679397144208472
    ],
    "test_macro_f1": [
        0.573561190080706,
        0.6391945407623074,
        0.6598133962747302,
        0.6728670576472363,
        0.6676448796678212
    ],
    "test_micro_f1": [
        0.616834838023929,
        0.6623738714811781,
        0.6818906001057133,
        0.6893255443436316,
        0.6817578332443219
    ],
    "test_weighted_f1": [
        0.590025370914026,
        0.6553987809554489,
        0.6744855493100888,
        0.6873031603525455,
        0.6804112882987914
    ],
    "test_confidence": [
        0.49040018923410506,
        0.6571616126195712,
        0.7359945436012726,
        0.7846465100649501,
        0.8156346816429102
    ],
    "grad_norm": [
        0.996864944390263,
        0.9988155024860976,
        0.9991551549254327,
        0.9993254628593216,
        0.999453374016461
    ],
    "nonfinite_grad_tensors": [
        0.006269592476489028,
        0.0,
        0.0,
        0.0,
        0.0
    ],
    "nonfinite_train_loss_batches": [
        0,
        0,
        0,
        0,
        0
    ],
    "nonfinite_val_loss_batches": [
        0,
        0,
        0,
        0,
        0
    ],
    "nonfinite_test_loss_batches": [
        0,
        0,
        0,
        0,
        0
    ],
    "fractional_applied_params": [
        0.0,
        4.0,
        4.0,
        4.0,
        4.0
    ],
    "epoch_time": [
        83.5247495174408,
        74.90885734558105,
        76.02496004104614,
        75.45965027809143,
        70.10301566123962
    ],
    "throughput_samples_per_sec": [
        121.91595974644244,
        135.9385306469463,
        133.94285238035195,
        134.94629199144964,
        145.2576598017914
    ],
    "lr": [
        2e-05,
        2e-05,
        2e-05,
        2e-05,
        2e-05
    ]
}