{
    "train_loss": [
        2.1002869176864625,
        2.030104248523712,
        1.966148784160614,
        1.9518600082397461,
        1.9498354911804199,
        1.9410346221923829,
        1.9365252327919007,
        1.9266172170639038,
        1.9254657793045045,
        1.924616391658783
    ],
    "train_accuracy": [
        0.3395833373069763,
        0.3410416543483734,
        0.33531248569488525,
        0.33666667342185974,
        0.3386458456516266,
        0.3385416567325592,
        0.33927083015441895,
        0.34062498807907104,
        0.3426041603088379,
        0.3422916531562805
    ],
    "train_macro_precision": [
        0.08215692939942863,
        0.12105557086062649,
        0.13076117190619485,
        0.1297655268956958,
        0.150117302979398,
        0.13461487965566252,
        0.1277253829612783,
        0.14292556039216325,
        0.1478968787707967,
        0.1515435988948826
    ],
    "train_macro_recall": [
        0.10097748500372458,
        0.11160051945151954,
        0.12053485117296928,
        0.12057649193097164,
        0.12657826821021084,
        0.12395810219413735,
        0.1217694314115362,
        0.1254463265421484,
        0.12588255801584608,
        0.12831435209276026
    ],
    "train_macro_f1": [
        0.05562176802355253,
        0.07866052682903354,
        0.09831776612318968,
        0.09884865868951412,
        0.10788217389806501,
        0.10368192760824162,
        0.10018641600712956,
        0.10637260420906776,
        0.10600565763801324,
        0.11089310389993472
    ],
    "train_micro_f1": [
        0.3395833333328333,
        0.3410416666661666,
        0.33531249999949997,
        0.3366666666661666,
        0.33864583333283327,
        0.33854166666616664,
        0.33927083333283325,
        0.34062499999949997,
        0.3426041666661666,
        0.3422916666661666
    ],
    "train_weighted_f1": [
        0.17863961533293757,
        0.2056477545477694,
        0.22304082820887652,
        0.2236871921243073,
        0.23060075176730901,
        0.22884438087796363,
        0.22739964342973512,
        0.23038750166184305,
        0.2283056807304131,
        0.23493675319276766
    ],
    "train_confidence": [
        0.3460011625289917,
        0.34920020659764606,
        0.3532496130466461,
        0.35520762801170347,
        0.34808791557947794,
        0.3512035592397054,
        0.35155473510424295,
        0.3481710390249888,
        0.35235860824584964,
        0.3511860791842143
    ],
    "val_loss": [
        2.066185531616211,
        1.9864449501037598,
        1.9642116928100586,
        1.9630135536193847,
        1.9617587423324585,
        1.9569886589050294,
        1.9532557344436645,
        1.962539448738098,
        1.9594721364974976,
        1.992443208694458
    ],
    "val_accuracy": [
        0.33916667103767395,
        0.3383333384990692,
        0.3387500047683716,
        0.33375000953674316,
        0.33125001192092896,
        0.3375000059604645,
        0.33916667103767395,
        0.3375000059604645,
        0.3304166793823242,
        0.3408333361148834
    ],
    "val_macro_precision": [
        0.03391666666666666,
        0.05936369466808481,
        0.10033270193259022,
        0.06636644315264753,
        0.08621633325086557,
        0.08647416640449604,
        0.15888765901039711,
        0.1550266291907744,
        0.10516963273220237,
        0.12199852594605098
    ],
    "val_macro_recall": [
        0.09999999999999988,
        0.10502217946009591,
        0.13123155290464145,
        0.11330996980657411,
        0.11561489805027356,
        0.11933543980467284,
        0.11827520498547488,
        0.10372198971888633,
        0.12068695714722492,
        0.10764237404546584
    ],
    "val_macro_f1": [
        0.05065339141253215,
        0.06013498385638061,
        0.09218260496958261,
        0.07186203397547794,
        0.08093769079505625,
        0.08200130136050257,
        0.0856023851784803,
        0.060298603951223675,
        0.08913455733347818,
        0.06414117984377937
    ],
    "val_micro_f1": [
        0.33916666666616657,
        0.3383333333328332,
        0.3387499999994999,
        0.3337499999994999,
        0.3312499999994999,
        0.33749999999949987,
        0.33916666666616657,
        0.33749999999949987,
        0.33041666666616654,
        0.3408333333328332
    ],
    "val_weighted_f1": [
        0.17179941920750488,
        0.18113236143645278,
        0.20887215793910818,
        0.19550998244375425,
        0.20981139830668716,
        0.2041013606596686,
        0.20299686066371697,
        0.18108561477331073,
        0.21864649203992725,
        0.18450490194778776
    ],
    "val_confidence": [
        0.32241334915161135,
        0.4015755208333333,
        0.30988757610321044,
        0.3491323121388753,
        0.332397985458374,
        0.32860885620117186,
        0.32245540936787925,
        0.38201704025268557,
        0.3315798902511597,
        0.43538472334543865
    ],
    "grad_norm": [
        1.4383711673810178,
        1.4451812614484287,
        1.401134548165953,
        1.3055663695628346,
        1.1628974987916585,
        1.1148476235433016,
        1.2138313823727327,
        1.1163582939000876,
        1.19194892718103,
        1.321711251966388
    ],
    "fractional_applied_params": [
        2.0,
        2.0,
        2.0,
        2.0,
        2.0,
        2.0,
        2.0,
        2.0,
        2.0,
        2.0
    ],
    "epoch_time": [
        8.25995922088623,
        4.813745021820068,
        4.727349042892456,
        2.428450584411621,
        4.595089673995972,
        3.2407028675079346,
        4.8344738483428955,
        4.46697473526001,
        4.335998296737671,
        4.283883333206177
    ],
    "throughput_samples_per_sec": [
        1162.2333407803426,
        1994.289260541319,
        2030.7364471920152,
        3953.137882081279,
        2089.1866494635065,
        2962.3203337312734,
        1985.7383246142858,
        2149.105506288746,
        2214.0230099312703,
        2240.957386861209
    ],
    "lr": [
        0.0003,
        0.0003,
        0.0003,
        0.0003,
        0.0003,
        0.0003,
        0.0003,
        0.0003,
        0.0003,
        0.0003
    ]
}