{
    "train_loss": [
        2.1719204654693605,
        2.0580160655975344,
        2.0161048097610474,
        2.0048523893356323,
        1.994112419128418,
        1.981285493850708,
        1.976695421218872,
        1.964979926109314,
        1.9480742797851562,
        1.9267176513671875
    ],
    "train_accuracy": [
        0.2772499918937683,
        0.28562501072883606,
        0.29237499833106995,
        0.29112499952316284,
        0.29737499356269836,
        0.2982499897480011,
        0.30250000953674316,
        0.3011249899864197,
        0.3087500035762787,
        0.32237499952316284
    ],
    "train_macro_precision": [
        0.09651761089460549,
        0.13387389562219854,
        0.15826481711314058,
        0.1435484646907706,
        0.16038418732894688,
        0.16291808653424672,
        0.1674164766138585,
        0.17871794712883854,
        0.19169146718118976,
        0.20505755261880707
    ],
    "train_macro_recall": [
        0.1027021893337193,
        0.13446562783213167,
        0.1475060353918345,
        0.14749125057392215,
        0.15585618304071266,
        0.16112084078706473,
        0.16331662680668493,
        0.16579613994398407,
        0.1770400600097538,
        0.19236010471742807
    ],
    "train_macro_f1": [
        0.05691895089833683,
        0.11072995250016697,
        0.1284801034692005,
        0.12579804525897498,
        0.1352299444424087,
        0.145089605885182,
        0.14514937982136047,
        0.15341833724327186,
        0.16413407263010202,
        0.18088838160887824
    ],
    "train_micro_f1": [
        0.27724999999949995,
        0.2856249999995,
        0.29237499999949995,
        0.2911249999995,
        0.29737499999949996,
        0.29824999999949997,
        0.3024999999995,
        0.3011249999995,
        0.3087499999995,
        0.3223749999995
    ],
    "train_weighted_f1": [
        0.13751058139898478,
        0.19681992445025512,
        0.21467987480383846,
        0.2133343720105379,
        0.22188845165568835,
        0.23284585488365986,
        0.23284118000992232,
        0.24322219430037295,
        0.2516663119583568,
        0.26913755742120543
    ],
    "train_confidence": [
        0.2889099125862122,
        0.306476420879364,
        0.31016508769989015,
        0.31435632514953615,
        0.30665849542617796,
        0.314222074508667,
        0.31583366346359254,
        0.3188722081184387,
        0.3208301029205322,
        0.3250089945793152
    ],
    "val_loss": [
        2.1046883430480956,
        2.025814931869507,
        2.013454435348511,
        2.018113311767578,
        2.0424072980880736,
        2.0069741401672365,
        1.9925265789031983,
        2.0121374349594117,
        1.9952261333465575,
        2.0184594984054565
    ],
    "val_accuracy": [
        0.2750000059604645,
        0.2809999883174896,
        0.2854999899864197,
        0.2809999883174896,
        0.2815000116825104,
        0.2840000092983246,
        0.2915000021457672,
        0.2874999940395355,
        0.29100000858306885,
        0.2809999883174896
    ],
    "val_macro_precision": [
        0.06341380416585615,
        0.12869453139744796,
        0.12634499219186418,
        0.179235906610805,
        0.12974879941772627,
        0.13085171150848593,
        0.12328578307509316,
        0.12802518392674522,
        0.1345662757367992,
        0.1471266978339612
    ],
    "val_macro_recall": [
        0.10523106576900285,
        0.14410489895042783,
        0.15720614965452792,
        0.1654039536294887,
        0.13566081863188792,
        0.14887801600023523,
        0.1655113036277153,
        0.17383026388059075,
        0.1663054289416084,
        0.17570814846185318
    ],
    "val_macro_f1": [
        0.05757896040913217,
        0.10523695119033949,
        0.1163348723715778,
        0.10226904296079042,
        0.10253694390473225,
        0.11363068500299811,
        0.13209706412458114,
        0.1355836915274401,
        0.13991191667022243,
        0.13024076544861396
    ],
    "val_micro_f1": [
        0.27499999999949987,
        0.28099999999949987,
        0.2854999999994999,
        0.28099999999949987,
        0.2814999999994999,
        0.2839999999994999,
        0.2914999999994999,
        0.2874999999994999,
        0.2909999999994999,
        0.28099999999949987
    ],
    "val_weighted_f1": [
        0.13593381374177377,
        0.18538819568725934,
        0.1963634466132884,
        0.19449217209606975,
        0.1780020256005477,
        0.2034714298777421,
        0.22622025955384395,
        0.21847465471149002,
        0.22676732189306018,
        0.2212278957740876
    ],
    "val_confidence": [
        0.27144071197509767,
        0.2911767578125,
        0.2994761743545532,
        0.2764725131988525,
        0.3746549320220947,
        0.31091086483001706,
        0.3095577163696289,
        0.30571791648864743,
        0.3090836143493652,
        0.31091525650024415
    ],
    "grad_norm": [
        1.5402869335952996,
        1.3725002389807055,
        1.1688803851203384,
        0.954639543173502,
        1.0286998981594218,
        1.0060495572606345,
        0.9948928058719231,
        1.116286374449251,
        1.0791340675983327,
        1.053350658013108
    ],
    "fractional_applied_params": [
        0.0,
        0.0,
        0.0,
        42.0,
        42.0,
        42.0,
        42.0,
        42.0,
        42.0,
        42.0
    ],
    "epoch_time": [
        6.086688041687012,
        3.312140941619873,
        2.6676931381225586,
        3.0985703468322754,
        2.8194382190704346,
        3.3764312267303467,
        3.3823087215423584,
        3.3989787101745605,
        3.39467453956604,
        3.0949153900146484
    ],
    "throughput_samples_per_sec": [
        1314.343686617244,
        2415.356152110915,
        2998.845663947,
        2581.83584832229,
        2837.4446887641293,
        2369.3656001834233,
        2365.2483136879177,
        2353.648163800692,
        2356.632397821172,
        2584.884881121786
    ],
    "lr": [
        0.0003,
        0.0003,
        0.0003,
        0.0003,
        0.0003,
        0.0003,
        0.0003,
        0.0003,
        0.0003,
        0.0003
    ]
}