{
    "train_loss": [
        2.179604782104492,
        2.082104830741882,
        2.03530913734436,
        2.021754228591919,
        2.01254026889801,
        1.99894322681427,
        1.9921661052703858,
        1.9801027717590332,
        1.9704346542358397,
        1.962238130569458
    ],
    "train_accuracy": [
        0.27787500619888306,
        0.281125009059906,
        0.28850001096725464,
        0.28600001335144043,
        0.2877500057220459,
        0.28949999809265137,
        0.2928749918937683,
        0.2983750104904175,
        0.3023749887943268,
        0.30425000190734863
    ],
    "train_macro_precision": [
        0.04750504898437792,
        0.14055487290244298,
        0.13892434303338208,
        0.13592650354862731,
        0.1392930665420206,
        0.14391592400230738,
        0.1537848148374647,
        0.16849869622510097,
        0.17396397695525462,
        0.18526420818111766
    ],
    "train_macro_recall": [
        0.09953981858472458,
        0.12590645273128948,
        0.14038348786696836,
        0.14109725869480944,
        0.1415856743736007,
        0.1481696475359186,
        0.15134795558863617,
        0.15900105617866506,
        0.16813118715559433,
        0.17473240801032514
    ],
    "train_macro_f1": [
        0.04436403283745734,
        0.09819642272839327,
        0.11766515271305666,
        0.11700459714812621,
        0.12015120221127093,
        0.12652275518832287,
        0.13420082802680083,
        0.14203572301738498,
        0.15457912209395394,
        0.16315205725076412
    ],
    "train_micro_f1": [
        0.2778749999995,
        0.28112499999949997,
        0.2884999999995,
        0.2859999999995,
        0.28774999999949996,
        0.2894999999995,
        0.29287499999949995,
        0.29837499999949996,
        0.30237499999949996,
        0.3042499999995
    ],
    "train_weighted_f1": [
        0.12279108904206164,
        0.18202598050144891,
        0.2037493714040126,
        0.20699570496489406,
        0.20858963629365637,
        0.21474852830521332,
        0.22207833268482735,
        0.2298861459644187,
        0.24029017883678574,
        0.24756951499979793
    ],
    "train_confidence": [
        0.2775574107170105,
        0.29788840103149417,
        0.30218375396728514,
        0.3051548087596893,
        0.30798572301864624,
        0.3116193513870239,
        0.3053653950691223,
        0.31172838401794434,
        0.3100021905899048,
        0.3129970860481262
    ],
    "val_loss": [
        2.126149921417236,
        2.0340893669128417,
        2.0199474220275877,
        2.0186736297607424,
        2.0125630855560304,
        2.0101762466430664,
        2.0043900547027587,
        2.0234675216674805,
        2.00836515045166,
        2.0071085548400878
    ],
    "val_accuracy": [
        0.28850001096725464,
        0.28700000047683716,
        0.29649999737739563,
        0.289000004529953,
        0.289000004529953,
        0.28450000286102295,
        0.2919999957084656,
        0.28850001096725464,
        0.2904999852180481,
        0.289000004529953
    ],
    "val_macro_precision": [
        0.028849999999999987,
        0.1739579668638041,
        0.14034531026212282,
        0.08656844384891398,
        0.1048149556907948,
        0.13845238344138383,
        0.13465322103352123,
        0.16529739238631108,
        0.14941329752439506,
        0.1898148265014858
    ],
    "val_macro_recall": [
        0.09999999999999983,
        0.1290676769415285,
        0.14115935554667075,
        0.14037097410862714,
        0.1304761809932448,
        0.13553258128831563,
        0.13317754078514638,
        0.16252287248995748,
        0.14317759955096115,
        0.15844127447776563
    ],
    "val_macro_f1": [
        0.04478075281331406,
        0.08671983045985363,
        0.08056546684503287,
        0.09210495713421635,
        0.09413015193435023,
        0.11378864548216046,
        0.10126045454233046,
        0.1281492172156961,
        0.12340263802685891,
        0.14089352985948914
    ],
    "val_micro_f1": [
        0.2884999999994999,
        0.2869999999994999,
        0.2964999999994999,
        0.2889999999994999,
        0.2889999999994999,
        0.2844999999994999,
        0.2919999999994999,
        0.2884999999994999,
        0.2904999999994999,
        0.2889999999994999
    ],
    "val_weighted_f1": [
        0.12919247186641106,
        0.17326843788068538,
        0.17328681965699957,
        0.19848168088424734,
        0.18789805952173916,
        0.2134552250053088,
        0.19334834406547585,
        0.21507689622670856,
        0.2143445635903355,
        0.2336539413544908
    ],
    "val_confidence": [
        0.3362688493728638,
        0.30562922859191893,
        0.3332165956497192,
        0.2867145156860352,
        0.31084289932250975,
        0.2663508014678955,
        0.3105854606628418,
        0.28559648990631104,
        0.3051447458267212,
        0.29298756313323976
    ],
    "grad_norm": [
        1.1165596414634165,
        1.0271873112546057,
        1.0013029895568635,
        0.9738969822942445,
        1.0518886341051599,
        0.9569279090806935,
        0.98247296883232,
        0.9849152295197686,
        1.0027639839718987,
        0.9923478296412712
    ],
    "fractional_applied_params": [
        0.0,
        0.0,
        0.0,
        0.0,
        0.0,
        0.0,
        0.0,
        0.0,
        0.0,
        0.0
    ],
    "epoch_time": [
        6.362054824829102,
        2.739347219467163,
        2.6987617015838623,
        2.7228214740753174,
        2.687314748764038,
        2.6937994956970215,
        2.6385748386383057,
        1.6504976749420166,
        0.6974987983703613,
        1.3716578483581543
    ],
    "throughput_samples_per_sec": [
        1257.4553694159492,
        2920.4037893217856,
        2964.3224873485206,
        2938.1287301316133,
        2976.9493892293026,
        2969.783019403973,
        3031.9397740215604,
        4847.022883737808,
        11469.553809542365,
        5832.358273293761
    ],
    "lr": [
        0.0003,
        0.0003,
        0.0003,
        0.0003,
        0.0003,
        0.0003,
        0.0003,
        0.0003,
        0.0003,
        0.0003
    ]
}