{
    "train_loss": [
        2.221437677383423,
        2.078417751312256,
        1.9941146154403686,
        1.9522719955444336,
        1.910254566192627,
        1.8809849805831909,
        1.8518254432678223,
        1.8180775814056396,
        1.7953437356948851,
        1.7764278087615968
    ],
    "train_accuracy": [
        0.22499999403953552,
        0.27000001072883606,
        0.3057500123977661,
        0.32199999690055847,
        0.3307499885559082,
        0.34049999713897705,
        0.34474998712539673,
        0.3567500114440918,
        0.36024999618530273,
        0.37174999713897705
    ],
    "train_macro_precision": [
        0.1265257905892438,
        0.18156011184830506,
        0.2423702649955272,
        0.2588597303585206,
        0.2733896591260365,
        0.2831408964816889,
        0.2929606176408546,
        0.30481435058788897,
        0.3023120639887295,
        0.3246277675337189
    ],
    "train_macro_recall": [
        0.11731755486064248,
        0.17964520664228695,
        0.228475067191577,
        0.2517626539936228,
        0.2657071246705935,
        0.2766733169453402,
        0.27938482799602676,
        0.29186862401703195,
        0.2956789320498242,
        0.30580038299999285
    ],
    "train_macro_f1": [
        0.08230983915048662,
        0.16119108218096376,
        0.21278164821656173,
        0.24296584375205113,
        0.25838988729580015,
        0.2710017302439788,
        0.2748377505400968,
        0.2863572296375773,
        0.28976573600487454,
        0.3036254516098019
    ],
    "train_micro_f1": [
        0.22499999999949996,
        0.2699999999995,
        0.3057499999994999,
        0.32199999999949996,
        0.33074999999949994,
        0.3404999999994999,
        0.34474999999949996,
        0.3567499999994999,
        0.3602499999994999,
        0.3717499999994999
    ],
    "train_weighted_f1": [
        0.12897435658377154,
        0.21589867990998296,
        0.2631783004613379,
        0.2914793012691254,
        0.3046148740288685,
        0.3178768367489362,
        0.32149371259184445,
        0.33055380156446595,
        0.3359135101461828,
        0.3491428268052415
    ],
    "train_confidence": [
        0.23401942253112792,
        0.28607023525238034,
        0.3073659610748291,
        0.3257279834747314,
        0.331561429977417,
        0.34010800361633303,
        0.347420316696167,
        0.3584244651794434,
        0.36951709270477295,
        0.37128108978271485
    ],
    "val_loss": [
        2.1477182903289793,
        2.039409538269043,
        2.011713081359863,
        1.971062265396118,
        1.9517423639297484,
        1.9112163610458375,
        1.9046334705352783,
        1.8687189693450927,
        1.8418049774169922,
        1.8251973962783814
    ],
    "val_accuracy": [
        0.2409999966621399,
        0.2840000092983246,
        0.3050000071525574,
        0.30799999833106995,
        0.29899999499320984,
        0.33000001311302185,
        0.31200000643730164,
        0.32499998807907104,
        0.33399999141693115,
        0.34599998593330383
    ],
    "val_macro_precision": [
        0.1087250478014817,
        0.24413831547758907,
        0.27827682693540734,
        0.26685060327101146,
        0.26442725453881455,
        0.28138875283795417,
        0.26650975682135203,
        0.2658133960026659,
        0.2853588020493271,
        0.30255451959515955
    ],
    "val_macro_recall": [
        0.15003265694437568,
        0.20917597369326732,
        0.24305147030834565,
        0.2642030785153483,
        0.22707926300533302,
        0.27028795511855547,
        0.24821270025511702,
        0.2712449661254511,
        0.2744937886866528,
        0.2867389699076949
    ],
    "val_macro_f1": [
        0.10367644111765324,
        0.19085653062399896,
        0.21192959534746464,
        0.2484436013174803,
        0.21689915280475094,
        0.25296382941544954,
        0.242897320700003,
        0.25726520260955754,
        0.26112874910176975,
        0.2718379143548833
    ],
    "val_micro_f1": [
        0.24099999999949975,
        0.2839999999994997,
        0.30499999999949967,
        0.3079999999994997,
        0.2989999999994997,
        0.3299999999994997,
        0.3119999999994997,
        0.3249999999994997,
        0.33399999999949964,
        0.34599999999949965
    ],
    "val_weighted_f1": [
        0.14770735739193744,
        0.24950511046150417,
        0.2596811391498035,
        0.2927561749928403,
        0.25892151044421136,
        0.2947621635550444,
        0.2817872623507183,
        0.30322017082662034,
        0.3035333239523303,
        0.31225955560788804
    ],
    "val_confidence": [
        0.2202084617614746,
        0.26281875705718993,
        0.2980600757598877,
        0.27420884132385254,
        0.33935301399230955,
        0.3461786823272705,
        0.34183856105804444,
        0.3501573963165283,
        0.3558021812438965,
        0.35177735233306884
    ],
    "grad_norm": [
        1.2990099158832167,
        1.3706359994164021,
        1.2544376895800031,
        1.4385088563959576,
        1.259418167147239,
        1.360255940228636,
        1.2800194898201052,
        1.1822560967075095,
        1.2661214993591319,
        1.286015458380789
    ],
    "fractional_applied_params": [
        0.0,
        0.0,
        0.0,
        0.0,
        0.0,
        0.0,
        0.0,
        0.0,
        0.0,
        0.0
    ],
    "epoch_time": [
        5.223106622695923,
        1.3918731212615967,
        1.2230308055877686,
        0.8544518947601318,
        0.7593331336975098,
        0.4971034526824951,
        0.48143625259399414,
        1.3153250217437744,
        0.9350130558013916,
        0.9444396495819092
    ],
    "throughput_samples_per_sec": [
        765.8277513652187,
        2873.825163298212,
        3270.563571845327,
        4681.363602245753,
        5267.780138240948,
        8046.614801033859,
        8308.472780036547,
        3041.073448672826,
        4278.015130571235,
        4235.315619977144
    ],
    "lr": [
        0.0003,
        0.0003,
        0.0003,
        0.0003,
        0.0003,
        0.0003,
        0.0003,
        0.0003,
        0.0003,
        0.0003
    ]
}