{
    "train_loss": [
        2.19494340133667,
        2.1465132541656495,
        2.105043020248413,
        2.043070138931274,
        2.0228278770446777,
        2.0100693912506102,
        2.0047261571884154,
        2.000160309791565,
        1.9966525087356568,
        1.98810387134552
    ],
    "train_accuracy": [
        0.26524999737739563,
        0.27950000762939453,
        0.28174999356269836,
        0.28712499141693115,
        0.2879999876022339,
        0.2918750047683716,
        0.2916249930858612,
        0.28987500071525574,
        0.288875013589859,
        0.2944999933242798
    ],
    "train_macro_precision": [
        0.08579148696601106,
        0.10760304687858487,
        0.11456555594539974,
        0.1580963048988248,
        0.16210250585517955,
        0.16312681211853672,
        0.15839458853986774,
        0.15929484228559,
        0.15737514401028294,
        0.16827848031601123
    ],
    "train_macro_recall": [
        0.1009358393396435,
        0.1035932032910409,
        0.11694274497784138,
        0.14483692152935213,
        0.15231405583941843,
        0.15111690757155363,
        0.15587273463814913,
        0.1527453134954979,
        0.15375775839086994,
        0.1583181861407633
    ],
    "train_macro_f1": [
        0.05695135283917972,
        0.052879383902634546,
        0.08106913446337131,
        0.12509133570850411,
        0.1293971284364826,
        0.13081116090925823,
        0.1373579060410804,
        0.13365201160636217,
        0.13532512767406074,
        0.1385150471144108
    ],
    "train_micro_f1": [
        0.2652499999995,
        0.2794999999995,
        0.28174999999949996,
        0.2871249999995,
        0.2879999999995,
        0.29187499999949995,
        0.2916249999995,
        0.2898749999995,
        0.2888749999995,
        0.2944999999995
    ],
    "train_weighted_f1": [
        0.13303762505093733,
        0.13119412694921315,
        0.16325449741315182,
        0.20725425139658596,
        0.2113814050033546,
        0.21123110420167418,
        0.22101422997131015,
        0.21760724757938757,
        0.21878043013924967,
        0.22250886151978191
    ],
    "train_confidence": [
        0.2779084715843201,
        0.2804514203071594,
        0.28716828346252443,
        0.30458343505859375,
        0.303037248134613,
        0.3084170241355896,
        0.3033157796859741,
        0.30481477880477903,
        0.30462147426605224,
        0.30635540676116946
    ],
    "val_loss": [
        2.1231811389923094,
        2.092221912384033,
        2.039059326171875,
        2.0019022159576414,
        1.9919268188476562,
        1.9950528507232665,
        1.9867827415466308,
        1.9833705635070802,
        1.9787300777435304,
        1.983343900680542
    ],
    "val_accuracy": [
        0.2955000102519989,
        0.29750001430511475,
        0.3075000047683716,
        0.3050000071525574,
        0.30300000309944153,
        0.3059999942779541,
        0.31299999356269836,
        0.31049999594688416,
        0.3109999895095825,
        0.30399999022483826
    ],
    "val_macro_precision": [
        0.029549999999999986,
        0.0653483047791128,
        0.18987868394264568,
        0.14713819459794375,
        0.1262463949736681,
        0.1271220872185089,
        0.16784320256264212,
        0.17816617020205555,
        0.16583270569352,
        0.16874334950571654
    ],
    "val_macro_recall": [
        0.09999999999999983,
        0.10788419276959245,
        0.14829193292616177,
        0.15230208807379525,
        0.13305654861909277,
        0.14830292644022403,
        0.1612123294535457,
        0.15192550356792095,
        0.1475687758454182,
        0.1709861550145084
    ],
    "val_macro_f1": [
        0.045619451949019174,
        0.06267109805177745,
        0.1085962608964655,
        0.11825954428656853,
        0.09483822905157827,
        0.11962640037576693,
        0.1363364649665316,
        0.12466230658645558,
        0.11341245124886308,
        0.14336087923427224
    ],
    "val_micro_f1": [
        0.2954999999994999,
        0.2974999999994999,
        0.3074999999994999,
        0.3049999999994999,
        0.3029999999994999,
        0.3059999999994999,
        0.31299999999949984,
        0.31049999999949984,
        0.31099999999949984,
        0.3039999999994999
    ],
    "val_weighted_f1": [
        0.13480548050935168,
        0.1535155785739268,
        0.20603287886314112,
        0.21961110785832294,
        0.18804522231113335,
        0.21349318398403627,
        0.2431000981046863,
        0.2237192786880435,
        0.2112651263681992,
        0.24425873097264614
    ],
    "val_confidence": [
        0.295321665763855,
        0.29131930923461913,
        0.28912270164489745,
        0.29902245330810545,
        0.33447127532958987,
        0.32270757484436036,
        0.28047049522399903,
        0.30684868049621583,
        0.3355959358215332,
        0.27639811515808105
    ],
    "grad_norm": [
        1.1482158561330504,
        0.8487467642404002,
        0.881409997857877,
        0.7478840829229624,
        0.8234346353279877,
        0.7711460647135573,
        0.7620227247170567,
        0.6945699308272479,
        0.7456287874655537,
        0.7072226182340632
    ],
    "fractional_applied_params": [
        0.0,
        0.0,
        0.0,
        30.0,
        30.0,
        30.0,
        30.0,
        30.0,
        30.0,
        30.0
    ],
    "epoch_time": [
        5.225130558013916,
        1.5366935729980469,
        1.3517482280731201,
        1.026580810546875,
        1.006061315536499,
        1.7469875812530518,
        1.0261542797088623,
        1.233731746673584,
        1.7985069751739502,
        1.7922618389129639
    ],
    "throughput_samples_per_sec": [
        1531.0622215420428,
        5205.982598334305,
        5918.261872925685,
        7792.859478581408,
        7951.801621289718,
        4579.3113161467845,
        7796.0986551356955,
        6484.39178254899,
        4448.1339858169,
        4463.633508400832
    ],
    "lr": [
        0.0003,
        0.0003,
        0.0003,
        0.0003,
        0.0003,
        0.0003,
        0.0003,
        0.0003,
        0.0003,
        0.0003
    ]
}