{
    "train_loss": [
        2.278346179962158,
        2.166764295578003,
        2.054442056655884,
        2.010041048049927,
        1.9726603364944457,
        1.928079794883728,
        1.8867621850967407,
        1.8477186784744262,
        1.8166187219619752,
        1.794271342277527
    ],
    "train_accuracy": [
        0.20200000703334808,
        0.23149999976158142,
        0.28224998712539673,
        0.2917500138282776,
        0.304749995470047,
        0.328000009059906,
        0.3319999873638153,
        0.34474998712539673,
        0.3634999990463257,
        0.36000001430511475
    ],
    "train_macro_precision": [
        0.09137750172932463,
        0.15555625883343352,
        0.20007703234029445,
        0.20940417095143388,
        0.2190058423195877,
        0.2582045145584758,
        0.265018101385747,
        0.288065328811104,
        0.308943309897781,
        0.3049151521186232
    ],
    "train_macro_recall": [
        0.10012108808706029,
        0.1160413396817325,
        0.19457808641960195,
        0.20748698947754524,
        0.22781547162810303,
        0.2551677782531444,
        0.26254850655463574,
        0.2822537385229263,
        0.30011920290940275,
        0.29535177485959674
    ],
    "train_macro_f1": [
        0.0604800379053365,
        0.07178521511112304,
        0.1769960666361643,
        0.1890029463266881,
        0.20606107868233298,
        0.24012082429881837,
        0.25280594476189633,
        0.2720006650141641,
        0.2942935749342542,
        0.2894816607243724
    ],
    "train_micro_f1": [
        0.2019999999995,
        0.23149999999949997,
        0.28224999999949996,
        0.29174999999949996,
        0.3047499999994999,
        0.3279999999994999,
        0.3319999999994999,
        0.34474999999949996,
        0.36349999999949995,
        0.3599999999994999
    ],
    "train_weighted_f1": [
        0.10372980703355458,
        0.1195326011465325,
        0.22962555176736776,
        0.24190190029591033,
        0.2571338463224191,
        0.2904282986875469,
        0.30259051320966823,
        0.32062402304458815,
        0.3411853826628683,
        0.3382787965663687
    ],
    "train_confidence": [
        0.2318412961959839,
        0.24055398368835448,
        0.27883168601989744,
        0.29657890033721923,
        0.30885491371154783,
        0.3195136775970459,
        0.3336218929290771,
        0.3535419702529907,
        0.3608734359741211,
        0.36761384868621827
    ],
    "val_loss": [
        2.2145019493103026,
        2.0928627967834474,
        2.0567935485839843,
        2.0286882467269898,
        1.991446189880371,
        1.9822570877075196,
        1.945956283569336,
        1.9252224311828614,
        1.9299406290054322,
        1.9190682973861695
    ],
    "val_accuracy": [
        0.21199999749660492,
        0.23600000143051147,
        0.2619999945163727,
        0.2709999978542328,
        0.2840000092983246,
        0.29100000858306885,
        0.3050000071525574,
        0.30300000309944153,
        0.3070000112056732,
        0.3050000071525574
    ],
    "val_macro_precision": [
        0.021199999999999976,
        0.12209602997645912,
        0.17521571006867437,
        0.16821161075942268,
        0.2040017852630139,
        0.26692887331249604,
        0.25885671893069817,
        0.2512036831067984,
        0.28623858878353586,
        0.2495286094214315
    ],
    "val_macro_recall": [
        0.09999999999999953,
        0.1458565899256955,
        0.2026587634663314,
        0.21653736030582826,
        0.2219257332044308,
        0.22827009121564484,
        0.24708420668013517,
        0.24019571490871558,
        0.25260231755059875,
        0.24876823241167165
    ],
    "val_macro_f1": [
        0.03498349834980606,
        0.0977423455066348,
        0.14868074832760497,
        0.16248439591907834,
        0.1978221515611883,
        0.1955419160473693,
        0.22176531746867728,
        0.22592889645720046,
        0.23187859766261174,
        0.23785174849806792
    ],
    "val_micro_f1": [
        0.21199999999949978,
        0.23599999999949978,
        0.26199999999949974,
        0.27099999999949975,
        0.2839999999994997,
        0.2909999999994997,
        0.30499999999949967,
        0.3029999999994997,
        0.3069999999994997,
        0.30499999999949967
    ],
    "val_weighted_f1": [
        0.07416501650158884,
        0.14868990086570327,
        0.19690417874377922,
        0.20656240209028098,
        0.24065078160323955,
        0.24823163645317653,
        0.26576483005933166,
        0.26949836497926216,
        0.27728464807220793,
        0.2805594569934536
    ],
    "val_confidence": [
        0.2485291519165039,
        0.2425584259033203,
        0.2729016199111938,
        0.2944050922393799,
        0.3050576763153076,
        0.32395842838287353,
        0.34495905590057374,
        0.34935148811340333,
        0.3749385232925415,
        0.3855908908843994
    ],
    "grad_norm": [
        1.320419389031938,
        0.9468619024452316,
        1.0147980409163337,
        1.1500595067172172,
        1.1295336856892435,
        1.0762648729035948,
        1.0599013994452449,
        1.0904861331149451,
        1.1262609758274105,
        1.2031487365277365
    ],
    "fractional_applied_params": [
        42.0,
        42.0,
        42.0,
        42.0,
        42.0,
        42.0,
        42.0,
        42.0,
        42.0,
        42.0
    ],
    "epoch_time": [
        4.564064264297485,
        1.100588321685791,
        1.0836081504821777,
        1.086730718612671,
        1.099576473236084,
        0.9653120040893555,
        0.8868427276611328,
        0.8851628303527832,
        1.0226619243621826,
        0.847538948059082
    ],
    "throughput_samples_per_sec": [
        876.4118488186301,
        3634.419810918153,
        3691.3712749577444,
        3680.7646379099615,
        3637.7642641151547,
        4143.737965605714,
        4510.382591228082,
        4518.942575125746,
        3911.361032136533,
        4719.547118348076
    ],
    "lr": [
        0.0003,
        0.0003,
        0.0003,
        0.0003,
        0.0003,
        0.0003,
        0.0003,
        0.0003,
        0.0003,
        0.0003
    ]
}