{
    "train_loss": [
        0.23137403899872744,
        0.1412409330672688,
        0.09883127611434019
    ],
    "train_accuracy": [
        0.9225370287895203,
        0.9534721970558167,
        0.9687222242355347
    ],
    "train_macro_precision": [
        0.9226667584821291,
        0.953669337543717,
        0.9688315113548134
    ],
    "train_macro_recall": [
        0.9225692051980199,
        0.9534935835890591,
        0.9687370583162864
    ],
    "train_macro_f1": [
        0.9224784594381307,
        0.9535103982862849,
        0.9687520976822983
    ],
    "train_micro_f1": [
        0.922537037036537,
        0.9534722222217222,
        0.9687222222217222
    ],
    "train_weighted_f1": [
        0.9224521506802432,
        0.9534919811976755,
        0.9687390793485928
    ],
    "train_confidence": [
        0.9271060719313445,
        0.9641795327575119,
        0.9779753879264549
    ],
    "val_loss": [
        0.17372293416659038,
        0.17012245106697083,
        0.18783143159747123
    ],
    "val_accuracy": [
        0.9419166445732117,
        0.9459166526794434,
        0.9455833435058594
    ],
    "val_macro_precision": [
        0.9415793129669484,
        0.9458133574630803,
        0.9467566854882097
    ],
    "val_macro_recall": [
        0.9417098883336784,
        0.9457084856226619,
        0.945302639965299
    ],
    "val_macro_f1": [
        0.941611948635489,
        0.945698660372048,
        0.9453756771115163
    ],
    "val_micro_f1": [
        0.9419166666661666,
        0.9459166666661665,
        0.9455833333328332
    ],
    "val_weighted_f1": [
        0.9418144575395196,
        0.9458804962253049,
        0.945571423451235
    ],
    "val_confidence": [
        0.9492472761472066,
        0.9630921765963236,
        0.97267040904363
    ],
    "test_loss": [
        0.18003063484242088,
        0.1753173226745505,
        0.19984118703164552
    ],
    "test_accuracy": [
        0.93671053647995,
        0.9448684453964233,
        0.9402631521224976
    ],
    "test_macro_precision": [
        0.9365839306175556,
        0.9451243969716987,
        0.9418165175410522
    ],
    "test_macro_recall": [
        0.9367105263157891,
        0.9448684210526311,
        0.9402631578947364
    ],
    "test_macro_f1": [
        0.9366108416052003,
        0.9448818330188522,
        0.9402244430726969
    ],
    "test_micro_f1": [
        0.9367105263152893,
        0.9448684210521314,
        0.9402631578942366
    ],
    "test_weighted_f1": [
        0.9366108416052003,
        0.9448818330188523,
        0.9402244430726968
    ],
    "test_confidence": [
        0.948636215611508,
        0.9624878685097945,
        0.9732249478289956
    ],
    "grad_norm": [
        NaN,
        NaN,
        NaN
    ],
    "fractional_applied_params": [
        0.0,
        4.0,
        4.0
    ],
    "epoch_time": [
        506.77264738082886,
        501.04295563697815,
        477.01310443878174
    ],
    "throughput_samples_per_sec": [
        213.113317299543,
        215.55038103010372,
        226.40887429510934
    ],
    "lr": [
        2e-05,
        2e-05,
        2e-05
    ]
}