{
    "train_loss": [
        2.18443994140625,
        2.094540583610535,
        2.029119124412537,
        2.0118424100875854,
        2.005318298339844,
        1.9986867532730102,
        1.9847126216888429,
        1.9758232927322388,
        1.96602756690979,
        1.9607517337799072
    ],
    "train_accuracy": [
        0.27687498927116394,
        0.28187501430511475,
        0.28999999165534973,
        0.29225000739097595,
        0.29124999046325684,
        0.2932499945163727,
        0.30012500286102295,
        0.2981249988079071,
        0.2982499897480011,
        0.30149999260902405
    ],
    "train_macro_precision": [
        0.0948603942392255,
        0.12413693149966061,
        0.14898225907701126,
        0.15664111487635074,
        0.14973886358867639,
        0.14797763053385452,
        0.17220138102952193,
        0.16795848518293072,
        0.1672085711273403,
        0.1710588549114186
    ],
    "train_macro_recall": [
        0.1014990411802384,
        0.11986311729516727,
        0.14342707539082714,
        0.1489790657089783,
        0.14648339406147315,
        0.1496687611730439,
        0.1602464880323201,
        0.15789994458442816,
        0.1636963907676161,
        0.16396882294853937
    ],
    "train_macro_f1": [
        0.051524816273979965,
        0.08661840297890298,
        0.12164042043032437,
        0.13047062218617608,
        0.12517186431721083,
        0.12956287202263259,
        0.14570978276782795,
        0.1398117503274366,
        0.1479967753229242,
        0.14811092299361375
    ],
    "train_micro_f1": [
        0.2768749999995,
        0.2818749999995,
        0.2899999999995,
        0.29224999999949997,
        0.29124999999949996,
        0.29324999999949997,
        0.3001249999995,
        0.2981249999995,
        0.29824999999949997,
        0.3014999999995
    ],
    "train_weighted_f1": [
        0.12960053954879738,
        0.17119806052778444,
        0.20697025640316716,
        0.22014398702726062,
        0.21397605782326287,
        0.218437188353096,
        0.23257500231047085,
        0.22811508966570826,
        0.23511036269809596,
        0.2363463683989522
    ],
    "train_confidence": [
        0.28382609033584594,
        0.29725966453552244,
        0.3036901431083679,
        0.3095246334075928,
        0.30767670249938966,
        0.30691150999069217,
        0.30841747522354124,
        0.3119054684638977,
        0.3147873840332031,
        0.3111801362037659
    ],
    "val_loss": [
        2.129197998046875,
        2.0349149208068846,
        2.011441230773926,
        2.0030955696105956,
        2.0037221279144286,
        2.0067726230621337,
        1.9967827606201172,
        1.9942043647766112,
        2.008854028701782,
        1.9910193367004394
    ],
    "val_accuracy": [
        0.2800000011920929,
        0.28850001096725464,
        0.2930000126361847,
        0.28600001335144043,
        0.28700000047683716,
        0.29499998688697815,
        0.28999999165534973,
        0.3009999990463257,
        0.2824999988079071,
        0.29899999499320984
    ],
    "val_macro_precision": [
        0.027999999999999987,
        0.10596039466618856,
        0.0837219387451128,
        0.11605166796704794,
        0.14249383298126006,
        0.11876473259728101,
        0.12142083092498557,
        0.16244457998211828,
        0.10782433956579932,
        0.17541837566741336
    ],
    "val_macro_recall": [
        0.09999999999999983,
        0.13214778524494913,
        0.13811879192023827,
        0.13599998201764674,
        0.15308608702318854,
        0.13457574811067177,
        0.14494785834483917,
        0.17301472130025403,
        0.152840831760872,
        0.15836897666900843
    ],
    "val_macro_f1": [
        0.04374999999996578,
        0.08837894453373665,
        0.09585924408180274,
        0.0983657170107082,
        0.11761385589257942,
        0.10512715232370258,
        0.11512111431962577,
        0.15121009188758666,
        0.11281320388482148,
        0.13851738375244732
    ],
    "val_micro_f1": [
        0.27999999999949987,
        0.2884999999994999,
        0.2929999999994999,
        0.2859999999994999,
        0.2869999999994999,
        0.2949999999994999,
        0.2899999999994999,
        0.3009999999994999,
        0.2824999999994999,
        0.2989999999994999
    ],
    "val_weighted_f1": [
        0.12249999999990419,
        0.17818946023757687,
        0.19365590978902023,
        0.18516391927490114,
        0.21239417150694428,
        0.18962481838807396,
        0.20049516970170606,
        0.24439562097990403,
        0.20764578164882241,
        0.22720661802645276
    ],
    "val_confidence": [
        0.32257249927520754,
        0.2772944850921631,
        0.3212892932891846,
        0.30488234710693357,
        0.29193743324279786,
        0.35965555953979494,
        0.3038983001708984,
        0.2704225244522095,
        0.26416174697875977,
        0.3244149112701416
    ],
    "grad_norm": [
        1.241490926347249,
        1.176019670180283,
        1.0423642019773762,
        1.0037922439249727,
        1.1198478075142657,
        1.0852828471710008,
        1.0119268494879072,
        1.0463519449061531,
        0.9870373935394761,
        1.0938849815683225
    ],
    "fractional_applied_params": [
        2.0,
        2.0,
        2.0,
        2.0,
        2.0,
        2.0,
        2.0,
        2.0,
        2.0,
        2.0
    ],
    "epoch_time": [
        6.673936605453491,
        2.51265287399292,
        1.5396156311035156,
        0.7695982456207275,
        0.8141224384307861,
        2.2724175453186035,
        1.8147828578948975,
        1.9364383220672607,
        2.773099422454834,
        2.7938990592956543
    ],
    "throughput_samples_per_sec": [
        1198.6928364682008,
        3183.8858772748017,
        5196.102090926434,
        10395.034091518122,
        9826.531762740664,
        3520.479771193794,
        4408.240889645497,
        4131.296054634745,
        2884.8587018629687,
        2863.3819011402693
    ],
    "lr": [
        0.0003,
        0.0003,
        0.0003,
        0.0003,
        0.0003,
        0.0003,
        0.0003,
        0.0003,
        0.0003,
        0.0003
    ]
}