{
    "train_loss": [
        2.2172519874572756,
        2.029106824874878,
        1.9653014240264892,
        1.926116527557373,
        1.8790557565689088,
        1.8553948049545288,
        1.8118668584823607,
        1.7893059654235839,
        1.7488137550354004,
        1.7097479286193848
    ],
    "train_accuracy": [
        0.22224999964237213,
        0.2915000021457672,
        0.32074999809265137,
        0.31975001096725464,
        0.3402499854564667,
        0.33250001072883606,
        0.3577499985694885,
        0.3617500066757202,
        0.36500000953674316,
        0.38324999809265137
    ],
    "train_macro_precision": [
        0.12318377501199249,
        0.236260422520241,
        0.2602621059000592,
        0.2535559958446907,
        0.2815997756230354,
        0.27182095737394446,
        0.3090263370953417,
        0.3166665262115556,
        0.321851521091032,
        0.33664479493769817
    ],
    "train_macro_recall": [
        0.12225031405487599,
        0.2089089161274064,
        0.2519883399089197,
        0.24950436772132054,
        0.27902094686485074,
        0.2687591343794681,
        0.2958108263822811,
        0.3044467617443249,
        0.3037596458058278,
        0.3210064961253816
    ],
    "train_macro_f1": [
        0.08990175717749499,
        0.19616909200509908,
        0.24062967305587085,
        0.23859482508208033,
        0.2687286378578503,
        0.2605645952341889,
        0.2879881985552543,
        0.3003900849200788,
        0.2998078812192172,
        0.3155982892279362
    ],
    "train_micro_f1": [
        0.22224999999949996,
        0.29149999999949994,
        0.32074999999949994,
        0.31974999999949993,
        0.34024999999949995,
        0.3324999999994999,
        0.35774999999949997,
        0.3617499999994999,
        0.36499999999949995,
        0.38324999999949994
    ],
    "train_weighted_f1": [
        0.13524806796476574,
        0.24262945241429115,
        0.2845520548227615,
        0.2856740983966475,
        0.31398538138067855,
        0.30682444247556573,
        0.33289074928407014,
        0.340184466331978,
        0.3405587550502149,
        0.35868365700746324
    ],
    "train_confidence": [
        0.23765587043762207,
        0.29894568824768064,
        0.33109952926635744,
        0.3321599626541138,
        0.3421226663589478,
        0.3473134927749634,
        0.3594492321014404,
        0.3684961204528809,
        0.37767413806915284,
        0.3860913553237915
    ],
    "val_loss": [
        2.0981508750915525,
        1.983384693145752,
        1.962929889678955,
        1.9460445804595947,
        1.9292589111328124,
        1.8951555156707764,
        1.906780948638916,
        1.8569111614227294,
        1.8594749088287355,
        1.85605322265625
    ],
    "val_accuracy": [
        0.27300000190734863,
        0.3149999976158142,
        0.3230000138282776,
        0.3319999873638153,
        0.3319999873638153,
        0.32100000977516174,
        0.32100000977516174,
        0.3319999873638153,
        0.3440000116825104,
        0.32499998807907104
    ],
    "val_macro_precision": [
        0.2546828015337707,
        0.27042808178738426,
        0.2707856116643008,
        0.32473713775810065,
        0.3071850540829064,
        0.26805727414116387,
        0.2768558492318242,
        0.29187693706613804,
        0.32432985258666325,
        0.2701345738379243
    ],
    "val_macro_recall": [
        0.1726865881032535,
        0.2576675339025178,
        0.2735394062113329,
        0.2732593482160806,
        0.27292734707641453,
        0.26184972615958413,
        0.2525244907703233,
        0.2620430134353976,
        0.27060851934285746,
        0.25271013285316285
    ],
    "val_macro_f1": [
        0.11648453534828798,
        0.22817284434538085,
        0.2563886574709243,
        0.24497224783378108,
        0.2586972132428832,
        0.239966406057537,
        0.2271844018210289,
        0.2567266651180454,
        0.2550263800815009,
        0.24163766210356719
    ],
    "val_micro_f1": [
        0.27299999999949975,
        0.3149999999994997,
        0.3229999999994997,
        0.3319999999994997,
        0.3319999999994997,
        0.3209999999994997,
        0.3209999999994997,
        0.3319999999994997,
        0.34399999999949965,
        0.3249999999994997
    ],
    "val_weighted_f1": [
        0.17158320058749624,
        0.2788288153398707,
        0.3060339509853049,
        0.29643285743423053,
        0.3076636787408854,
        0.2889254391055439,
        0.2739187261163084,
        0.30401458703765183,
        0.3021719510407174,
        0.27887716231984666
    ],
    "val_confidence": [
        0.2440720806121826,
        0.2973514289855957,
        0.27766961097717285,
        0.3382545747756958,
        0.3222597484588623,
        0.3492503414154053,
        0.3895919456481934,
        0.36229103469848634,
        0.37757910442352294,
        0.3911504058837891
    ],
    "grad_norm": [
        1.6551959775532237,
        1.303548880756486,
        1.491905668123825,
        1.4544356674664367,
        1.2001708367201762,
        1.310289874217543,
        1.130109893422971,
        1.2650843781400087,
        1.261420960605743,
        1.2211515813208653
    ],
    "fractional_applied_params": [
        42.0,
        42.0,
        42.0,
        42.0,
        42.0,
        42.0,
        42.0,
        42.0,
        42.0,
        42.0
    ],
    "epoch_time": [
        4.515012741088867,
        1.21360445022583,
        1.213705062866211,
        1.2265162467956543,
        1.2285614013671875,
        0.9357292652130127,
        0.9042582511901855,
        0.6837992668151855,
        0.8869991302490234,
        0.5816900730133057
    ],
    "throughput_samples_per_sec": [
        885.9332696003281,
        3295.9668195478944,
        3295.693593428577,
        3261.2694780442043,
        3255.8405266099485,
        4274.7407275858,
        4423.515068549495,
        5849.669916480188,
        4509.587285476827,
        6876.514119071968
    ],
    "lr": [
        0.0003,
        0.0003,
        0.0003,
        0.0003,
        0.0003,
        0.0003,
        0.0003,
        0.0003,
        0.0003,
        0.0003
    ]
}