{
    "train_loss": [
        2.166482177734375,
        2.105626190185547,
        2.039120761871338,
        2.019776480674744,
        2.005465130805969,
        1.9934884967803954,
        1.9912833786010742,
        1.9834442911148071,
        1.9759175453186035,
        1.9716277227401733
    ],
    "train_accuracy": [
        0.28049999475479126,
        0.2827500104904175,
        0.28824999928474426,
        0.2917500138282776,
        0.2916249930858612,
        0.29762500524520874,
        0.2938750088214874,
        0.296750009059906,
        0.29612499475479126,
        0.30662500858306885
    ],
    "train_macro_precision": [
        0.10987127780558217,
        0.12658470454556953,
        0.1468473281802669,
        0.15319619476761653,
        0.15221981799047302,
        0.16987370411002695,
        0.15856626593530015,
        0.16284324252873583,
        0.1611903693039251,
        0.18381501264483707
    ],
    "train_macro_recall": [
        0.10403299641455119,
        0.11648863996968646,
        0.14135255723576165,
        0.14376924001025898,
        0.15040473029611862,
        0.15494145871516424,
        0.1569024237696629,
        0.15878374678939047,
        0.15375591144535547,
        0.17323357286449304
    ],
    "train_macro_f1": [
        0.0570432565463995,
        0.08122020550106489,
        0.11729410228448578,
        0.11975291845562504,
        0.12991997964769167,
        0.13627382737073063,
        0.1372252047488303,
        0.1378327708477925,
        0.13210519472875187,
        0.1596060628973749
    ],
    "train_micro_f1": [
        0.2804999999995,
        0.28274999999949996,
        0.28824999999949996,
        0.29174999999949996,
        0.2916249999995,
        0.2976249999995,
        0.29387499999949995,
        0.29674999999949997,
        0.2961249999995,
        0.3066249999995
    ],
    "train_weighted_f1": [
        0.13780810511860378,
        0.16361157450439057,
        0.20420440896341735,
        0.20629923107342774,
        0.21627502527793466,
        0.22064571258368285,
        0.2224396114291772,
        0.224593950513012,
        0.21934572688638743,
        0.24131540239504612
    ],
    "train_confidence": [
        0.2807945396900177,
        0.2930613040924072,
        0.3055210876464844,
        0.30463199615478515,
        0.3034559679031372,
        0.3085980658531189,
        0.3041710114479065,
        0.3084762349128723,
        0.3078039803504944,
        0.30632576036453246
    ],
    "val_loss": [
        2.1284924125671387,
        2.05539349937439,
        2.027033757209778,
        2.018066173553467,
        2.0062263879776,
        2.0006333723068237,
        2.0000874462127687,
        1.9971482257843018,
        2.011705256462097,
        1.9950629205703736
    ],
    "val_accuracy": [
        0.27799999713897705,
        0.2840000092983246,
        0.28999999165534973,
        0.28949999809265137,
        0.29750001430511475,
        0.29899999499320984,
        0.2985000014305115,
        0.29249998927116394,
        0.29249998927116394,
        0.28999999165534973
    ],
    "val_macro_precision": [
        0.037871488117793416,
        0.15324993111812296,
        0.1602612742548497,
        0.12599820372099874,
        0.13466081811708966,
        0.12746313261502412,
        0.11974405096684246,
        0.1162941865913206,
        0.11697699227617848,
        0.1196435720467423
    ],
    "val_macro_recall": [
        0.10239636698005197,
        0.13178516634722753,
        0.12590874068026434,
        0.1418646775651186,
        0.1386826666421787,
        0.14586550145656124,
        0.14950022152449813,
        0.15066247247537282,
        0.13929027539092628,
        0.14904787471129582
    ],
    "val_macro_f1": [
        0.05014583715765626,
        0.09348656735375019,
        0.0876560554168104,
        0.1099373027527093,
        0.10462604383712086,
        0.11094066507948686,
        0.11536890590185814,
        0.11743269100185368,
        0.10848079155994202,
        0.11817090848956016
    ],
    "val_micro_f1": [
        0.27799999999949987,
        0.2839999999994999,
        0.2899999999994999,
        0.2894999999994999,
        0.2974999999994999,
        0.2989999999994999,
        0.2984999999994999,
        0.2924999999994999,
        0.2924999999994999,
        0.2899999999994999
    ],
    "val_weighted_f1": [
        0.12934573459080326,
        0.17923632934039116,
        0.1710986525586043,
        0.19884638191590573,
        0.19196913133543755,
        0.19597375975944265,
        0.20313756805882646,
        0.20815499326916506,
        0.19849349383086087,
        0.20670350605224752
    ],
    "val_confidence": [
        0.27617467498779297,
        0.31042449951171874,
        0.32219481372833253,
        0.28943859386444093,
        0.31995076560974123,
        0.31021722507476807,
        0.3142085638046265,
        0.29176581859588624,
        0.34701866245269775,
        0.30294234466552733
    ],
    "grad_norm": [
        0.7905854555782182,
        0.7582660530350354,
        0.7127115302892478,
        0.7157252530238606,
        0.7136497187105331,
        0.6741048545097372,
        0.7114104894764753,
        0.701141948034006,
        0.7454991997459937,
        0.7340075435437998
    ],
    "fractional_applied_params": [
        30.0,
        30.0,
        30.0,
        30.0,
        30.0,
        30.0,
        30.0,
        30.0,
        30.0,
        30.0
    ],
    "epoch_time": [
        5.111566543579102,
        1.370518445968628,
        1.0396389961242676,
        1.0246031284332275,
        1.6545252799987793,
        1.1193642616271973,
        1.063875436782837,
        1.7684619426727295,
        1.808518648147583,
        1.8183403015136719
    ],
    "throughput_samples_per_sec": [
        1565.0779329184722,
        5837.207097454218,
        7694.978766498447,
        7807.90120388682,
        4835.223793018081,
        7146.913899475905,
        7519.6773263155965,
        4523.704925144932,
        4423.509820147105,
        4399.616503764682
    ],
    "lr": [
        0.0003,
        0.0003,
        0.0003,
        0.0003,
        0.0003,
        0.0003,
        0.0003,
        0.0003,
        0.0003,
        0.0003
    ]
}