{
    "train_loss": [
        2.233421501159668,
        2.07550813293457,
        2.0037710227966308,
        1.9524307861328125,
        1.912771364212036,
        1.8803731489181519,
        1.8578406715393065,
        1.8258567876815797,
        1.8030542898178101,
        1.7811159086227417
    ],
    "train_accuracy": [
        0.23100000619888306,
        0.2787500023841858,
        0.31049999594688416,
        0.3190000057220459,
        0.3264999985694885,
        0.33550000190734863,
        0.3477500081062317,
        0.3577499985694885,
        0.3580000102519989,
        0.37024998664855957
    ],
    "train_macro_precision": [
        0.19143435266930678,
        0.21526844641836723,
        0.24371820475995679,
        0.2520252089656335,
        0.2627800362421326,
        0.2695264313030029,
        0.29109125763492233,
        0.2965345895000027,
        0.2994385431141034,
        0.32000946243463146
    ],
    "train_macro_recall": [
        0.12259248901943823,
        0.1827558449656071,
        0.2352075601940336,
        0.2450183153748095,
        0.25649197079121916,
        0.2677604397109149,
        0.28344238487041434,
        0.29127094359426087,
        0.2924972895071928,
        0.30360997995790184
    ],
    "train_macro_f1": [
        0.088993155308396,
        0.17059497651299207,
        0.22255186548865885,
        0.2314426672109935,
        0.2455510587774407,
        0.25548578829795277,
        0.2751012244921037,
        0.28117863965098494,
        0.2852371721206294,
        0.29965697531730406
    ],
    "train_micro_f1": [
        0.23099999999949997,
        0.27874999999949995,
        0.31049999999949995,
        0.31899999999949996,
        0.3264999999994999,
        0.3354999999994999,
        0.34774999999949996,
        0.35774999999949997,
        0.35799999999949994,
        0.3702499999994999
    ],
    "train_weighted_f1": [
        0.13582117916712072,
        0.21696824418411306,
        0.26966233623764335,
        0.2804568370100265,
        0.2949796039274715,
        0.3043484249126533,
        0.3229411317772636,
        0.3285037403916584,
        0.33468685488178185,
        0.3463255779806463
    ],
    "train_confidence": [
        0.23479108905792237,
        0.27918664360046386,
        0.31933457565307616,
        0.3245693225860596,
        0.34270184993743896,
        0.3420846891403198,
        0.3504572591781616,
        0.36430728244781496,
        0.3628114471435547,
        0.36827870082855224
    ],
    "val_loss": [
        2.149249988555908,
        2.0439928169250487,
        2.0279121389389037,
        1.9657034463882446,
        1.966946204185486,
        1.94439528465271,
        1.9127240076065064,
        1.905167142868042,
        1.896237642288208,
        1.8857120447158813
    ],
    "val_accuracy": [
        0.23899999260902405,
        0.2750000059604645,
        0.27399998903274536,
        0.3019999861717224,
        0.29499998688697815,
        0.3059999942779541,
        0.3179999887943268,
        0.31299999356269836,
        0.32499998807907104,
        0.32499998807907104
    ],
    "val_macro_precision": [
        0.126977983834969,
        0.22687485940820812,
        0.2509027884112701,
        0.2855176152488483,
        0.30272236295515126,
        0.2784222258261623,
        0.29007582566904355,
        0.2937461730754396,
        0.3303111432617908,
        0.2965335838668334
    ],
    "val_macro_recall": [
        0.13874737901140452,
        0.22210211380923753,
        0.21872297285115314,
        0.246706558128371,
        0.24710129008480464,
        0.2716770583093371,
        0.2725370485942643,
        0.2619642401742844,
        0.2712463705720561,
        0.27847795767573147
    ],
    "val_macro_f1": [
        0.08585394289733408,
        0.19074976995126663,
        0.1847870984256617,
        0.22274581010137115,
        0.212316698209156,
        0.2590166161419615,
        0.2634098555487409,
        0.2554950700763497,
        0.2589964621476966,
        0.2647981771358471
    ],
    "val_micro_f1": [
        0.23899999999949978,
        0.27499999999949976,
        0.27399999999949975,
        0.3019999999994997,
        0.2949999999994997,
        0.30599999999949967,
        0.3179999999994997,
        0.3129999999994997,
        0.3249999999994997,
        0.3249999999994997
    ],
    "val_weighted_f1": [
        0.12607736576104717,
        0.22684326527139106,
        0.216920676057404,
        0.26004901245058676,
        0.24511712315986814,
        0.29862316822739,
        0.2967060970882307,
        0.2903485034786487,
        0.29322425886956277,
        0.2920872790870019
    ],
    "val_confidence": [
        0.22285345458984376,
        0.2896352252960205,
        0.3394292850494385,
        0.3242528591156006,
        0.35284881591796874,
        0.2903834457397461,
        0.3255949573516846,
        0.32382888984680175,
        0.34634257984161376,
        0.366433687210083
    ],
    "grad_norm": [
        1.3747413289186259,
        1.3272519026729412,
        1.6321884921769727,
        1.2595582450556966,
        1.2749843235737741,
        1.2801910890570738,
        1.3358151223270978,
        1.2949187902434647,
        1.24749759095487,
        1.243002924085988
    ],
    "fractional_applied_params": [
        0.0,
        0.0,
        0.0,
        2.0,
        2.0,
        2.0,
        2.0,
        2.0,
        2.0,
        2.0
    ],
    "epoch_time": [
        5.164773941040039,
        1.6030473709106445,
        1.5931134223937988,
        1.5964953899383545,
        1.5866355895996094,
        1.2918670177459717,
        1.127026081085205,
        0.9053823947906494,
        0.63869309425354,
        0.500068187713623
    ],
    "throughput_samples_per_sec": [
        774.477265735761,
        2495.2475345302596,
        2510.8067911383446,
        2505.487973976832,
        2521.0577817742055,
        3096.293925809124,
        3549.1636503641776,
        4418.022730522516,
        6262.788866810782,
        7998.9091453478
    ],
    "lr": [
        0.0003,
        0.0003,
        0.0003,
        0.0003,
        0.0003,
        0.0003,
        0.0003,
        0.0003,
        0.0003,
        0.0003
    ]
}