{
    "train_loss": [
        2.104160463809967,
        2.0487519574165343,
        1.9723687863349915,
        1.9633656239509583,
        1.9584775805473327,
        1.9525000548362732,
        1.9378135180473328,
        1.9297741675376892,
        1.925277876853943,
        1.9153396391868591
    ],
    "train_accuracy": [
        0.3384374976158142,
        0.3440625071525574,
        0.3342708349227905,
        0.3409374952316284,
        0.34052082896232605,
        0.3423958420753479,
        0.3423958420753479,
        0.3454166650772095,
        0.343854159116745,
        0.3434374928474426
    ],
    "train_macro_precision": [
        0.07772933780415948,
        0.09427274717103132,
        0.127478629999073,
        0.13492599442589018,
        0.14741158156012374,
        0.14447952562217373,
        0.14143597607850228,
        0.14471482022545212,
        0.1418798062659069,
        0.13572164258104685
    ],
    "train_macro_recall": [
        0.1002828240398547,
        0.10336566179620026,
        0.12079029647870823,
        0.12375255690127356,
        0.12795064605744003,
        0.1250390806134299,
        0.12219793016936376,
        0.1265530682087401,
        0.1239149812146334,
        0.1195500810386789
    ],
    "train_macro_f1": [
        0.055812755334700814,
        0.060030815901239896,
        0.09959716459356524,
        0.09649434346143174,
        0.10601655008818471,
        0.10244123084933343,
        0.097739493235312,
        0.10456140259431149,
        0.10200217856322255,
        0.09326033195504325
    ],
    "train_micro_f1": [
        0.33843749999949996,
        0.34406249999949995,
        0.3342708333328333,
        0.34093749999949996,
        0.3405208333328333,
        0.3423958333328333,
        0.3423958333328333,
        0.3454166666661666,
        0.34385416666616664,
        0.34343749999949996
    ],
    "train_weighted_f1": [
        0.1794307840413037,
        0.18577134526447597,
        0.2259417272780394,
        0.218137005784364,
        0.22996318515154868,
        0.22686997557811958,
        0.2204461293810477,
        0.22884660108443602,
        0.22584516106511374,
        0.21698526058667772
    ],
    "train_confidence": [
        0.34628915548324585,
        0.3472517760594686,
        0.3523105645179749,
        0.35306728760401407,
        0.3553762674331665,
        0.35176143964131673,
        0.3484029018878937,
        0.35102466742197674,
        0.34947182416915895,
        0.3524833794434865
    ],
    "val_loss": [
        2.078308734893799,
        2.0089384508132935,
        1.9763052034378052,
        1.9848724794387818,
        1.9836268615722656,
        1.9638703441619874,
        1.971905221939087,
        1.9659447860717774,
        1.9607180833816529,
        1.9604476022720336
    ],
    "val_accuracy": [
        0.3345833420753479,
        0.3100000023841858,
        0.3258333206176758,
        0.3304166793823242,
        0.32374998927116394,
        0.33375000953674316,
        0.335833340883255,
        0.3241666555404663,
        0.33375000953674316,
        0.3316666781902313
    ],
    "val_macro_precision": [
        0.033458333333333326,
        0.0751510496849784,
        0.06766171464905515,
        0.054094305816544966,
        0.0648649497745048,
        0.06252580119500062,
        0.04935144182748517,
        0.08284848463748223,
        0.09187820882361128,
        0.11325599845111081
    ],
    "val_macro_recall": [
        0.09999999999999988,
        0.12758481092727636,
        0.10991044410867115,
        0.1318469805778424,
        0.13949748478757298,
        0.11980252624088213,
        0.12160469667318952,
        0.11527097902097878,
        0.13055039239567806,
        0.12506925499848937
    ],
    "val_macro_f1": [
        0.05014049328750534,
        0.08870170979156008,
        0.06871560022829168,
        0.07532949351390196,
        0.08760322593582544,
        0.06984400777845637,
        0.06998785771100775,
        0.07924248828989096,
        0.08082188952791289,
        0.08818935256740648
    ],
    "val_micro_f1": [
        0.33458333333283324,
        0.3099999999994999,
        0.3258333333328332,
        0.33041666666616654,
        0.3237499999994999,
        0.3337499999994999,
        0.3358333333328332,
        0.32416666666616656,
        0.3337499999994999,
        0.33166666666616657
    ],
    "val_weighted_f1": [
        0.16776173379111162,
        0.2217180634901851,
        0.1919825211892929,
        0.196618893916563,
        0.21371360032286058,
        0.18651719167182523,
        0.18646986553158484,
        0.20202858867251014,
        0.1970915083229859,
        0.20805552632818847
    ],
    "val_confidence": [
        0.3210252443949381,
        0.31598044872283937,
        0.336957631111145,
        0.3078361177444458,
        0.3173754278818766,
        0.347738569577535,
        0.38436322848002114,
        0.3586824115117391,
        0.32086495399475096,
        0.319563463528951
    ],
    "grad_norm": [
        0.8113648380898271,
        0.623926297776518,
        0.6556805042499927,
        0.6398670258644765,
        0.6042487559859276,
        0.6054060168051154,
        0.5518469748792773,
        0.5051369535870172,
        0.4948839266580884,
        0.4727211924064245
    ],
    "fractional_applied_params": [
        2.0,
        2.0,
        2.0,
        2.0,
        2.0,
        2.0,
        2.0,
        2.0,
        2.0,
        2.0
    ],
    "epoch_time": [
        8.526830434799194,
        2.9724173545837402,
        4.27970552444458,
        3.8949668407440186,
        4.827610492706299,
        4.832943677902222,
        3.9221811294555664,
        4.638450860977173,
        4.369003534317017,
        4.840866565704346
    ],
    "throughput_samples_per_sec": [
        1125.857969547635,
        3229.6945061217325,
        2243.1449886370133,
        2464.7193140587055,
        1988.5614248506529,
        1986.367034214427,
        2447.6177114575444,
        2069.656505529432,
        2197.297375613297,
        1983.1160123297473
    ],
    "lr": [
        0.0003,
        0.0003,
        0.0003,
        0.0003,
        0.0003,
        0.0003,
        0.0003,
        0.0003,
        0.0003,
        0.0003
    ]
}