{
    "train_loss": [
        2.188522268295288,
        2.096800760269165,
        2.0443857259750366,
        2.013624331474304,
        2.002523654937744,
        1.990952301979065,
        1.9887689695358277,
        1.9804744758605957,
        1.9725160484313964,
        1.9637551307678223
    ],
    "train_accuracy": [
        0.2720000147819519,
        0.28325000405311584,
        0.2836250066757202,
        0.2930000126361847,
        0.2901250123977661,
        0.2980000078678131,
        0.2953749895095825,
        0.29637500643730164,
        0.30149999260902405,
        0.30149999260902405
    ],
    "train_macro_precision": [
        0.11783431140665898,
        0.1424900919076529,
        0.14300293638836178,
        0.16073418149580504,
        0.16151971172849913,
        0.17100780675675328,
        0.18703112464444455,
        0.17028069964788137,
        0.1813287826408369,
        0.17150345851867105
    ],
    "train_macro_recall": [
        0.10190227060756389,
        0.11857335595543209,
        0.14336029098095235,
        0.15180110403366148,
        0.1480557046117356,
        0.16004574997067914,
        0.15748290926966227,
        0.16364208856280602,
        0.16830207961391272,
        0.16653724002338793
    ],
    "train_macro_f1": [
        0.056066996238755384,
        0.08550451682271691,
        0.12286199423785851,
        0.13001009983763953,
        0.12680357708400086,
        0.1438368230315286,
        0.14070776706994553,
        0.1470004203837132,
        0.15237212039433817,
        0.1483159118075615
    ],
    "train_micro_f1": [
        0.2719999999995,
        0.28324999999949996,
        0.28362499999949997,
        0.2929999999995,
        0.2901249999995,
        0.2979999999995,
        0.29537499999949995,
        0.29637499999949996,
        0.3014999999995,
        0.3014999999995
    ],
    "train_weighted_f1": [
        0.13322489338630994,
        0.1683842515131415,
        0.20768517075992718,
        0.21501356412935604,
        0.21373010320164787,
        0.22939454617447982,
        0.22491092132954185,
        0.23193598465111334,
        0.2369507556598662,
        0.2355614227792324
    ],
    "train_confidence": [
        0.28204463291168214,
        0.29523981618881223,
        0.30369091510772706,
        0.30398201513290407,
        0.3063207621574402,
        0.30632122135162354,
        0.3097921590805054,
        0.30393606185913086,
        0.3108762593269348,
        0.30819178581237794
    ],
    "val_loss": [
        2.120284679412842,
        2.052632173538208,
        2.0098406734466554,
        2.007026351928711,
        1.993833620071411,
        1.9873529005050659,
        1.9898106441497803,
        1.9853253316879274,
        1.9880213413238526,
        1.9872976474761963
    ],
    "val_accuracy": [
        0.28450000286102295,
        0.28049999475479126,
        0.2915000021457672,
        0.3034999966621399,
        0.3034999966621399,
        0.3075000047683716,
        0.30149999260902405,
        0.30799999833106995,
        0.29750001430511475,
        0.30250000953674316
    ],
    "val_macro_precision": [
        0.02913466461853557,
        0.11004781594847708,
        0.20004824205068186,
        0.13982736251160757,
        0.16617527193748066,
        0.1615157938200104,
        0.14647047591681334,
        0.19855946888404838,
        0.161275689536097,
        0.21934244055301438
    ],
    "val_macro_recall": [
        0.09895652173913025,
        0.14932521122069276,
        0.14783952033455713,
        0.1476924069229087,
        0.15033004162615565,
        0.1533052957403025,
        0.16656528407270893,
        0.15817681030762348,
        0.17046686113528192,
        0.17461532238961772
    ],
    "val_macro_f1": [
        0.045015822784774936,
        0.10973098199327462,
        0.10420376955323533,
        0.10493646202284353,
        0.1283952454389342,
        0.12337334560413,
        0.1470508605767944,
        0.12376785055367423,
        0.1375939629547192,
        0.15506552054686568
    ],
    "val_micro_f1": [
        0.2844999999994999,
        0.28049999999949987,
        0.2914999999994999,
        0.3034999999994999,
        0.3034999999994999,
        0.3074999999994999,
        0.3014999999994999,
        0.3079999999994999,
        0.2974999999994999,
        0.3024999999994999
    ],
    "val_weighted_f1": [
        0.12942049050622798,
        0.21502106416068048,
        0.20429967859486906,
        0.20386006430655926,
        0.21756521572220378,
        0.21520415913260227,
        0.23673392120164768,
        0.2184632390480947,
        0.2284027138287786,
        0.24983094365208647
    ],
    "val_confidence": [
        0.279563775062561,
        0.24303226661682129,
        0.27604030990600587,
        0.30675218296051027,
        0.3019925231933594,
        0.30181178188323976,
        0.27447483253479005,
        0.3282012405395508,
        0.3044300003051758,
        0.2975999011993408
    ],
    "grad_norm": [
        1.289096476200839,
        1.068648756402362,
        1.3343793117305618,
        1.0745828931081902,
        0.9731146405145882,
        0.9797124467788988,
        1.0402674350036067,
        1.0246251310995664,
        1.0558487547556765,
        1.0179564284013949
    ],
    "fractional_applied_params": [
        0.0,
        0.0,
        0.0,
        2.0,
        2.0,
        2.0,
        2.0,
        2.0,
        2.0,
        2.0
    ],
    "epoch_time": [
        5.809054613113403,
        2.6934072971343994,
        2.340653419494629,
        2.2062149047851562,
        2.5789458751678467,
        2.2842633724212646,
        2.72298526763916,
        2.7249865531921387,
        2.6945042610168457,
        2.2340893745422363
    ],
    "throughput_samples_per_sec": [
        1377.1604043695406,
        2970.215462218229,
        3417.84902171774,
        3626.1200042880905,
        3102.0426124605397,
        3502.223122161343,
        2937.9519952144415,
        2935.7943035089615,
        2969.0062531135054,
        3580.8773324653566
    ],
    "lr": [
        0.0003,
        0.0003,
        0.0003,
        0.0003,
        0.0003,
        0.0003,
        0.0003,
        0.0003,
        0.0003,
        0.0003
    ]
}