{
    "train_loss": [
        2.2030150108337403,
        2.0634230279922487,
        2.030243242263794,
        2.008654996871948,
        1.991999545097351,
        1.9790501365661621,
        1.9733160734176636,
        1.9553647651672363,
        1.9404061861038209,
        1.9234715671539306
    ],
    "train_accuracy": [
        0.26350000500679016,
        0.2838749885559082,
        0.2867499887943268,
        0.29362499713897705,
        0.2916249930858612,
        0.3023749887943268,
        0.29862499237060547,
        0.30387499928474426,
        0.31062498688697815,
        0.31937500834465027
    ],
    "train_macro_precision": [
        0.11297358273973623,
        0.13897463047549766,
        0.15315301694309305,
        0.15239152102412895,
        0.15880457676892384,
        0.1772454632528596,
        0.17617961475838023,
        0.18041600209253067,
        0.1879942036800855,
        0.2151156069125447
    ],
    "train_macro_recall": [
        0.09943198103676215,
        0.13059795560231685,
        0.14598499658262915,
        0.15089874439901751,
        0.15721713004038124,
        0.16961789281810097,
        0.16788248653885623,
        0.17391914138239184,
        0.184255744404182,
        0.19875981805677523
    ],
    "train_macro_f1": [
        0.05551449846539164,
        0.10558467500350374,
        0.12287380968827047,
        0.13219078701252385,
        0.13832938934482103,
        0.15021095095373874,
        0.1503410144242806,
        0.16199025978953682,
        0.17099221455255192,
        0.18935673339665632
    ],
    "train_micro_f1": [
        0.26349999999949997,
        0.2838749999995,
        0.28674999999949996,
        0.2936249999995,
        0.2916249999995,
        0.30237499999949996,
        0.2986249999995,
        0.30387499999949996,
        0.3106249999995,
        0.3193749999995
    ],
    "train_weighted_f1": [
        0.13309728691681458,
        0.18775064821215287,
        0.20884495472855186,
        0.21744390420131124,
        0.22369007046605602,
        0.23538225306838528,
        0.2341057067233786,
        0.24657646029430935,
        0.2555002726141711,
        0.2715670286464787
    ],
    "train_confidence": [
        0.2918147678375244,
        0.2976804051399231,
        0.31058074426651,
        0.3104069166183472,
        0.3106485080718994,
        0.31264219093322754,
        0.3161130895614624,
        0.3168266839981079,
        0.3218570942878723,
        0.3294037537574768
    ],
    "val_loss": [
        2.1158586597442626,
        2.0257067279815675,
        2.017744629859924,
        2.001105230331421,
        1.999618413925171,
        1.9973165168762208,
        1.9995100746154786,
        1.991049048423767,
        2.0070160675048827,
        2.0378636627197264
    ],
    "val_accuracy": [
        0.28450000286102295,
        0.2854999899864197,
        0.29499998688697815,
        0.29750001430511475,
        0.28700000047683716,
        0.2944999933242798,
        0.2849999964237213,
        0.2849999964237213,
        0.2849999964237213,
        0.27399998903274536
    ],
    "val_macro_precision": [
        0.053485456369101056,
        0.09549204192202575,
        0.10958386441942725,
        0.13065914579007878,
        0.14223358535289543,
        0.2480314434401822,
        0.12197718380796416,
        0.20342461819883662,
        0.11366346493256996,
        0.15130207826013764
    ],
    "val_macro_recall": [
        0.10049992875124666,
        0.13273611501525218,
        0.15205779035179326,
        0.14708535705057607,
        0.15372330592922362,
        0.15284551071035132,
        0.14680219570796194,
        0.1492646684636173,
        0.15509702763201544,
        0.1561044763281122
    ],
    "val_macro_f1": [
        0.04563884838897808,
        0.08820043708367803,
        0.11963336098580521,
        0.11423941887382769,
        0.13216137471248451,
        0.11932203530800678,
        0.1088848323762617,
        0.11602946739645818,
        0.12486030038137608,
        0.13313126687626975
    ],
    "val_micro_f1": [
        0.2844999999994999,
        0.2854999999994999,
        0.2949999999994999,
        0.2974999999994999,
        0.2869999999994999,
        0.2944999999994999,
        0.2849999999994999,
        0.2849999999994999,
        0.2849999999994999,
        0.27399999999949987
    ],
    "val_weighted_f1": [
        0.1270727868245482,
        0.1891415206963305,
        0.2193245441543221,
        0.21224610804074645,
        0.22485834817449557,
        0.22037918080266064,
        0.20090004277152848,
        0.21224684521097653,
        0.22435085595904933,
        0.22887306413464392
    ],
    "val_confidence": [
        0.26275278472900393,
        0.2853321895599365,
        0.24742762756347655,
        0.3057217197418213,
        0.29571976280212403,
        0.28412033462524416,
        0.29650958442687986,
        0.32267553138732913,
        0.3120931768417358,
        0.3105668649673462
    ],
    "grad_norm": [
        1.41543640471863,
        0.9563107605432586,
        1.1260594161829311,
        1.0323442199679913,
        0.9345308878844462,
        0.9771305165196305,
        0.9466972234646016,
        0.9422288574054678,
        0.9867949790394145,
        1.0074452556101765
    ],
    "fractional_applied_params": [
        42.0,
        42.0,
        42.0,
        42.0,
        42.0,
        42.0,
        42.0,
        42.0,
        42.0,
        42.0
    ],
    "epoch_time": [
        6.272486448287964,
        3.3793892860412598,
        3.390444040298462,
        3.0875120162963867,
        2.956583261489868,
        3.0358121395111084,
        3.2975757122039795,
        3.4479501247406006,
        3.393449068069458,
        2.627747058868408
    ],
    "throughput_samples_per_sec": [
        1275.411284815697,
        2367.2916384757473,
        2359.572936439251,
        2591.0830331265784,
        2705.8260473167516,
        2635.209173808868,
        2426.0246612057595,
        2320.219176778801,
        2357.4834451696133,
        3044.4330526413205
    ],
    "lr": [
        0.0003,
        0.0003,
        0.0003,
        0.0003,
        0.0003,
        0.0003,
        0.0003,
        0.0003,
        0.0003,
        0.0003
    ]
}