{
    "train_loss": [
        2.2068007888793946,
        2.1331965770721437,
        2.047881772041321,
        2.0297231645584106,
        2.017584179878235,
        2.005983642578125,
        1.9980318603515625,
        1.9864756870269775,
        1.9793741874694823,
        1.9644060707092286
    ],
    "train_accuracy": [
        0.2671250104904175,
        0.2823750078678131,
        0.2866249978542328,
        0.28962498903274536,
        0.28999999165534973,
        0.2927500009536743,
        0.2992500066757202,
        0.2938750088214874,
        0.2992500066757202,
        0.3031249940395355
    ],
    "train_macro_precision": [
        0.04991408131728506,
        0.08410831152243724,
        0.13309325220274928,
        0.1402864063780754,
        0.13619494499395315,
        0.1453744065207742,
        0.16910649765195898,
        0.15582029217716545,
        0.17069459819247096,
        0.18165094404920307
    ],
    "train_macro_recall": [
        0.09933959898951099,
        0.10670847508608469,
        0.13667211409643365,
        0.1415888958397647,
        0.14266178164569043,
        0.14637928775122983,
        0.1586193071993717,
        0.15295255647969816,
        0.15866321937107164,
        0.16422208697926505
    ],
    "train_macro_f1": [
        0.05204527338492132,
        0.06088267158944967,
        0.10847570763834871,
        0.11521001580175835,
        0.11998091845118881,
        0.11904337884408807,
        0.1390947662632815,
        0.13366528526013347,
        0.14073091247726272,
        0.14546475450858243
    ],
    "train_micro_f1": [
        0.26712499999949996,
        0.2823749999995,
        0.2866249999995,
        0.2896249999995,
        0.2899999999995,
        0.29274999999949997,
        0.29924999999949997,
        0.29387499999949995,
        0.29924999999949997,
        0.3031249999995
    ],
    "train_weighted_f1": [
        0.13007447721633492,
        0.14307543727537306,
        0.1962265147169104,
        0.20334860412676964,
        0.20837377729095663,
        0.20842813523657563,
        0.22453779765897017,
        0.22360289036789954,
        0.22843925147371716,
        0.23341182484663417
    ],
    "train_confidence": [
        0.28639663600921633,
        0.28389453411102294,
        0.305642587184906,
        0.3047222628593445,
        0.3060061602592468,
        0.31141345834732054,
        0.3099245572090149,
        0.3088618187904358,
        0.3123480987548828,
        0.31250681114196777
    ],
    "val_loss": [
        2.1460747203826904,
        2.0567826881408693,
        2.0234291400909425,
        2.0312291984558106,
        2.0149895095825197,
        2.020705234527588,
        2.0014066944122315,
        2.009295845031738,
        2.0084319648742675,
        2.015715543746948
    ],
    "val_accuracy": [
        0.2815000116825104,
        0.2800000011920929,
        0.2849999964237213,
        0.2815000116825104,
        0.28349998593330383,
        0.28349998593330383,
        0.2849999964237213,
        0.28349998593330383,
        0.28700000047683716,
        0.2784999907016754
    ],
    "val_macro_precision": [
        0.028149999999999988,
        0.06927533105192656,
        0.12497983409583371,
        0.08456106874841525,
        0.17949442892572637,
        0.119268121155682,
        0.10925347581680955,
        0.13672595475499336,
        0.12063597324274385,
        0.16310079939954206
    ],
    "val_macro_recall": [
        0.09999999999999983,
        0.1233207495667139,
        0.1449169903228609,
        0.12295685962019365,
        0.13421220616438645,
        0.1385422912305487,
        0.14564548133071104,
        0.14173099863717853,
        0.14135042701573816,
        0.1404924328529215
    ],
    "val_macro_f1": [
        0.04393289114315725,
        0.08328058599825967,
        0.11100429138062365,
        0.07780714744565839,
        0.08686963164206511,
        0.1067633363389984,
        0.09788111434841248,
        0.1113002356699,
        0.10238804877743242,
        0.11901480114660497
    ],
    "val_micro_f1": [
        0.2814999999994999,
        0.27999999999949987,
        0.2849999999994999,
        0.2814999999994999,
        0.2834999999994999,
        0.2834999999994999,
        0.2849999999994999,
        0.2834999999994999,
        0.2869999999994999,
        0.27849999999949987
    ],
    "val_weighted_f1": [
        0.12367108856798767,
        0.17370644292928286,
        0.19977486698837307,
        0.1640083194418797,
        0.17828552188347532,
        0.19203477658071302,
        0.1931835193922948,
        0.19976737883335285,
        0.19116499556720612,
        0.2078203067556187
    ],
    "val_confidence": [
        0.2726946487426758,
        0.3017190799713135,
        0.2779556846618652,
        0.3549921340942383,
        0.32739101600646975,
        0.32819912338256835,
        0.2903947172164917,
        0.30883398818969726,
        0.31504595947265623,
        0.33489591217041015
    ],
    "grad_norm": [
        1.260378719599213,
        0.9755868544779188,
        0.9734905374562327,
        1.073320175333635,
        1.0138082459595363,
        0.9993190837587639,
        1.0233696597291855,
        0.9850243953402382,
        0.9967617194463025,
        1.0144791544663045
    ],
    "fractional_applied_params": [
        2.0,
        2.0,
        2.0,
        2.0,
        2.0,
        2.0,
        2.0,
        2.0,
        2.0,
        2.0
    ],
    "epoch_time": [
        6.105362176895142,
        2.708436965942383,
        2.1772422790527344,
        2.7193241119384766,
        2.2213985919952393,
        2.417966842651367,
        2.3314077854156494,
        2.5523765087127686,
        2.7262446880340576,
        2.5577259063720703
    ],
    "throughput_samples_per_sec": [
        1310.3235759337654,
        2953.7331311738512,
        3674.372887651533,
        2941.907500057866,
        3601.334775680431,
        3308.564806963101,
        3431.4031419320063,
        3134.3338150509044,
        2934.439463601097,
        3127.7784613548997
    ],
    "lr": [
        0.0003,
        0.0003,
        0.0003,
        0.0003,
        0.0003,
        0.0003,
        0.0003,
        0.0003,
        0.0003,
        0.0003
    ]
}