{
    "train_loss": [
        2.272806400299072,
        2.15611385345459,
        2.082583471298218,
        2.0126645698547363,
        1.9818570594787597,
        1.9426746482849122,
        1.9151582908630371,
        1.872655695915222,
        1.8421533222198487,
        1.8182514972686767
    ],
    "train_accuracy": [
        0.20250000059604645,
        0.23475000262260437,
        0.265749990940094,
        0.2917500138282776,
        0.3007499873638153,
        0.3240000009536743,
        0.3267500102519989,
        0.3407500088214874,
        0.3479999899864197,
        0.3504999876022339
    ],
    "train_macro_precision": [
        0.08786752850274246,
        0.14270251979050752,
        0.1892789132537105,
        0.20293962782911748,
        0.21885109901883476,
        0.25692594475211333,
        0.25469480926356136,
        0.2748299874268067,
        0.2810146246997938,
        0.2862237412862878
    ],
    "train_macro_recall": [
        0.10448061913817583,
        0.131892913688255,
        0.18348400193931177,
        0.21331466081382203,
        0.2290135171322063,
        0.2574565218461152,
        0.26147455461479086,
        0.2782459010012545,
        0.28546186439699606,
        0.29045252523591786
    ],
    "train_macro_f1": [
        0.06330795386731339,
        0.09409644682926334,
        0.16613929015787554,
        0.18957916403771838,
        0.2063405778114924,
        0.23760406403218554,
        0.24496357054482334,
        0.2636304499797749,
        0.27368093853989556,
        0.27996684593101673
    ],
    "train_micro_f1": [
        0.20249999999949997,
        0.23474999999949997,
        0.26574999999949994,
        0.29174999999949996,
        0.3007499999994999,
        0.3239999999994999,
        0.32674999999949994,
        0.34074999999949995,
        0.34799999999949993,
        0.35049999999949993
    ],
    "train_weighted_f1": [
        0.10357797433683438,
        0.14159117041407734,
        0.2171244312067235,
        0.23985356594541066,
        0.25389247622219935,
        0.2844014540794567,
        0.2914056060408711,
        0.3107460871951709,
        0.3220396376954609,
        0.3270263924517751
    ],
    "train_confidence": [
        0.23193278217315674,
        0.2355346736907959,
        0.27595269298553465,
        0.29095331287384035,
        0.30790408515930173,
        0.319893045425415,
        0.3429856147766113,
        0.34429755687713626,
        0.3568967733383179,
        0.3655345401763916
    ],
    "val_loss": [
        2.1793086071014405,
        2.0477978382110598,
        2.007906633377075,
        1.982300703048706,
        1.9734193811416625,
        1.9401195659637451,
        1.924947060585022,
        1.907624559402466,
        1.9015117588043213,
        1.8821762762069703
    ],
    "val_accuracy": [
        0.24199999868869781,
        0.2720000147819519,
        0.3050000071525574,
        0.29899999499320984,
        0.3190000057220459,
        0.3199999928474426,
        0.32199999690055847,
        0.32499998807907104,
        0.3319999873638153,
        0.33399999141693115
    ],
    "val_macro_precision": [
        0.038604584114168325,
        0.14070247406691988,
        0.16670913044151403,
        0.24519440233767814,
        0.23271073292008976,
        0.2988745738731413,
        0.25448885556579925,
        0.2554592149395104,
        0.25836929256226904,
        0.25647389086467914
    ],
    "val_macro_recall": [
        0.10085470085470043,
        0.16309667992538818,
        0.2042838992619637,
        0.20853487028485737,
        0.24756435868441073,
        0.24431992657711285,
        0.2519580313595959,
        0.24694244487218708,
        0.2615525430252797,
        0.26546425207776575
    ],
    "val_macro_f1": [
        0.040736279849140855,
        0.1381007088065305,
        0.16494510063490406,
        0.18159576513726247,
        0.2127260114634451,
        0.23513024300597873,
        0.22016624586140318,
        0.2295524349483043,
        0.24446410615826175,
        0.24412688980391195
    ],
    "val_micro_f1": [
        0.24199999999949975,
        0.27199999999949975,
        0.30499999999949967,
        0.2989999999994997,
        0.3189999999994997,
        0.3199999999994997,
        0.3219999999994997,
        0.3249999999994997,
        0.3319999999994997,
        0.33399999999949964
    ],
    "val_weighted_f1": [
        0.0961744344364427,
        0.21093844342445817,
        0.22104123943504717,
        0.24246186936005684,
        0.26436608891998054,
        0.28447726971348386,
        0.277860366104678,
        0.28937054913801263,
        0.29853373010444106,
        0.29654938912995105
    ],
    "val_confidence": [
        0.18039278364181519,
        0.2602039203643799,
        0.2850028467178345,
        0.3141744470596313,
        0.34282312393188474,
        0.33664436531066894,
        0.3490381526947022,
        0.3539684257507324,
        0.3921262607574463,
        0.3755897903442383
    ],
    "grad_norm": [
        1.3525209559379077,
        1.0014673452967113,
        1.0766444128196992,
        1.105926575968007,
        1.2004722118190976,
        1.209131853392893,
        1.1869181097723644,
        1.1771111714174056,
        1.2302964685820952,
        1.3138558328288166
    ],
    "fractional_applied_params": [
        42.0,
        42.0,
        42.0,
        42.0,
        42.0,
        42.0,
        42.0,
        42.0,
        42.0,
        42.0
    ],
    "epoch_time": [
        4.127850770950317,
        1.0825269222259521,
        1.0956242084503174,
        1.0827348232269287,
        1.0845375061035156,
        1.080153226852417,
        1.0822968482971191,
        0.7356109619140625,
        0.6297850608825684,
        0.3952362537384033
    ],
    "throughput_samples_per_sec": [
        969.027278832349,
        3695.0582178362615,
        3650.886836151344,
        3694.348712345466,
        3688.2080863860992,
        3703.1783089294295,
        3695.843710802246,
        5437.656869049348,
        6351.373267562872,
        10120.529081442759
    ],
    "lr": [
        0.0003,
        0.0003,
        0.0003,
        0.0003,
        0.0003,
        0.0003,
        0.0003,
        0.0003,
        0.0003,
        0.0003
    ]
}