{
    "train_loss": [
        2.107056527137756,
        2.0030867671966552,
        1.958352632522583,
        1.9508280515670777,
        1.9403122925758363,
        1.935730791091919,
        1.9281460595130921,
        1.9250012564659118,
        1.9191999292373658,
        1.9141928958892822
    ],
    "train_accuracy": [
        0.33791667222976685,
        0.33927083015441895,
        0.3389583230018616,
        0.3356249928474426,
        0.3400000035762787,
        0.34052082896232605,
        0.3427083194255829,
        0.343645840883255,
        0.3422916531562805,
        0.34427082538604736
    ],
    "train_macro_precision": [
        0.09990997545552394,
        0.1368706302302451,
        0.13323221850437555,
        0.1398445981858128,
        0.14247680096935617,
        0.13594134682696005,
        0.13978699330169203,
        0.1389307304937572,
        0.14320439692931258,
        0.147612724949455
    ],
    "train_macro_recall": [
        0.1000831323615023,
        0.11107893780254138,
        0.12237399515999889,
        0.11987233213250303,
        0.12456287974961358,
        0.12253666467062643,
        0.12166283079658184,
        0.12511722266921893,
        0.1273631710405853,
        0.1254989799389749
    ],
    "train_macro_f1": [
        0.05440015359811384,
        0.07971714664663779,
        0.09981657634978001,
        0.09787518410870685,
        0.10415047004202775,
        0.10115198425866304,
        0.0991894654841616,
        0.10248753520075808,
        0.1082428138583276,
        0.10471886060070187
    ],
    "train_micro_f1": [
        0.3379166666661666,
        0.33927083333283325,
        0.33895833333283326,
        0.33562499999949996,
        0.3399999999994999,
        0.3405208333328333,
        0.3427083333328333,
        0.3436458333328333,
        0.3422916666661666,
        0.34427083333283326
    ],
    "train_weighted_f1": [
        0.17730371363259087,
        0.20430271603578415,
        0.22516518900611365,
        0.2236315176480232,
        0.2290859026154024,
        0.22631639796631386,
        0.22536953074070187,
        0.2302743581090679,
        0.23592914401222057,
        0.22961926326333681
    ],
    "train_confidence": [
        0.3447896722952525,
        0.3496785199642181,
        0.3532998796304067,
        0.3507348310947418,
        0.3556350000699361,
        0.3493691686789195,
        0.34887455304463705,
        0.3529002602895101,
        0.35112257997194923,
        0.35173181295394895
    ],
    "val_loss": [
        2.0864538669586183,
        1.9685522937774658,
        1.9727319431304933,
        1.9759231567382813,
        1.9590932750701904,
        1.9631554412841796,
        1.96917706489563,
        1.9742733192443849,
        1.96658447265625,
        1.970384531021118
    ],
    "val_accuracy": [
        0.3375000059604645,
        0.33666667342185974,
        0.3370833396911621,
        0.33791667222976685,
        0.33666667342185974,
        0.3345833420753479,
        0.32749998569488525,
        0.3291666805744171,
        0.3370833396911621,
        0.33125001192092896
    ],
    "val_macro_precision": [
        0.03374999999999999,
        0.09346730430393209,
        0.05970007307114363,
        0.04647793291606465,
        0.08514257402803742,
        0.07481410453805183,
        0.07902998762289995,
        0.10383052083867084,
        0.11527983101472195,
        0.12555937857033356
    ],
    "val_macro_recall": [
        0.09999999999999988,
        0.11743916638243146,
        0.10835007026544408,
        0.104932903918411,
        0.12084316174908291,
        0.11312798835059476,
        0.11184488444119914,
        0.12998795675627667,
        0.1205153271124109,
        0.12049353057525689
    ],
    "val_macro_f1": [
        0.0504672897195884,
        0.07877456436655086,
        0.06483794381317347,
        0.05903294822413664,
        0.08731395340188404,
        0.07759931995215981,
        0.07073397608521338,
        0.0950165297870965,
        0.0905513177226133,
        0.08910958796993582
    ],
    "val_micro_f1": [
        0.33749999999949987,
        0.33666666666616657,
        0.3370833333328332,
        0.33791666666616654,
        0.33666666666616657,
        0.33458333333283324,
        0.3274999999994999,
        0.32916666666616656,
        0.3370833333328332,
        0.3312499999994999
    ],
    "val_weighted_f1": [
        0.17032710280361088,
        0.20386451080380802,
        0.18957371958216412,
        0.17738254171999923,
        0.205203098617833,
        0.20544107296297862,
        0.19736313582155354,
        0.2224391184820099,
        0.20855548961798404,
        0.20832383046919076
    ],
    "val_confidence": [
        0.33985786596934003,
        0.3569850985209147,
        0.3743142127990723,
        0.4205668560663859,
        0.3232997798919678,
        0.32990968704223633,
        0.36740083853403727,
        0.3303644959131877,
        0.3561598189671834,
        0.3426564788818359
    ],
    "grad_norm": [
        1.6617611657759586,
        1.2281958914292344,
        1.2172286416793532,
        1.3819020906636899,
        1.207237052082744,
        1.1787887095136498,
        1.0526050904549544,
        1.0941431369037042,
        1.0869653509510315,
        1.163587851388007
    ],
    "fractional_applied_params": [
        0.0,
        0.0,
        0.0,
        2.0,
        2.0,
        2.0,
        2.0,
        2.0,
        2.0,
        2.0
    ],
    "epoch_time": [
        7.075602293014526,
        3.653789758682251,
        3.078338384628296,
        2.8612217903137207,
        3.192951202392578,
        2.5946779251098633,
        2.8762502670288086,
        3.143186569213867,
        3.3696908950805664,
        3.6589064598083496
    ],
    "throughput_samples_per_sec": [
        1356.7749574446427,
        2627.4089737068684,
        3118.5655378036627,
        3355.210012904103,
        3006.622836204456,
        3699.8811710295486,
        3337.678960015146,
        3054.225318352969,
        2848.9259991220865,
        2623.7347430037444
    ],
    "lr": [
        0.0003,
        0.0003,
        0.0003,
        0.0003,
        0.0003,
        0.0003,
        0.0003,
        0.0003,
        0.0003,
        0.0003
    ]
}