{
    "train_loss": [
        2.845862512935956,
        2.403131482878146,
        2.0206014600423376,
        1.6997933663800249,
        1.431628121908739
    ],
    "train_accuracy": [
        0.15683001279830933,
        0.3124815821647644,
        0.42757537961006165,
        0.5334380865097046,
        0.6006088852882385
    ],
    "train_macro_precision": [
        0.13722379467573068,
        0.29457310151939037,
        0.4400104382966202,
        0.5333692694587222,
        0.5789930297098809
    ],
    "train_macro_recall": [
        0.149997796633634,
        0.2984826727409714,
        0.41019663651842314,
        0.5119906388086584,
        0.5778474126926414
    ],
    "train_macro_f1": [
        0.11179763226483189,
        0.21671137845727065,
        0.33981068969015066,
        0.45576137785508664,
        0.5341904109548995
    ],
    "train_micro_f1": [
        0.15683001080181758,
        0.31248158695815653,
        0.427575370715399,
        0.5334380830791424,
        0.6006088578999221
    ],
    "train_weighted_f1": [
        0.11636077672466431,
        0.22571261851873156,
        0.35381471121377595,
        0.474996446475268,
        0.554584197256122
    ],
    "train_confidence": [
        0.06746784048371707,
        0.1204296174527479,
        0.18483247731671543,
        0.2587326852041179,
        0.3385095069980406
    ],
    "val_loss": [
        2.584393651162914,
        2.186677131264954,
        1.8837648855701787,
        1.660072711481656,
        1.4782807661515227
    ],
    "val_accuracy": [
        0.261715292930603,
        0.35543766617774963,
        0.462422639131546,
        0.5296198129653931,
        0.5587975382804871
    ],
    "val_macro_precision": [
        0.17668728275116785,
        0.2456169291606795,
        0.39411781315799355,
        0.46569569472146616,
        0.5123734012992779
    ],
    "val_macro_recall": [
        0.2635548574587553,
        0.35551301832189725,
        0.45838935787286905,
        0.5234880357291256,
        0.5513487122000091
    ],
    "val_macro_f1": [
        0.1713180147303674,
        0.24729939044041074,
        0.3727803109471853,
        0.45685820233420615,
        0.4958573194747576
    ],
    "val_micro_f1": [
        0.2617152961975546,
        0.3554376657819931,
        0.4624226348359276,
        0.529619805481374,
        0.5587975243142652
    ],
    "val_weighted_f1": [
        0.17244740358467142,
        0.2506974866562951,
        0.3817389710434813,
        0.46871287867294803,
        0.506376867243383
    ],
    "val_confidence": [
        0.09601236285623674,
        0.16079550428162837,
        0.2409668731858096,
        0.3090125871484623,
        0.4062746353216871
    ],
    "test_loss": [
        2.586496054208222,
        2.199234178834815,
        1.91320463677891,
        1.7121629355375398,
        1.5589715325952653
    ],
    "test_accuracy": [
        0.27323418855667114,
        0.36404672265052795,
        0.4624269902706146,
        0.5185873508453369,
        0.5423526167869568
    ],
    "test_macro_precision": [
        0.24583808219394693,
        0.27474099890968284,
        0.41852821192845757,
        0.4690638697967261,
        0.5254923048434977
    ],
    "test_macro_recall": [
        0.26134297850681054,
        0.3500660768237921,
        0.44479840510003116,
        0.4993466297470769,
        0.5225922105641747
    ],
    "test_macro_f1": [
        0.17401081974060478,
        0.25494932803792236,
        0.37299555428341435,
        0.44522292199588087,
        0.47859460370592516
    ],
    "test_micro_f1": [
        0.2732342007429944,
        0.36404673393470977,
        0.4624269782257347,
        0.5185873605942954,
        0.5423526287833554
    ],
    "test_weighted_f1": [
        0.1815166588262834,
        0.2644120458664394,
        0.38783823158303865,
        0.46244230861014757,
        0.4958053119401762
    ],
    "test_confidence": [
        0.09569899952291366,
        0.1589287898829182,
        0.23807722155995908,
        0.30669114729602226,
        0.4006088609335844
    ],
    "grad_norm": [
        0.8478661983827703,
        0.7814809893610516,
        0.7464488538338429,
        0.7359524175061724,
        0.7240968281469718
    ],
    "nonfinite_grad_tensors": [
        0.0,
        0.0,
        0.006269592476489028,
        0.0,
        0.0
    ],
    "nonfinite_train_loss_batches": [
        0,
        0,
        0,
        0,
        0
    ],
    "nonfinite_val_loss_batches": [
        0,
        0,
        0,
        0,
        0
    ],
    "nonfinite_test_loss_batches": [
        0,
        0,
        0,
        0,
        0
    ],
    "fractional_applied_params": [
        7.0,
        7.0,
        7.0,
        7.0,
        7.0
    ],
    "epoch_time": [
        134.79246616363525,
        130.27550411224365,
        132.54801392555237,
        132.21160531044006,
        124.4166612625122
    ],
    "throughput_samples_per_sec": [
        75.54576520350959,
        78.16511683751737,
        76.82499117428827,
        77.02047014775867,
        81.84595131125114
    ],
    "lr": [
        2e-05,
        2e-05,
        2e-05,
        2e-05,
        2e-05
    ]
}