{
    "train_loss": [
        2.1097418999671937,
        2.062372941970825,
        1.973541922569275,
        1.956480748653412,
        1.9434416699409485,
        1.9463960099220277,
        1.9357919716835021,
        1.9342240571975708,
        1.9217271256446837,
        1.9211010885238649
    ],
    "train_accuracy": [
        0.3410416543483734,
        0.3463541567325592,
        0.3387500047683716,
        0.3413541615009308,
        0.3439583480358124,
        0.3407291769981384,
        0.3423958420753479,
        0.34281250834465027,
        0.3427083194255829,
        0.3472916781902313
    ],
    "train_macro_precision": [
        0.05810951681390787,
        0.05544791012490111,
        0.11733019209829514,
        0.1286188224299978,
        0.1313994252677581,
        0.13661989322243548,
        0.13860650043009776,
        0.1303465080159236,
        0.14415905325846484,
        0.14761193329335942
    ],
    "train_macro_recall": [
        0.09993265611822309,
        0.10007658258931151,
        0.11218734133754829,
        0.11792691105413322,
        0.11677444592768929,
        0.11939812529645495,
        0.11952302444343535,
        0.1176685794822023,
        0.12297288863251218,
        0.12250502527272022
    ],
    "train_macro_f1": [
        0.05466693270556452,
        0.052037066989036894,
        0.0838165963300117,
        0.09321006306319232,
        0.08961802024522243,
        0.0961540026369094,
        0.09553808627261935,
        0.09205890503677615,
        0.1013507692611783,
        0.09761944737014736
    ],
    "train_micro_f1": [
        0.3410416666661666,
        0.3463541666661666,
        0.33874999999949995,
        0.34135416666616664,
        0.34395833333283327,
        0.3407291666661666,
        0.3423958333328333,
        0.3428124999994999,
        0.3427083333328333,
        0.3472916666661666
    ],
    "train_weighted_f1": [
        0.18047896990014378,
        0.17925951849328067,
        0.21164073618869098,
        0.21976221314485264,
        0.21503491354475837,
        0.2219304428075407,
        0.21983091397301355,
        0.21831835474625294,
        0.22480362832583053,
        0.2206091073721963
    ],
    "train_confidence": [
        0.3489207124710083,
        0.34855220158894856,
        0.34821260650952657,
        0.35440444032351176,
        0.3522120209534963,
        0.3535949023564657,
        0.3488980464140574,
        0.3521810015042623,
        0.34983462691307066,
        0.35283207178115844
    ],
    "val_loss": [
        2.1013692092895506,
        2.017134919166565,
        2.0029416513442992,
        1.9657693004608154,
        1.9620306825637817,
        1.9577862071990966,
        1.9616787910461426,
        1.9558868026733398,
        1.960303692817688,
        1.9539966917037963
    ],
    "val_accuracy": [
        0.32624998688697815,
        0.32624998688697815,
        0.3266666531562805,
        0.32624998688697815,
        0.3270833194255829,
        0.3254166543483734,
        0.32624998688697815,
        0.32499998807907104,
        0.3270833194255829,
        0.3241666555404663
    ],
    "val_macro_precision": [
        0.03262499999999999,
        0.04270723862297361,
        0.08833738372747937,
        0.07787108886106907,
        0.161021890561984,
        0.21873479786698358,
        0.06868357574714115,
        0.09197210244899365,
        0.07099732126888067,
        0.11799876143577703
    ],
    "val_macro_recall": [
        0.09999999999999987,
        0.10147113503726321,
        0.10467963209997735,
        0.10256284869592285,
        0.12482337992825102,
        0.11254439104226495,
        0.10940943208233174,
        0.10728440308385787,
        0.11667641257344971,
        0.12779294384303155
    ],
    "val_macro_f1": [
        0.04919886899148031,
        0.05348467314153732,
        0.059204459212101344,
        0.055372231235417846,
        0.07281308361830865,
        0.06564334353204736,
        0.06454186698094896,
        0.0661371716728327,
        0.07531473099450235,
        0.09982849375857858
    ],
    "val_micro_f1": [
        0.3262499999994999,
        0.3262499999994999,
        0.32666666666616656,
        0.3262499999994999,
        0.32708333333283324,
        0.32541666666616653,
        0.3262499999994999,
        0.3249999999994999,
        0.32708333333283324,
        0.32416666666616656
    ],
    "val_weighted_f1": [
        0.16051131008470448,
        0.1666758767085268,
        0.16911461982168333,
        0.16576772621827074,
        0.1892419783282121,
        0.17875195998698618,
        0.17587068642550455,
        0.1780707245160692,
        0.18713628248009348,
        0.21774537145940598
    ],
    "val_confidence": [
        0.3324407943089803,
        0.3691397269566854,
        0.40482457796732585,
        0.36500619252522787,
        0.3509322182337443,
        0.32246604522069294,
        0.3776174259185791,
        0.36249072233835855,
        0.35739916483561196,
        0.30961909612019856
    ],
    "grad_norm": [
        1.5387720160940261,
        1.2076057968638247,
        1.342991486159007,
        1.2170344707356109,
        1.1520491927938412,
        1.2527508671696614,
        1.1496588526239884,
        1.2085213655631215,
        1.0661530735193987,
        1.1813480484826036
    ],
    "fractional_applied_params": [
        2.0,
        2.0,
        2.0,
        2.0,
        2.0,
        2.0,
        2.0,
        2.0,
        2.0,
        2.0
    ],
    "epoch_time": [
        7.335205793380737,
        2.763376474380493,
        3.240837812423706,
        2.8157460689544678,
        3.620638847351074,
        3.2826051712036133,
        2.744764566421509,
        3.3502109050750732,
        3.181272029876709,
        3.6243648529052734
    ],
    "throughput_samples_per_sec": [
        1308.7567370860957,
        3474.010902605,
        2962.196985976446,
        3409.398349462896,
        2651.465778483688,
        2924.506451222102,
        3497.5677394859463,
        2865.4912398074466,
        3017.660831844063,
        2648.739955720707
    ],
    "lr": [
        0.0003,
        0.0003,
        0.0003,
        0.0003,
        0.0003,
        0.0003,
        0.0003,
        0.0003,
        0.0003,
        0.0003
    ]
}