{
    "train_loss": [
        0.506387618001302,
        0.3688618435579188,
        NaN,
        NaN,
        NaN
    ],
    "train_accuracy": [
        0.7480444312095642,
        0.8541666865348816,
        0.0,
        0.0,
        0.0
    ],
    "train_macro_precision": [
        0.748046817761911,
        0.8546640354254899,
        0.0,
        0.0,
        0.0
    ],
    "train_macro_recall": [
        0.7480449656787709,
        0.8541207355388274,
        0.0,
        0.0,
        0.0
    ],
    "train_macro_f1": [
        0.7480440816274219,
        0.8541033434645446,
        0.0,
        0.0,
        0.0
    ],
    "train_micro_f1": [
        0.7480444444439442,
        0.8541666666661661,
        0.0,
        0.0,
        0.0
    ],
    "train_weighted_f1": [
        0.7480439741262299,
        0.8541107932529707,
        0.0,
        0.0,
        0.0
    ],
    "train_confidence": [
        0.7536441921022203,
        0.8514668415574467,
        NaN,
        NaN,
        NaN
    ],
    "val_loss": [
        0.4194171875,
        0.0,
        0.0,
        0.0,
        0.0
    ],
    "val_accuracy": [
        0.8324000239372253,
        0.4984000027179718,
        0.4984000027179718,
        0.4984000027179718,
        0.4984000027179718
    ],
    "val_macro_precision": [
        0.8360312628728804,
        0.24919999999999992,
        0.24919999999999992,
        0.24919999999999992,
        0.24919999999999992
    ],
    "val_macro_recall": [
        0.8325659654754858,
        0.4999999999999996,
        0.4999999999999996,
        0.4999999999999996,
        0.4999999999999996
    ],
    "val_macro_f1": [
        0.8319933163006721,
        0.3326214628935312,
        0.3326214628935312,
        0.3326214628935312,
        0.3326214628935312
    ],
    "val_micro_f1": [
        0.8323999999994997,
        0.49839999999949985,
        0.49839999999949985,
        0.49839999999949985,
        0.49839999999949985
    ],
    "val_weighted_f1": [
        0.8319668653283905,
        0.3315570742122719,
        0.3315570742122719,
        0.3315570742122719,
        0.3315570742122719
    ],
    "val_confidence": [
        0.8396438669204712,
        NaN,
        NaN,
        NaN,
        NaN
    ],
    "test_loss": [
        0.4310248547363281,
        0.0,
        0.0,
        0.0,
        0.0
    ],
    "test_accuracy": [
        0.8240000009536743,
        0.5,
        0.5,
        0.5,
        0.5
    ],
    "test_macro_precision": [
        0.8283209261206641,
        0.25,
        0.25,
        0.25,
        0.25
    ],
    "test_macro_recall": [
        0.8239999999999998,
        0.49999999999999994,
        0.49999999999999994,
        0.49999999999999994,
        0.49999999999999994
    ],
    "test_macro_f1": [
        0.8234190186226372,
        0.33333333333311105,
        0.33333333333311105,
        0.33333333333311105,
        0.33333333333311105
    ],
    "test_micro_f1": [
        0.8239999999994999,
        0.49999999999949996,
        0.49999999999949996,
        0.49999999999949996,
        0.49999999999949996
    ],
    "test_weighted_f1": [
        0.8234190186226371,
        0.3333333333331111,
        0.3333333333331111,
        0.3333333333331111,
        0.3333333333331111
    ],
    "test_confidence": [
        0.8393702192306518,
        NaN,
        NaN,
        NaN,
        NaN
    ],
    "grad_norm": [
        0.3766560164030856,
        0.30955668973976264,
        0.0,
        0.0,
        0.0
    ],
    "nonfinite_grad_tensors": [
        0.0,
        0.0784313725490196,
        0.0,
        0.0,
        0.0
    ],
    "nonfinite_train_loss_batches": [
        0,
        653,
        704,
        704,
        704
    ],
    "nonfinite_val_loss_batches": [
        0,
        79,
        79,
        79,
        79
    ],
    "nonfinite_test_loss_batches": [
        0,
        782,
        782,
        782,
        782
    ],
    "fractional_applied_params": [
        203.0,
        203.0,
        0.0,
        0.0,
        0.0
    ],
    "epoch_time": [
        244.07629704475403,
        35.76791596412659,
        22.717066764831543,
        24.21484112739563,
        23.70836114883423
    ],
    "throughput_samples_per_sec": [
        92.18428938994589,
        45.627483626298314,
        0.0,
        0.0,
        0.0
    ],
    "lr": [
        2e-05,
        2e-05,
        2e-05,
        2e-05,
        2e-05
    ]
}