{
    "train_loss": [
        2.234240409851074,
        2.155502685546875,
        2.065790266990662,
        2.0458902139663695,
        2.028632598876953,
        2.0095966567993164,
        2.000067226409912,
        1.9967380876541139,
        1.9831886854171752,
        1.9704811267852784
    ],
    "train_accuracy": [
        0.2613750100135803,
        0.28187501430511475,
        0.28562501072883606,
        0.28850001096725464,
        0.28712499141693115,
        0.29112499952316284,
        0.29462501406669617,
        0.296999990940094,
        0.29475000500679016,
        0.30399999022483826
    ],
    "train_macro_precision": [
        0.08806842713245819,
        0.05035910485752283,
        0.14291776505258696,
        0.14313008134670752,
        0.1488716918958803,
        0.15369182837300438,
        0.15677669556037824,
        0.1658110742269082,
        0.15842460768785704,
        0.17591908303321535
    ],
    "train_macro_recall": [
        0.0989344513110849,
        0.1013310462808072,
        0.13398693039028114,
        0.14135143572553116,
        0.13994311823280325,
        0.14730405287594675,
        0.1524275834013773,
        0.1544506721209404,
        0.15513755141299757,
        0.1666305602591227
    ],
    "train_macro_f1": [
        0.056224258372768156,
        0.048556985594154334,
        0.11094178048727354,
        0.11792866235268977,
        0.11916435229812047,
        0.12892537470688517,
        0.13535662194657014,
        0.13661070424528446,
        0.13773198924503777,
        0.15117599334387108
    ],
    "train_micro_f1": [
        0.2613749999995,
        0.2818749999995,
        0.2856249999995,
        0.2884999999995,
        0.2871249999995,
        0.2911249999995,
        0.2946249999995,
        0.2969999999995,
        0.29474999999949997,
        0.3039999999995
    ],
    "train_weighted_f1": [
        0.13379048028247614,
        0.1298798366233042,
        0.19267829024600971,
        0.20310528687738585,
        0.20719010994361448,
        0.21438948837351454,
        0.2228613577669005,
        0.22273828110463104,
        0.22680677614175,
        0.2387977020328071
    ],
    "train_confidence": [
        0.28172760891914367,
        0.28374308919906616,
        0.29937690019607544,
        0.2987055802345276,
        0.3015064344406128,
        0.3052938885688782,
        0.3100056018829346,
        0.3111639728546143,
        0.3099724903106689,
        0.31303532552719116
    ],
    "val_loss": [
        2.1550956745147705,
        2.074378429412842,
        2.0524150447845457,
        2.035298439025879,
        2.022319356918335,
        2.017146228790283,
        2.0195704917907715,
        2.0196247138977053,
        2.0202453212738036,
        2.0411258544921873
    ],
    "val_accuracy": [
        0.27900001406669617,
        0.2824999988079071,
        0.2824999988079071,
        0.2849999964237213,
        0.29249998927116394,
        0.2939999997615814,
        0.296999990940094,
        0.2919999957084656,
        0.2980000078678131,
        0.2745000123977661
    ],
    "val_macro_precision": [
        0.027899999999999987,
        0.057727325316377934,
        0.05776067683046822,
        0.08561663718981141,
        0.1405128832585035,
        0.16711217351028534,
        0.12085363140430631,
        0.16218294622159377,
        0.12964833634062328,
        0.08811062983369522
    ],
    "val_macro_recall": [
        0.09999999999999981,
        0.12324668163377805,
        0.1466591831107954,
        0.13208865403163933,
        0.12765407011093396,
        0.15005598562818104,
        0.15533397802388907,
        0.15525911703721973,
        0.15666730307357796,
        0.14023969362303892
    ],
    "val_macro_f1": [
        0.04362783424547016,
        0.07587701396193289,
        0.07276377802246563,
        0.08517856037658351,
        0.08859715015309806,
        0.09963846832187782,
        0.11906958224457842,
        0.1248144795767409,
        0.1231472059291707,
        0.10516226725239634
    ],
    "val_micro_f1": [
        0.27899999999949987,
        0.2824999999994999,
        0.2824999999994999,
        0.2849999999994999,
        0.2924999999994999,
        0.2939999999994999,
        0.2969999999994999,
        0.2919999999994999,
        0.2979999999994999,
        0.27449999999949987
    ],
    "val_weighted_f1": [
        0.12172165754486174,
        0.15790509870168543,
        0.15784630473736136,
        0.17031862025775837,
        0.17730117870022957,
        0.19025877101281102,
        0.21275428100816854,
        0.21867214197016507,
        0.2153685510729096,
        0.19892784256554677
    ],
    "val_confidence": [
        0.26882367420196535,
        0.2591440391540527,
        0.3003793506622314,
        0.29986248588562014,
        0.33102724266052247,
        0.31635308265686035,
        0.26845933246612547,
        0.30340510177612307,
        0.29379179096221925,
        0.3180316152572632
    ],
    "grad_norm": [
        1.3665185535236757,
        0.8417870934538375,
        0.9186438040279962,
        0.8648918303093464,
        0.881613757583486,
        0.8753806013262032,
        0.9024240440807925,
        0.8925856468682403,
        0.9151278574042218,
        0.959607577670009
    ],
    "fractional_applied_params": [
        2.0,
        2.0,
        2.0,
        2.0,
        2.0,
        2.0,
        2.0,
        2.0,
        2.0,
        2.0
    ],
    "epoch_time": [
        6.356490850448608,
        2.727167844772339,
        2.0574142932891846,
        2.5768778324127197,
        2.1469531059265137,
        2.67680287361145,
        2.0756306648254395,
        2.5833492279052734,
        2.15667462348938,
        2.6405513286590576
    ],
    "throughput_samples_per_sec": [
        1258.5560473882222,
        2933.4461446276814,
        3888.3758249829275,
        3104.5321199839864,
        3726.210869681578,
        2988.6399476277743,
        3854.250245754969,
        3096.7551400268308,
        3709.4144442875877,
        3029.6703242131684
    ],
    "lr": [
        0.0003,
        0.0003,
        0.0003,
        0.0003,
        0.0003,
        0.0003,
        0.0003,
        0.0003,
        0.0003,
        0.0003
    ]
}