{
    "train_loss": [
        2.187987510681152,
        2.0855317096710206,
        2.036588116645813,
        2.0209666204452517,
        2.0041087799072264,
        1.9945891609191895,
        1.983500732421875,
        1.9696526460647583,
        1.9436934251785278,
        1.924148497581482
    ],
    "train_accuracy": [
        0.2709999978542328,
        0.27662500739097595,
        0.2801249921321869,
        0.28737500309944153,
        0.2906250059604645,
        0.28987500071525574,
        0.2933749854564667,
        0.2983750104904175,
        0.30674999952316284,
        0.31450000405311584
    ],
    "train_macro_precision": [
        0.11667933161113794,
        0.1366061908941553,
        0.1418839585835138,
        0.15440076155747978,
        0.1628420558538599,
        0.17203316489097692,
        0.16976918982743136,
        0.17776777803872196,
        0.19575289961811637,
        0.20552833680255517
    ],
    "train_macro_recall": [
        0.1039530574817938,
        0.12699857164423842,
        0.14168344584320192,
        0.15166447219542317,
        0.1562469218876293,
        0.16232492600617665,
        0.1686352067067845,
        0.1692277426714326,
        0.18502288649560888,
        0.19426259514434308
    ],
    "train_macro_f1": [
        0.05751362038443055,
        0.102597223481774,
        0.12095293077737841,
        0.13329587846288016,
        0.13976435905758658,
        0.15037138870175337,
        0.15488046239780373,
        0.1568807811459062,
        0.17368612786028692,
        0.18556556921055614
    ],
    "train_micro_f1": [
        0.2709999999995,
        0.27662499999949997,
        0.28012499999949997,
        0.2873749999995,
        0.2906249999995,
        0.2898749999995,
        0.29337499999949995,
        0.29837499999949996,
        0.3067499999995,
        0.31449999999949996
    ],
    "train_weighted_f1": [
        0.13235558079957,
        0.18055364784039116,
        0.20336088921597037,
        0.2170372158392891,
        0.22233980121086996,
        0.23090799866418285,
        0.23879385376595388,
        0.23989871407473748,
        0.2549177562020705,
        0.2676190644843623
    ],
    "train_confidence": [
        0.28271591806411744,
        0.2922655053138733,
        0.3036475052833557,
        0.3087905321121216,
        0.30549700117111206,
        0.30821154069900514,
        0.3079003100395203,
        0.3138840274810791,
        0.314962272644043,
        0.3221054253578186
    ],
    "val_loss": [
        2.090631357192993,
        1.9939208850860595,
        1.9882720956802369,
        1.9766122169494629,
        1.9676699066162109,
        1.970949213027954,
        1.9721502208709716,
        1.9744425582885743,
        1.9673723001480103,
        1.977086633682251
    ],
    "val_accuracy": [
        0.30799999833106995,
        0.304500013589859,
        0.3095000088214874,
        0.3084999918937683,
        0.3125,
        0.3095000088214874,
        0.3100000023841858,
        0.31150001287460327,
        0.3100000023841858,
        0.3075000047683716
    ],
    "val_macro_precision": [
        0.08175784350356977,
        0.10712168031768446,
        0.11934806208472584,
        0.13139862283250206,
        0.1289599281128215,
        0.12264323207922938,
        0.1753031742411158,
        0.13565555177795813,
        0.14816428643621418,
        0.16862030350612253
    ],
    "val_macro_recall": [
        0.10881864982697671,
        0.12896780407592798,
        0.1570193333427719,
        0.1562538925376007,
        0.1566371430450852,
        0.15348597561746663,
        0.1589985817882615,
        0.15569146041221546,
        0.14302758609765948,
        0.15150412513134875
    ],
    "val_macro_f1": [
        0.06601350913478007,
        0.0804497308044397,
        0.12434267072926335,
        0.12207514664838641,
        0.12900124872583346,
        0.12014503437990691,
        0.12272153972033262,
        0.13017035917671632,
        0.12119258420387335,
        0.13102356979047913
    ],
    "val_micro_f1": [
        0.3079999999994999,
        0.3044999999994999,
        0.3094999999994999,
        0.3084999999994999,
        0.31249999999949984,
        0.3094999999994999,
        0.3099999999994999,
        0.31149999999949984,
        0.3099999999994999,
        0.3074999999994999
    ],
    "val_weighted_f1": [
        0.16708418177504006,
        0.19367492493784913,
        0.23440937474504717,
        0.23345967686922514,
        0.23724212025532765,
        0.23225011546839497,
        0.22153904299599878,
        0.24330596125944573,
        0.22695660673360865,
        0.23595661361278453
    ],
    "val_confidence": [
        0.23193117332458496,
        0.29771157646179197,
        0.2864908399581909,
        0.2707076539993286,
        0.31772245407104494,
        0.3474852342605591,
        0.3071054735183716,
        0.34085758209228517,
        0.3623856735229492,
        0.33844159507751465
    ],
    "grad_norm": [
        1.6108609451741625,
        1.517608264323647,
        1.3418977438631807,
        1.363254683786439,
        1.3063614450040926,
        1.3293590577881915,
        1.3369228569902694,
        1.2080696909267092,
        1.1995496523034976,
        1.2648813045843095
    ],
    "fractional_applied_params": [
        2.0,
        2.0,
        2.0,
        2.0,
        2.0,
        2.0,
        2.0,
        2.0,
        2.0,
        2.0
    ],
    "epoch_time": [
        6.83664870262146,
        3.3043100833892822,
        3.3218681812286377,
        3.3365328311920166,
        3.329633951187134,
        2.290339469909668,
        0.7885136604309082,
        1.5534412860870361,
        2.47178316116333,
        1.9080700874328613
    ],
    "throughput_samples_per_sec": [
        1170.1639718496085,
        2421.0802854780127,
        2408.2834006498992,
        2397.6985705673105,
        2402.666514482084,
        3492.931988949011,
        10145.670774591461,
        5149.856690207586,
        3236.5298565408334,
        4192.71810437702
    ],
    "lr": [
        0.0003,
        0.0003,
        0.0003,
        0.0003,
        0.0003,
        0.0003,
        0.0003,
        0.0003,
        0.0003,
        0.0003
    ]
}