{
    "train_loss": [
        2.1270962023735045,
        2.0846838331222535,
        2.056420466899872,
        1.9732064390182495,
        1.9652978134155275,
        1.9572109746932984,
        1.9484719848632812,
        1.9448357224464417,
        1.941633780002594,
        1.9367169046401977
    ],
    "train_accuracy": [
        0.3238541781902313,
        0.3400000035762787,
        0.34031251072883606,
        0.33677083253860474,
        0.33781251311302185,
        0.33416667580604553,
        0.33906251192092896,
        0.33781251311302185,
        0.33916667103767395,
        0.33781251311302185
    ],
    "train_macro_precision": [
        0.08974062224753324,
        0.054010840108397074,
        0.10775387853833973,
        0.17655254917786206,
        0.13019882178888362,
        0.1234171234645705,
        0.13991082114507344,
        0.14285317400449404,
        0.14286527230317342,
        0.13439122093272632
    ],
    "train_macro_recall": [
        0.09987317016982934,
        0.10002216960480843,
        0.10050315882389801,
        0.11697253909704759,
        0.11960040645539112,
        0.1213481343541278,
        0.1236415477523807,
        0.12636107265047491,
        0.12289991495765262,
        0.12590224450087634
    ],
    "train_macro_f1": [
        0.0594711881432903,
        0.050973258147180456,
        0.05211683335561758,
        0.08806508734655566,
        0.09472527567399039,
        0.09767508240251174,
        0.10193131432186198,
        0.10689829978840434,
        0.1003069700975329,
        0.10525296398860709
    ],
    "train_micro_f1": [
        0.3238541666661666,
        0.3399999999994999,
        0.3403124999995,
        0.3367708333328333,
        0.33781249999949997,
        0.3341666666661666,
        0.33906249999949994,
        0.33781249999949997,
        0.3391666666661666,
        0.33781249999949997
    ],
    "train_weighted_f1": [
        0.1767420022062791,
        0.17285097682571351,
        0.1741498181152745,
        0.21490333159620315,
        0.218358804532762,
        0.22158852333786816,
        0.22542997253101224,
        0.23125498039490716,
        0.22353975540576504,
        0.23047305703997628
    ],
    "train_confidence": [
        0.3391640377044678,
        0.33918287873268127,
        0.34105674505233763,
        0.3422452036539714,
        0.35072219451268516,
        0.3449466669559479,
        0.34536800702412923,
        0.343170139392217,
        0.3486869470278422,
        0.34649242560068766
    ],
    "val_loss": [
        2.0507537746429443,
        2.041837158203125,
        1.9632106685638429,
        1.941496925354004,
        1.9451277160644531,
        1.9395517921447754,
        1.9248223209381103,
        1.931674404144287,
        1.9294033336639405,
        1.930850820541382
    ],
    "val_accuracy": [
        0.35208332538604736,
        0.35208332538604736,
        0.351666659116745,
        0.351666659116745,
        0.3395833373069763,
        0.33375000953674316,
        0.34708333015441895,
        0.3479166626930237,
        0.34333333373069763,
        0.34583333134651184
    ],
    "val_macro_precision": [
        0.03520833333333332,
        0.03520833333333332,
        0.04730457336091115,
        0.06515585420771072,
        0.10386831281533485,
        0.0869727525321962,
        0.08259177200000334,
        0.09696986250930202,
        0.11905307806166539,
        0.11057432292790263
    ],
    "val_macro_recall": [
        0.09999999999999988,
        0.09999999999999988,
        0.10187430033583866,
        0.10540961092358418,
        0.12019432390567661,
        0.12209689557194436,
        0.1111133560873285,
        0.10907176754541152,
        0.12373412637329402,
        0.11895096301945718
    ],
    "val_macro_f1": [
        0.05208012326652539,
        0.05208012326652539,
        0.05695170758952258,
        0.06337582247951525,
        0.0884905030005533,
        0.09204887640646492,
        0.0754305062075578,
        0.07267886646769228,
        0.0993552728621884,
        0.08746532395099313
    ],
    "val_micro_f1": [
        0.3520833333328332,
        0.3520833333328332,
        0.3516666666661665,
        0.3516666666661665,
        0.3395833333328332,
        0.3337499999994999,
        0.3470833333328332,
        0.34791666666616655,
        0.3433333333328332,
        0.3458333333328332
    ],
    "val_weighted_f1": [
        0.18336543400089148,
        0.18336543400089148,
        0.18914885733283787,
        0.1946637451008891,
        0.22774338968311905,
        0.2342377591257167,
        0.2128035693474595,
        0.20407883528402496,
        0.23977717495515183,
        0.22108685356166533
    ],
    "val_confidence": [
        0.3403791427612305,
        0.3481721433003743,
        0.34136581103006997,
        0.3748098055521647,
        0.2939837296803792,
        0.300508766969045,
        0.3515138832728068,
        0.3849836047490438,
        0.3252772076924642,
        0.3373595078786214
    ],
    "grad_norm": [
        1.2078225172787906,
        0.8292675070227896,
        0.8703949035115939,
        0.8171890967769322,
        0.9619537341437525,
        0.9665096056691881,
        0.8452360286759628,
        0.9084424069790445,
        0.8651234532583932,
        0.8628710487050405
    ],
    "fractional_applied_params": [
        2.0,
        2.0,
        2.0,
        2.0,
        2.0,
        2.0,
        2.0,
        2.0,
        2.0,
        2.0
    ],
    "epoch_time": [
        5.2778260707855225,
        1.8332502841949463,
        1.8401610851287842,
        1.845029354095459,
        1.8498470783233643,
        1.8683888912200928,
        1.268709421157837,
        1.2686803340911865,
        1.6722526550292969,
        1.2691066265106201
    ],
    "throughput_samples_per_sec": [
        1818.9307247427328,
        5236.600851921179,
        5216.934581207134,
        5203.1692496873475,
        5189.6181649248,
        5138.116612185068,
        7566.744472693317,
        7566.917955638461,
        5740.759311177062,
        7564.376230856963
    ],
    "lr": [
        0.0003,
        0.0003,
        0.0003,
        0.0003,
        0.0003,
        0.0003,
        0.0003,
        0.0003,
        0.0003,
        0.0003
    ]
}