{
    "train_loss": [
        2.200506525039673,
        2.131856470108032,
        2.046331562042236,
        2.016626582145691,
        2.0148064136505126,
        1.9989777135848998,
        1.9883933839797974,
        1.9862974739074708,
        1.9711862058639527,
        1.9544453058242799
    ],
    "train_accuracy": [
        0.273250013589859,
        0.28224998712539673,
        0.28737500309944153,
        0.28737500309944153,
        0.28737500309944153,
        0.2938750088214874,
        0.29737499356269836,
        0.296999990940094,
        0.29862499237060547,
        0.3070000112056732
    ],
    "train_macro_precision": [
        0.09052568536288516,
        0.1611763853789901,
        0.1488660362981567,
        0.14255037518734687,
        0.1518647490176502,
        0.1625038601581042,
        0.16900135042446313,
        0.16195536224417892,
        0.16586023566593433,
        0.18123492158791904
    ],
    "train_macro_recall": [
        0.10086579856707982,
        0.11140748831918021,
        0.1424041203134931,
        0.1460046898556757,
        0.14919813239567511,
        0.15492381027257243,
        0.16569604054653816,
        0.16213839179409856,
        0.16191689445625074,
        0.1770934221339981
    ],
    "train_macro_f1": [
        0.05289328260872028,
        0.07073748922827025,
        0.12233790999827385,
        0.12608746864942427,
        0.1295104827792134,
        0.13628891229836976,
        0.15147176964203216,
        0.1410430392940218,
        0.14637407326023663,
        0.15963786520494408
    ],
    "train_micro_f1": [
        0.2732499999995,
        0.28224999999949996,
        0.2873749999995,
        0.2873749999995,
        0.2873749999995,
        0.29387499999949995,
        0.29737499999949996,
        0.2969999999995,
        0.2986249999995,
        0.30699999999949995
    ],
    "train_weighted_f1": [
        0.13076368052808662,
        0.15288088001416245,
        0.21304185693444214,
        0.21450617570571773,
        0.2164456819902494,
        0.22309986277717572,
        0.23866662989052462,
        0.22895568701541633,
        0.2344930180325155,
        0.24872991530051913
    ],
    "train_confidence": [
        0.2826442346572876,
        0.28874333953857423,
        0.31041266441345217,
        0.30802997255325315,
        0.30803225326538086,
        0.30927983474731446,
        0.31239652729034423,
        0.3160690298080444,
        0.3088357348442078,
        0.31622459506988526
    ],
    "val_loss": [
        2.1402341442108153,
        2.06125742149353,
        2.0307321758270263,
        2.0244645862579347,
        2.012192291259766,
        2.0044102210998536,
        2.018166477203369,
        2.0098669891357424,
        2.006725486755371,
        2.009758462905884
    ],
    "val_accuracy": [
        0.2840000092983246,
        0.2784999907016754,
        0.27549999952316284,
        0.28200000524520874,
        0.27799999713897705,
        0.2759999930858612,
        0.2824999988079071,
        0.2874999940395355,
        0.29100000858306885,
        0.2705000042915344
    ],
    "val_macro_precision": [
        0.028399999999999988,
        0.1377624008046812,
        0.08412834541321089,
        0.09677273020456642,
        0.22191550146202754,
        0.10635313815837491,
        0.11583641726809665,
        0.1447446768391833,
        0.19799795590139785,
        0.14948709556338458
    ],
    "val_macro_recall": [
        0.09999999999999983,
        0.12313825321478396,
        0.13432527350801277,
        0.1294455644700284,
        0.1453002263036292,
        0.13964481868330228,
        0.11943392920999378,
        0.14329727600605893,
        0.16615403825840477,
        0.15917705512168245
    ],
    "val_macro_f1": [
        0.044236760124576106,
        0.08771964890255078,
        0.09807208556129329,
        0.0946977509416835,
        0.11801483627621201,
        0.10304841366940273,
        0.08074440889684134,
        0.10942600365931739,
        0.13625303153968413,
        0.1325045855786357
    ],
    "val_micro_f1": [
        0.2839999999994999,
        0.27849999999949987,
        0.27549999999949987,
        0.2819999999994999,
        0.27799999999949987,
        0.27599999999949987,
        0.2824999999994999,
        0.2874999999994999,
        0.2909999999994999,
        0.27049999999949986
    ],
    "val_weighted_f1": [
        0.12563239875379614,
        0.18141631913720246,
        0.1949117412795413,
        0.18241842833168856,
        0.21112691451036564,
        0.19613688496289575,
        0.16504731204175419,
        0.2019720264463784,
        0.2353076167265669,
        0.22402061622980995
    ],
    "val_confidence": [
        0.29314081382751467,
        0.3062570056915283,
        0.27819411087036133,
        0.3368776721954346,
        0.268869441986084,
        0.3032855987548828,
        0.3545829858779907,
        0.27084339332580565,
        0.2835331163406372,
        0.2714195966720581
    ],
    "grad_norm": [
        1.221992414866909,
        1.0989813420249805,
        1.0773994951384154,
        0.8191679091982652,
        0.9253805331465533,
        0.8448345361380892,
        0.8848451974578021,
        0.9089108241963192,
        0.8154413773774172,
        0.8736666149423437
    ],
    "fractional_applied_params": [
        0.0,
        0.0,
        0.0,
        66.0,
        66.0,
        66.0,
        66.0,
        66.0,
        66.0,
        66.0
    ],
    "epoch_time": [
        6.109588146209717,
        2.4132676124572754,
        3.000969886779785,
        4.11145281791687,
        3.9818179607391357,
        4.322092771530151,
        4.32535195350647,
        4.328723192214966,
        4.322601318359375,
        4.311677932739258
    ],
    "throughput_samples_per_sec": [
        1309.4172321522299,
        3315.0074027033056,
        2665.804823714664,
        1945.784216503139,
        2009.1325316426517,
        1850.9551790966668,
        1849.560471839655,
        1848.1200217162598,
        1850.7374173097153,
        1855.4261530655444
    ],
    "lr": [
        0.0003,
        0.0003,
        0.0003,
        0.0003,
        0.0003,
        0.0003,
        0.0003,
        0.0003,
        0.0003,
        0.0003
    ]
}