{
    "train_loss": [
        2.0958679556846618,
        2.069533696174622,
        2.0077694416046143,
        1.9632313227653504,
        1.9566711616516113,
        1.9453393530845642,
        1.942958240509033,
        1.9405402374267577,
        1.939354784488678,
        1.9322506380081177
    ],
    "train_accuracy": [
        0.33802083134651184,
        0.34031251072883606,
        0.3359375,
        0.3370833396911621,
        0.33635416626930237,
        0.3398958444595337,
        0.3386458456516266,
        0.33677083253860474,
        0.33770832419395447,
        0.34052082896232605
    ],
    "train_macro_precision": [
        0.19666554503771289,
        0.12017498086687073,
        0.12892687370456554,
        0.13387283312060985,
        0.13794271943105083,
        0.14184281187061706,
        0.1374541817213643,
        0.13958140754379636,
        0.13766207107012204,
        0.1426543499844603
    ],
    "train_macro_recall": [
        0.10027862328472532,
        0.1003366283535079,
        0.11107865281277278,
        0.11956715400446793,
        0.12255268153840441,
        0.1232396730409232,
        0.12273927424406861,
        0.12216657178286136,
        0.12228891811588742,
        0.12286250412535113
    ],
    "train_macro_f1": [
        0.05309223134582025,
        0.051600660658726615,
        0.07824619186574637,
        0.09530377118447773,
        0.10041116625007256,
        0.10122872238364189,
        0.09923429886579448,
        0.1004389763204024,
        0.09939117242465131,
        0.09987456112202273
    ],
    "train_micro_f1": [
        0.3380208333328333,
        0.3403124999995,
        0.33593749999949996,
        0.3370833333328333,
        0.33635416666616663,
        0.3398958333328333,
        0.33864583333283327,
        0.3367708333328333,
        0.3377083333328333,
        0.3405208333328333
    ],
    "train_weighted_f1": [
        0.17456347098495364,
        0.17347925027137048,
        0.2005467028447689,
        0.21707461044460283,
        0.22128288600706603,
        0.22238611237292208,
        0.21965002814738702,
        0.22324694183718818,
        0.2199218612819429,
        0.22143103005407844
    ],
    "train_confidence": [
        0.34161532918612164,
        0.33752246618270876,
        0.34278662006060284,
        0.34542216817537946,
        0.34625742077827454,
        0.34269102533658347,
        0.3459779147307078,
        0.3450021413962046,
        0.3441955633958181,
        0.34884010036786395
    ],
    "val_loss": [
        2.046513671875,
        2.041047983169556,
        1.9535570812225342,
        1.9357175064086913,
        1.9325378704071046,
        1.9247414922714234,
        1.9337328243255616,
        1.92747163772583,
        1.9225362300872804,
        1.9329279136657715
    ],
    "val_accuracy": [
        0.35208332538604736,
        0.35208332538604736,
        0.35083332657814026,
        0.34583333134651184,
        0.34583333134651184,
        0.3449999988079071,
        0.3512499928474426,
        0.3383333384990692,
        0.34708333015441895,
        0.34375
    ],
    "val_macro_precision": [
        0.03520833333333332,
        0.035267111853088465,
        0.06463897001061802,
        0.0959410164956329,
        0.10644420255187179,
        0.08633104881767095,
        0.07058600717441468,
        0.12621791372814792,
        0.12091693731125394,
        0.2457805430566932
    ],
    "val_macro_recall": [
        0.09999999999999988,
        0.09999999999999988,
        0.10749136457483957,
        0.11573813918439266,
        0.10854199813289171,
        0.11130681624878654,
        0.1183041264457509,
        0.11829743273806996,
        0.11508408329348781,
        0.13486566302567438
    ],
    "val_macro_f1": [
        0.05208012326652539,
        0.052144399876542714,
        0.06815103361854415,
        0.08076936227582145,
        0.07130339988930268,
        0.07686176997128474,
        0.0784359668274246,
        0.09123014425877311,
        0.08560638975907606,
        0.10164174405799312
    ],
    "val_micro_f1": [
        0.3520833333328332,
        0.3520833333328332,
        0.35083333333283323,
        0.3458333333328332,
        0.3458333333328332,
        0.3449999999994999,
        0.35124999999949985,
        0.3383333333328332,
        0.3470833333328332,
        0.3437499999994999
    ],
    "val_weighted_f1": [
        0.18336543400089148,
        0.18359174123199415,
        0.2020790779961327,
        0.21219325676168263,
        0.20223506402348607,
        0.20879383632806828,
        0.2091247351620651,
        0.2243773411740435,
        0.2188721857606976,
        0.23773983368473514
    ],
    "val_confidence": [
        0.34066197713216145,
        0.35296136379241944,
        0.3972948678334554,
        0.3595872497558594,
        0.34819769859313965,
        0.3559598541259766,
        0.39379039764404294,
        0.31754888931910197,
        0.3411822509765625,
        0.3020962381362915
    ],
    "grad_norm": [
        0.9657192491422165,
        0.8761293214989339,
        0.8926443767009625,
        0.8479307466960736,
        0.8352818664522613,
        0.8043226253176566,
        0.8376719878046144,
        0.8928713871891758,
        0.8469045616655926,
        0.8305484976037865
    ],
    "fractional_applied_params": [
        2.0,
        2.0,
        2.0,
        2.0,
        2.0,
        2.0,
        2.0,
        2.0,
        2.0,
        2.0
    ],
    "epoch_time": [
        5.2594733238220215,
        2.0350241661071777,
        2.410383939743042,
        2.4169766902923584,
        2.4130263328552246,
        2.4253861904144287,
        2.420797348022461,
        2.4147439002990723,
        2.4088549613952637,
        2.4107160568237305
    ],
    "throughput_samples_per_sec": [
        1825.2778194573575,
        4717.388697336187,
        3982.767990490098,
        3971.9042548311795,
        3978.4066461640123,
        3958.132539032737,
        3965.6355406379635,
        3975.5768712413,
        3985.2959824693894,
        3982.2192965556474
    ],
    "lr": [
        0.0003,
        0.0003,
        0.0003,
        0.0003,
        0.0003,
        0.0003,
        0.0003,
        0.0003,
        0.0003,
        0.0003
    ]
}