{
    "train_loss": [
        2.2737159576416017,
        2.1615136585235595,
        2.0682100105285643,
        2.02025163269043,
        1.9720631656646728,
        1.9491460752487182,
        1.9106024198532106,
        1.8741146802902222,
        1.8422823114395142,
        1.819733751296997
    ],
    "train_accuracy": [
        0.20749999582767487,
        0.23849999904632568,
        0.2709999978542328,
        0.2815000116825104,
        0.30924999713897705,
        0.3095000088214874,
        0.32199999690055847,
        0.3334999978542328,
        0.3474999964237213,
        0.34599998593330383
    ],
    "train_macro_precision": [
        0.0788322559632504,
        0.14559811556638363,
        0.18427719418932176,
        0.1916720488461205,
        0.2277987042510718,
        0.2373739397449261,
        0.2634855555632831,
        0.2767618289978825,
        0.29482143554718154,
        0.28324877084048633
    ],
    "train_macro_recall": [
        0.10167194740440103,
        0.13523992730012319,
        0.18557785925391984,
        0.20341217710907955,
        0.23722404934337987,
        0.23966150486167065,
        0.2550017015035468,
        0.27216265246580834,
        0.2856994088607304,
        0.2867610000180756
    ],
    "train_macro_f1": [
        0.05267108680505171,
        0.10096068604770411,
        0.16541751655622944,
        0.18050623343259556,
        0.21703653749710558,
        0.2244568822962257,
        0.24182346648595487,
        0.2638629332329433,
        0.2774430152732074,
        0.27985287919496366
    ],
    "train_micro_f1": [
        0.20749999999949997,
        0.23849999999949995,
        0.2709999999995,
        0.28149999999949993,
        0.3092499999994999,
        0.30949999999949995,
        0.32199999999949996,
        0.3334999999994999,
        0.34749999999949993,
        0.34599999999949993
    ],
    "train_weighted_f1": [
        0.09446777497501664,
        0.14617967265361323,
        0.21608939617306186,
        0.23026149570868554,
        0.2676987087950307,
        0.2728886515884637,
        0.29012676385006153,
        0.30957961828129704,
        0.3203825693315517,
        0.3251878428166327
    ],
    "train_confidence": [
        0.23485977363586424,
        0.23079982948303224,
        0.2722880220413208,
        0.2921268339157104,
        0.309982720375061,
        0.32056521606445315,
        0.33657436847686767,
        0.3382551612854004,
        0.3607121391296387,
        0.35547437095642087
    ],
    "val_loss": [
        2.1843544883728025,
        2.056771590232849,
        1.990032853126526,
        1.9532242212295532,
        1.936696044921875,
        1.903392738342285,
        1.8768139324188233,
        1.8517915105819702,
        1.8391811733245849,
        1.8314554290771485
    ],
    "val_accuracy": [
        0.23999999463558197,
        0.2720000147819519,
        0.2939999997615814,
        0.3089999854564667,
        0.3199999928474426,
        0.335999995470047,
        0.335999995470047,
        0.33500000834465027,
        0.3409999907016754,
        0.3409999907016754
    ],
    "val_macro_precision": [
        0.04689859363434425,
        0.14218762314590241,
        0.19519082117586906,
        0.26535742895097264,
        0.25765216085000975,
        0.2655967361077546,
        0.2684272222950206,
        0.270120591808268,
        0.2823806535100777,
        0.2943216331452461
    ],
    "val_macro_recall": [
        0.10684354272337056,
        0.18524615390426916,
        0.19721209727295383,
        0.22028432750222654,
        0.24533708355192543,
        0.27642573996833,
        0.27857213736507175,
        0.25858170688296783,
        0.27541935847567867,
        0.2544357389882622
    ],
    "val_macro_f1": [
        0.049765701456382226,
        0.1180403014031363,
        0.16576210664218644,
        0.1930117084191594,
        0.22705475056392227,
        0.259571104606379,
        0.25696519968792847,
        0.23967532299881422,
        0.26362761968634657,
        0.23773136721270424
    ],
    "val_micro_f1": [
        0.23999999999949975,
        0.27199999999949975,
        0.2939999999994997,
        0.3089999999994997,
        0.3199999999994997,
        0.33599999999949964,
        0.33599999999949964,
        0.33499999999949964,
        0.34099999999949965,
        0.34099999999949965
    ],
    "val_weighted_f1": [
        0.10238167060031238,
        0.1727741605184782,
        0.213226629969231,
        0.25489325623172926,
        0.29001539151302824,
        0.31623706041374455,
        0.3112069075554422,
        0.29189346951688766,
        0.31564535604130783,
        0.28970265584751564
    ],
    "val_confidence": [
        0.19799483013153077,
        0.282322096824646,
        0.3081048898696899,
        0.2938865661621094,
        0.27600841617584226,
        0.28639566135406497,
        0.3286916427612305,
        0.36288526344299316,
        0.34590663719177245,
        0.40697335052490236
    ],
    "grad_norm": [
        1.3882270037206608,
        1.0915796780115177,
        1.062438110123899,
        1.082810336771931,
        1.1998700745510946,
        1.3548023552893955,
        1.257994029435606,
        1.221041587362854,
        1.3380454633761094,
        1.3687248556423472
    ],
    "fractional_applied_params": [
        0.0,
        0.0,
        0.0,
        2.0,
        2.0,
        2.0,
        2.0,
        2.0,
        2.0,
        2.0
    ],
    "epoch_time": [
        4.237244129180908,
        1.0522947311401367,
        1.0559232234954834,
        1.026172161102295,
        1.0531210899353027,
        1.0314650535583496,
        0.8853590488433838,
        0.8193635940551758,
        0.8189046382904053,
        0.9151768684387207
    ],
    "throughput_samples_per_sec": [
        944.0098040263804,
        3801.216409841845,
        3788.1542057182623,
        3897.981402753389,
        3798.233686731822,
        3877.9791774823534,
        4517.941060438162,
        4881.837598133071,
        4884.573627950919,
        4370.739840511863
    ],
    "lr": [
        0.0003,
        0.0003,
        0.0003,
        0.0003,
        0.0003,
        0.0003,
        0.0003,
        0.0003,
        0.0003,
        0.0003
    ]
}