{
    "train_loss": [
        2.2770321216583254,
        2.183012195587158,
        2.1196582946777345,
        2.034555377960205,
        1.979332462310791,
        1.9424092378616333,
        1.9170828723907472,
        1.9029840774536133,
        1.8888797178268433,
        1.86574125289917
    ],
    "train_accuracy": [
        0.19824999570846558,
        0.2370000034570694,
        0.2535000145435333,
        0.2867499887943268,
        0.3152500092983246,
        0.32725000381469727,
        0.3317500054836273,
        0.33675000071525574,
        0.3375000059604645,
        0.34049999713897705
    ],
    "train_macro_precision": [
        0.14915280975492423,
        0.2282943849076962,
        0.1731125113013477,
        0.23512853123716307,
        0.2531557894370638,
        0.25905381177038195,
        0.2699815295786598,
        0.27770849675157744,
        0.27943144512439105,
        0.2840539919582438
    ],
    "train_macro_recall": [
        0.10534776752433431,
        0.12120764246317203,
        0.14335284703889395,
        0.1946152922039315,
        0.23453426829228116,
        0.2516211546894502,
        0.25850258028683126,
        0.26685190119666147,
        0.2707696080251865,
        0.2723360785259105
    ],
    "train_macro_f1": [
        0.07484166276129696,
        0.08002562552272725,
        0.1114080076233849,
        0.18238676673029763,
        0.227700519892463,
        0.24317455106604974,
        0.25306705829095977,
        0.2604960553564736,
        0.2664427068424557,
        0.27023047423129765
    ],
    "train_micro_f1": [
        0.19824999999949994,
        0.23699999999949994,
        0.25349999999949996,
        0.28674999999949996,
        0.31524999999949993,
        0.32724999999949994,
        0.33174999999949994,
        0.33674999999949995,
        0.3374999999994999,
        0.3404999999994999
    ],
    "train_weighted_f1": [
        0.11722742695418688,
        0.12845540550845636,
        0.16493202934096124,
        0.2330536659437488,
        0.27651152365874315,
        0.2903280207057419,
        0.3008979993975643,
        0.3060938175809242,
        0.3110536705509741,
        0.31639897877484263
    ],
    "train_confidence": [
        0.23978176784515381,
        0.22837727546691894,
        0.24454214763641358,
        0.2744818353652954,
        0.31755379104614256,
        0.31492531299591064,
        0.32207215213775636,
        0.33423916816711424,
        0.33132147216796876,
        0.33703614139556887
    ],
    "val_loss": [
        2.226152814865112,
        2.1613354682922363,
        2.100341293334961,
        2.035034299850464,
        2.0071915702819823,
        1.9743765716552735,
        1.9642208156585694,
        1.950467649459839,
        1.9471434383392334,
        1.9301539421081544
    ],
    "val_accuracy": [
        0.21799999475479126,
        0.2290000021457672,
        0.2529999911785126,
        0.2809999883174896,
        0.2840000092983246,
        0.3019999861717224,
        0.3100000023841858,
        0.3149999976158142,
        0.3070000112056732,
        0.3160000145435333
    ],
    "val_macro_precision": [
        0.054480849956904706,
        0.10150083726392259,
        0.2564698297070654,
        0.2381270442777644,
        0.2299927529224767,
        0.2521440987051883,
        0.2539951852150217,
        0.26169688284513193,
        0.25465850409215673,
        0.25144010108036113
    ],
    "val_macro_recall": [
        0.11014049037816584,
        0.12757957472564624,
        0.16356795595370963,
        0.205504923809224,
        0.2142828380398456,
        0.23241190082419844,
        0.2375845904776877,
        0.24568854366333587,
        0.2375078088235405,
        0.25636266936799473
    ],
    "val_macro_f1": [
        0.05751159932874197,
        0.08402968202110465,
        0.12930742695961261,
        0.1946455545119528,
        0.19960563118553054,
        0.22299334665653273,
        0.2200252225843975,
        0.23177773284005593,
        0.22126650496085404,
        0.23641344850638105
    ],
    "val_micro_f1": [
        0.21799999999949976,
        0.22899999999949977,
        0.25299999999949974,
        0.2809999999994997,
        0.2839999999994997,
        0.3019999999994997,
        0.3099999999994997,
        0.3149999999994997,
        0.3069999999994997,
        0.3159999999994997
    ],
    "val_weighted_f1": [
        0.09985451969617645,
        0.1278954866968574,
        0.174738677052319,
        0.2378833714006415,
        0.24407840242619072,
        0.26567750379448474,
        0.26543084020936947,
        0.2754772163565915,
        0.26274430022995965,
        0.2804106553484921
    ],
    "val_confidence": [
        0.21536030197143555,
        0.2121691255569458,
        0.24543715667724608,
        0.29554312896728513,
        0.3099272289276123,
        0.3149835844039917,
        0.3349815063476563,
        0.3341641960144043,
        0.3494769325256348,
        0.3388060121536255
    ],
    "grad_norm": [
        1.2936407133585412,
        0.9569339672734978,
        0.9708149576335772,
        1.0597229025166164,
        1.031435273395764,
        0.9889345114704459,
        0.9352615497172981,
        0.9890587831181822,
        0.9877653806993294,
        1.0384985351840923
    ],
    "fractional_applied_params": [
        2.0,
        2.0,
        2.0,
        2.0,
        2.0,
        2.0,
        2.0,
        2.0,
        2.0,
        2.0
    ],
    "epoch_time": [
        4.051114559173584,
        0.45224761962890625,
        0.46760988235473633,
        0.5624990463256836,
        0.6649670600891113,
        0.7529044151306152,
        0.7379446029663086,
        0.7501962184906006,
        0.7117557525634766,
        0.5980980396270752
    ],
    "throughput_samples_per_sec": [
        987.382593499402,
        8844.712114310778,
        8554.139146626367,
        7111.1231674587125,
        6015.335555815299,
        5312.759388329623,
        5420.461080576021,
        5331.938366802255,
        5619.90540377581,
        6687.86676260312
    ],
    "lr": [
        0.0003,
        0.0003,
        0.0003,
        0.0003,
        0.0003,
        0.0003,
        0.0003,
        0.0003,
        0.0003,
        0.0003
    ]
}