{
    "train_loss": [
        2.226123718261719,
        2.156696767807007,
        2.1045693826675413,
        2.041953411102295,
        2.027657778739929,
        2.014720901489258,
        2.013792001724243,
        1.9993637371063233,
        1.9943127012252808,
        1.98689315032959
    ],
    "train_accuracy": [
        0.2601250112056732,
        0.27924999594688416,
        0.28224998712539673,
        0.2866249978542328,
        0.28812500834465027,
        0.28562501072883606,
        0.28962498903274536,
        0.29249998927116394,
        0.2953749895095825,
        0.29762500524520874
    ],
    "train_macro_precision": [
        0.08387609636361867,
        0.07522406381416591,
        0.12057273662147235,
        0.1510654750540104,
        0.14728138713518046,
        0.14995812803826222,
        0.1523247259583771,
        0.15629829872655873,
        0.1487200574307509,
        0.17770589187460423
    ],
    "train_macro_recall": [
        0.1023285290638553,
        0.10042197159742314,
        0.11134600169815223,
        0.13950130829477855,
        0.14195698106717483,
        0.14178655386359593,
        0.14814749102137342,
        0.14926398826182058,
        0.15257504575878317,
        0.15907815368641068
    ],
    "train_macro_f1": [
        0.06126019167474774,
        0.04635271623876004,
        0.06885191027353676,
        0.11588889934037186,
        0.11766629962071398,
        0.12031055028266609,
        0.1286780226276018,
        0.1269729042449665,
        0.1301740590664477,
        0.13915837170872275
    ],
    "train_micro_f1": [
        0.2601249999995,
        0.27924999999949995,
        0.28224999999949996,
        0.2866249999995,
        0.2881249999995,
        0.2856249999995,
        0.2896249999995,
        0.2924999999995,
        0.29537499999949995,
        0.2976249999995
    ],
    "train_weighted_f1": [
        0.13762810183536064,
        0.12548648645184227,
        0.15119684624610968,
        0.20384334373117546,
        0.20356904781531773,
        0.20712093180718616,
        0.2157180384069736,
        0.2137960051804794,
        0.21789438614189915,
        0.22588529020583764
    ],
    "train_confidence": [
        0.28908289575576784,
        0.2742951445579529,
        0.2897344083786011,
        0.30026635789871214,
        0.30429370832443237,
        0.3060051183700562,
        0.3037313675880432,
        0.3045236530303955,
        0.30691502046585084,
        0.30612983512878417
    ],
    "val_loss": [
        2.1539228477478027,
        2.127589105606079,
        2.0243773345947265,
        2.007198627471924,
        1.9934306030273437,
        1.9889061279296876,
        1.9875430870056152,
        1.9796394577026368,
        1.9757542381286621,
        1.975588478088379
    ],
    "val_accuracy": [
        0.2865000069141388,
        0.2865000069141388,
        0.296999990940094,
        0.3009999990463257,
        0.30550000071525574,
        0.2939999997615814,
        0.29899999499320984,
        0.30799999833106995,
        0.30300000309944153,
        0.3070000112056732
    ],
    "val_macro_precision": [
        0.028649999999999988,
        0.028649999999999988,
        0.12018849784137568,
        0.12154425429838604,
        0.1277177999492612,
        0.12717504612543618,
        0.139466656657106,
        0.11420616102300163,
        0.15357906903051444,
        0.15628551986504297
    ],
    "val_macro_recall": [
        0.09999999999999983,
        0.09999999999999983,
        0.1353665607467443,
        0.13093679214563197,
        0.14904144463723307,
        0.14674509358205182,
        0.14641135177944684,
        0.15825239499543833,
        0.1531547271240911,
        0.15298003479777372
    ],
    "val_macro_f1": [
        0.04453944811500616,
        0.04453944811500616,
        0.08779487705441914,
        0.08464254865359402,
        0.11567990892177744,
        0.11424902411605316,
        0.11173207855176573,
        0.11606677605641313,
        0.12876269596868203,
        0.12660826429490082
    ],
    "val_micro_f1": [
        0.2864999999994999,
        0.2864999999994999,
        0.2969999999994999,
        0.3009999999994999,
        0.3054999999994999,
        0.2939999999994999,
        0.2989999999994999,
        0.3079999999994999,
        0.3029999999994999,
        0.3069999999994999
    ],
    "val_weighted_f1": [
        0.12760551884949264,
        0.12760551884949264,
        0.18752467141374402,
        0.1772832917255197,
        0.20725740141700766,
        0.2149227022071304,
        0.211404549556664,
        0.21270609650758512,
        0.2240426540277766,
        0.2183087781012793
    ],
    "val_confidence": [
        0.275384744644165,
        0.3185492734909058,
        0.29924980449676514,
        0.34848871994018554,
        0.3000626468658447,
        0.28217852210998534,
        0.2979563045501709,
        0.30132445335388186,
        0.30277352237701416,
        0.3054972743988037
    ],
    "grad_norm": [
        1.3550286281830002,
        0.8589660620453572,
        0.8498569640348522,
        0.8859147452312077,
        0.8959923113946046,
        0.8619985933706401,
        0.9427135379286553,
        0.8573962056479584,
        0.9533222350537546,
        0.8823077941323593
    ],
    "fractional_applied_params": [
        2.0,
        2.0,
        2.0,
        2.0,
        2.0,
        2.0,
        2.0,
        2.0,
        2.0,
        2.0
    ],
    "epoch_time": [
        5.4209065437316895,
        1.7410564422607422,
        1.7464349269866943,
        1.747776985168457,
        1.7472686767578125,
        1.7618942260742188,
        1.759138822555542,
        1.7612550258636475,
        1.760939121246338,
        1.6097471714019775
    ],
    "throughput_samples_per_sec": [
        1475.7679246934392,
        4594.911345672453,
        4580.760425928512,
        4577.243016636319,
        4578.574609855994,
        4540.567692207764,
        4547.679749559625,
        4542.2155693081,
        4543.030422504243,
        4969.7245270091435
    ],
    "lr": [
        0.0003,
        0.0003,
        0.0003,
        0.0003,
        0.0003,
        0.0003,
        0.0003,
        0.0003,
        0.0003,
        0.0003
    ]
}