{
    "train_loss": [
        0.36440731150309247,
        0.2386194329155816,
        0.14567133937411839
    ],
    "train_accuracy": [
        0.8348888754844666,
        0.9039999842643738,
        0.948888897895813
    ],
    "train_macro_precision": [
        0.8349119875501705,
        0.9040045085165805,
        0.9488941156391835
    ],
    "train_macro_recall": [
        0.8348847764626799,
        0.9039984306868946,
        0.948887362491819
    ],
    "train_macro_f1": [
        0.8348847242326726,
        0.9039994053172975,
        0.9488885722751792
    ],
    "train_micro_f1": [
        0.8348888888883889,
        0.9039999999995,
        0.9488888888883888
    ],
    "train_weighted_f1": [
        0.8348855350505997,
        0.9039996389424485,
        0.9488886966589402
    ],
    "train_confidence": [
        0.8392586369196574,
        0.9140127713945176,
        0.957960501130422
    ],
    "val_loss": [
        0.3279870132446289,
        0.3411955032348633,
        0.4050208751678467
    ],
    "val_accuracy": [
        0.8600000143051147,
        0.8695999979972839,
        0.8744000196456909
    ],
    "val_macro_precision": [
        0.8602960057221192,
        0.8699740170909511,
        0.8745534168214217
    ],
    "val_macro_recall": [
        0.8601299684647573,
        0.8697447930367721,
        0.874495880961021
    ],
    "val_macro_f1": [
        0.8599927420232459,
        0.8695899010414362,
        0.8743987138423291
    ],
    "val_micro_f1": [
        0.8599999999994996,
        0.8695999999994997,
        0.8743999999994996
    ],
    "val_weighted_f1": [
        0.8599838711633805,
        0.8695798020833728,
        0.8743951769101109
    ],
    "val_confidence": [
        0.9014990851402283,
        0.9307649799346924,
        0.9564358930587769
    ],
    "test_loss": [
        0.31046742385864257,
        0.321161150894165,
        0.38703811042785646
    ],
    "test_accuracy": [
        0.8701599836349487,
        0.876800000667572,
        0.8772799968719482
    ],
    "test_macro_precision": [
        0.8705169862987863,
        0.8776470508545964,
        0.8774945473650189
    ],
    "test_macro_recall": [
        0.8701599999999998,
        0.8767999999999998,
        0.8772799999999998
    ],
    "test_macro_f1": [
        0.8701287178518204,
        0.8767308777760585,
        0.8772625606786015
    ],
    "test_micro_f1": [
        0.8701599999995,
        0.8767999999995,
        0.8772799999994999
    ],
    "test_weighted_f1": [
        0.8701287178518204,
        0.8767308777760586,
        0.8772625606786015
    ],
    "test_confidence": [
        0.90114078540802,
        0.9301915832519532,
        0.9552661304092407
    ],
    "grad_norm": [
        NaN,
        0.9990329487264468,
        NaN
    ],
    "fractional_applied_params": [
        4.0,
        4.0,
        4.0
    ],
    "epoch_time": [
        128.99190092086792,
        124.19766354560852,
        110.21604251861572
    ],
    "throughput_samples_per_sec": [
        174.42955595950923,
        181.16282833080376,
        204.14451005351333
    ],
    "lr": [
        2e-05,
        2e-05,
        2e-05
    ]
}