{
    "train_loss": [
        2.647841665490278,
        2.0537997420639793,
        1.6818613897053136,
        1.417698572160312,
        1.2149458129361723
    ],
    "train_accuracy": [
        0.24943533539772034,
        0.5023077726364136,
        0.5858784317970276,
        0.6423450708389282,
        0.6897770762443542
    ],
    "train_macro_precision": [
        0.26352661323588966,
        0.4909022816705789,
        0.5532340835542715,
        0.607256502727058,
        0.6560950038856252
    ],
    "train_macro_recall": [
        0.2419701946867972,
        0.4825374599463393,
        0.564873241483377,
        0.6217505242003827,
        0.6704975388801808
    ],
    "train_macro_f1": [
        0.21575236773618248,
        0.44081184666828205,
        0.5356517906574844,
        0.601842936586999,
        0.6555837506661628
    ],
    "train_micro_f1": [
        0.2494353333983019,
        0.5023077678478746,
        0.5858784248251897,
        0.6423450849449972,
        0.6897770794456356
    ],
    "train_weighted_f1": [
        0.22280387439524116,
        0.4582294388059275,
        0.55431229330663,
        0.6202749265863658,
        0.6729986433280774
    ],
    "train_confidence": [
        0.09605092290786328,
        0.17937679603574413,
        0.2767361263787244,
        0.3691848084370069,
        0.44791810128328946
    ],
    "val_loss": [
        2.284196092005223,
        1.8579503061706044,
        1.5855135452842206,
        1.452083679029733,
        1.36152995644577
    ],
    "val_accuracy": [
        0.40848806500434875,
        0.5145888328552246,
        0.5809018611907959,
        0.6074270606040955,
        0.6224579811096191
    ],
    "val_macro_precision": [
        0.418246720039238,
        0.516718280815451,
        0.567762891787659,
        0.5895691792966483,
        0.6017080889127732
    ],
    "val_macro_recall": [
        0.39429004234991405,
        0.5001075571049783,
        0.5651419960125691,
        0.5937232174069565,
        0.610279826669293
    ],
    "val_macro_f1": [
        0.34415494043305533,
        0.4597269100695319,
        0.5422894250546137,
        0.5813681671433545,
        0.5987217143289979
    ],
    "val_micro_f1": [
        0.40848806365997714,
        0.5145888594159451,
        0.5809018567634252,
        0.6074270557024173,
        0.622458001767846
    ],
    "val_weighted_f1": [
        0.3532237567890399,
        0.4721711992002013,
        0.5568920223730444,
        0.5970533032650533,
        0.6129218142093299
    ],
    "val_confidence": [
        0.13845351562365085,
        0.2383065902480607,
        0.33898570535459105,
        0.41684465383028796,
        0.4876933692304778
    ],
    "test_loss": [
        2.280252562896153,
        1.8499849859983188,
        1.5802082664081536,
        1.4513601342604885,
        1.3529230362547249
    ],
    "test_accuracy": [
        0.431890606880188,
        0.5394317507743835,
        0.580987811088562,
        0.604354739189148,
        0.6270579099655151
    ],
    "test_macro_precision": [
        0.4568578026954528,
        0.5434811972212017,
        0.5597983039018363,
        0.586662764453734,
        0.6048062779535186
    ],
    "test_macro_recall": [
        0.41371047893128676,
        0.5184193849771306,
        0.5610967834146833,
        0.5862679894655141,
        0.6091132081093862
    ],
    "test_macro_f1": [
        0.35867604253338453,
        0.47890227057872775,
        0.5361776966990747,
        0.5763687490633151,
        0.6003578701376963
    ],
    "test_micro_f1": [
        0.43189060010571345,
        0.5394317578327447,
        0.5809877854482519,
        0.6043547530531377,
        0.6270578863510665
    ],
    "test_weighted_f1": [
        0.3740861772588513,
        0.4973287790437939,
        0.5539756906161031,
        0.5931821359012994,
        0.6168143745062498
    ],
    "test_confidence": [
        0.13874084225880992,
        0.23993828631561612,
        0.34120470554475385,
        0.4190046488447387,
        0.4897187239808474
    ],
    "grad_norm": [
        0.9287764413353258,
        0.9145892965253591,
        0.9055991830852933,
        0.9016945708666346,
        0.8965349926496103
    ],
    "nonfinite_grad_tensors": [
        0.0,
        0.0,
        0.0,
        0.0,
        0.0
    ],
    "nonfinite_train_loss_batches": [
        0,
        0,
        0,
        0,
        0
    ],
    "nonfinite_val_loss_batches": [
        0,
        0,
        0,
        0,
        0
    ],
    "nonfinite_test_loss_batches": [
        0,
        0,
        0,
        0,
        0
    ],
    "fractional_applied_params": [
        32.0,
        32.0,
        32.0,
        32.0,
        32.0
    ],
    "epoch_time": [
        45.59535074234009,
        35.42955923080444,
        41.85956287384033,
        41.31228971481323,
        39.4208562374115
    ],
    "throughput_samples_per_sec": [
        223.3341740815695,
        287.4153735208292,
        243.26579880182535,
        246.48839534906512,
        258.3150385844752
    ],
    "lr": [
        2e-05,
        2e-05,
        2e-05,
        2e-05,
        2e-05
    ]
}