{
    "train_loss": [
        2.1994700832366942,
        2.145116147994995,
        2.070073006629944,
        2.0308359212875366,
        2.0169372940063477,
        2.005285241127014,
        1.9991140689849853,
        1.9924537057876588,
        1.985805913925171,
        1.984725938796997
    ],
    "train_accuracy": [
        0.2680000066757202,
        0.2798750102519989,
        0.2854999899864197,
        0.2928749918937683,
        0.28999999165534973,
        0.29225000739097595,
        0.29612499475479126,
        0.2957499921321869,
        0.2971250116825104,
        0.29612499475479126
    ],
    "train_macro_precision": [
        0.11359618849849258,
        0.10080575623874424,
        0.11415628419506045,
        0.16526083294127794,
        0.13934492607519147,
        0.1485692900776923,
        0.16394307459863713,
        0.1661656546577347,
        0.17265401754603177,
        0.16792857183481483
    ],
    "train_macro_recall": [
        0.09854366424174271,
        0.10200138601033437,
        0.13010704285467078,
        0.14892594966287587,
        0.14374903408061004,
        0.15048497033890287,
        0.15278688497874096,
        0.1559151230440579,
        0.16033192767801646,
        0.15954373392635274
    ],
    "train_macro_f1": [
        0.050073491224514564,
        0.050264684330895704,
        0.10054340704424942,
        0.12342025697327175,
        0.12015819082925347,
        0.12672091804646246,
        0.13167609544171444,
        0.13623103785660873,
        0.14045861154767036,
        0.1390084430448178
    ],
    "train_micro_f1": [
        0.26799999999949997,
        0.2798749999995,
        0.2854999999995,
        0.29287499999949995,
        0.2899999999995,
        0.29224999999949997,
        0.2961249999995,
        0.29574999999949997,
        0.2971249999995,
        0.2961249999995
    ],
    "train_weighted_f1": [
        0.12691295249539997,
        0.12989083012172792,
        0.18714195790748922,
        0.20868533642069362,
        0.20831458172172979,
        0.21626626178393066,
        0.21945476477742,
        0.22145023550963788,
        0.22816013601937174,
        0.22687022492566036
    ],
    "train_confidence": [
        0.27968865060806275,
        0.28210203266143796,
        0.3026470370292664,
        0.301998797416687,
        0.308076584815979,
        0.3038087477684021,
        0.31072125244140625,
        0.30897329473495483,
        0.30656364154815674,
        0.3099473843574524
    ],
    "val_loss": [
        2.1351125221252443,
        2.1005984172821046,
        2.0301422996520997,
        2.0229007453918455,
        2.0152540397644043,
        2.0032911319732665,
        2.0067227001190187,
        2.0072258167266845,
        2.0010735759735105,
        1.9973740692138673
    ],
    "val_accuracy": [
        0.28700000047683716,
        0.289000004529953,
        0.28600001335144043,
        0.2904999852180481,
        0.28700000047683716,
        0.29249998927116394,
        0.28999999165534973,
        0.2955000102519989,
        0.3005000054836273,
        0.2904999852180481
    ],
    "val_macro_precision": [
        0.028699999999999986,
        0.07558591037215079,
        0.21526383684162909,
        0.10853356500266183,
        0.1900947459363264,
        0.15259220699401163,
        0.19549411458247884,
        0.1916723002165493,
        0.1684853349696684,
        0.16447281198417468
    ],
    "val_macro_recall": [
        0.09999999999999983,
        0.10587497470348059,
        0.13918725337783383,
        0.12528325780267335,
        0.14407667296888294,
        0.13556783125685115,
        0.15806192379744918,
        0.16564983514094306,
        0.15405787500785217,
        0.14899575848961222
    ],
    "val_macro_f1": [
        0.04459984459980991,
        0.05744858678555912,
        0.10177502182212148,
        0.08206269079095055,
        0.10843002371074142,
        0.10336169502578259,
        0.13050457297795354,
        0.13689058598143417,
        0.11771164379640864,
        0.11683621969127604
    ],
    "val_micro_f1": [
        0.2869999999994999,
        0.2889999999994999,
        0.2859999999994999,
        0.2904999999994999,
        0.2869999999994999,
        0.2924999999994999,
        0.2899999999994999,
        0.2954999999994999,
        0.3004999999994999,
        0.2904999999994999
    ],
    "val_weighted_f1": [
        0.1280015540014544,
        0.14258736151207083,
        0.19814386740720014,
        0.1727128034755472,
        0.20354949618133267,
        0.19014428674149428,
        0.22298236637227004,
        0.22525585809863902,
        0.20610932278675545,
        0.21087194346815866
    ],
    "val_confidence": [
        0.29278032875061033,
        0.28646824836730955,
        0.26331310367584226,
        0.3475527458190918,
        0.28777962970733645,
        0.3209457588195801,
        0.2808705387115479,
        0.28700063133239745,
        0.31264606285095214,
        0.3015418481826782
    ],
    "grad_norm": [
        1.0607594836172145,
        0.83668621669321,
        0.8440250502215527,
        0.9344500520755853,
        0.985937468856634,
        0.8845748025078672,
        0.8863991709500664,
        1.0061783752082316,
        0.8958329551081842,
        0.9006133448131628
    ],
    "fractional_applied_params": [
        30.0,
        30.0,
        30.0,
        30.0,
        30.0,
        30.0,
        30.0,
        30.0,
        30.0,
        30.0
    ],
    "epoch_time": [
        5.496677875518799,
        1.828498363494873,
        1.8312194347381592,
        1.8620054721832275,
        1.8236310482025146,
        1.8212921619415283,
        1.835580825805664,
        1.5074634552001953,
        0.6261909008026123,
        0.6219046115875244
    ],
    "throughput_samples_per_sec": [
        1455.424563922609,
        4375.174820889268,
        4368.673599810226,
        4296.442797571313,
        4386.852268108345,
        4392.485822522765,
        4358.29350989689,
        5306.927987144854,
        12775.656736222294,
        12863.709081652487
    ],
    "lr": [
        0.0003,
        0.0003,
        0.0003,
        0.0003,
        0.0003,
        0.0003,
        0.0003,
        0.0003,
        0.0003,
        0.0003
    ]
}