{
    "train_loss": [
        2.177897003173828,
        2.0067397031784058,
        1.9466951065063476,
        1.8945988054275513,
        1.846916009902954,
        1.8008045558929444,
        1.7693478488922119,
        1.7289997673034667,
        1.7069921741485596,
        1.6783418884277344
    ],
    "train_accuracy": [
        0.23524999618530273,
        0.28700000047683716,
        0.31200000643730164,
        0.3240000009536743,
        0.33899998664855957,
        0.35624998807907104,
        0.36024999618530273,
        0.3709999918937683,
        0.37724998593330383,
        0.3995000123977661
    ],
    "train_macro_precision": [
        0.15994630597941,
        0.2201904398446493,
        0.2575715188128002,
        0.2665012606498297,
        0.28532021476219355,
        0.3039332931458198,
        0.30688114621744467,
        0.3191706628698531,
        0.3303589456957623,
        0.3576177154578847
    ],
    "train_macro_recall": [
        0.14585073051077868,
        0.21478507120331963,
        0.2516579669437232,
        0.2630238838499905,
        0.2773820288272194,
        0.2954598967109693,
        0.2990778323205086,
        0.31355219105875926,
        0.3183400136820781,
        0.3393252570035503
    ],
    "train_macro_f1": [
        0.12252288252895198,
        0.20387073775538167,
        0.24510923289303682,
        0.25300994917018715,
        0.2686245186084719,
        0.2874583269615607,
        0.29130707107890685,
        0.30763281063108966,
        0.31607670898195045,
        0.3374715463401482
    ],
    "train_micro_f1": [
        0.23524999999949997,
        0.28699999999949993,
        0.31199999999949996,
        0.3239999999994999,
        0.3389999999994999,
        0.3562499999994999,
        0.3602499999994999,
        0.37099999999949995,
        0.37724999999949993,
        0.39949999999949987
    ],
    "train_weighted_f1": [
        0.16724968802811332,
        0.251674126402799,
        0.28647957291517845,
        0.2973034228296197,
        0.31121238091309733,
        0.32752482938630256,
        0.3329318072546864,
        0.3464908933200705,
        0.35672228572007264,
        0.3762262522559045
    ],
    "train_confidence": [
        0.25893575620651244,
        0.3092596364021301,
        0.3264684991836548,
        0.3447997136116028,
        0.34928615975379945,
        0.3691390159130096,
        0.37319387698173523,
        0.38817792558670045,
        0.394731511592865,
        0.40367934823036195
    ],
    "val_loss": [
        1.9894724731445312,
        1.9497746133804321,
        1.8981158809661864,
        1.8297868480682373,
        1.8398509302139283,
        1.8078529748916625,
        1.7985726108551026,
        1.8133178796768188,
        1.8064227685928345,
        1.7821912927627563
    ],
    "val_accuracy": [
        0.3089999854564667,
        0.3199999928474426,
        0.328000009059906,
        0.3490000069141388,
        0.3449999988079071,
        0.35499998927116394,
        0.35600000619888306,
        0.35899999737739563,
        0.3569999933242798,
        0.3569999933242798
    ],
    "val_macro_precision": [
        0.27083422263724655,
        0.2644879086593157,
        0.28616998387027054,
        0.31510528495305484,
        0.3035979943555911,
        0.3187158323299036,
        0.31226441938569616,
        0.3390624392327612,
        0.2923888652554504,
        0.30254755574982833
    ],
    "val_macro_recall": [
        0.20046726248192376,
        0.2529557005588818,
        0.26307974131282524,
        0.25578094020958264,
        0.27868243348135513,
        0.2765507443642064,
        0.27313552649534845,
        0.2852185753167649,
        0.2692705689562853,
        0.2736105266494809
    ],
    "val_macro_f1": [
        0.17607250768884866,
        0.22835503851443004,
        0.23769481801387332,
        0.24142842005613954,
        0.25919581335148273,
        0.28048170321269494,
        0.2624612696741941,
        0.2872911637590937,
        0.25309857091707977,
        0.26811942064687433
    ],
    "val_micro_f1": [
        0.3089999999994997,
        0.3199999999994997,
        0.3279999999994997,
        0.34899999999949965,
        0.34499999999949965,
        0.35499999999949966,
        0.3559999999994996,
        0.35899999999949966,
        0.35699999999949966,
        0.35699999999949966
    ],
    "val_weighted_f1": [
        0.2441177457665252,
        0.2893036415475126,
        0.30000845963285333,
        0.29046814861148645,
        0.3112507836474011,
        0.33231068062046737,
        0.31533939484043116,
        0.3410195842403936,
        0.31522225064109,
        0.33158061167426933
    ],
    "val_confidence": [
        0.28866269016265866,
        0.28405955028533936,
        0.3612456283569336,
        0.3735198554992676,
        0.3671109180450439,
        0.3612162418365478,
        0.4040342235565186,
        0.36760787868499756,
        0.4403245105743408,
        0.39691303253173826
    ],
    "grad_norm": [
        2.0786290179138587,
        1.9320504581155271,
        1.9448833076976755,
        1.889819428443328,
        1.8719028970256681,
        1.8702921786640376,
        1.886497133229934,
        1.8869920861261622,
        1.9980793007872546,
        1.9688414472642137
    ],
    "epoch_time": [
        47.215423822402954,
        47.44073438644409,
        48.82725191116333,
        48.16101288795471,
        47.69087052345276,
        47.83336567878723,
        47.87478017807007,
        48.204360485076904,
        47.82749342918396,
        47.428261518478394
    ],
    "throughput_samples_per_sec": [
        84.7180788855286,
        84.3157268059277,
        81.92146482619235,
        83.05473162090448,
        83.87349520141251,
        83.62363683251937,
        83.55129747065187,
        82.98004495336723,
        83.63390412509537,
        84.337900482428
    ],
    "lr": [
        0.0003,
        0.0003,
        0.0003,
        0.0003,
        0.0003,
        0.0003,
        0.0003,
        0.0003,
        0.0003,
        0.0003
    ]
}