{
    "train_loss": [
        0.47652151701185436,
        0.27832649047286423,
        0.24321511328661882
    ],
    "train_accuracy": [
        0.8602685332298279,
        0.9090370535850525,
        0.9203147888183594
    ],
    "train_macro_precision": [
        0.8611308842395109,
        0.909257987763111,
        0.9205568068742619
    ],
    "train_macro_recall": [
        0.8602514543919224,
        0.9090178292645161,
        0.9202996017259151
    ],
    "train_macro_f1": [
        0.8602665966475231,
        0.9089358261486735,
        0.9202247583135524
    ],
    "train_micro_f1": [
        0.8602685185180184,
        0.909037037036537,
        0.9203148148143148
    ],
    "train_weighted_f1": [
        0.8603052099341926,
        0.9089591936155693,
        0.920244881628486
    ],
    "train_confidence": [
        0.761508812710091,
        0.9117162676034151,
        0.9263664627605014
    ],
    "val_loss": [
        0.29516013463338214,
        0.2704827346801758,
        0.2529699230194092
    ],
    "val_accuracy": [
        0.9036666750907898,
        0.9120000004768372,
        0.918916642665863
    ],
    "val_macro_precision": [
        0.9039092666780715,
        0.9116962258680703,
        0.9189868924722857
    ],
    "val_macro_recall": [
        0.9038282099345945,
        0.9121724735903162,
        0.9189164732098087
    ],
    "val_macro_f1": [
        0.9037302415777734,
        0.911748089047697,
        0.9187265925222075
    ],
    "val_micro_f1": [
        0.9036666666661665,
        0.9119999999994999,
        0.9189166666661664
    ],
    "val_weighted_f1": [
        0.9035535330907888,
        0.9116160454967234,
        0.918623093292063
    ],
    "val_confidence": [
        0.9045520938237508,
        0.9263716967900594,
        0.9378388826052347
    ],
    "test_loss": [
        0.29479263506437603,
        0.27194304315667406,
        0.26177948399593953
    ],
    "test_accuracy": [
        0.9059210419654846,
        0.9123684167861938,
        0.9155263304710388
    ],
    "test_macro_precision": [
        0.9058992461051547,
        0.911875611370248,
        0.9155685771413006
    ],
    "test_macro_recall": [
        0.9059210526315785,
        0.9123684210526312,
        0.9155263157894733
    ],
    "test_macro_f1": [
        0.9058458386442786,
        0.9120186196535347,
        0.9152989773017035
    ],
    "test_micro_f1": [
        0.9059210526310788,
        0.9123684210521315,
        0.9155263157889735
    ],
    "test_weighted_f1": [
        0.9058458386442786,
        0.9120186196535347,
        0.9152989773017035
    ],
    "test_confidence": [
        0.9035736478002447,
        0.9260647009548388,
        0.9378027334966158
    ],
    "grad_norm": [
        NaN,
        NaN,
        NaN
    ],
    "fractional_applied_params": [
        5.0,
        5.0,
        5.0
    ],
    "epoch_time": [
        152.1644070148468,
        143.3935263156891,
        126.74317526817322
    ],
    "throughput_samples_per_sec": [
        709.7586230494911,
        753.1720766963482,
        852.1168873312907
    ],
    "lr": [
        2e-05,
        2e-05,
        2e-05
    ]
}