{
    "train_loss": [
        2.151631805896759,
        2.082849267323812,
        1.998868370850881,
        1.9850771808624268,
        1.9665280683835347,
        1.9540872844060262,
        1.9537276395161947,
        1.94746457974116,
        1.9381649231910705,
        1.930693144798279
    ],
    "train_accuracy": [
        0.3346875011920929,
        0.3396874964237213,
        0.3384374976158142,
        0.33812499046325684,
        0.33802083134651184,
        0.3389583230018616,
        0.34166666865348816,
        0.34041666984558105,
        0.3423958420753479,
        0.3426041603088379
    ],
    "train_macro_precision": [
        0.05805019847643478,
        0.08157653696627919,
        0.12144319092880755,
        0.11832317857358032,
        0.11349053357001634,
        0.12322126464751029,
        0.1330734716939355,
        0.12256234711865792,
        0.13264081233928401,
        0.13805984130718968
    ],
    "train_macro_recall": [
        0.09915783503415691,
        0.10132894171620858,
        0.10844866299274407,
        0.11200403999990438,
        0.11243917572140463,
        0.1121943316836149,
        0.11657438853256079,
        0.11258959609081638,
        0.11707257974059607,
        0.11854008456803097
    ],
    "train_macro_f1": [
        0.0539349482605434,
        0.05640935456044207,
        0.07379373273648307,
        0.0809794331712904,
        0.08154860806659663,
        0.08043404866266043,
        0.08729352160750412,
        0.07987678156272479,
        0.08864669276621649,
        0.08982193109664378
    ],
    "train_micro_f1": [
        0.3346874999994999,
        0.33968749999949993,
        0.33843749999949996,
        0.33812499999949996,
        0.3380208333328333,
        0.33895833333283326,
        0.34166666666616663,
        0.3404166666661666,
        0.3423958333328333,
        0.3426041666661666
    ],
    "train_weighted_f1": [
        0.17609954249270524,
        0.179910802033548,
        0.19656870318668546,
        0.20354749180106285,
        0.20439722924680936,
        0.2017335951112822,
        0.20986710461769983,
        0.20119664826915298,
        0.21122043840552163,
        0.21186033167305995
    ],
    "train_confidence": [
        0.3483416513601939,
        0.3429369224111239,
        0.34567241231600443,
        0.34428398629029594,
        0.3456541249155998,
        0.34654976705710094,
        0.34455043574174243,
        0.3433201063672702,
        0.34433604965607323,
        0.3463291089733442
    ],
    "val_loss": [
        2.0920336627960205,
        2.0070008405049644,
        2.0030936177571617,
        1.9616954120000203,
        1.9672408199310303,
        1.970009347597758,
        1.9703428332010906,
        1.9533640416463216,
        1.9529977464675903,
        1.9621488825480142
    ],
    "val_accuracy": [
        0.34458333253860474,
        0.3425000011920929,
        0.3233333230018616,
        0.34583333134651184,
        0.34416666626930237,
        0.33125001192092896,
        0.3474999964237213,
        0.3420833349227905,
        0.34458333253860474,
        0.3466666638851166
    ],
    "val_macro_precision": [
        0.03445833333333332,
        0.04253046782859373,
        0.057526616249556,
        0.049069464856692786,
        0.06176560237750266,
        0.06813826164617101,
        0.11695025542225519,
        0.0928650619489734,
        0.0566161616161612,
        0.08425556286297911
    ],
    "val_macro_recall": [
        0.09999999999999988,
        0.10072991095965692,
        0.12752940529844975,
        0.1186000840429817,
        0.10173854628509996,
        0.1261043215019117,
        0.12993621057185237,
        0.11806330485462506,
        0.10669195579072326,
        0.1296502262310705
    ],
    "val_macro_f1": [
        0.051255035636776226,
        0.05446873552563684,
        0.07674013423592,
        0.06918256491777343,
        0.05533896968218899,
        0.08073963190907077,
        0.09295254877328521,
        0.08652231846729577,
        0.06387540850120493,
        0.08965435376087943
    ],
    "val_micro_f1": [
        0.3445833333328332,
        0.34249999999949987,
        0.3233333333328332,
        0.3458333333328332,
        0.3441666666661665,
        0.3312499999994999,
        0.3474999999994999,
        0.3420833333328332,
        0.3445833333328332,
        0.3466666666661665
    ],
    "val_weighted_f1": [
        0.1766163102983914,
        0.18025145900863915,
        0.2213568435271406,
        0.19495613076295057,
        0.1788395512947567,
        0.22605641855100259,
        0.2198385174645414,
        0.21833872406568186,
        0.18675963232677611,
        0.21875615375880636
    ],
    "val_confidence": [
        0.3486939231554667,
        0.28845138430595396,
        0.2633097342650096,
        0.34013994336128234,
        0.3729704554875692,
        0.2727074348926544,
        0.25658796191215516,
        0.326464954217275,
        0.3871237536271413,
        0.3012850081920624
    ],
    "grad_norm": [
        2.0586839549175058,
        1.8411186741909633,
        1.72786291221978,
        1.6721500391234163,
        1.5719577059739323,
        1.4585951053777118,
        1.536677452319869,
        1.4270933653190523,
        1.3697632922478384,
        1.3466532621853204
    ],
    "epoch_time": [
        164.62749123573303,
        176.96204257011414,
        167.72250771522522,
        168.96377182006836,
        168.08103704452515,
        172.7411506175995,
        181.6033592224121,
        179.9704852104187,
        178.01084327697754,
        180.6373589038849
    ],
    "throughput_samples_per_sec": [
        58.31346835173227,
        54.24892174939936,
        57.237398431340935,
        56.81691345185618,
        57.11530681154075,
        55.57448219881151,
        52.862458277783006,
        53.342079890354405,
        53.929299043108266,
        53.14515257670509
    ],
    "lr": [
        0.001,
        0.001,
        0.001,
        0.001,
        0.001,
        0.001,
        0.001,
        0.001,
        0.001,
        0.001
    ]
}