{
    "train_loss": [
        2.2741764831542968,
        2.1567291450500488,
        2.0785100164413453,
        2.0092526397705077,
        1.9723228569030762,
        1.9246819610595702,
        1.89332785320282,
        1.8675428104400635,
        1.8323831758499145,
        1.809685655593872
    ],
    "train_accuracy": [
        0.2084999978542328,
        0.24525000154972076,
        0.27125000953674316,
        0.29225000739097595,
        0.3084999918937683,
        0.3232499957084656,
        0.3375000059604645,
        0.34275001287460327,
        0.34325000643730164,
        0.3557499945163727
    ],
    "train_macro_precision": [
        0.14626915720510428,
        0.1360883910066722,
        0.18515257773658939,
        0.2239893850145298,
        0.24525587014012654,
        0.2638749893620317,
        0.287918166149672,
        0.2876696438012949,
        0.2924713041436443,
        0.3055534575091077
    ],
    "train_macro_recall": [
        0.10183232220453838,
        0.14487799876837631,
        0.18165013376103326,
        0.2111386931652473,
        0.23410809819109643,
        0.2525580985631991,
        0.27402455266125086,
        0.2767688157369772,
        0.28393570218169367,
        0.2966347378244981
    ],
    "train_macro_f1": [
        0.055020580056765855,
        0.11501067750453967,
        0.15710837024585894,
        0.19254162058341254,
        0.22226152474103777,
        0.24332930315745488,
        0.2657677975539904,
        0.27122878875241707,
        0.2745705835483831,
        0.29361522163251597
    ],
    "train_micro_f1": [
        0.20849999999949997,
        0.24524999999949995,
        0.27124999999949995,
        0.29224999999949997,
        0.30849999999949995,
        0.32324999999949994,
        0.3374999999994999,
        0.34274999999949995,
        0.34324999999949996,
        0.3557499999994999
    ],
    "train_weighted_f1": [
        0.09779820755784803,
        0.1655711821735837,
        0.21101708854615267,
        0.2438040011196853,
        0.26944989825919297,
        0.2911184416937831,
        0.30895855306288367,
        0.3159704381205765,
        0.3164733496750925,
        0.3343979462649199
    ],
    "train_confidence": [
        0.23131353282928466,
        0.2426831474304199,
        0.279588906288147,
        0.29453316593170165,
        0.3131023149490356,
        0.32715960788726806,
        0.33879503154754637,
        0.3524118223190308,
        0.3610993938446045,
        0.36334129905700685
    ],
    "val_loss": [
        2.187842771530151,
        2.108368633270264,
        2.0372345180511475,
        1.9824824504852294,
        1.9513219833374023,
        1.9323988914489747,
        1.94791748046875,
        1.9079145088195801,
        1.8840249080657958,
        1.887200252532959
    ],
    "val_accuracy": [
        0.22100000083446503,
        0.25200000405311584,
        0.2709999978542328,
        0.3050000071525574,
        0.30300000309944153,
        0.3160000145435333,
        0.3109999895095825,
        0.30399999022483826,
        0.3160000145435333,
        0.3179999887943268
    ],
    "val_macro_precision": [
        0.022620266120777867,
        0.13303273993408798,
        0.16430631648652264,
        0.28107808374127236,
        0.3083884245845324,
        0.32005842406039586,
        0.23143155351866324,
        0.24351524679180309,
        0.25732041459185695,
        0.29162113700721765
    ],
    "val_macro_recall": [
        0.0995495495495491,
        0.18268491720390284,
        0.19362416768034568,
        0.232455493759289,
        0.2310879120838564,
        0.2415995030065552,
        0.2286345981606237,
        0.24213357362973112,
        0.25650095726699085,
        0.26465433599532323
    ],
    "val_macro_f1": [
        0.0368640533777846,
        0.1207587466994577,
        0.14563846849412798,
        0.19149295154904283,
        0.19602095387697774,
        0.22209350156046667,
        0.20626167819096883,
        0.22244475617804277,
        0.24682942224585186,
        0.2600215791457344
    ],
    "val_micro_f1": [
        0.2209999999994998,
        0.25199999999949974,
        0.27099999999949975,
        0.30499999999949967,
        0.3029999999994997,
        0.3159999999994997,
        0.3109999999994997,
        0.3039999999994997,
        0.3159999999994997,
        0.3179999999994997
    ],
    "val_weighted_f1": [
        0.08183819849868182,
        0.17762818087563517,
        0.19905514300237231,
        0.2314507922780755,
        0.2450751211060602,
        0.27293454705294456,
        0.25906298678757755,
        0.2764992266559607,
        0.30098685559535304,
        0.3127268339993566
    ],
    "val_confidence": [
        0.20991351413726805,
        0.26389552307128905,
        0.2671582460403442,
        0.31909397029876707,
        0.3315334367752075,
        0.334939546585083,
        0.3630949878692627,
        0.3343887538909912,
        0.343815767288208,
        0.34514612770080566
    ],
    "grad_norm": [
        0.7528043891505759,
        0.5918871404110022,
        0.6388850864037929,
        0.6907746193847801,
        0.7108523489115517,
        0.8304420784022549,
        0.9141825986401029,
        0.9348055246688192,
        0.9770170353059145,
        1.0516304128631406
    ],
    "fractional_applied_params": [
        2.0,
        2.0,
        2.0,
        2.0,
        2.0,
        2.0,
        2.0,
        2.0,
        2.0,
        2.0
    ],
    "epoch_time": [
        4.959548711776733,
        1.0601344108581543,
        1.0323989391326904,
        1.0411558151245117,
        1.0250532627105713,
        1.0299251079559326,
        1.0325050354003906,
        1.0390541553497314,
        1.035691738128662,
        0.9819755554199219
    ],
    "throughput_samples_per_sec": [
        806.5249950064549,
        3773.106465586842,
        3874.471242057228,
        3841.884127133882,
        3902.236250068324,
        3883.7775379014724,
        3874.07311621377,
        3849.654976504718,
        3862.1530449083175,
        4073.421153838683
    ],
    "lr": [
        0.0003,
        0.0003,
        0.0003,
        0.0003,
        0.0003,
        0.0003,
        0.0003,
        0.0003,
        0.0003,
        0.0003
    ]
}