{
    "train_loss": [
        2.10058137178421,
        2.0786125683784484,
        2.023302261829376,
        1.9640297770500184,
        1.9537264037132263,
        1.9471530032157898,
        1.9462133693695067,
        1.9440670943260192,
        1.9402735781669618,
        1.9401405787467956
    ],
    "train_accuracy": [
        0.33802083134651184,
        0.34312498569488525,
        0.3412500023841858,
        0.3395833373069763,
        0.33906251192092896,
        0.34031251072883606,
        0.3409374952316284,
        0.3388541638851166,
        0.3410416543483734,
        0.3389583230018616
    ],
    "train_macro_precision": [
        0.13755822809346394,
        0.03431964992706814,
        0.10588341985178303,
        0.12988174877817027,
        0.13514316052953218,
        0.13166369184635235,
        0.14000780013061756,
        0.13749929398526245,
        0.14375780252306636,
        0.131674744180642
    ],
    "train_macro_recall": [
        0.09963206536681911,
        0.09999999999999998,
        0.10404765394117252,
        0.11805717899411843,
        0.12105439077536455,
        0.11976382882453773,
        0.12394655360639659,
        0.1186472555600788,
        0.12311596197920009,
        0.11895215088360564
    ],
    "train_macro_f1": [
        0.05307730004091227,
        0.05110145826865571,
        0.06255651395221262,
        0.09265459694742527,
        0.09794427755966269,
        0.09568770730795892,
        0.10280477961027334,
        0.09449278371304817,
        0.10154027611230927,
        0.09488268338429819
    ],
    "train_micro_f1": [
        0.3380208333328333,
        0.34312499999949997,
        0.34124999999949995,
        0.3395833333328333,
        0.33906249999949994,
        0.3403124999995,
        0.34093749999949996,
        0.33885416666616663,
        0.3410416666661666,
        0.33895833333283326
    ],
    "train_weighted_f1": [
        0.17586235132078343,
        0.1753418786843249,
        0.1872992239771922,
        0.21743850672881399,
        0.22095404272162134,
        0.2213373990222711,
        0.22708274285799154,
        0.2186797362754396,
        0.2255633939821682,
        0.2200162254380972
    ],
    "train_confidence": [
        0.34528048117955523,
        0.34288532654444376,
        0.3460908555984497,
        0.34671502391497294,
        0.3481987313429515,
        0.3488367827733358,
        0.34854645093282066,
        0.34831579446792604,
        0.3466086483001709,
        0.3491467853387197
    ],
    "val_loss": [
        2.074144916534424,
        2.0675083351135255,
        1.9694738864898682,
        1.9486410427093506,
        1.956366720199585,
        1.9432444095611572,
        1.942334966659546,
        1.9410840797424316,
        1.9407997608184815,
        1.9402627563476562
    ],
    "val_accuracy": [
        0.34041666984558105,
        0.34041666984558105,
        0.3400000035762787,
        0.33791667222976685,
        0.33791667222976685,
        0.34333333373069763,
        0.33916667103767395,
        0.3387500047683716,
        0.3408333361148834,
        0.3362500071525574
    ],
    "val_macro_precision": [
        0.03404166666666665,
        0.03404166666666665,
        0.11527813157960529,
        0.0573017883183665,
        0.05099139004532409,
        0.12223759587111058,
        0.15940703428763373,
        0.08829895347109111,
        0.11611934307466969,
        0.11468403567046451
    ],
    "val_macro_recall": [
        0.09999999999999988,
        0.09999999999999988,
        0.10381188345719153,
        0.11031546631224345,
        0.1060439049820933,
        0.12141655593584522,
        0.10601117441262228,
        0.1173407951697423,
        0.11794588808742652,
        0.11757394290249643
    ],
    "val_macro_f1": [
        0.0507926639726074,
        0.0507926639726074,
        0.06144111911563621,
        0.06837746919600027,
        0.06419421993013993,
        0.08420486826318649,
        0.065512593432128,
        0.07733177187163164,
        0.0842555355911351,
        0.08882330624559677
    ],
    "val_micro_f1": [
        0.34041666666616655,
        0.34041666666616655,
        0.33999999999949987,
        0.33791666666616654,
        0.33791666666616654,
        0.3433333333328332,
        0.33916666666616657,
        0.3387499999994999,
        0.3408333333328332,
        0.3362499999994999
    ],
    "val_weighted_f1": [
        0.172906693606751,
        0.172906693606751,
        0.18580408668470816,
        0.19342726421336204,
        0.1903487915929613,
        0.20365512397678118,
        0.18911669277316895,
        0.2030812795334705,
        0.20828586700326107,
        0.2116242023231633
    ],
    "val_confidence": [
        0.30469793955485025,
        0.2898201751708984,
        0.3854135354359945,
        0.35230828762054445,
        0.37687421003977456,
        0.3508636744817098,
        0.36431206862131754,
        0.3437715697288513,
        0.3332536021868388,
        0.3218171580632528
    ],
    "grad_norm": [
        1.1035076148761156,
        0.8431015132926669,
        0.9429706038981034,
        0.874582683386333,
        0.8358637025888135,
        0.8436078337865008,
        0.834399933423665,
        0.7742071901657664,
        0.8479314241662038,
        0.8520500554052799
    ],
    "fractional_applied_params": [
        0.0,
        0.0,
        0.0,
        0.0,
        0.0,
        0.0,
        0.0,
        0.0,
        0.0,
        0.0
    ],
    "epoch_time": [
        5.187027931213379,
        2.2294750213623047,
        2.4392237663269043,
        2.4397361278533936,
        2.4262614250183105,
        2.419349193572998,
        2.4186856746673584,
        2.2618134021759033,
        1.8619377613067627,
        2.3903450965881348
    ],
    "throughput_samples_per_sec": [
        1850.7708320271786,
        4305.946425959053,
        3935.678281150943,
        3934.851761385596,
        3956.7047066774967,
        3968.0092586479054,
        3969.0978040461114,
        4244.3819595217865,
        5155.918849436964,
        4016.1565012945557
    ],
    "lr": [
        0.0003,
        0.0003,
        0.0003,
        0.0003,
        0.0003,
        0.0003,
        0.0003,
        0.0003,
        0.0003,
        0.0003
    ]
}