{
    "train_loss": [
        2.914328146552122,
        2.657250921466104,
        2.4341579370715,
        2.242055923522227,
        2.0869022666453896
    ],
    "train_accuracy": [
        0.13306491076946259,
        0.28252971172332764,
        0.3540214002132416,
        0.4094078242778778,
        0.4625355899333954
    ],
    "train_macro_precision": [
        0.1331356688133603,
        0.2792222024418075,
        0.36001645159896023,
        0.4236553769079115,
        0.4631882692218084
    ],
    "train_macro_recall": [
        0.12787158243580318,
        0.270020596787958,
        0.3395145515401221,
        0.3942560463825549,
        0.44608685117421026
    ],
    "train_macro_f1": [
        0.11090896238838133,
        0.2278780697224989,
        0.2896703998941208,
        0.34618657603415715,
        0.40451409225422197
    ],
    "train_micro_f1": [
        0.13306491210791596,
        0.28252970637286734,
        0.3540214082289019,
        0.40940783658989577,
        0.4625355985460972
    ],
    "train_weighted_f1": [
        0.1149108621557133,
        0.23655288170087144,
        0.2993047056095711,
        0.35652360439083636,
        0.4170791283467516
    ],
    "train_confidence": [
        0.06711431317815,
        0.08588300237812041,
        0.11265542236044541,
        0.14169038193148362,
        0.16944532559239464
    ],
    "val_loss": [
        2.7757394592072666,
        2.529486834739395,
        2.3231135323235255,
        2.1566402796198054,
        2.023511756531018
    ],
    "val_accuracy": [
        0.24137930572032928,
        0.3271441161632538,
        0.3961096405982971,
        0.44562333822250366,
        0.4969053864479065
    ],
    "val_macro_precision": [
        0.24225286754154068,
        0.3182433900405044,
        0.4834664579059744,
        0.49123256910808505,
        0.5078919775920239
    ],
    "val_macro_recall": [
        0.24212706989656488,
        0.31889138898736374,
        0.3861814510903128,
        0.43393202392990843,
        0.4833086229873448
    ],
    "val_macro_f1": [
        0.18299050907338246,
        0.26788826214899,
        0.32911355420334154,
        0.3876316420521116,
        0.4473483113379218
    ],
    "val_micro_f1": [
        0.2413793103443274,
        0.3271441202470683,
        0.3961096374884475,
        0.44562334217456595,
        0.4969053934566172
    ],
    "val_weighted_f1": [
        0.18871227221822998,
        0.28277502420541767,
        0.3444277143246649,
        0.4013349788270112,
        0.46047976573325977
    ],
    "val_confidence": [
        0.0740898735854185,
        0.10007377992574353,
        0.13037529105533024,
        0.1602850396690065,
        0.19078327426859806
    ],
    "test_loss": [
        2.7689724363548858,
        2.5203002347505543,
        2.3198865828714155,
        2.1629678217325194,
        2.038061173305319
    ],
    "test_accuracy": [
        0.24415825307369232,
        0.3325809836387634,
        0.38436007499694824,
        0.4360063672065735,
        0.4855284094810486
    ],
    "test_macro_precision": [
        0.22807161669676573,
        0.341766236219773,
        0.41891571891641083,
        0.4576531393115434,
        0.4904073747920646
    ],
    "test_macro_recall": [
        0.2339598706173302,
        0.31897351187767864,
        0.3693639452530921,
        0.41971664357512956,
        0.4680394736998162
    ],
    "test_macro_f1": [
        0.18615849581034302,
        0.26857994310309224,
        0.31325339420967446,
        0.3713880658212174,
        0.43167843068468736
    ],
    "test_micro_f1": [
        0.2441582580982785,
        0.3325809877849487,
        0.38436006372759346,
        0.43600637280884674,
        0.4855284121078377
    ],
    "test_weighted_f1": [
        0.19401509393448682,
        0.27864742653092744,
        0.3238563811991595,
        0.38405476561699026,
        0.44611535237444144
    ],
    "test_confidence": [
        0.07413802818611336,
        0.0999522901442351,
        0.12963868368197423,
        0.15874420257559244,
        0.1873732441546622
    ],
    "grad_norm": [
        0.9418837215890052,
        0.9456211314938464,
        0.9530948311610713,
        0.9521718808596337,
        0.9535808696969441
    ],
    "nonfinite_grad_tensors": [
        0.0,
        0.0,
        0.0,
        0.0,
        0.0
    ],
    "nonfinite_train_loss_batches": [
        0,
        0,
        0,
        0,
        0
    ],
    "nonfinite_val_loss_batches": [
        0,
        0,
        0,
        0,
        0
    ],
    "nonfinite_test_loss_batches": [
        0,
        0,
        0,
        0,
        0
    ],
    "fractional_applied_params": [
        16.0,
        16.0,
        16.0,
        16.0,
        16.0
    ],
    "epoch_time": [
        28.12738347053528,
        25.4322772026062,
        29.066229581832886,
        33.49575066566467,
        31.22444176673889
    ],
    "throughput_samples_per_sec": [
        362.0315416351172,
        400.39670529214294,
        350.3378369502946,
        304.00871148226685,
        326.1227238607418
    ],
    "lr": [
        2e-05,
        2e-05,
        2e-05,
        2e-05,
        2e-05
    ]
}