{
    "train_loss": [
        2.1312254881858825,
        2.082522189617157,
        1.9809716439247131,
        1.964736762046814,
        1.956814832687378,
        1.9464825534820556,
        1.9469384503364564,
        1.9360451483726502,
        1.9355684947967529,
        1.9248293924331665
    ],
    "train_accuracy": [
        0.32854166626930237,
        0.3373958468437195,
        0.33031249046325684,
        0.33385416865348816,
        0.3323958218097687,
        0.33520832657814026,
        0.3343749940395355,
        0.335833340883255,
        0.3332291543483734,
        0.33687499165534973
    ],
    "train_macro_precision": [
        0.06676433517839536,
        0.03374661387789122,
        0.10877651759657718,
        0.14467556274947194,
        0.13874547376513607,
        0.13293015509642883,
        0.13639938235421833,
        0.13428227956193645,
        0.1333449717028692,
        0.1376723154252268
    ],
    "train_macro_recall": [
        0.10009227929011622,
        0.0999691358024691,
        0.11414145200071164,
        0.12361881071431469,
        0.1255961474197293,
        0.12263018471640241,
        0.12367786438284412,
        0.12295738745190236,
        0.12546359347799876,
        0.1252977489885485
    ],
    "train_macro_f1": [
        0.05642670265647749,
        0.050459573142196235,
        0.08429875520936339,
        0.10329127027149418,
        0.10601276438977805,
        0.09956197483519132,
        0.10119362647130811,
        0.10020355860138382,
        0.10510204070890043,
        0.10253535119927182
    ],
    "train_micro_f1": [
        0.32854166666616663,
        0.3373958333328333,
        0.33031249999949996,
        0.33385416666616663,
        0.3323958333328333,
        0.3352083333328333,
        0.33437499999949993,
        0.3358333333328333,
        0.3332291666661666,
        0.33687499999949994
    ],
    "train_weighted_f1": [
        0.17432488215409592,
        0.17030105935491227,
        0.20473083994664568,
        0.22341324362369544,
        0.22597705973106105,
        0.2224417639823207,
        0.2211245711129062,
        0.21920980357293166,
        0.2262255319974705,
        0.2216981360324372
    ],
    "train_confidence": [
        0.3522957694530487,
        0.3343735365072886,
        0.34639624794324236,
        0.34864447991053266,
        0.3433584030469259,
        0.3435681207974752,
        0.34532347122828166,
        0.34400525331497195,
        0.3438171704610189,
        0.34485014716784157
    ],
    "val_loss": [
        2.047815351486206,
        1.9693097972869873,
        1.930047264099121,
        1.9299834728240968,
        1.921862006187439,
        1.9190396451950074,
        1.923904643058777,
        1.9248226976394653,
        1.9292955303192139,
        1.9166456127166749
    ],
    "val_accuracy": [
        0.3629166781902313,
        0.3629166781902313,
        0.3604166805744171,
        0.3541666567325592,
        0.35499998927116394,
        0.3595833480358124,
        0.3604166805744171,
        0.3512499928474426,
        0.3620833456516266,
        0.36500000953674316
    ],
    "val_macro_precision": [
        0.03629166666666665,
        0.036306794497707365,
        0.06478067782293759,
        0.09747624711214584,
        0.05144856147264332,
        0.09919863510624763,
        0.07269724467909383,
        0.10789145639124258,
        0.09777241637107395,
        0.1404123027509972
    ],
    "val_macro_recall": [
        0.09999999999999988,
        0.09999999999999988,
        0.10947549803917427,
        0.1234045234740081,
        0.11412615785895,
        0.12245337937963803,
        0.10408849315076621,
        0.11650337308821343,
        0.12621764369544575,
        0.11172535117652738
    ],
    "val_macro_f1": [
        0.053255885050404184,
        0.05327217125378351,
        0.07088862383784593,
        0.08677452269061721,
        0.07092392582376769,
        0.08686330821610712,
        0.0640261937889669,
        0.08684504186824735,
        0.09188901353239931,
        0.07781093713837274
    ],
    "val_micro_f1": [
        0.36291666666616657,
        0.36291666666616657,
        0.36041666666616656,
        0.35416666666616653,
        0.3549999999994999,
        0.3595833333328332,
        0.36041666666616656,
        0.35124999999949985,
        0.3620833333328332,
        0.36499999999949984
    ],
    "val_weighted_f1": [
        0.1932744828287585,
        0.1933335881751893,
        0.21179921458399534,
        0.23080451152554432,
        0.2203942416519818,
        0.2305487296655539,
        0.2054978366342907,
        0.2366319566890751,
        0.23089262309933123,
        0.21991535858690633
    ],
    "val_confidence": [
        0.30907155911127726,
        0.37277663389841714,
        0.3882815710703532,
        0.3157134866714478,
        0.3645076036453247,
        0.3344519845644633,
        0.38426686922709147,
        0.3453256130218506,
        0.3013322377204895,
        0.3629483238855998
    ],
    "grad_norm": [
        Infinity,
        1.363113831612003,
        1.2631319297451196,
        1.3243914166341904,
        1.252309936502905,
        1.0820848063027808,
        1.2583989508842381,
        1.0578124449336272,
        1.2136265120346525,
        1.1588305443471238
    ],
    "fractional_applied_params": [
        2.0,
        2.0,
        2.0,
        2.0,
        2.0,
        2.0,
        2.0,
        2.0,
        2.0,
        2.0
    ],
    "epoch_time": [
        7.074817657470703,
        3.62465238571167,
        3.1197972297668457,
        2.772458076477051,
        3.2452187538146973,
        2.8039283752441406,
        2.769430637359619,
        3.2886619567871094,
        3.1332077980041504,
        3.6332573890686035
    ],
    "throughput_samples_per_sec": [
        1356.9254311258203,
        2648.52983912142,
        3077.123060564242,
        3462.6312590445636,
        2958.1981149083927,
        3423.767912461073,
        3466.4164794366034,
        2919.1203371290903,
        3063.9525428588518,
        2642.2570635605284
    ],
    "lr": [
        0.0003,
        0.0003,
        0.0003,
        0.0003,
        0.0003,
        0.0003,
        0.0003,
        0.0003,
        0.0003,
        0.0003
    ]
}