{
    "train_loss": [
        2.1238394665718077,
        2.092600963115692,
        2.0575575733184817,
        1.9792406272888183,
        1.963568480014801,
        1.9643773746490478,
        1.956695318222046,
        1.9458369851112365,
        1.949381823539734,
        1.9410624504089355
    ],
    "train_accuracy": [
        0.3342708349227905,
        0.3439583480358124,
        0.3425000011920929,
        0.33666667342185974,
        0.343854159116745,
        0.33937498927116394,
        0.3420833349227905,
        0.3420833349227905,
        0.34281250834465027,
        0.3409374952316284
    ],
    "train_macro_precision": [
        0.09773964521608389,
        0.03439583333333333,
        0.0771723819513526,
        0.12858936721701078,
        0.14294947771424155,
        0.12897187117837555,
        0.12865548186780548,
        0.13756803087095731,
        0.1472087120045576,
        0.13384597386326041
    ],
    "train_macro_recall": [
        0.1007105995630327,
        0.09999999999999998,
        0.10160502256295936,
        0.11697141864828572,
        0.12064393684167782,
        0.11848006071172071,
        0.12224895774691225,
        0.11925315100967245,
        0.12124574762705367,
        0.11825226926480711
    ],
    "train_macro_f1": [
        0.058402059831719456,
        0.051185862656914306,
        0.0567005684345375,
        0.09248138656271306,
        0.09438340298423818,
        0.09153962227810873,
        0.09814517309737306,
        0.09384378569261251,
        0.09610327257751368,
        0.092115676364356
    ],
    "train_micro_f1": [
        0.3342708333328333,
        0.34395833333283327,
        0.3424999999994999,
        0.3366666666661666,
        0.34385416666616664,
        0.33937499999949994,
        0.3420833333328333,
        0.3420833333328333,
        0.3428124999994999,
        0.34093749999949996
    ],
    "train_weighted_f1": [
        0.1801996377965555,
        0.1760580400970115,
        0.18198432132208583,
        0.21756335888989872,
        0.21633996048375412,
        0.21668394734685478,
        0.22266308483267822,
        0.21796014489612683,
        0.2191758448963021,
        0.2166256751316927
    ],
    "train_confidence": [
        0.34312376817067464,
        0.3418219848473867,
        0.34776512503623963,
        0.34841521104176837,
        0.3492762823899587,
        0.3496086891492208,
        0.3484593800703685,
        0.3490267237027486,
        0.3479086863994598,
        0.352448689142863
    ],
    "val_loss": [
        2.0893436527252196,
        2.0819335842132567,
        1.9929990577697754,
        1.9675043630599975,
        1.9609247159957885,
        1.9585841226577758,
        1.956347141265869,
        1.958108558654785,
        1.9620905494689942,
        1.9623727846145629
    ],
    "val_accuracy": [
        0.3370833396911621,
        0.3370833396911621,
        0.32749998569488525,
        0.3370833396911621,
        0.3316666781902313,
        0.3375000059604645,
        0.3362500071525574,
        0.3383333384990692,
        0.3395833373069763,
        0.32374998927116394
    ],
    "val_macro_precision": [
        0.03370833333333332,
        0.03370833333333332,
        0.053910871302957596,
        0.0774135191208637,
        0.05482953752015309,
        0.06087909192256964,
        0.14056576573915647,
        0.08262784967949717,
        0.18072854958194953,
        0.07132056024130076
    ],
    "val_macro_recall": [
        0.09999999999999988,
        0.09999999999999988,
        0.12709261375562625,
        0.10908012850070577,
        0.11205762229379734,
        0.11875108632756819,
        0.12328175012229133,
        0.11204498125258877,
        0.10476886101745594,
        0.12019359128958625
    ],
    "val_macro_f1": [
        0.05042069180426266,
        0.05042069180426266,
        0.07497491947367156,
        0.06217370463863893,
        0.06977209205203294,
        0.07100980016154249,
        0.07854831307086921,
        0.07180922233718363,
        0.06013443292480022,
        0.07880387157900745
    ],
    "val_micro_f1": [
        0.3370833333328332,
        0.3370833333328332,
        0.3274999999994999,
        0.3370833333328332,
        0.33166666666616657,
        0.33749999999949987,
        0.3362499999994999,
        0.3383333333328332,
        0.3395833333328332,
        0.3237499999994999
    ],
    "val_weighted_f1": [
        0.16995974862353538,
        0.16995974862353538,
        0.20682130536540708,
        0.17948546478674798,
        0.1981969079051204,
        0.1888140518247039,
        0.19695683749287793,
        0.19504689399361397,
        0.1785054587651777,
        0.20679654478112167
    ],
    "val_confidence": [
        0.31476112763086955,
        0.3597491232554118,
        0.3649419991175334,
        0.3608529615402222,
        0.34361765543619793,
        0.3460816717147827,
        0.34925775210062665,
        0.364071462949117,
        0.3932305081685384,
        0.316758230527242
    ],
    "grad_norm": [
        0.689340963427741,
        0.42992572850262845,
        0.42200812644026797,
        0.39831937101355974,
        0.38023682948822324,
        0.43215858162382204,
        0.42663967082343063,
        0.3850013432760207,
        0.4393529277708833,
        0.4235895091064457
    ],
    "fractional_applied_params": [
        2.0,
        2.0,
        2.0,
        2.0,
        2.0,
        2.0,
        2.0,
        2.0,
        2.0,
        2.0
    ],
    "epoch_time": [
        7.345666408538818,
        3.0496532917022705,
        3.6231064796447754,
        3.3603515625,
        3.838794708251953,
        3.8027453422546387,
        3.8257410526275635,
        3.474011182785034,
        2.203418254852295,
        3.51936936378479
    ],
    "throughput_samples_per_sec": [
        1306.8929986856847,
        3147.8988205381947,
        2649.659913097896,
        2856.8439407149085,
        2500.7849415243904,
        2524.4919488372007,
        2509.3177682286178,
        2763.3762515133594,
        4356.866872124345,
        2727.761427597357
    ],
    "lr": [
        0.0003,
        0.0003,
        0.0003,
        0.0003,
        0.0003,
        0.0003,
        0.0003,
        0.0003,
        0.0003,
        0.0003
    ]
}