{
    "train_loss": [
        2.169140453338623,
        2.0605314083099366,
        2.03473792552948,
        2.015393168449402,
        2.002204927444458,
        2.0023963098526,
        1.9858521766662598,
        1.9812771434783936,
        1.9670886001586914,
        1.9550397710800171
    ],
    "train_accuracy": [
        0.27799999713897705,
        0.28062498569488525,
        0.2836250066757202,
        0.29237499833106995,
        0.2853749990463257,
        0.29462501406669617,
        0.2913750112056732,
        0.30375000834465027,
        0.29899999499320984,
        0.30550000071525574
    ],
    "train_macro_precision": [
        0.124125677897907,
        0.13776010513974005,
        0.14443785508291102,
        0.15163994870606706,
        0.14310100518070518,
        0.16300882104844389,
        0.15468697288745878,
        0.17077240297759516,
        0.16328692319232999,
        0.18423055161278895
    ],
    "train_macro_recall": [
        0.10601645590729389,
        0.13590382702546672,
        0.14108064881574583,
        0.1499367234026096,
        0.14467423772464735,
        0.15683311082923523,
        0.1544245173157322,
        0.1650787449335377,
        0.16101437390491066,
        0.17209809522089808
    ],
    "train_macro_f1": [
        0.06411684418517209,
        0.11457487665202523,
        0.12067951900243072,
        0.1293521576913789,
        0.12530386411928635,
        0.1412173170156696,
        0.13505366981988004,
        0.149102351592662,
        0.14548422356747678,
        0.15834574287589
    ],
    "train_micro_f1": [
        0.2779999999995,
        0.28062499999949997,
        0.28362499999949997,
        0.29237499999949995,
        0.2853749999995,
        0.2946249999995,
        0.29137499999949995,
        0.3037499999995,
        0.2989999999995,
        0.30549999999949995
    ],
    "train_weighted_f1": [
        0.14408968323324908,
        0.20063383429543277,
        0.2073635957011862,
        0.21705469094176855,
        0.2152130699407811,
        0.2270647234503603,
        0.22429367963271615,
        0.23636343258760628,
        0.23488834038158982,
        0.2466250565401113
    ],
    "train_confidence": [
        0.29018670320510864,
        0.3048093123435974,
        0.30931730604171753,
        0.30980551862716676,
        0.3077514934539795,
        0.3052318558692932,
        0.3128776459693909,
        0.30498254776000977,
        0.31221341943740843,
        0.3133857870101929
    ],
    "val_loss": [
        2.079999517440796,
        2.0389244832992555,
        2.0236011667251588,
        2.0172713479995728,
        2.0117889919281007,
        2.0078902378082275,
        2.0073816900253294,
        1.9998059320449828,
        2.0054650001525878,
        2.0129041347503662
    ],
    "val_accuracy": [
        0.25999999046325684,
        0.2775000035762787,
        0.2809999883174896,
        0.28600001335144043,
        0.2770000100135803,
        0.2854999899864197,
        0.2879999876022339,
        0.2775000035762787,
        0.2775000035762787,
        0.2849999964237213
    ],
    "val_macro_precision": [
        0.08462218202809568,
        0.08399843795708126,
        0.08607941767328532,
        0.11279180422748056,
        0.08758993800430151,
        0.17160713262530228,
        0.19569557711711227,
        0.11835273352973456,
        0.1364732082768885,
        0.15579348609063215
    ],
    "val_macro_recall": [
        0.1266234285258938,
        0.11551070543991152,
        0.12492364891191114,
        0.13955619646482315,
        0.12178259566687728,
        0.15789768716978536,
        0.14621982101018327,
        0.1503401550611962,
        0.15748154552810145,
        0.16452990995766223
    ],
    "val_macro_f1": [
        0.08171676889214852,
        0.07586651507722292,
        0.08353033478266678,
        0.08401057085672987,
        0.08444647037419394,
        0.11147393640765194,
        0.11826298416893936,
        0.12318138616473222,
        0.13482522519291834,
        0.1259976100653488
    ],
    "val_micro_f1": [
        0.2599999999994999,
        0.27749999999949987,
        0.28099999999949987,
        0.2859999999994999,
        0.27699999999949987,
        0.2854999999994999,
        0.2879999999994999,
        0.27749999999949987,
        0.27749999999949987,
        0.2849999999994999
    ],
    "val_weighted_f1": [
        0.177181104851398,
        0.15303407329495639,
        0.1668773395710246,
        0.1798741632338169,
        0.1679030470854861,
        0.20380626685082137,
        0.2087364879685879,
        0.21583472011786453,
        0.22478095478577279,
        0.21693967948901657
    ],
    "val_confidence": [
        0.2407742443084717,
        0.3350222282409668,
        0.3229101161956787,
        0.3011789035797119,
        0.3246464166641235,
        0.27613534927368166,
        0.28888697528839113,
        0.29947383308410647,
        0.2931227226257324,
        0.31664032554626464
    ],
    "grad_norm": [
        1.3136683842707473,
        1.2616219784995923,
        1.1624919808725533,
        1.100156090789842,
        1.1121150514753928,
        1.2120876007449621,
        1.0511209701221067,
        1.0959994114602236,
        0.9609399266924971,
        0.9546788157277936
    ],
    "fractional_applied_params": [
        2.0,
        2.0,
        2.0,
        2.0,
        2.0,
        2.0,
        2.0,
        2.0,
        2.0,
        2.0
    ],
    "epoch_time": [
        7.03281831741333,
        3.9124996662139893,
        3.98834228515625,
        3.534212589263916,
        3.908999443054199,
        4.014922142028809,
        4.281993865966797,
        4.283839702606201,
        4.283775329589844,
        4.221441984176636
    ],
    "throughput_samples_per_sec": [
        1137.5240535066744,
        2044.7286089461484,
        2005.8458948657128,
        2263.5876586207823,
        2046.559513896835,
        1992.5666593269139,
        1868.288524087772,
        1867.4835090428248,
        1867.5115720333474,
        1895.0870413443208
    ],
    "lr": [
        0.0003,
        0.0003,
        0.0003,
        0.0003,
        0.0003,
        0.0003,
        0.0003,
        0.0003,
        0.0003,
        0.0003
    ]
}