{
    "train_loss": [
        2.1982626422246296,
        2.0815852292378745,
        2.0185607353846233,
        2.006942592461904,
        1.9991831342379252,
        1.9929215693473816,
        1.977331280708313,
        1.9802011624972025,
        1.9814007512728373,
        1.9752514704068502
    ],
    "train_accuracy": [
        0.30020833015441895,
        0.33541667461395264,
        0.32875001430511475,
        0.3323958218097687,
        0.3307291567325592,
        0.3332291543483734,
        0.3317708373069763,
        0.33541667461395264,
        0.33500000834465027,
        0.3344791531562805
    ],
    "train_macro_precision": [
        0.11722534486751053,
        0.14625508801675965,
        0.11456815276665089,
        0.13603582583680163,
        0.11285905641012436,
        0.12826253052364872,
        0.12581665913396142,
        0.14335550882527237,
        0.12368691001833124,
        0.1392934524399859
    ],
    "train_macro_recall": [
        0.09999915283723104,
        0.10297085384332297,
        0.11165950647097089,
        0.1120707525843497,
        0.11157183103220807,
        0.11337047224030498,
        0.11538899259032924,
        0.12049584043071379,
        0.11200969408285748,
        0.11684939455536443
    ],
    "train_macro_f1": [
        0.06927198274751997,
        0.057621301058246296,
        0.08021915610483837,
        0.08057069918199813,
        0.07932784822282227,
        0.08036078072089958,
        0.08583649642706657,
        0.09525203189306558,
        0.07671619152632188,
        0.08691119865217237
    ],
    "train_micro_f1": [
        0.3002083333328333,
        0.3354166666661666,
        0.32874999999949994,
        0.3323958333328333,
        0.33072916666616664,
        0.3332291666661666,
        0.3317708333328333,
        0.3354166666661666,
        0.3349999999994999,
        0.3344791666661666
    ],
    "train_weighted_f1": [
        0.17972279735995167,
        0.17603426610056896,
        0.1975262256560003,
        0.2005778391360287,
        0.19835211772777495,
        0.19663572011525157,
        0.2029670731909952,
        0.21191190399898802,
        0.19453213847638498,
        0.20211410494828347
    ],
    "train_confidence": [
        0.3473037338256836,
        0.3316957825422287,
        0.34441497882207234,
        0.33979491362969083,
        0.33399709900220237,
        0.3473901441693306,
        0.3342457698782285,
        0.3350922703742981,
        0.3434786091248194,
        0.3388222793738047
    ],
    "val_loss": [
        2.070123380025228,
        1.958311726252238,
        1.9851934719085693,
        1.9341239643096924,
        1.9539551337560017,
        1.9466684818267823,
        1.9390500179926555,
        1.927697294553121,
        1.9207453107833863,
        1.952307113011678
    ],
    "val_accuracy": [
        0.3675000071525574,
        0.3675000071525574,
        0.3345833420753479,
        0.3675000071525574,
        0.36375001072883606,
        0.36500000953674316,
        0.3591666519641876,
        0.3675000071525574,
        0.36666667461395264,
        0.3629166781902313
    ],
    "val_macro_precision": [
        0.03674999999999999,
        0.03674999999999999,
        0.06216586838596809,
        0.03674999999999999,
        0.059654315261523316,
        0.09635463312378238,
        0.06854474253316929,
        0.03682672233820458,
        0.047298706716729165,
        0.06951853369665381
    ],
    "val_macro_recall": [
        0.0999999999999999,
        0.0999999999999999,
        0.12893978764610248,
        0.0999999999999999,
        0.12049077761185747,
        0.13283785403568021,
        0.12171464365411797,
        0.0999999999999999,
        0.10674603174603156,
        0.12552894803449874
    ],
    "val_macro_f1": [
        0.05374771480800454,
        0.05374771480800454,
        0.07998614168341481,
        0.05374771480800454,
        0.07676899928506674,
        0.09516182727620508,
        0.0808402088082544,
        0.05382972230694873,
        0.06389328962933682,
        0.08303156049994669
    ],
    "val_micro_f1": [
        0.3674999999994999,
        0.3674999999994999,
        0.33458333333283324,
        0.3674999999994999,
        0.36374999999949986,
        0.36499999999949984,
        0.35916666666616653,
        0.3674999999994999,
        0.36666666666616654,
        0.36291666666616657
    ],
    "val_weighted_f1": [
        0.19752285191941668,
        0.19752285191941668,
        0.24352172025927923,
        0.19752285191941668,
        0.221510326359229,
        0.23889260612638533,
        0.2291956378961531,
        0.19782422947803655,
        0.20845069653082382,
        0.22998858495303215
    ],
    "val_confidence": [
        0.43017073154449464,
        0.3674638303120931,
        0.24576633890469868,
        0.3343448241551717,
        0.2825281830628713,
        0.29701272169748943,
        0.3098211081822713,
        0.39384749094645183,
        0.333747288386027,
        0.272285859187444
    ],
    "grad_norm": [
        1.2461860422136248,
        0.6651591630691921,
        0.6194525236323853,
        0.5108897823016182,
        0.5209876287321258,
        0.5592288593536433,
        0.4105742965560123,
        0.46145250341316474,
        0.4269612484395562,
        0.4391360980804573
    ],
    "epoch_time": [
        101.85936427116394,
        103.22111988067627,
        102.86636114120483,
        101.99071741104126,
        102.54348993301392,
        102.0691077709198,
        103.2057740688324,
        101.97273659706116,
        101.71878862380981,
        104.21955299377441
    ],
    "throughput_samples_per_sec": [
        94.24759391236186,
        93.00422249920958,
        93.32496934369111,
        94.12621308770917,
        93.61881486841493,
        94.05392297095308,
        93.01805142798837,
        94.14281032717396,
        94.3778443479505,
        92.11323330635912
    ],
    "lr": [
        0.0003,
        0.0003,
        0.0003,
        0.0003,
        0.0003,
        0.0003,
        0.0003,
        0.0003,
        0.0003,
        0.0003
    ]
}