{
    "train_loss": [
        2.227758560180664,
        2.0441009502410887,
        1.9655099077224731,
        1.940637698173523,
        1.8820144805908203,
        1.8542948999404907,
        1.8181407451629639,
        1.7884739456176757,
        1.748881365776062,
        1.7278359851837157
    ],
    "train_accuracy": [
        0.21924999356269836,
        0.29225000739097595,
        0.3167499899864197,
        0.3257499933242798,
        0.3362500071525574,
        0.3407500088214874,
        0.34975001215934753,
        0.35975000262260437,
        0.3687500059604645,
        0.367000013589859
    ],
    "train_macro_precision": [
        0.11760838814520669,
        0.244941353891131,
        0.2608453871604855,
        0.2682919043869558,
        0.2826191740033449,
        0.29729616042820806,
        0.3089884669707995,
        0.310492617134177,
        0.3192977972359692,
        0.3179673840976286
    ],
    "train_macro_recall": [
        0.11646738224860897,
        0.20522543615682737,
        0.24576151954112685,
        0.26058120520316763,
        0.2725603514230734,
        0.27974332456958784,
        0.28788766514059444,
        0.29725486943289897,
        0.3052620134538526,
        0.3023303441731474
    ],
    "train_macro_f1": [
        0.08346425754888377,
        0.19207431000531755,
        0.23727639935210929,
        0.2538132507913368,
        0.2661918615208102,
        0.2771180726787148,
        0.28670758176272704,
        0.2917434982951822,
        0.3014008784396714,
        0.29846778236467286
    ],
    "train_micro_f1": [
        0.21924999999949996,
        0.29224999999949997,
        0.31674999999949993,
        0.32574999999949994,
        0.33624999999949995,
        0.34074999999949995,
        0.3497499999994999,
        0.3597499999994999,
        0.3687499999994999,
        0.36699999999949995
    ],
    "train_weighted_f1": [
        0.12729819352670038,
        0.2401542757353255,
        0.28348227067964665,
        0.29478188252684756,
        0.3090885103356285,
        0.3190141987334356,
        0.32942613873739973,
        0.3327602664414721,
        0.3458703856365624,
        0.34307140050150553
    ],
    "train_confidence": [
        0.23791507387161254,
        0.2829140739440918,
        0.32777866077423096,
        0.3292646808624268,
        0.35246506690979,
        0.3556754484176636,
        0.3670824165344238,
        0.3666271839141846,
        0.3773943929672241,
        0.38457365322113035
    ],
    "val_loss": [
        2.1234599771499636,
        1.9983504161834718,
        2.0224239187240602,
        1.9268379459381104,
        1.9229719409942627,
        1.890052267074585,
        1.8762958393096925,
        1.8883907947540284,
        1.8709203510284425,
        1.8809629907608032
    ],
    "val_accuracy": [
        0.28299999237060547,
        0.30000001192092896,
        0.3019999861717224,
        0.3319999873638153,
        0.32600000500679016,
        0.3319999873638153,
        0.33500000834465027,
        0.3330000042915344,
        0.33799999952316284,
        0.3269999921321869
    ],
    "val_macro_precision": [
        0.23882324464322488,
        0.2536108673309068,
        0.23370399308355577,
        0.26539900334624417,
        0.30289030019379165,
        0.2955355936565739,
        0.2951000295746896,
        0.28441492603938484,
        0.3121373020096605,
        0.29158218489583637
    ],
    "val_macro_recall": [
        0.18444441905221082,
        0.21520337290958338,
        0.2118070397954949,
        0.25806516730001566,
        0.2677532980886086,
        0.26459378142732104,
        0.26201202383563943,
        0.2620144913542088,
        0.2659367901615415,
        0.27728602269924363
    ],
    "val_macro_f1": [
        0.14295736653727925,
        0.19468034733208647,
        0.1967216637311924,
        0.2377634576149969,
        0.24616392857408634,
        0.2601674196799538,
        0.2508352283066908,
        0.24534302063081354,
        0.25931821203614314,
        0.269120179838774
    ],
    "val_micro_f1": [
        0.2829999999994997,
        0.2999999999994997,
        0.3019999999994997,
        0.3319999999994997,
        0.3259999999994997,
        0.3319999999994997,
        0.33499999999949964,
        0.3329999999994997,
        0.33799999999949965,
        0.3269999999994997
    ],
    "val_weighted_f1": [
        0.19209876826606312,
        0.24619139571928664,
        0.2346690401585658,
        0.2853916126591974,
        0.2901398996501887,
        0.2978169163439289,
        0.29373301229860704,
        0.29160755417698103,
        0.3079956605325529,
        0.31009977600802857
    ],
    "val_confidence": [
        0.20014084720611572,
        0.34073193740844726,
        0.38253987693786623,
        0.34179255294799804,
        0.3488522319793701,
        0.35392940330505374,
        0.3708076171875,
        0.4098609561920166,
        0.3734013652801514,
        0.36522507858276365
    ],
    "grad_norm": [
        1.7312114201719635,
        1.392438327733419,
        1.5579530564615522,
        1.6352127549954392,
        1.3929170103983812,
        1.4748317290562534,
        1.454800200078115,
        1.3924091698737495,
        1.3496835855266314,
        1.3513662336724321
    ],
    "fractional_applied_params": [
        2.0,
        2.0,
        2.0,
        2.0,
        2.0,
        2.0,
        2.0,
        2.0,
        2.0,
        2.0
    ],
    "epoch_time": [
        4.807387590408325,
        1.134902000427246,
        0.7050256729125977,
        0.6202094554901123,
        0.6403143405914307,
        0.4381682872772217,
        0.7094683647155762,
        0.5608069896697998,
        0.3562905788421631,
        0.3598790168762207
    ],
    "throughput_samples_per_sec": [
        832.0527364967991,
        3524.53339450821,
        5673.552260125826,
        6449.434081650776,
        6246.931774642706,
        9128.912603091396,
        5638.024468650676,
        7132.578719026271,
        11226.791381907413,
        11114.846413442849
    ],
    "lr": [
        0.0003,
        0.0003,
        0.0003,
        0.0003,
        0.0003,
        0.0003,
        0.0003,
        0.0003,
        0.0003,
        0.0003
    ]
}