{
    "train_loss": [
        NaN,
        NaN,
        NaN
    ],
    "train_accuracy": [
        0.28659260272979736,
        0.24924999475479126,
        0.24924999475479126
    ],
    "train_macro_precision": [
        0.6247205300821302,
        0.0623125,
        0.0623125
    ],
    "train_macro_recall": [
        0.2872796394153583,
        0.25,
        0.25
    ],
    "train_macro_f1": [
        0.18102444393484746,
        0.09975985591346827,
        0.09975985591346827
    ],
    "train_micro_f1": [
        0.2865925925920926,
        0.2492499999995,
        0.2492499999995
    ],
    "train_weighted_f1": [
        0.18080535916948853,
        0.09946057634572787,
        0.09946057634572787
    ],
    "train_confidence": [
        NaN,
        NaN,
        NaN
    ],
    "val_loss": [
        NaN,
        NaN,
        NaN
    ],
    "val_accuracy": [
        0.2567499876022339,
        0.2567499876022339,
        0.2567499876022339
    ],
    "val_macro_precision": [
        0.0641875,
        0.0641875,
        0.0641875
    ],
    "val_macro_recall": [
        0.24999999999999992,
        0.24999999999999992,
        0.24999999999999992
    ],
    "val_macro_f1": [
        0.10214839864722325,
        0.10214839864722325,
        0.10214839864722325
    ],
    "val_micro_f1": [
        0.2567499999995,
        0.2567499999995,
        0.2567499999995
    ],
    "val_weighted_f1": [
        0.10490640541069828,
        0.10490640541069828,
        0.10490640541069828
    ],
    "val_confidence": [
        NaN,
        NaN,
        NaN
    ],
    "test_loss": [
        NaN,
        NaN,
        NaN
    ],
    "test_accuracy": [
        0.25,
        0.25,
        0.25
    ],
    "test_macro_precision": [
        0.06249999999999999,
        0.06249999999999999,
        0.06249999999999999
    ],
    "test_macro_recall": [
        0.2499999999999999,
        0.2499999999999999,
        0.2499999999999999
    ],
    "test_macro_f1": [
        0.09999999999991997,
        0.09999999999991997,
        0.09999999999991997
    ],
    "test_micro_f1": [
        0.24999999999949996,
        0.24999999999949996,
        0.24999999999949996
    ],
    "test_weighted_f1": [
        0.09999999999991997,
        0.09999999999991997,
        0.09999999999991997
    ],
    "test_confidence": [
        NaN,
        NaN,
        NaN
    ],
    "grad_norm": [
        NaN,
        NaN,
        NaN
    ],
    "fractional_applied_params": [
        203.0,
        203.0,
        203.0
    ],
    "epoch_time": [
        649.3655290603638,
        639.2436881065369,
        622.4114799499512
    ],
    "throughput_samples_per_sec": [
        166.31618890561793,
        168.94965411375424,
        173.5186504090259
    ],
    "lr": [
        2e-05,
        2e-05,
        2e-05
    ]
}