{
    "train_loss": [
        2.2041911954879763,
        2.123508211135864,
        2.0424214754104613,
        1.9962753143310548,
        1.9692921352386474,
        1.9512296857833862,
        1.9429028434753417,
        1.897495985031128,
        1.8906434745788574,
        1.8919373645782471
    ],
    "train_accuracy": [
        0.22750000655651093,
        0.2709999978542328,
        0.29124999046325684,
        0.31150001287460327,
        0.3062500059604645,
        0.3112500011920929,
        0.30550000071525574,
        0.3267500102519989,
        0.3217499852180481,
        0.3227500021457672
    ],
    "train_macro_precision": [
        0.1738218447163157,
        0.21178679100263031,
        0.22616206833504418,
        0.24787834799406133,
        0.24141564500445586,
        0.24922855549757422,
        0.25200033142750566,
        0.26932791147987944,
        0.26518961124008916,
        0.26522018722789287
    ],
    "train_macro_recall": [
        0.15312355793433613,
        0.2065936323889656,
        0.2262360378711906,
        0.24698072368401047,
        0.24231509968620885,
        0.2523229065802625,
        0.24580738212955958,
        0.26422993362789376,
        0.2630196164801467,
        0.26221482917210387
    ],
    "train_macro_f1": [
        0.14481982050706774,
        0.20170953181832857,
        0.2174715235779458,
        0.23942382820310346,
        0.2354487448841147,
        0.24436482076125876,
        0.24171913302005485,
        0.25815939675573046,
        0.25738858137830356,
        0.2566052096027379
    ],
    "train_micro_f1": [
        0.22749999999949996,
        0.2709999999995,
        0.29124999999949996,
        0.31149999999949995,
        0.3062499999994999,
        0.3112499999994999,
        0.30549999999949995,
        0.32674999999949994,
        0.32174999999949994,
        0.32274999999949994
    ],
    "train_weighted_f1": [
        0.18393308574366363,
        0.24088218870018585,
        0.2585812099380226,
        0.2815076670423527,
        0.2805401698861831,
        0.28736185727816616,
        0.284172686837014,
        0.3016947691429008,
        0.2988745528294655,
        0.2987976083401615
    ],
    "train_confidence": [
        0.2809554121494293,
        0.34006518054008483,
        0.32731540727615355,
        0.3548223009109497,
        0.3508688037395477,
        0.358897079706192,
        0.3685379214286804,
        0.3643920521736145,
        0.36342054963111875,
        0.3689053976535797
    ],
    "val_loss": [
        2.133347318649292,
        2.182622501373291,
        2.083331268310547,
        2.015127631187439,
        1.9397662601470946,
        1.9876247844696044,
        1.934518515586853,
        1.9457507400512695,
        1.877637490272522,
        1.9359019680023193
    ],
    "val_accuracy": [
        0.27799999713897705,
        0.27799999713897705,
        0.296999990940094,
        0.30300000309944153,
        0.328000009059906,
        0.3109999895095825,
        0.3269999921321869,
        0.31299999356269836,
        0.35899999737739563,
        0.32499998807907104
    ],
    "val_macro_precision": [
        0.2927005216855153,
        0.17849414766388189,
        0.26264807465074796,
        0.25806705303317773,
        0.3237191718188052,
        0.3309789541659488,
        0.30190868106435326,
        0.2983225638302288,
        0.33953868211586935,
        0.3322814517695486
    ],
    "val_macro_recall": [
        0.18790584635450455,
        0.22572181514624753,
        0.2037963253570508,
        0.2213695648820632,
        0.26306181375816934,
        0.22214502679305864,
        0.27217033932178286,
        0.270101618592162,
        0.292608306674181,
        0.24813502459947104
    ],
    "val_macro_f1": [
        0.13484943063240024,
        0.15967660016727656,
        0.1801100122047506,
        0.19764607752495372,
        0.2445248282370097,
        0.20412343302649316,
        0.24563197393814976,
        0.2522405711363513,
        0.27768636758418375,
        0.2459069321032766
    ],
    "val_micro_f1": [
        0.2779999999994997,
        0.2779999999994997,
        0.2969999999994997,
        0.3029999999994997,
        0.3279999999994997,
        0.3109999999994997,
        0.3269999999994997,
        0.3129999999994997,
        0.35899999999949966,
        0.3249999999994997
    ],
    "val_weighted_f1": [
        0.17671147332669787,
        0.213866482782371,
        0.2165979194229596,
        0.25643408982968496,
        0.29749276446107903,
        0.2532922175461436,
        0.2954028602303332,
        0.3033608721749568,
        0.33000772514448423,
        0.2769238593257364
    ],
    "val_confidence": [
        0.39382415962219236,
        0.31659491443634036,
        0.43389093017578123,
        0.3397184209823608,
        0.3448322286605835,
        0.40844628715515136,
        0.3506494092941284,
        0.32862887954711917,
        0.3453573989868164,
        0.3821580505371094
    ],
    "grad_norm": [
        3.0904760594316563,
        3.231097921737567,
        2.584432720984971,
        2.493469148678459,
        2.407746434227834,
        2.46281299415812,
        2.4164675674369485,
        2.175749429633897,
        2.1238271750649744,
        2.124725801994805
    ],
    "epoch_time": [
        49.952529191970825,
        49.330188274383545,
        49.91251087188721,
        49.3123562335968,
        49.1016149520874,
        48.32878041267395,
        49.0758056640625,
        48.35198950767517,
        48.61561322212219,
        49.52306413650513
    ],
    "throughput_samples_per_sec": [
        80.07602547265904,
        81.08625042643801,
        80.14022797344315,
        81.11557235374562,
        81.46371568232813,
        82.76641715028717,
        81.506557984623,
        82.72668903034608,
        82.27809411195143,
        80.77044645247354
    ],
    "lr": [
        0.01,
        0.01,
        0.01,
        0.01,
        0.01,
        0.01,
        0.01,
        0.01,
        0.01,
        0.01
    ]
}