{
    "train_loss": [
        2.8437269836749075,
        2.4076775860414164,
        2.181138880112592,
        NaN,
        NaN
    ],
    "train_accuracy": [
        0.18344299495220184,
        0.35539624094963074,
        0.4319852888584137,
        0.0,
        0.0
    ],
    "train_macro_precision": [
        0.19682655440141517,
        0.37219356394619696,
        0.3932071294460171,
        0.0,
        0.0
    ],
    "train_macro_recall": [
        0.17583781584723596,
        0.3410776962448075,
        0.4141997814838382,
        0.0,
        0.0
    ],
    "train_macro_f1": [
        0.14636057622133847,
        0.2926533559072548,
        0.3660829248090833,
        0.0,
        0.0
    ],
    "train_micro_f1": [
        0.18344299322350077,
        0.3553962486492103,
        0.4319852941171467,
        0.0,
        0.0
    ],
    "train_weighted_f1": [
        0.15204854039400448,
        0.30442010988990087,
        0.3825046780174201,
        0.0,
        0.0
    ],
    "train_confidence": [
        0.06582367719887962,
        0.11233590648484044,
        0.1440764350049636,
        NaN,
        NaN
    ],
    "val_loss": [
        2.5867785011952584,
        2.1978001000078033,
        0.0,
        0.0,
        0.0
    ],
    "val_accuracy": [
        0.2811671197414398,
        0.43766579031944275,
        0.04244031757116318,
        0.04244031757116318,
        0.04244031757116318
    ],
    "val_macro_precision": [
        0.2330850314306558,
        0.374925791432015,
        0.0021220159151193615,
        0.0021220159151193615,
        0.0021220159151193615
    ],
    "val_macro_recall": [
        0.2765423174823329,
        0.42770143288982265,
        0.049999999999998955,
        0.049999999999998955,
        0.049999999999998955
    ],
    "val_macro_f1": [
        0.1925423273740383,
        0.3640841488173017,
        0.00407124681933451,
        0.00407124681933451,
        0.00407124681933451
    ],
    "val_micro_f1": [
        0.2811671087528154,
        0.43766578249286836,
        0.04244031830188723,
        0.04244031830188723,
        0.04244031830188723
    ],
    "val_weighted_f1": [
        0.1968575851761691,
        0.3751374178295009,
        0.0034557002180027672,
        0.0034557002180027672,
        0.0034557002180027672
    ],
    "val_confidence": [
        0.08959076707074327,
        0.1514441628671135,
        NaN,
        NaN,
        NaN
    ],
    "test_loss": [
        2.5844695446533024,
        2.196486786458952,
        0.0,
        0.0,
        0.0
    ],
    "test_accuracy": [
        0.29434412717819214,
        0.4474243223667145,
        0.04235262796282768,
        0.04235262796282768,
        0.04235262796282768
    ],
    "test_macro_precision": [
        0.29698580260618956,
        0.39195163810644146,
        0.0021176314391927772,
        0.0021176314391927772,
        0.0021176314391927772
    ],
    "test_macro_recall": [
        0.2824508713239355,
        0.42973542865753867,
        0.049999999999999836,
        0.049999999999999836,
        0.049999999999999836
    ],
    "test_macro_f1": [
        0.20922189281070422,
        0.37013462835072847,
        0.004063176665389044,
        0.004063176665389044,
        0.004063176665389044
    ],
    "test_micro_f1": [
        0.29434413170422646,
        0.44742432288850686,
        0.04235262878335554,
        0.04235262878335554,
        0.04235262878335554
    ],
    "test_weighted_f1": [
        0.21808991966580868,
        0.3853084869339119,
        0.0034417242598489247,
        0.0034417242598489247,
        0.0034417242598489247
    ],
    "test_confidence": [
        0.0895549109244182,
        0.15144502613307692,
        NaN,
        NaN,
        NaN
    ],
    "grad_norm": [
        0.9111898947507171,
        0.9354323539369134,
        0.9027740839856297,
        0.0,
        0.0
    ],
    "nonfinite_grad_tensors": [
        0.0,
        0.0,
        0.058823529411764705,
        0.0,
        0.0
    ],
    "nonfinite_train_loss_batches": [
        0,
        0,
        285,
        319,
        319
    ],
    "nonfinite_val_loss_batches": [
        0,
        0,
        36,
        36,
        36
    ],
    "nonfinite_test_loss_batches": [
        0,
        0,
        236,
        236,
        236
    ],
    "fractional_applied_params": [
        16.0,
        16.0,
        16.0,
        0.0,
        0.0
    ],
    "epoch_time": [
        109.68935823440552,
        100.76440453529358,
        19.35758638381958,
        9.338924884796143,
        9.580802917480469
    ],
    "throughput_samples_per_sec": [
        92.83489450488888,
        101.05751179657216,
        56.20535424341055,
        0.0,
        0.0
    ],
    "lr": [
        2e-05,
        2e-05,
        2e-05,
        2e-05,
        2e-05
    ]
}