{
    "prefix": "after",
    "retain_em_acc": 1.0,
    "forget_em_acc": 0.8333333333333334,
    "retain_answer_nll": 0.006075612967833877,
    "forget_answer_nll": 0.07598561840131879,
    "general_ppl": 1.1037933201076333,
    "forget_minus_retain_nll": 0.06991000543348491,
    "retain_eval_n": 30,
    "forget_eval_n": 30
}