{
    "train_loss": [
        2.2075793476104737,
        2.0572403192520143,
        1.9881189374923707,
        1.955980637550354,
        1.9240419883728028,
        1.896995665550232,
        1.8606735038757325,
        1.8422623977661132,
        1.8169584379196166,
        1.7930041198730469
    ],
    "train_accuracy": [
        0.22474999725818634,
        0.28125,
        0.3082500100135803,
        0.31949999928474426,
        0.32499998807907104,
        0.3362500071525574,
        0.34174999594688416,
        0.35350000858306885,
        0.3490000069141388,
        0.35899999737739563
    ],
    "train_macro_precision": [
        0.13418231359697558,
        0.20751482319160847,
        0.23237489898863287,
        0.2521459589301345,
        0.2597010389883222,
        0.2796040205318385,
        0.28944856082133513,
        0.2917055610109275,
        0.29011331971875487,
        0.31028875177415155
    ],
    "train_macro_recall": [
        0.11894167825440452,
        0.19171868457942626,
        0.23183397016451196,
        0.2429840433767537,
        0.2544729592327856,
        0.27156467937187856,
        0.2737004106238521,
        0.2823729989243514,
        0.283165775813245,
        0.2920087674464741
    ],
    "train_macro_f1": [
        0.08564623204470072,
        0.17644673051738363,
        0.21922820536051796,
        0.23401692082490894,
        0.24578721419239993,
        0.2659323846423713,
        0.2713532575331234,
        0.277103197050163,
        0.27670332801759123,
        0.28591029004125273
    ],
    "train_micro_f1": [
        0.22474999999949996,
        0.28124999999949996,
        0.3082499999994999,
        0.31949999999949996,
        0.3249999999994999,
        0.33624999999949995,
        0.34174999999949995,
        0.35349999999949994,
        0.34899999999949993,
        0.35899999999949994
    ],
    "train_weighted_f1": [
        0.13436653933839265,
        0.22660942046763968,
        0.2687085579983756,
        0.284657640929977,
        0.2942881027603208,
        0.3119295627275222,
        0.32016003868099063,
        0.32360628384143547,
        0.3228972001719567,
        0.32912342357429425
    ],
    "train_confidence": [
        0.24200586891174317,
        0.28834851551055907,
        0.31824876689910886,
        0.3298883228302002,
        0.3369545202255249,
        0.3443086805343628,
        0.3506317644119263,
        0.3489244985580444,
        0.3568607759475708,
        0.3735159749984741
    ],
    "val_loss": [
        2.1338378925323487,
        2.0383382472991944,
        2.0160524921417236,
        1.959500555038452,
        1.931181032180786,
        1.92336714553833,
        1.900497646331787,
        1.8824128341674804,
        1.8640086936950684,
        1.859945478439331
    ],
    "val_accuracy": [
        0.2329999953508377,
        0.29100000858306885,
        0.28200000524520874,
        0.30399999022483826,
        0.3050000071525574,
        0.3070000112056732,
        0.30399999022483826,
        0.328000009059906,
        0.3179999887943268,
        0.3269999921321869
    ],
    "val_macro_precision": [
        0.19813838578906548,
        0.24350601674773414,
        0.29068840552932423,
        0.25240112439434376,
        0.2687166105978395,
        0.2901788526796919,
        0.25596637507904274,
        0.29611012053455044,
        0.2721956374008516,
        0.30977235765569355
    ],
    "val_macro_recall": [
        0.1403949547265742,
        0.2253581693415121,
        0.22147746209091398,
        0.2524965462578202,
        0.261930802804499,
        0.2592616308647989,
        0.24528473823378297,
        0.28339843403478,
        0.26174801511458495,
        0.28350962442358335
    ],
    "val_macro_f1": [
        0.08499673860794497,
        0.1999955831367092,
        0.19455455386805348,
        0.23340348897731533,
        0.2362471718768925,
        0.2478352920469727,
        0.235090084928135,
        0.26378490289563505,
        0.23668400371478288,
        0.25870612681169397
    ],
    "val_micro_f1": [
        0.2329999999994998,
        0.2909999999994997,
        0.2819999999994997,
        0.3039999999994997,
        0.30499999999949967,
        0.3069999999994997,
        0.3039999999994997,
        0.3279999999994997,
        0.3179999999994997,
        0.3269999999994997
    ],
    "val_weighted_f1": [
        0.12140170069110034,
        0.23001493334108514,
        0.2332305242411221,
        0.2643286537385867,
        0.27437627043234897,
        0.285899052432621,
        0.2671442621180555,
        0.3028900207092151,
        0.26968826604187746,
        0.2943097921236713
    ],
    "val_confidence": [
        0.2868012866973877,
        0.3302591333389282,
        0.3186584634780884,
        0.3201707630157471,
        0.31098156929016113,
        0.30234889125823977,
        0.3425201997756958,
        0.3434858570098877,
        0.3515845432281494,
        0.32890862655639647
    ],
    "grad_norm": [
        1.4109264538729172,
        1.340340756849751,
        1.5403150486825576,
        1.4519790394494412,
        1.3127813467592024,
        1.3708650573126282,
        1.245221386502898,
        1.202197422618723,
        1.1809415009824016,
        1.3142203047692487
    ],
    "fractional_applied_params": [
        2.0,
        2.0,
        2.0,
        2.0,
        2.0,
        2.0,
        2.0,
        2.0,
        2.0,
        2.0
    ],
    "epoch_time": [
        5.351273775100708,
        0.5429444313049316,
        0.4754486083984375,
        1.0847654342651367,
        0.96726393699646,
        0.4881150722503662,
        0.8601760864257812,
        1.5266799926757812,
        1.5868568420410156,
        1.5991275310516357
    ],
    "throughput_samples_per_sec": [
        747.4855834533942,
        7367.236441464664,
        8413.10696748933,
        3687.433129457853,
        4135.3759268858585,
        8194.788949168737,
        4650.210652357089,
        2620.0644661552683,
        2520.7062754666636,
        2501.3639764987824
    ],
    "lr": [
        0.0003,
        0.0003,
        0.0003,
        0.0003,
        0.0003,
        0.0003,
        0.0003,
        0.0003,
        0.0003,
        0.0003
    ]
}