{
    "train_loss": [
        0.3130030288696289,
        0.1731867582709701,
        0.12679648964493362,
        0.09472200232964975,
        0.07275535724891556
    ],
    "train_accuracy": [
        0.9013425707817078,
        0.9431388974189758,
        0.9593981504440308,
        0.970370352268219,
        0.9782129526138306
    ],
    "train_macro_precision": [
        0.9013205278695613,
        0.943270175938429,
        0.9595130712774338,
        0.9704268526903681,
        0.9782485618761442
    ],
    "train_macro_recall": [
        0.901310383867077,
        0.9431138370721003,
        0.9593784851410747,
        0.9703593153717155,
        0.9782042833777751
    ],
    "train_macro_f1": [
        0.9011960032706431,
        0.9431231728478929,
        0.9594018630797991,
        0.9703748539716547,
        0.9782153023947724
    ],
    "train_micro_f1": [
        0.9013425925920927,
        0.9431388888883888,
        0.9593981481476481,
        0.9703703703698703,
        0.978212962962463
    ],
    "train_weighted_f1": [
        0.9012156686191988,
        0.9431354257845134,
        0.9594111015617691,
        0.9703811229241581,
        0.9782192349191717
    ],
    "train_confidence": [
        0.8761866254453305,
        0.9519412598256711,
        0.9691979467250683,
        0.9795618939046506,
        0.9868048556645711
    ],
    "val_loss": [
        0.21388456630706787,
        0.2071733946800232,
        0.21630642648537954,
        0.2777409953872363,
        0.2726657191415628
    ],
    "val_accuracy": [
        0.9285833239555359,
        0.9365000128746033,
        0.9361666440963745,
        0.9298333525657654,
        0.9316666722297668
    ],
    "val_macro_precision": [
        0.9284920038765293,
        0.9364013295637853,
        0.9363234169477896,
        0.9300272642464498,
        0.9316161771004278
    ],
    "val_macro_recall": [
        0.9289487755437384,
        0.9369455509245599,
        0.9360889388749623,
        0.9305279335769405,
        0.9319249993520429
    ],
    "val_macro_f1": [
        0.928524760651276,
        0.9363876087031149,
        0.9361282655917066,
        0.9295795727919531,
        0.9316808497030356
    ],
    "val_micro_f1": [
        0.9285833333328332,
        0.9364999999994997,
        0.9361666666661663,
        0.9298333333328331,
        0.9316666666661665
    ],
    "val_weighted_f1": [
        0.9284459434049691,
        0.936291003037813,
        0.9360927124713632,
        0.9294356611604162,
        0.9315840044461497
    ],
    "val_confidence": [
        0.9373023180961609,
        0.9628893993695578,
        0.9690092698733012,
        0.979076887289683,
        0.9796588244438171
    ],
    "test_loss": [
        0.22223528460452432,
        0.21048478063784148,
        0.2300962061003635,
        0.267812577768376,
        0.2697536706453875
    ],
    "test_accuracy": [
        0.9264473915100098,
        0.9344736933708191,
        0.9351315498352051,
        0.933684229850769,
        0.9352631568908691
    ],
    "test_macro_precision": [
        0.9262925861084621,
        0.9343311263392509,
        0.9354840498675863,
        0.9337053334181651,
        0.935267423454827
    ],
    "test_macro_recall": [
        0.9264473684210522,
        0.9344736842105259,
        0.935131578947368,
        0.9336842105263153,
        0.9352631578947364
    ],
    "test_macro_f1": [
        0.9262883906136444,
        0.9342825829221038,
        0.935168220987276,
        0.9332604546164147,
        0.9352297953685444
    ],
    "test_micro_f1": [
        0.9264473684205525,
        0.9344736842100262,
        0.9351315789468683,
        0.9336842105258156,
        0.9352631578942366
    ],
    "test_weighted_f1": [
        0.9262883906136444,
        0.9342825829221038,
        0.935168220987276,
        0.9332604546164147,
        0.9352297953685446
    ],
    "test_confidence": [
        0.9362220849488911,
        0.9617027937738519,
        0.9693149772443269,
        0.9781642950208563,
        0.9793986418372707
    ],
    "grad_norm": [
        0.6513114541796317,
        0.6186627437172663,
        0.5954230574190138,
        0.5670962645613199,
        0.5206607106252333
    ],
    "nonfinite_grad_tensors": [
        0.0002962962962962963,
        0.0002962962962962963,
        0.0011851851851851852,
        0.0002962962962962963,
        0.0011851851851851852
    ],
    "nonfinite_train_loss_batches": [
        0,
        0,
        0,
        0,
        0
    ],
    "nonfinite_val_loss_batches": [
        0,
        0,
        0,
        0,
        0
    ],
    "nonfinite_test_loss_batches": [
        0,
        0,
        0,
        0,
        0
    ],
    "fractional_applied_params": [
        5.0,
        5.0,
        5.0,
        5.0,
        5.0
    ],
    "epoch_time": [
        416.0830817222595,
        404.85336422920227,
        413.7147397994995,
        412.88928270339966,
        413.8265106678009
    ],
    "throughput_samples_per_sec": [
        259.5635457057379,
        266.76325193844076,
        261.0494372338306,
        261.57133285918235,
        260.9789300973445
    ],
    "lr": [
        2e-05,
        2e-05,
        2e-05,
        2e-05,
        2e-05
    ]
}