{
    "train_loss": [
        2.101281063556671,
        2.0127139472961426,
        1.9763149547576904,
        1.9730439186096191,
        1.9614653205871582,
        1.9534912824630737,
        1.9517595982551574,
        1.9398846864700316,
        1.9355504179000855,
        1.930158371925354
    ],
    "train_accuracy": [
        0.33666667342185974,
        0.33791667222976685,
        0.33812499046325684,
        0.3389583230018616,
        0.33937498927116394,
        0.3420833349227905,
        0.3407291769981384,
        0.3402083218097687,
        0.34197917580604553,
        0.3414583206176758
    ],
    "train_macro_precision": [
        0.04906546288176221,
        0.09702455605459855,
        0.11615933373224699,
        0.12009675454346654,
        0.14135468462433792,
        0.1430562815180942,
        0.13090340798082592,
        0.1355851760387038,
        0.14617519142785343,
        0.14024607040655962
    ],
    "train_macro_recall": [
        0.10028202176239694,
        0.10839942135532461,
        0.11301539498997215,
        0.11550447106848091,
        0.11905028050984964,
        0.12265947262830992,
        0.1198459779247433,
        0.12227978681016669,
        0.1257979195864141,
        0.12444754731998268
    ],
    "train_macro_f1": [
        0.055803448448076165,
        0.0734179572195834,
        0.08318126281009008,
        0.0880556113860928,
        0.09390673101559499,
        0.09932762331453317,
        0.09623198684948744,
        0.09983592533698982,
        0.1050414744593168,
        0.10385028353479095
    ],
    "train_micro_f1": [
        0.3366666666661666,
        0.3379166666661666,
        0.33812499999949996,
        0.33895833333283326,
        0.33937499999949994,
        0.3420833333328333,
        0.3407291666661666,
        0.3402083333328333,
        0.3419791666661666,
        0.34145833333283326
    ],
    "train_weighted_f1": [
        0.1788695342650174,
        0.19705805733823378,
        0.20797275313349847,
        0.21326386936050057,
        0.21604139558463367,
        0.2247621171755326,
        0.22256953706398303,
        0.22489324050457138,
        0.22902397901310872,
        0.2302105665850616
    ],
    "train_confidence": [
        0.3433629369735718,
        0.34625981012980145,
        0.3471889026959737,
        0.3514593974749247,
        0.3454846735795339,
        0.35117408752441404,
        0.34897214770317075,
        0.34836920380592346,
        0.3500786634286245,
        0.3505215628941854
    ],
    "val_loss": [
        2.0625850439071653,
        1.9647114038467408,
        1.9496611642837525,
        1.9563101148605346,
        1.9643944358825685,
        1.9536407423019408,
        1.9467960596084595,
        1.9560730504989623,
        1.9457591485977173,
        1.9512709617614745
    ],
    "val_accuracy": [
        0.3395833373069763,
        0.3412500023841858,
        0.3420833349227905,
        0.3400000035762787,
        0.3375000059604645,
        0.33416667580604553,
        0.34041666984558105,
        0.3395833373069763,
        0.3408333361148834,
        0.3316666781902313
    ],
    "val_macro_precision": [
        0.03395833333333332,
        0.07652574257349322,
        0.07128634251220081,
        0.045254128587461834,
        0.06905385801780936,
        0.11178815743715864,
        0.11750994551644216,
        0.0855162286521223,
        0.09895602647953075,
        0.08199543424198927
    ],
    "val_macro_recall": [
        0.09999999999999988,
        0.11870512896983562,
        0.10474993269291341,
        0.10496325092631946,
        0.10668095766646532,
        0.11775691211527066,
        0.12099224599772593,
        0.10988598123551574,
        0.11349949115777618,
        0.11613588326126689
    ],
    "val_macro_f1": [
        0.050699844478966784,
        0.07858358129483756,
        0.059605381011798374,
        0.05987654920445582,
        0.06714914951576054,
        0.08017937141501937,
        0.08058170699588567,
        0.07098310530448197,
        0.07329706022129345,
        0.08021888782164575
    ],
    "val_micro_f1": [
        0.3395833333328332,
        0.3412499999994999,
        0.3420833333328332,
        0.33999999999949987,
        0.33749999999949987,
        0.33416666666616657,
        0.34041666666616655,
        0.3395833333328332,
        0.3408333333328332,
        0.33166666666616657
    ],
    "val_weighted_f1": [
        0.17216822187649136,
        0.19701515259401298,
        0.1794600358113962,
        0.18344804714264862,
        0.19090769964340115,
        0.21222944683665196,
        0.20598145466414122,
        0.19441345022045625,
        0.1955979958971452,
        0.20662182621747313
    ],
    "val_confidence": [
        0.3792326466242472,
        0.3116021410624186,
        0.36557349999745686,
        0.3544199005762736,
        0.3765972296396891,
        0.34803218523661295,
        0.35577101389567056,
        0.33061024665832517,
        0.35664883613586423,
        0.36134357611338297
    ],
    "grad_norm": [
        1.1754248430211218,
        0.9376928552165689,
        0.9667846662961989,
        1.0151893654078454,
        0.9442324191478828,
        0.8941830100295526,
        0.9049426165034362,
        0.8996130369512726,
        0.9111368180067686,
        0.9837154946243867
    ],
    "fractional_applied_params": [
        0.0,
        0.0,
        0.0,
        2.0,
        2.0,
        2.0,
        2.0,
        2.0,
        2.0,
        2.0
    ],
    "epoch_time": [
        6.3703460693359375,
        2.859139919281006,
        1.9810070991516113,
        2.5563440322875977,
        2.281480312347412,
        2.68784236907959,
        2.880148410797119,
        2.8920328617095947,
        2.8887579441070557,
        2.8810927867889404
    ],
    "throughput_samples_per_sec": [
        1506.9824928680414,
        3357.6530953455867,
        4846.0199885761685,
        3755.3630805354633,
        4207.794364055929,
        3571.638021052318,
        3333.1615704286132,
        3319.4643557144996,
        3323.227555144797,
        3332.069013542418
    ],
    "lr": [
        0.0003,
        0.0003,
        0.0003,
        0.0003,
        0.0003,
        0.0003,
        0.0003,
        0.0003,
        0.0003,
        0.0003
    ]
}