{
    "train_loss": [
        0.23047158511921212,
        0.14102856768060615,
        0.09836544490191672,
        0.06872956873862832,
        0.04745504388323537
    ],
    "train_accuracy": [
        0.9245370626449585,
        0.9536111354827881,
        0.9691666960716248,
        0.9793148040771484,
        0.9869444370269775
    ],
    "train_macro_precision": [
        0.9247146985551788,
        0.9537585591734347,
        0.9692613398472244,
        0.9793484711231701,
        0.9869602596102649
    ],
    "train_macro_recall": [
        0.9245115997733951,
        0.9535898954431757,
        0.9691519782501556,
        0.9793054968814597,
        0.9869389585020469
    ],
    "train_macro_f1": [
        0.9244926705679029,
        0.9536090894692355,
        0.9691711511965293,
        0.9793148664908636,
        0.9869446034671521
    ],
    "train_micro_f1": [
        0.924537037036537,
        0.953611111110611,
        0.9691666666661666,
        0.9793148148143148,
        0.9869444444439444
    ],
    "train_weighted_f1": [
        0.924515305990997,
        0.953625827964458,
        0.9691831102737656,
        0.9793229882799293,
        0.9869494727037659
    ],
    "train_confidence": [
        0.9277894673347473,
        0.9644367090861002,
        0.9789133201528478,
        0.9876631065474616,
        0.9933511635992263
    ],
    "val_loss": [
        0.1922275013923645,
        0.180501451532046,
        0.21039413026968637,
        0.23152070477604866,
        0.2828536058366299
    ],
    "val_accuracy": [
        0.9359166622161865,
        0.940666675567627,
        0.9424166679382324,
        0.9431666731834412,
        0.9416666626930237
    ],
    "val_macro_precision": [
        0.9360624076119257,
        0.9407087782071544,
        0.9429054559847145,
        0.943611346264055,
        0.9419251920906809
    ],
    "val_macro_recall": [
        0.93632795527427,
        0.9408281416695556,
        0.9428222744347738,
        0.9434459333246163,
        0.941827959770867
    ],
    "val_macro_f1": [
        0.9358584133001675,
        0.9407649360323821,
        0.9424244254335497,
        0.9433204631815784,
        0.94187001087322
    ],
    "val_micro_f1": [
        0.9359166666661665,
        0.9406666666661665,
        0.9424166666661665,
        0.9431666666661664,
        0.9416666666661665
    ],
    "val_weighted_f1": [
        0.9356871005787579,
        0.9406102469082904,
        0.9422493720512974,
        0.943155937260246,
        0.9416999009186722
    ],
    "val_confidence": [
        0.9502695358594259,
        0.9645532738367717,
        0.9772584085464477,
        0.9839085604349772,
        0.9881325588226318
    ],
    "test_loss": [
        0.18494337320327758,
        0.17856336446184862,
        0.21327684262865468,
        0.237414759444563,
        0.2862441200959055
    ],
    "test_accuracy": [
        0.9384210705757141,
        0.9455263018608093,
        0.9411842226982117,
        0.9423684477806091,
        0.9415789246559143
    ],
    "test_macro_precision": [
        0.9385741991577788,
        0.9454769937482217,
        0.9419289900210663,
        0.9426855606049096,
        0.9417943503953312
    ],
    "test_macro_recall": [
        0.9384210526315785,
        0.9455263157894732,
        0.9411842105263153,
        0.9423684210526311,
        0.9415789473684206
    ],
    "test_macro_f1": [
        0.9381597306878257,
        0.9454931689812952,
        0.9410913066762313,
        0.9423863942016332,
        0.9416767252681973
    ],
    "test_micro_f1": [
        0.9384210526310789,
        0.9455263157889735,
        0.9411842105258156,
        0.9423684210521314,
        0.9415789473679209
    ],
    "test_weighted_f1": [
        0.9381597306878257,
        0.9454931689812952,
        0.9410913066762313,
        0.9423863942016332,
        0.9416767252681973
    ],
    "test_confidence": [
        0.9515564023820977,
        0.9644187626085783,
        0.9765177337746871,
        0.9840176459362633,
        0.9887939293761002
    ],
    "grad_norm": [
        0.9915377086493594,
        0.9585018277089591,
        0.8927182691486184,
        0.7982590592330522,
        0.6525995953708771
    ],
    "nonfinite_grad_tensors": [
        0.0011851851851851852,
        0.0002962962962962963,
        0.0005925925925925926,
        0.0002962962962962963,
        0.0002962962962962963
    ],
    "nonfinite_train_loss_batches": [
        0,
        0,
        0,
        0,
        0
    ],
    "nonfinite_val_loss_batches": [
        0,
        0,
        0,
        0,
        0
    ],
    "nonfinite_test_loss_batches": [
        0,
        0,
        0,
        0,
        0
    ],
    "fractional_applied_params": [
        0.0,
        4.0,
        4.0,
        4.0,
        4.0
    ],
    "epoch_time": [
        794.6572322845459,
        1009.0221815109253,
        948.1260416507721,
        951.9302158355713,
        946.9249699115753
    ],
    "throughput_samples_per_sec": [
        135.9076537811312,
        107.03431696444883,
        113.90890583699436,
        113.45369461268896,
        114.05338694372495
    ],
    "lr": [
        2e-05,
        2e-05,
        2e-05,
        2e-05,
        2e-05
    ]
}