{
    "train_loss": [
        2.2470751285552977,
        2.1833227977752685,
        2.159695604324341,
        2.0855101804733276,
        2.0326723012924193,
        2.0226682481765748,
        2.0058868446350098,
        2.001430711746216,
        1.9889795122146607,
        1.9916690101623535
    ],
    "train_accuracy": [
        0.24774999916553497,
        0.2815000116825104,
        0.28174999356269836,
        0.28450000286102295,
        0.29087498784065247,
        0.29087498784065247,
        0.29112499952316284,
        0.29350000619888306,
        0.2932499945163727,
        0.29887500405311584
    ],
    "train_macro_precision": [
        0.09431761053200399,
        0.049160592919070975,
        0.08666708679941595,
        0.14026363527114064,
        0.15452516287706317,
        0.15215211963548425,
        0.15694772514953254,
        0.1569931820378147,
        0.1641095546847004,
        0.17960120198648283
    ],
    "train_macro_recall": [
        0.10107519805735539,
        0.10024203844187562,
        0.10038516411998928,
        0.12324199868982175,
        0.14109943600696312,
        0.1520164140140474,
        0.1470952298719326,
        0.15466841145092236,
        0.15535086879621932,
        0.1645818294503754
    ],
    "train_macro_f1": [
        0.06840032653528759,
        0.04556008645293491,
        0.04571009669279245,
        0.0926543957689985,
        0.12032208071837083,
        0.13534972992492972,
        0.12488248030002207,
        0.1381772652482685,
        0.13666162674493312,
        0.1477871837177978
    ],
    "train_micro_f1": [
        0.24774999999949998,
        0.2814999999995,
        0.28174999999949996,
        0.2844999999995,
        0.2908749999995,
        0.2908749999995,
        0.2911249999995,
        0.2934999999995,
        0.29324999999949997,
        0.29887499999949996
    ],
    "train_weighted_f1": [
        0.14398513887704373,
        0.12583093935926465,
        0.1259501154272355,
        0.17604837033803486,
        0.20615421480866983,
        0.22005306305838837,
        0.21044392999282535,
        0.22439039263872468,
        0.22258956087351606,
        0.23514090068469456
    ],
    "train_confidence": [
        0.27762106561660765,
        0.29109181785583493,
        0.2933229494094849,
        0.29686846494674685,
        0.30225597047805786,
        0.3045397901535034,
        0.31343291091918946,
        0.3087878985404968,
        0.31112925815582276,
        0.30800121355056764
    ],
    "val_loss": [
        2.1737817306518554,
        2.15389847946167,
        2.125708263397217,
        2.0342034454345703,
        2.0106426429748536,
        2.007806713104248,
        2.0017280769348145,
        2.0117976036071776,
        1.997031852722168,
        2.0034933013916016
    ],
    "val_accuracy": [
        0.27900001406669617,
        0.27900001406669617,
        0.2800000011920929,
        0.28049999475479126,
        0.28850001096725464,
        0.29600000381469727,
        0.2879999876022339,
        0.2824999988079071,
        0.28949999809265137,
        0.2879999876022339
    ],
    "val_macro_precision": [
        0.027899999999999987,
        0.027899999999999987,
        0.061317285188894455,
        0.13223416206636734,
        0.16094576815737713,
        0.15438224116757843,
        0.15308772035994206,
        0.15895061529069385,
        0.18367991945115342,
        0.19364435091756754
    ],
    "val_macro_recall": [
        0.09999999999999981,
        0.09999999999999981,
        0.10093023255813934,
        0.14081029647457127,
        0.14733812603765478,
        0.152253360150598,
        0.14895424754689796,
        0.1633660502277035,
        0.1478531573364667,
        0.1493603754317403
    ],
    "val_macro_f1": [
        0.04362783424547016,
        0.04362783424547016,
        0.04554036227460269,
        0.11113029020630223,
        0.11678027789518364,
        0.127467681623779,
        0.1230926999997594,
        0.13501347288508386,
        0.12387913755592776,
        0.11424683560285845
    ],
    "val_micro_f1": [
        0.27899999999949987,
        0.27899999999949987,
        0.27999999999949987,
        0.28049999999949987,
        0.2884999999994999,
        0.2959999999994999,
        0.2879999999994999,
        0.2824999999994999,
        0.2894999999994999,
        0.2879999999994999
    ],
    "val_weighted_f1": [
        0.12172165754486174,
        0.12172165754486174,
        0.12395353834796054,
        0.19903246309334147,
        0.20344633523334352,
        0.21468084152773784,
        0.2144326447104144,
        0.21712715314685083,
        0.20869990071820177,
        0.19771475077705503
    ],
    "val_confidence": [
        0.31291348266601565,
        0.29800235557556154,
        0.2973416156768799,
        0.28390935516357424,
        0.3004021682739258,
        0.26120470237731935,
        0.2690486936569214,
        0.267376859664917,
        0.28695427513122557,
        0.32638150691986084
    ],
    "grad_norm": [
        1.5853051209776385,
        1.0149248984013306,
        0.9272569872659313,
        0.8807017733668244,
        0.8642100375232835,
        1.0180666835177412,
        0.9316478755829957,
        0.9110018932551476,
        0.8327323096037792,
        0.8815423556499922
    ],
    "fractional_applied_params": [
        8.0,
        8.0,
        8.0,
        8.0,
        8.0,
        8.0,
        8.0,
        8.0,
        8.0,
        8.0
    ],
    "epoch_time": [
        5.300245523452759,
        1.6512541770935059,
        1.7550387382507324,
        1.5391228199005127,
        0.9844920635223389,
        0.9595212936401367,
        1.5014145374298096,
        1.1696937084197998,
        1.0508134365081787,
        1.6745731830596924
    ],
    "throughput_samples_per_sec": [
        1509.3640407036332,
        4844.802278763279,
        4558.303942609092,
        5197.765829056521,
        8126.017767352448,
        8337.490843637657,
        5328.308605360095,
        6839.397307529009,
        7613.149701038995,
        4777.336745225323
    ],
    "lr": [
        0.0003,
        0.0003,
        0.0003,
        0.0003,
        0.0003,
        0.0003,
        0.0003,
        0.0003,
        0.0003,
        0.0003
    ]
}