{
    "train_loss": [
        2.1950633602142333,
        2.1111603012084963,
        2.041735285758972,
        2.0245356397628784,
        2.0145733251571656,
        2.0086045455932617,
        1.9905698108673096,
        1.9866379165649415,
        1.982117639541626,
        1.9687924451828003
    ],
    "train_accuracy": [
        0.27162501215934753,
        0.2809999883174896,
        0.2903749942779541,
        0.28737500309944153,
        0.28587499260902405,
        0.288875013589859,
        0.29362499713897705,
        0.2928749918937683,
        0.2952499985694885,
        0.2939999997615814
    ],
    "train_macro_precision": [
        0.0813343507013707,
        0.11631638462965295,
        0.15732215676572459,
        0.15133428911746308,
        0.1566160588467151,
        0.16095255636559594,
        0.1647997519950041,
        0.16372640280888684,
        0.17480729030961067,
        0.16462618416648084
    ],
    "train_macro_recall": [
        0.10032990256887957,
        0.12108495750553569,
        0.14911846861369954,
        0.1475787424140384,
        0.14576721747580307,
        0.15460327793930514,
        0.15740350453366944,
        0.15881696697855777,
        0.16315909319584443,
        0.15960266217098185
    ],
    "train_macro_f1": [
        0.05256158164397003,
        0.0895982851406273,
        0.12855782480674413,
        0.12809156057834295,
        0.12921431002309303,
        0.13610258874011866,
        0.14100902709467228,
        0.14183606801462875,
        0.1458541348671499,
        0.14389501492418555
    ],
    "train_micro_f1": [
        0.27162499999949996,
        0.2809999999995,
        0.2903749999995,
        0.2873749999995,
        0.2858749999995,
        0.2888749999995,
        0.2936249999995,
        0.29287499999949995,
        0.29524999999949997,
        0.2939999999995
    ],
    "train_weighted_f1": [
        0.12984103554141474,
        0.17408609538991468,
        0.21349728276183125,
        0.21615923906276543,
        0.21303102296676193,
        0.22099003212842633,
        0.22518141977483078,
        0.22718105055139137,
        0.23045225053136367,
        0.23017825682651358
    ],
    "train_confidence": [
        0.281239465713501,
        0.2983278465270996,
        0.30761763048172,
        0.301930820941925,
        0.3065088000297546,
        0.3053331184387207,
        0.30699342584609984,
        0.30654071521759035,
        0.3080408401489258,
        0.31163653087615967
    ],
    "val_loss": [
        2.127261697769165,
        2.0237444581985473,
        1.9915484523773193,
        1.9955031890869142,
        1.9789079580307007,
        1.9762687969207764,
        1.97984006690979,
        1.9700513248443603,
        1.9901208782196045,
        2.0026936178207397
    ],
    "val_accuracy": [
        0.28450000286102295,
        0.2944999933242798,
        0.29649999737739563,
        0.2800000011920929,
        0.29350000619888306,
        0.2944999933242798,
        0.28999999165534973,
        0.2955000102519989,
        0.3095000088214874,
        0.28450000286102295
    ],
    "val_macro_precision": [
        0.05205913860151058,
        0.18674176875821508,
        0.1967090556590116,
        0.10469714365787755,
        0.11110360310221379,
        0.0824229366138717,
        0.1368330503083232,
        0.12941083430926464,
        0.27181446394203534,
        0.17460331956784314
    ],
    "val_macro_recall": [
        0.10163384799659683,
        0.13589690370956514,
        0.1420879222979717,
        0.13535505096925954,
        0.1482054759150065,
        0.1305083060153765,
        0.14664304467269706,
        0.1555594094188107,
        0.15186900994192254,
        0.18203766599574442
    ],
    "val_macro_f1": [
        0.049827754751208,
        0.085908042851097,
        0.09385731956287383,
        0.1023627545243907,
        0.10789435141188619,
        0.09335125076919495,
        0.11940960792639929,
        0.12223152540788433,
        0.10454698808603669,
        0.14755947538821995
    ],
    "val_micro_f1": [
        0.2844999999994999,
        0.2944999999994999,
        0.2964999999994999,
        0.27999999999949987,
        0.2934999999994999,
        0.2944999999994999,
        0.2899999999994999,
        0.2954999999994999,
        0.3094999999994999,
        0.2844999999994999
    ],
    "val_weighted_f1": [
        0.13283499357617543,
        0.18533764386945714,
        0.18669008420451713,
        0.18889464797522565,
        0.199029192709649,
        0.18620872289771015,
        0.21293720851071457,
        0.21357511781460597,
        0.20775977261368106,
        0.24914356858252387
    ],
    "val_confidence": [
        0.22769364833831787,
        0.336386510848999,
        0.3036922359466553,
        0.29269526863098144,
        0.3111850690841675,
        0.32748986053466794,
        0.32425805282592773,
        0.3138468723297119,
        0.35360795974731446,
        0.26285705375671387
    ],
    "grad_norm": [
        1.258884196487305,
        1.1767073737173646,
        1.1472515515775557,
        1.1407883543065727,
        1.1077482919695958,
        1.1392626953743425,
        0.9741866839758482,
        1.0110830858444446,
        1.1080935198326864,
        1.0303639785135057
    ],
    "fractional_applied_params": [
        0.0,
        0.0,
        0.0,
        2.0,
        2.0,
        2.0,
        2.0,
        2.0,
        2.0,
        2.0
    ],
    "epoch_time": [
        6.46016788482666,
        3.0070791244506836,
        3.4701952934265137,
        4.249946594238281,
        4.272162199020386,
        4.255584001541138,
        4.281614542007446,
        4.272155046463013,
        4.273620367050171,
        4.280936002731323
    ],
    "throughput_samples_per_sec": [
        1238.3579099840463,
        2660.388925237009,
        2305.345758250021,
        1882.3765952366848,
        1872.5880777266402,
        1879.882995401534,
        1868.4540426306519,
        1872.5912128641799,
        1871.949146835878,
        1868.7501973624085
    ],
    "lr": [
        0.0003,
        0.0003,
        0.0003,
        0.0003,
        0.0003,
        0.0003,
        0.0003,
        0.0003,
        0.0003,
        0.0003
    ]
}